1998,1,0.0,0.07000000000005002
1998,2,0.0,0.34000000000003183
1998,3,0.0,0.07000000000005002
1998,4,0.0,-2.259999999999991
1998,5,0.0,-4.2099999999999795
1998,6,4.35,-5.359999999999957
1998,7,0.19,-8.189999999999998
1998,8,0.0,-6.5499999999999545
1998,9,0.22,-6.909999999999968
1998,10,0.38,-5.239999999999952
1998,11,0.17,-3.7999999999999545
1998,12,0.04,-3.159999999999968
1998,13,0.2,-3.159999999999968
1998,14,0.0,-5.310000000000002
1998,15,0.0,-5.159999999999968
1998,16,0.0,-3.589999999999975
1998,17,0.0,-2.769999999999982
1998,18,1.4,-2.92999999999995
1998,19,0.0,-1.8799999999999955
1998,20,0.0,-4.989999999999952
1998,21,0.0,-9.399999999999977
1998,22,0.0,-10.159999999999968
1998,23,0.0,-7.839999999999975
1998,24,0.0,-4.479999999999961
1998,25,0.0,-4.96999999999997
1998,26,0.0,-7.139999999999986
1998,27,0.0,-2.9399999999999977
1998,28,0.0,-2.9399999999999977
1998,29,0.0,-4.3799999999999955
1998,30,0.0,-3.5
1998,31,1.24,-3.7099999999999795
1998,32,0.16,-6.96999999999997
1998,33,0.0,-5.449999999999989
1998,34,0.0,-3.759999999999991
1998,35,0.0,-1.0499999999999545
1998,36,0.0,-2.099999999999966
1998,37,0.0,-1.9899999999999523
1998,38,0.27,-3.019999999999982
1998,39,0.85,-3.519999999999982
1998,40,0.74,-2.909999999999968
1998,41,0.0,-6.859999999999957
1998,42,0.0,-8.17999999999995
1998,43,0.0,-6.729999999999961
1998,44,0.0,-4.859999999999957
1998,45,0.66,-2.5399999999999636
1998,46,2.07,-2.109999999999957
1998,47,2.26,-2.5
1998,48,2.38,-3.849999999999966
1998,49,1.97,-5.2999999999999545
1998,50,0.29,-5.1299999999999955
1998,51,0.0,-6.189999999999998
1998,52,0.0,-4.599999999999966
1998,53,0.01,-3.0499999999999545
1998,54,0.2,-2.8899999999999864
1998,55,0.0,-1.099999999999966
1998,56,0.26,-2.2799999999999727
1998,57,0.0,-9.310000000000002
1998,58,0.0,-11.589999999999975
1998,59,0.0,-12.759999999999991
1998,60,0.0,-12.099999999999966
1998,61,0.26,-9.20999999999998
1998,62,0.0,-5.569999999999993
1998,63,1.15,-3.409999999999968
1998,64,2.22,-5.569999999999993
1998,65,0.0,-3.159999999999968
1998,66,5.95,-5.779999999999973
1998,67,1.28,-10.649999999999977
1998,68,0.18,-7.949999999999989
1998,69,0.05,-7.310000000000002
1998,70,0.08,-5.310000000000002
1998,71,0.0,-2.8100000000000023
1998,72,0.0,-0.5499999999999545
1998,73,0.0,0.6100000000000136
1998,74,0.0,0.6200000000000045
1998,75,0.0,0.82000000000005
1998,76,0.0,-0.03999999999996362
1998,77,12.43,-0.5999999999999659
1998,78,15.33,-5.769999999999982
1998,79,1.67,-5.949999999999989
1998,80,0.44,-2.7099999999999795
1998,81,0.0,0.21000000000003638
1998,82,0.0,2.7000000000000455
1998,83,0.0,4.0
1998,84,0.33,4.430000000000007
1998,85,0.24,3.8799999999999955
1998,86,6.05,2.230000000000018
1998,87,0.0,0.8300000000000409
1998,88,3.77,0.2300000000000182
1998,89,4.72,-5.089999999999975
1998,90,0.77,-5.17999999999995
1998,91,0.96,-0.9499999999999886
1998,92,1.35,0.7300000000000182
1998,93,13.22,-1.0299999999999727
1998,94,0.0,0.3300000000000409
1998,95,0.08,0.7000000000000455
1998,96,0.28,0.410000000000025
1998,97,4.63,-1.8199999999999932
1998,98,0.9,-2.3799999999999955
1998,99,2.07,-2.089999999999975
1998,100,0.0,-0.6499999999999773
1998,101,0.0,4.57000000000005
1998,102,0.0,3.9700000000000273
1998,103,0.0,-0.5099999999999909
1998,104,0.66,-0.8100000000000023
1998,105,8.58,-1.67999999999995
1998,106,2.09,-3.4799999999999613
1998,107,5.93,-3.669999999999959
1998,108,2.42,-3.4699999999999704
1998,109,1.4,-3.1499999999999773
1998,110,0.52,-0.46999999999997044
1998,111,2.18,0.28000000000002956
1998,112,0.0,2.5300000000000296
1998,113,0.0,6.900000000000034
1998,114,0.0,8.370000000000005
1998,115,0.6,5.330000000000041
1998,116,6.74,2.0
1998,117,0.87,1.5100000000000477
1998,118,0.0,1.660000000000025
1998,119,0.0,3.0400000000000205
1998,120,0.0,7.439999999999998
1998,121,0.65,5.5400000000000205
1998,122,0.01,5.260000000000048
1998,123,0.0,7.150000000000034
1998,124,0.02,7.090000000000032
1998,125,7.18,6.560000000000002
1998,126,1.61,4.590000000000032
1998,127,8.12,4.240000000000009
1998,128,1.5,4.25
1998,129,2.25,4.740000000000009
1998,130,0.28,6.660000000000025
1998,131,0.0,6.939999999999998
1998,132,0.0,5.2000000000000455
1998,133,0.0,8.150000000000034
1998,134,0.0,8.430000000000007
1998,135,0.0,4.2900000000000205
1998,136,0.0,7.610000000000014
1998,137,0.0,10.53000000000003
1998,138,0.0,12.230000000000018
1998,139,0.0,13.04000000000002
1998,140,0.0,13.330000000000041
1998,141,0.96,12.629999999999995
1998,142,0.08,9.970000000000027
1998,143,0.06,7.110000000000014
1998,144,1.07,8.590000000000032
1998,145,0.8,8.75
1998,146,4.56,11.57000000000005
1998,147,0.0,13.129999999999995
1998,148,0.0,14.390000000000043
1998,149,0.0,15.129999999999995
1998,150,0.0,14.960000000000036
1998,151,0.0,13.490000000000009
1998,152,0.0,14.370000000000005
1998,153,0.15,15.470000000000027
1998,154,0.43,14.640000000000043
1998,155,1.6,10.800000000000011
1998,156,6.74,5.930000000000007
1998,157,1.34,6.910000000000025
1998,158,0.0,11.950000000000045
1998,159,1.43,9.930000000000007
1998,160,2.72,9.710000000000036
1998,161,0.0,11.32000000000005
1998,162,0.73,10.550000000000011
1998,163,0.0,10.78000000000003
1998,164,0.0,12.830000000000041
1998,165,1.46,9.640000000000043
1998,166,5.32,8.420000000000016
1998,167,0.01,11.410000000000025
1998,168,1.1,12.830000000000041
1998,169,0.04,7.670000000000016
1998,170,0.0,12.629999999999995
1998,171,0.0,15.29000000000002
1998,172,1.76,15.370000000000005
1998,173,3.76,14.960000000000036
1998,174,0.0,14.730000000000018
1998,175,0.0,15.120000000000005
1998,176,0.0,15.400000000000034
1998,177,0.0,17.230000000000018
1998,178,0.0,17.05000000000001
1998,179,0.36,18.08000000000004
1998,180,0.33,19.460000000000036
1998,181,0.67,19.30000000000001
1998,182,0.0,18.720000000000027
1998,183,0.29,19.670000000000016
1998,184,0.99,19.08000000000004
1998,185,4.42,17.470000000000027
1998,186,1.19,18.54000000000002
1998,187,1.54,19.07000000000005
1998,188,0.57,17.75
1998,189,0.1,16.200000000000045
1998,190,13.83,16.439999999999998
1998,191,9.3,16.04000000000002
1998,192,4.4,17.400000000000034
1998,193,0.0,18.010000000000048
1998,194,0.06,18.939999999999998
1998,195,0.56,19.55000000000001
1998,196,0.46,19.150000000000034
1998,197,0.62,17.870000000000005
1998,198,0.0,18.470000000000027
1998,199,0.0,19.79000000000002
1998,200,0.09,21.660000000000025
1998,201,0.21,21.460000000000036
1998,202,0.13,20.710000000000036
1998,203,13.74,17.970000000000027
1998,204,10.32,16.600000000000023
1998,205,3.44,15.810000000000002
1998,206,9.06,16.090000000000032
1998,207,9.9,15.600000000000023
1998,208,0.2,15.510000000000048
1998,209,0.51,15.620000000000005
1998,210,11.14,15.760000000000048
1998,211,10.92,15.520000000000039
1998,212,3.49,15.180000000000007
1998,213,8.07,16.54000000000002
1998,214,1.02,14.180000000000007
1998,215,3.33,14.53000000000003
1998,216,6.78,11.670000000000016
1998,217,3.17,12.32000000000005
1998,218,0.95,14.850000000000023
1998,219,0.0,16.680000000000007
1998,220,2.57,18.28000000000003
1998,221,3.16,18.160000000000025
1998,222,2.09,16.720000000000027
1998,223,0.77,16.060000000000002
1998,224,0.16,15.54000000000002
1998,225,0.3,15.29000000000002
1998,226,0.0,16.100000000000023
1998,227,0.48,16.720000000000027
1998,228,0.09,17.230000000000018
1998,229,0.73,17.400000000000034
1998,230,1.82,17.78000000000003
1998,231,1.61,16.950000000000045
1998,232,3.52,16.100000000000023
1998,233,1.79,16.210000000000036
1998,234,0.77,16.890000000000043
1998,235,1.34,17.890000000000043
1998,236,3.18,19.24000000000001
1998,237,4.24,17.28000000000003
1998,238,0.52,16.840000000000032
1998,239,0.32,17.33000000000004
1998,240,0.0,14.990000000000009
1998,241,0.0,15.990000000000009
1998,242,0.31,17.700000000000045
1998,243,0.26,17.260000000000048
1998,244,13.05,14.0
1998,245,0.1,14.260000000000048
1998,246,0.0,16.99000000000001
1998,247,0.0,17.629999999999995
1998,248,0.0,18.30000000000001
1998,249,0.0,18.230000000000018
1998,250,0.0,17.670000000000016
1998,251,0.0,16.82000000000005
1998,252,0.0,17.07000000000005
1998,253,0.0,16.54000000000002
1998,254,1.32,16.610000000000014
1998,255,4.08,16.370000000000005
1998,256,0.53,14.28000000000003
1998,257,0.08,12.04000000000002
1998,258,0.0,12.050000000000011
1998,259,0.28,13.480000000000018
1998,260,1.34,13.900000000000034
1998,261,0.0,14.930000000000007
1998,262,0.0,14.590000000000032
1998,263,0.0,12.0
1998,264,0.08,11.850000000000023
1998,265,0.21,10.900000000000034
1998,266,0.07,13.04000000000002
1998,267,0.77,12.950000000000045
1998,268,0.0,14.57000000000005
1998,269,0.0,13.129999999999995
1998,270,0.0,12.75
1998,271,0.06,14.03000000000003
1998,272,0.25,15.430000000000007
1998,273,2.33,13.710000000000036
1998,274,1.36,10.350000000000023
1998,275,2.02,9.200000000000045
1998,276,0.0,9.439999999999998
1998,277,1.5,7.640000000000043
1998,278,0.0,0.8799999999999955
1998,279,0.0,2.3600000000000136
1998,280,0.0,7.520000000000039
1998,281,0.0,11.100000000000023
1998,282,0.0,10.580000000000041
1998,283,0.0,10.090000000000032
1998,284,0.0,9.150000000000034
1998,285,0.0,10.330000000000041
1998,286,0.0,10.840000000000032
1998,287,0.0,11.53000000000003
1998,288,0.0,9.640000000000043
1998,289,1.04,6.9500000000000455
1998,290,0.0,1.9399999999999977
1998,291,0.0,2.3500000000000227
1998,292,0.0,4.2900000000000205
1998,293,0.0,5.230000000000018
1998,294,0.0,3.400000000000034
1998,295,0.46,7.57000000000005
1998,296,0.6,9.370000000000005
1998,297,0.0,6.100000000000023
1998,298,0.0,6.160000000000025
1998,299,2.32,8.520000000000039
1998,300,2.46,8.200000000000045
1998,301,5.51,5.6299999999999955
1998,302,0.04,3.640000000000043
1998,303,0.19,4.210000000000036
1998,304,1.24,1.8500000000000227
1998,305,3.9,1.32000000000005
1998,306,2.47,1.7900000000000205
1998,307,0.77,1.1100000000000136
1998,308,0.43,-2.0299999999999727
1998,309,0.0,-3.7899999999999636
1998,310,0.48,-2.0499999999999545
1998,311,1.64,-3.329999999999984
1998,312,3.43,-2.75
1998,313,2.55,-2.5299999999999727
1998,314,0.58,-8.699999999999989
1998,315,0.27,-5.579999999999984
1998,316,0.43,-0.3299999999999841
1998,317,0.0,1.2200000000000273
1998,318,0.06,3.9700000000000273
1998,319,0.0,5.490000000000009
1998,320,0.0,3.7000000000000455
1998,321,0.0,3.640000000000043
1998,322,0.0,1.3400000000000318
1998,323,0.0,-2.6200000000000045
1998,324,0.0,-4.639999999999986
1998,325,0.0,-0.6299999999999955
1998,326,0.0,3.8700000000000045
1998,327,0.0,2.640000000000043
1998,328,0.0,3.490000000000009
1998,329,0.0,2.2100000000000364
1998,330,0.0,4.689999999999998
1998,331,0.0,6.260000000000048
1998,332,0.23,6.330000000000041
1998,333,0.3,4.510000000000048
1998,334,0.0,2.160000000000025
1998,335,0.0,5.240000000000009
1998,336,0.0,4.860000000000014
1998,337,0.0,4.25
1998,338,0.0,4.07000000000005
1998,339,0.14,0.5600000000000023
1998,340,0.25,-5.42999999999995
1998,341,0.08,-9.609999999999957
1998,342,0.94,-8.370000000000005
1998,343,1.7,-7.169999999999959
1998,344,1.74,-10.779999999999973
1998,345,0.0,-5.509999999999991
1998,346,0.0,-2.9399999999999977
1998,347,0.0,-1.9499999999999886
1998,348,0.0,0.7000000000000455
1998,349,0.0,-0.009999999999990905
1998,350,0.0,0.5500000000000114
1998,351,0.0,1.6100000000000136
1998,352,0.0,1.6100000000000136
1998,353,0.0,-9.939999999999998
1998,354,0.0,-7.069999999999993
1998,355,5.26,-13.839999999999975
1998,356,0.02,-13.560000000000002
1998,357,0.13,-13.70999999999998
1998,358,0.05,-11.95999999999998
1998,359,0.3,-8.149999999999977
1998,360,0.36,-4.099999999999966
1998,361,0.23,-5.319999999999993
1998,362,0.06,-4.359999999999957
1998,363,0.12,-2.169999999999959
1998,364,0.0,0.4300000000000068
1998,365,0.0,-0.7599999999999909
1999,1,0.0,-0.060000000000002274
1999,2,0.96,-7.239999999999952
1999,3,0.43,-10.529999999999973
1999,4,0.0,-9.399999999999977
1999,5,0.0,-3.5499999999999545
1999,6,0.0,-2.599999999999966
1999,7,0.0,-1.4499999999999886
1999,8,0.31,-5.339999999999975
1999,9,0.0,-7.2999999999999545
1999,10,0.0,-4.529999999999973
1999,11,0.0,-0.17999999999994998
1999,12,0.0,-0.23999999999995225
1999,13,0.0,-4.310000000000002
1999,14,0.0,-4.3700000000000045
1999,15,0.0,0.12999999999999545
1999,16,0.0,-2.669999999999959
1999,17,0.0,-4.5
1999,18,0.0,-3.3100000000000023
1999,19,0.0,-0.9099999999999682
1999,20,0.0,-1.829999999999984
1999,21,0.6,-3.2999999999999545
1999,22,3.0,-5.989999999999952
1999,23,2.02,-5.759999999999991
1999,24,0.2,-0.5999999999999659
1999,25,0.0,0.9700000000000273
1999,26,0.0,0.6500000000000341
1999,27,0.05,-6.7999999999999545
1999,28,0.1,-6.4599999999999795
1999,29,0.0,-7.060000000000002
1999,30,0.0,-4.089999999999975
1999,31,0.0,-3.2799999999999727
1999,32,0.32,-3.3799999999999955
1999,33,0.0,-6.909999999999968
1999,34,0.0,-3.17999999999995
1999,35,0.0,-1.5199999999999818
1999,36,0.0,-0.1099999999999568
1999,37,0.0,-2.919999999999959
1999,38,0.0,-1.5299999999999727
1999,39,0.0,0.7200000000000273
1999,40,0.0,-0.39999999999997726
1999,41,0.0,1.7100000000000364
1999,42,2.65,-9.529999999999973
1999,43,0.58,-7.96999999999997
1999,44,0.0,-0.5199999999999818
1999,45,0.28,0.08000000000004093
1999,46,0.13,-2.2899999999999636
1999,47,1.72,-7.060000000000002
1999,48,0.66,-4.6200000000000045
1999,49,0.05,-6.159999999999968
1999,50,0.0,-3.849999999999966
1999,51,0.0,-7.409999999999968
1999,52,0.1,-6.649999999999977
1999,53,0.18,-4.399999999999977
1999,54,0.0,-6.349999999999966
1999,55,0.0,-1.7699999999999818
1999,56,0.0,-0.3499999999999659
1999,57,0.0,-1.5299999999999727
1999,58,0.04,-4.609999999999957
1999,59,0.24,0.660000000000025
1999,60,0.14,2.410000000000025
1999,61,0.14,-1.099999999999966
1999,62,0.3,-1.7699999999999818
1999,63,0.0,1.900000000000034
1999,64,6.38,-3.1499999999999773
1999,65,0.43,-4.829999999999984
1999,66,0.11,-1.4399999999999977
1999,67,0.01,-1.5399999999999636
1999,68,0.0,-3.0299999999999727
1999,69,0.0,-1.3700000000000045
1999,70,0.0,-1.3700000000000045
1999,71,4.27,-3.1999999999999886
1999,72,1.33,-3.9899999999999523
1999,73,0.0,0.4300000000000068
1999,74,0.0,2.650000000000034
1999,75,0.1,3.240000000000009
1999,76,0.2,0.9200000000000159
1999,77,0.09,-0.75
1999,78,0.3,1.7100000000000364
1999,79,0.37,3.75
1999,80,0.0,5.9500000000000455
1999,81,0.15,3.2000000000000455
1999,82,0.35,0.9300000000000068
1999,83,0.4,3.590000000000032
1999,84,0.0,3.9500000000000455
1999,85,0.0,5.930000000000007
1999,86,0.61,5.240000000000009
1999,87,0.0,0.9399999999999977
1999,88,0.11,1.3000000000000114
1999,89,0.0,5.910000000000025
1999,90,0.0,5.730000000000018
1999,91,0.07,2.980000000000018
1999,92,7.14,-2.359999999999957
1999,93,2.03,-5.479999999999961
1999,94,1.79,-4.889999999999986
1999,95,0.61,-2.7099999999999795
1999,96,0.0,0.8500000000000227
1999,97,0.32,2.340000000000032
1999,98,0.0,3.3600000000000136
1999,99,0.0,1.5200000000000387
1999,100,0.0,-2.7799999999999727
1999,101,0.0,-1.0600000000000023
1999,102,0.0,4.8700000000000045
1999,103,0.02,6.910000000000025
1999,104,13.27,2.1200000000000045
1999,105,1.42,-5.529999999999973
1999,106,1.83,-7.279999999999973
1999,107,4.43,-5.0499999999999545
1999,108,0.0,3.7900000000000205
1999,109,0.0,6.439999999999998
1999,110,0.0,8.430000000000007
1999,111,2.84,6.970000000000027
1999,112,22.12,1.5600000000000023
1999,113,7.67,-1.4399999999999977
1999,114,4.23,-1.089999999999975
1999,115,1.21,3.2200000000000273
1999,116,0.06,1.410000000000025
1999,117,0.08,5.550000000000011
1999,118,2.56,8.650000000000034
1999,119,17.7,6.270000000000039
1999,120,25.14,4.810000000000002
1999,121,8.99,3.9600000000000364
1999,122,1.34,3.3799999999999955
1999,123,0.16,5.490000000000009
1999,124,0.04,2.660000000000025
1999,125,0.0,-0.6299999999999955
1999,126,0.0,-0.48999999999995225
1999,127,0.0,4.510000000000048
1999,128,0.0,9.120000000000005
1999,129,0.0,10.879999999999995
1999,130,0.06,6.0400000000000205
1999,131,0.35,0.6700000000000159
1999,132,0.0,2.670000000000016
1999,133,0.0,10.140000000000043
1999,134,0.0,10.800000000000011
1999,135,0.0,8.900000000000034
1999,136,2.16,9.210000000000036
1999,137,0.51,4.610000000000014
1999,138,0.0,8.840000000000032
1999,139,0.0,13.100000000000023
1999,140,0.32,12.189999999999998
1999,141,0.61,10.910000000000025
1999,142,0.09,14.730000000000018
1999,143,2.85,12.54000000000002
1999,144,5.91,12.510000000000048
1999,145,31.75,8.770000000000039
1999,146,0.18,9.460000000000036
1999,147,3.68,9.400000000000034
1999,148,4.43,10.400000000000034
1999,149,0.79,11.300000000000011
1999,150,0.0,12.629999999999995
1999,151,0.0,12.360000000000014
1999,152,0.0,10.090000000000032
1999,153,0.06,12.680000000000007
1999,154,0.0,12.010000000000048
1999,155,0.0,13.240000000000009
1999,156,0.0,9.189999999999998
1999,157,0.0,6.580000000000041
1999,158,0.0,12.970000000000027
1999,159,0.0,15.210000000000036
1999,160,0.05,13.350000000000023
1999,161,9.71,12.680000000000007
1999,162,6.16,11.689999999999998
1999,163,7.93,12.270000000000039
1999,164,0.2,10.420000000000016
1999,165,3.78,11.800000000000011
1999,166,6.07,11.930000000000007
1999,167,1.7,10.580000000000041
1999,168,3.98,12.460000000000036
1999,169,0.99,13.550000000000011
1999,170,0.17,15.450000000000045
1999,171,1.28,16.33000000000004
1999,172,0.61,16.08000000000004
1999,173,0.07,15.710000000000036
1999,174,0.0,16.170000000000016
1999,175,0.99,17.610000000000014
1999,176,1.43,18.110000000000014
1999,177,0.0,18.390000000000043
1999,178,0.0,17.850000000000023
1999,179,0.0,17.100000000000023
1999,180,0.0,16.49000000000001
1999,181,0.0,15.850000000000023
1999,182,0.0,16.79000000000002
1999,183,0.0,20.32000000000005
1999,184,0.2,19.77000000000004
1999,185,0.0,19.120000000000005
1999,186,0.0,19.879999999999995
1999,187,4.5,18.680000000000007
1999,188,0.0,18.77000000000004
1999,189,2.97,18.870000000000005
1999,190,2.21,17.04000000000002
1999,191,0.02,15.170000000000016
1999,192,1.47,16.260000000000048
1999,193,1.19,15.939999999999998
1999,194,0.97,17.57000000000005
1999,195,1.08,19.25
1999,196,1.19,16.860000000000014
1999,197,4.6,15.580000000000041
1999,198,7.63,14.78000000000003
1999,199,3.41,17.57000000000005
1999,200,7.83,15.680000000000007
1999,201,0.12,16.129999999999995
1999,202,0.01,17.350000000000023
1999,203,4.6,17.890000000000043
1999,204,2.44,17.80000000000001
1999,205,0.57,18.480000000000018
1999,206,1.86,18.220000000000027
1999,207,0.32,18.720000000000027
1999,208,0.66,18.560000000000002
1999,209,7.31,19.760000000000048
1999,210,1.29,18.08000000000004
1999,211,5.55,17.74000000000001
1999,212,16.95,15.350000000000023
1999,213,8.2,14.379999999999995
1999,214,0.84,13.970000000000027
1999,215,0.0,14.840000000000032
1999,216,6.15,14.580000000000041
1999,217,22.26,13.590000000000032
1999,218,4.97,15.5
1999,219,1.22,15.629999999999995
1999,220,4.2,16.860000000000014
1999,221,2.45,17.52000000000004
1999,222,5.0,15.930000000000007
1999,223,0.0,15.460000000000036
1999,224,0.09,14.53000000000003
1999,225,0.0,14.640000000000043
1999,226,0.0,16.350000000000023
1999,227,0.0,16.610000000000014
1999,228,2.33,15.590000000000032
1999,229,2.14,17.189999999999998
1999,230,0.0,16.200000000000045
1999,231,0.85,16.310000000000002
1999,232,0.06,16.510000000000048
1999,233,4.26,15.800000000000011
1999,234,1.36,15.840000000000032
1999,235,0.14,15.330000000000041
1999,236,0.0,17.129999999999995
1999,237,0.91,18.02000000000004
1999,238,1.46,16.960000000000036
1999,239,2.71,17.77000000000004
1999,240,6.91,17.590000000000032
1999,241,1.32,16.629999999999995
1999,242,1.04,17.090000000000032
1999,243,0.75,17.610000000000014
1999,244,2.63,16.430000000000007
1999,245,0.0,15.870000000000005
1999,246,0.34,14.170000000000016
1999,247,0.01,12.170000000000016
1999,248,0.03,11.910000000000025
1999,249,0.0,13.700000000000045
1999,250,0.0,14.78000000000003
1999,251,0.0,13.160000000000025
1999,252,0.0,13.07000000000005
1999,253,0.04,14.32000000000005
1999,254,0.42,12.550000000000011
1999,255,0.22,10.689999999999998
1999,256,0.14,9.140000000000043
1999,257,0.0,11.25
1999,258,1.57,10.120000000000005
1999,259,0.0,10.25
1999,260,0.8,11.54000000000002
1999,261,0.0,11.990000000000009
1999,262,6.19,10.870000000000005
1999,263,2.93,8.310000000000002
1999,264,0.0,7.680000000000007
1999,265,0.0,10.580000000000041
1999,266,0.0,12.340000000000032
1999,267,0.29,12.78000000000003
1999,268,0.3,12.32000000000005
1999,269,0.0,13.370000000000005
1999,270,1.8,6.82000000000005
1999,271,1.01,1.1200000000000045
1999,272,0.21,1.2900000000000205
1999,273,0.0,9.400000000000034
1999,274,0.0,10.5
1999,275,0.0,7.350000000000023
1999,276,0.0,8.660000000000025
1999,277,0.0,8.710000000000036
1999,278,0.0,10.400000000000034
1999,279,0.0,12.53000000000003
1999,280,9.07,9.850000000000023
1999,281,0.27,7.1200000000000045
1999,282,0.0,10.57000000000005
1999,283,0.0,12.03000000000003
1999,284,0.0,12.120000000000005
1999,285,0.0,11.910000000000025
1999,286,0.0,11.54000000000002
1999,287,0.0,11.480000000000018
1999,288,0.04,9.830000000000041
1999,289,3.9,0.9800000000000182
1999,290,1.61,-4.979999999999961
1999,291,1.81,-1.4399999999999977
1999,292,2.94,-1.8899999999999864
1999,293,0.0,2.2700000000000387
1999,294,0.0,5.360000000000014
1999,295,0.0,7.32000000000005
1999,296,0.0,7.4500000000000455
1999,297,0.0,8.410000000000025
1999,298,0.0,8.370000000000005
1999,299,0.0,9.07000000000005
1999,300,0.37,5.4500000000000455
1999,301,0.0,6.480000000000018
1999,302,0.57,4.050000000000011
1999,303,0.0,1.160000000000025
1999,304,0.0,6.060000000000002
1999,305,0.0,6.170000000000016
1999,306,0.0,1.1800000000000068
1999,307,0.0,4.980000000000018
1999,308,0.0,5.990000000000009
1999,309,0.0,7.6299999999999955
1999,310,0.0,7.720000000000027
1999,311,0.0,6.480000000000018
1999,312,3.27,7.189999999999998
1999,313,0.0,5.010000000000048
1999,314,0.0,4.240000000000009
1999,315,0.0,6.610000000000014
1999,316,0.0,6.890000000000043
1999,317,0.0,7.150000000000034
1999,318,0.0,6.82000000000005
1999,319,0.0,6.830000000000041
1999,320,0.0,6.28000000000003
1999,321,0.0,6.170000000000016
1999,322,0.0,2.6000000000000227
1999,323,0.0,-1.1499999999999773
1999,324,0.0,3.3000000000000114
1999,325,0.0,-1.079999999999984
1999,326,15.9,-2.849999999999966
1999,327,0.0,-8.20999999999998
1999,328,0.0,-7.75
1999,329,0.0,-5.989999999999952
1999,330,0.12,1.6100000000000136
1999,331,0.0,2.2800000000000296
1999,332,0.0,2.090000000000032
1999,333,0.0,2.900000000000034
1999,334,0.0,5.150000000000034
1999,335,0.0,4.32000000000005
1999,336,2.03,0.8100000000000023
1999,337,7.25,-2.5600000000000023
1999,338,4.45,-7.039999999999964
1999,339,0.0,-5.9599999999999795
1999,340,0.0,-2.6200000000000045
1999,341,4.11,-3.589999999999975
1999,342,2.03,-5.8700000000000045
1999,343,0.03,-8.099999999999966
1999,344,0.25,-3.1299999999999955
1999,345,0.0,-5.75
1999,346,0.0,-7.269999999999982
1999,347,0.37,-3.2799999999999727
1999,348,0.0,-8.389999999999986
1999,349,0.0,-10.069999999999993
1999,350,0.95,-3.75
1999,351,0.65,-3.009999999999991
1999,352,0.72,-4.439999999999998
1999,353,0.0,-6.939999999999998
1999,354,0.01,-8.539999999999964
1999,355,0.19,-9.5
1999,356,2.86,-10.21999999999997
1999,357,0.05,-6.389999999999986
1999,358,0.0,-2.3799999999999955
1999,359,0.05,-1.5499999999999545
1999,360,0.0,-2.1299999999999955
1999,361,0.0,-1.9099999999999682
1999,362,0.0,0.7800000000000296
1999,363,0.0,1.410000000000025
1999,364,0.0,-2.099999999999966
1999,365,0.0,-2.8100000000000023
2000,1,0.0,-2.609999999999957
2000,2,4.0,-6.069999999999993
2000,3,4.13,-10.049999999999955
2000,4,0.3,-10.669999999999959
2000,5,0.1,-5.639999999999986
2000,6,0.1,-11.589999999999975
2000,7,0.0,-7.0
2000,8,0.0,-5.899999999999977
2000,9,0.17,-8.189999999999998
2000,10,0.0,-6.659999999999968
2000,11,0.0,-2.42999999999995
2000,12,0.0,-0.6999999999999886
2000,13,0.0,-4.529999999999973
2000,14,0.0,-0.8599999999999568
2000,15,0.0,0.5600000000000023
2000,16,2.28,1.0300000000000296
2000,17,0.91,1.0200000000000387
2000,18,0.0,0.5900000000000318
2000,19,0.0,1.8799999999999955
2000,20,0.0,-0.17999999999994998
2000,21,0.0,0.7200000000000273
2000,22,0.0,-1.4399999999999977
2000,23,0.3,-4.729999999999961
2000,24,0.0,-2.1399999999999864
2000,25,0.01,0.10000000000002274
2000,26,2.37,1.3400000000000318
2000,27,4.52,-2.3799999999999955
2000,28,2.01,-7.919999999999959
2000,29,0.0,-10.319999999999993
2000,30,0.0,-9.079999999999984
2000,31,0.0,-7.399999999999977
2000,32,0.0,-5.6299999999999955
2000,33,0.0,0.6500000000000341
2000,34,0.0,4.100000000000023
2000,35,0.0,-3.109999999999957
2000,36,0.0,0.7800000000000296
2000,37,0.0,0.9200000000000159
2000,38,0.0,0.17000000000001592
2000,39,0.0,2.6000000000000227
2000,40,0.0,4.020000000000039
2000,41,0.0,1.3000000000000114
2000,42,0.16,0.6899999999999977
2000,43,0.0,0.17000000000001592
2000,44,0.03,-1.599999999999966
2000,45,0.0,0.410000000000025
2000,46,0.0,2.400000000000034
2000,47,0.05,1.160000000000025
2000,48,2.06,1.8400000000000318
2000,49,7.17,-3.909999999999968
2000,50,0.18,-2.8100000000000023
2000,51,0.0,1.07000000000005
2000,52,0.0,4.350000000000023
2000,53,0.0,4.07000000000005
2000,54,2.41,1.660000000000025
2000,55,0.17,2.660000000000025
2000,56,0.0,-1.9499999999999886
2000,57,0.0,-4.099999999999966
2000,58,0.0,0.7100000000000364
2000,59,0.0,4.520000000000039
2000,60,1.11,0.7900000000000205
2000,61,0.58,1.8900000000000432
2000,62,1.66,1.3799999999999955
2000,63,0.37,0.4500000000000455
2000,64,0.0,4.57000000000005
2000,65,0.0,6.080000000000041
2000,66,0.66,3.170000000000016
2000,67,0.32,4.860000000000014
2000,68,0.32,1.5600000000000023
2000,69,0.0,0.4700000000000273
2000,70,0.06,-2.7099999999999795
2000,71,0.31,-2.17999999999995
2000,72,1.57,-0.7899999999999636
2000,73,0.0,-0.3100000000000023
2000,74,0.0,1.8500000000000227
2000,75,10.03,2.3700000000000045
2000,76,24.29,-3.569999999999993
2000,77,2.35,-0.049999999999954525
2000,78,1.76,-2.3799999999999955
2000,79,0.0,-0.6899999999999977
2000,80,1.85,1.990000000000009
2000,81,9.35,-3.4799999999999613
2000,82,1.19,1.2200000000000273
2000,83,0.05,2.8700000000000045
2000,84,0.0,3.8000000000000114
2000,85,0.0,4.7000000000000455
2000,86,0.0,5.7000000000000455
2000,87,0.0,5.980000000000018
2000,88,0.0,6.8799999999999955
2000,89,4.39,4.3799999999999955
2000,90,8.01,2.6000000000000227
2000,91,1.94,-2.919999999999959
2000,92,8.15,-4.289999999999964
2000,93,6.76,-1.3199999999999932
2000,94,2.99,-3.5600000000000023
2000,95,0.05,4.850000000000023
2000,96,0.0,8.650000000000034
2000,97,0.0,8.950000000000045
2000,98,0.0,5.980000000000018
2000,99,0.0,4.32000000000005
2000,100,0.0,8.840000000000032
2000,101,0.0,7.660000000000025
2000,102,4.05,4.090000000000032
2000,103,0.0,6.490000000000009
2000,104,0.0,6.3700000000000045
2000,105,0.24,6.310000000000002
2000,106,5.65,3.0
2000,107,5.15,1.0900000000000318
2000,108,0.0,5.090000000000032
2000,109,0.0,7.1200000000000045
2000,110,0.03,0.4200000000000159
2000,111,0.0,2.2900000000000205
2000,112,0.0,5.640000000000043
2000,113,10.43,8.120000000000005
2000,114,4.68,5.82000000000005
2000,115,1.27,5.3799999999999955
2000,116,0.0,2.180000000000007
2000,117,0.0,6.340000000000032
2000,118,0.0,7.610000000000014
2000,119,0.03,8.5
2000,120,0.0,9.770000000000039
2000,121,10.83,4.240000000000009
2000,122,0.1,1.4600000000000364
2000,123,0.0,6.7900000000000205
2000,124,0.0,12.100000000000023
2000,125,0.0,14.090000000000032
2000,126,0.0,15.390000000000043
2000,127,0.0,14.5
2000,128,0.0,13.25
2000,129,16.49,9.100000000000023
2000,130,2.39,5.600000000000023
2000,131,0.0,11.140000000000043
2000,132,0.0,12.670000000000016
2000,133,0.0,3.230000000000018
2000,134,0.0,2.330000000000041
2000,135,0.0,8.210000000000036
2000,136,0.0,11.79000000000002
2000,137,0.0,14.980000000000018
2000,138,5.31,10.670000000000016
2000,139,3.81,3.4399999999999977
2000,140,1.06,6.5400000000000205
2000,141,0.26,9.580000000000041
2000,142,0.07,10.189999999999998
2000,143,0.0,13.180000000000007
2000,144,0.0,15.150000000000034
2000,145,0.12,15.840000000000032
2000,146,1.03,13.600000000000023
2000,147,1.01,12.050000000000011
2000,148,0.79,10.600000000000023
2000,149,0.0,14.830000000000041
2000,150,0.0,17.900000000000034
2000,151,0.0,18.99000000000001
2000,152,0.0,17.400000000000034
2000,153,0.0,14.510000000000048
2000,154,0.12,13.810000000000002
2000,155,0.0,15.890000000000043
2000,156,0.05,13.970000000000027
2000,157,0.0,13.900000000000034
2000,158,0.15,16.150000000000034
2000,159,0.0,17.390000000000043
2000,160,0.14,18.390000000000043
2000,161,0.02,16.25
2000,162,0.16,13.450000000000045
2000,163,0.88,14.590000000000032
2000,164,0.08,15.810000000000002
2000,165,0.0,15.150000000000034
2000,166,0.0,11.120000000000005
2000,167,0.0,15.510000000000048
2000,168,0.0,12.050000000000011
2000,169,4.23,8.5
2000,170,1.03,12.020000000000039
2000,171,0.41,14.960000000000036
2000,172,1.78,13.080000000000041
2000,173,0.2,13.660000000000025
2000,174,0.0,16.470000000000027
2000,175,0.0,17.99000000000001
2000,176,0.44,17.060000000000002
2000,177,3.18,16.650000000000034
2000,178,18.65,13.260000000000048
2000,179,7.23,12.79000000000002
2000,180,3.42,13.900000000000034
2000,181,0.21,15.29000000000002
2000,182,1.24,16.58000000000004
2000,183,0.0,17.700000000000045
2000,184,2.29,18.110000000000014
2000,185,0.31,18.200000000000045
2000,186,0.0,17.430000000000007
2000,187,0.0,17.79000000000002
2000,188,0.0,19.220000000000027
2000,189,0.62,20.210000000000036
2000,190,0.3,19.33000000000004
2000,191,1.05,18.760000000000048
2000,192,1.19,18.03000000000003
2000,193,2.05,18.850000000000023
2000,194,20.47,18.900000000000034
2000,195,0.27,18.860000000000014
2000,196,3.34,19.200000000000045
2000,197,2.26,20.110000000000014
2000,198,0.72,18.420000000000016
2000,199,44.77,16.5
2000,200,1.65,17.08000000000004
2000,201,1.82,18.77000000000004
2000,202,0.0,18.120000000000005
2000,203,0.0,17.410000000000025
2000,204,0.0,17.600000000000023
2000,205,0.0,18.29000000000002
2000,206,0.27,19.650000000000034
2000,207,0.35,19.0
2000,208,0.0,19.07000000000005
2000,209,5.26,19.310000000000002
2000,210,0.0,19.379999999999995
2000,211,3.52,17.77000000000004
2000,212,0.0,17.350000000000023
2000,213,0.0,16.890000000000043
2000,214,0.03,18.370000000000005
2000,215,0.05,19.890000000000043
2000,216,0.7,20.160000000000025
2000,217,3.18,19.910000000000025
2000,218,2.26,19.05000000000001
2000,219,2.13,17.860000000000014
2000,220,0.0,18.57000000000005
2000,221,0.0,19.480000000000018
2000,222,0.0,20.110000000000014
2000,223,0.03,18.760000000000048
2000,224,0.79,19.08000000000004
2000,225,0.46,19.390000000000043
2000,226,0.0,18.390000000000043
2000,227,3.59,18.99000000000001
2000,228,4.98,20.170000000000016
2000,229,3.62,18.970000000000027
2000,230,7.46,14.980000000000018
2000,231,21.45,15.400000000000034
2000,232,0.0,16.25
2000,233,7.68,16.710000000000036
2000,234,4.77,17.060000000000002
2000,235,2.81,17.04000000000002
2000,236,4.39,16.07000000000005
2000,237,1.26,17.220000000000027
2000,238,0.05,18.010000000000048
2000,239,7.13,16.79000000000002
2000,240,0.24,16.350000000000023
2000,241,2.37,17.53000000000003
2000,242,17.7,17.170000000000016
2000,243,7.29,16.910000000000025
2000,244,3.96,15.140000000000043
2000,245,9.52,14.660000000000025
2000,246,0.48,14.879999999999995
2000,247,0.04,14.460000000000036
2000,248,1.04,16.220000000000027
2000,249,0.0,18.58000000000004
2000,250,1.4,17.680000000000007
2000,251,0.16,15.370000000000005
2000,252,0.05,15.689999999999998
2000,253,0.0,14.090000000000032
2000,254,0.0,14.57000000000005
2000,255,0.0,14.740000000000009
2000,256,0.0,14.439999999999998
2000,257,0.0,15.78000000000003
2000,258,0.0,16.910000000000025
2000,259,0.0,17.04000000000002
2000,260,0.0,17.950000000000045
2000,261,0.0,17.99000000000001
2000,262,0.07,16.32000000000005
2000,263,0.0,13.860000000000014
2000,264,9.0,10.010000000000048
2000,265,0.0,10.879999999999995
2000,266,8.34,11.75
2000,267,11.54,6.75
2000,268,3.05,-0.17999999999994998
2000,269,1.08,3.1000000000000227
2000,270,0.0,8.82000000000005
2000,271,0.0,9.730000000000018
2000,272,0.0,11.220000000000027
2000,273,0.09,12.860000000000014
2000,274,0.24,12.450000000000045
2000,275,0.0,12.700000000000045
2000,276,0.0,13.390000000000043
2000,277,0.0,12.910000000000025
2000,278,0.0,11.120000000000005
2000,279,0.0,9.230000000000018
2000,280,0.45,5.610000000000014
2000,281,0.29,0.4300000000000068
2000,282,0.0,1.0100000000000477
2000,283,0.0,5.770000000000039
2000,284,0.0,8.300000000000011
2000,285,0.0,9.180000000000007
2000,286,0.0,9.870000000000005
2000,287,0.0,5.330000000000041
2000,288,0.0,3.0600000000000023
2000,289,0.0,4.220000000000027
2000,290,0.0,5.439999999999998
2000,291,0.0,6.470000000000027
2000,292,0.0,8.490000000000009
2000,293,0.0,9.120000000000005
2000,294,0.0,7.930000000000007
2000,295,0.0,7.680000000000007
2000,296,2.18,6.590000000000032
2000,297,4.12,5.2000000000000455
2000,298,0.11,7.060000000000002
2000,299,0.04,4.300000000000011
2000,300,0.0,3.7800000000000296
2000,301,0.0,4.920000000000016
2000,302,0.28,6.860000000000014
2000,303,2.35,5.7000000000000455
2000,304,0.0,5.260000000000048
2000,305,1.24,4.080000000000041
2000,306,0.28,0.18999999999999773
2000,307,0.29,-2.1200000000000045
2000,308,0.44,-1.2199999999999704
2000,309,0.0,1.4700000000000273
2000,310,4.02,0.82000000000005
2000,311,2.05,-6.669999999999959
2000,312,0.07,-9.239999999999952
2000,313,0.03,-4.739999999999952
2000,314,0.0,-2.7199999999999704
2000,315,0.0,-2.519999999999982
2000,316,5.62,-4.019999999999982
2000,317,1.18,-10.120000000000005
2000,318,0.0,-12.939999999999998
2000,319,0.17,-8.279999999999973
2000,320,0.06,-5.42999999999995
2000,321,0.0,-11.579999999999984
2000,322,3.37,-11.349999999999966
2000,323,0.65,-10.310000000000002
2000,324,0.0,-6.589999999999975
2000,325,0.0,-5.859999999999957
2000,326,0.0,-2.919999999999959
2000,327,0.0,-0.7599999999999909
2000,328,0.0,-2.6999999999999886
2000,329,0.1,-3.8700000000000045
2000,330,0.0,-5.92999999999995
2000,331,0.0,-3.8799999999999955
2000,332,0.0,-2.4799999999999613
2000,333,0.0,-2.759999999999991
2000,334,0.0,-3.2899999999999636
2000,335,0.0,-0.44999999999998863
2000,336,0.0,-5.71999999999997
2000,337,0.0,-3.359999999999957
2000,338,0.0,-0.7199999999999704
2000,339,0.0,-1.8799999999999955
2000,340,0.0,-1.1899999999999977
2000,341,3.73,-2.7399999999999523
2000,342,0.0,2.4399999999999977
2000,343,0.0,-1.589999999999975
2000,344,0.0,-0.7899999999999636
2000,345,0.0,-2.409999999999968
2000,346,7.11,-6.909999999999968
2000,347,0.0,-8.419999999999959
2000,348,0.04,-5.6200000000000045
2000,349,0.0,-6.259999999999991
2000,350,0.0,-5.939999999999998
2000,351,2.54,-8.489999999999952
2000,352,0.71,-3.2099999999999795
2000,353,0.17,-10.060000000000002
2000,354,0.0,-6.399999999999977
2000,355,0.13,-5.310000000000002
2000,356,0.24,-10.259999999999991
2000,357,0.0,-4.029999999999973
2000,358,0.0,-5.439999999999998
2000,359,0.22,-5.079999999999984
2000,360,4.49,-4.919999999999959
2000,361,0.15,-7.909999999999968
2000,362,0.0,-3.75
2000,363,0.0,-1.8199999999999932
2000,364,0.0,-7.029999999999973
2000,365,0.0,-5.529999999999973
2000,366,0.0,-5.399999999999977
2001,1,0.0,-5.539999999999964
2001,2,0.0,-7.029999999999973
2001,3,0.0,-3.009999999999991
2001,4,0.0,0.5200000000000387
2001,5,0.0,1.3500000000000227
2001,6,0.09,1.400000000000034
2001,7,0.11,-5.7999999999999545
2001,8,0.0,-4.96999999999997
2001,9,0.0,-2.769999999999982
2001,10,0.0,-1.3599999999999568
2001,11,0.0,-3.75
2001,12,0.11,-1.6299999999999955
2001,13,0.02,-3.17999999999995
2001,14,3.28,-8.46999999999997
2001,15,1.18,-10.409999999999968
2001,16,7.53,-9.349999999999966
2001,17,0.79,-12.739999999999952
2001,18,0.0,-10.42999999999995
2001,19,0.0,-9.699999999999989
2001,20,0.0,-6.1299999999999955
2001,21,0.0,-7.589999999999975
2001,22,0.0,-2.419999999999959
2001,23,0.0,-4.039999999999964
2001,24,0.0,-4.839999999999975
2001,25,0.0,-4.579999999999984
2001,26,0.05,-6.310000000000002
2001,27,2.01,-6.229999999999961
2001,28,1.65,-6.239999999999952
2001,29,1.88,-7.25
2001,30,0.19,-7.569999999999993
2001,31,0.0,-9.45999999999998
2001,32,0.0,-10.759999999999991
2001,33,0.0,-4.739999999999952
2001,34,0.0,-1.7799999999999727
2001,35,0.0,-3.7899999999999636
2001,36,0.0,-0.4399999999999977
2001,37,0.0,-2.589999999999975
2001,38,0.0,-0.7299999999999613
2001,39,1.09,-4.109999999999957
2001,40,11.4,-12.539999999999964
2001,41,0.1,-6.199999999999989
2001,42,0.0,-4.5499999999999545
2001,43,0.0,-6.089999999999975
2001,44,0.09,-3.589999999999975
2001,45,11.22,-3.769999999999982
2001,46,0.06,-6.009999999999991
2001,47,0.0,-5.439999999999998
2001,48,0.0,-2.92999999999995
2001,49,0.0,-1.4399999999999977
2001,50,0.0,-1.4799999999999613
2001,51,0.0,-1.9599999999999795
2001,52,0.0,-2.009999999999991
2001,53,0.0,-2.609999999999957
2001,54,0.62,-0.029999999999972715
2001,55,0.0,-3.5299999999999727
2001,56,0.0,-6.899999999999977
2001,57,2.58,-4.189999999999998
2001,58,0.98,-4.389999999999986
2001,59,2.7,-5.589999999999975
2001,60,1.56,-3.269999999999982
2001,61,0.4,-3.509999999999991
2001,62,0.73,-3.769999999999982
2001,63,0.32,-3.349999999999966
2001,64,0.0,-0.7799999999999727
2001,65,0.0,1.4800000000000182
2001,66,3.12,1.0900000000000318
2001,67,1.01,0.8900000000000432
2001,68,0.13,-0.4199999999999591
2001,69,10.59,0.3900000000000432
2001,70,8.22,-3.519999999999982
2001,71,0.34,-4.8700000000000045
2001,72,0.04,-3.0600000000000023
2001,73,0.67,-2.769999999999982
2001,74,0.0,-7.21999999999997
2001,75,0.0,-6.889999999999986
2001,76,2.34,-4.169999999999959
2001,77,0.85,-4.849999999999966
2001,78,0.11,-3.079999999999984
2001,79,0.0,1.82000000000005
2001,80,0.0,3.340000000000032
2001,81,0.33,2.140000000000043
2001,82,2.17,2.2100000000000364
2001,83,7.13,1.3600000000000136
2001,84,0.0,1.670000000000016
2001,85,0.97,0.6400000000000432
2001,86,1.52,1.4600000000000364
2001,87,0.0,0.10000000000002274
2001,88,0.0,0.1400000000000432
2001,89,4.63,-0.75
2001,90,0.06,-1.1599999999999682
2001,91,0.0,2.82000000000005
2001,92,0.0,5.210000000000036
2001,93,0.0,6.360000000000014
2001,94,0.0,8.120000000000005
2001,95,0.0,8.010000000000048
2001,96,0.08,6.490000000000009
2001,97,0.51,1.8500000000000227
2001,98,0.0,2.930000000000007
2001,99,0.0,1.1800000000000068
2001,100,16.45,2.6000000000000227
2001,101,2.95,-1.3700000000000045
2001,102,0.65,-1.4599999999999795
2001,103,0.06,-0.14999999999997726
2001,104,0.0,1.8700000000000045
2001,105,0.0,2.490000000000009
2001,106,0.0,4.170000000000016
2001,107,0.0,4.400000000000034
2001,108,0.0,8.610000000000014
2001,109,0.0,9.350000000000023
2001,110,0.04,6.920000000000016
2001,111,0.0,3.480000000000018
2001,112,11.55,2.5300000000000296
2001,113,7.03,-0.7999999999999545
2001,114,0.0,1.1800000000000068
2001,115,0.0,4.640000000000043
2001,116,0.0,6.740000000000009
2001,117,0.0,8.230000000000018
2001,118,0.04,8.79000000000002
2001,119,0.0,8.03000000000003
2001,120,0.0,6.860000000000014
2001,121,0.0,9.050000000000011
2001,122,0.26,5.5400000000000205
2001,123,14.08,-1.2299999999999613
2001,124,20.67,-0.6699999999999591
2001,125,9.0,1.2300000000000182
2001,126,4.02,4.32000000000005
2001,127,0.05,4.2900000000000205
2001,128,0.0,7.100000000000023
2001,129,0.0,9.930000000000007
2001,130,0.0,10.879999999999995
2001,131,0.09,10.180000000000007
2001,132,0.0,11.310000000000002
2001,133,0.18,12.970000000000027
2001,134,0.27,13.080000000000041
2001,135,0.28,12.210000000000036
2001,136,0.05,13.400000000000034
2001,137,1.98,11.960000000000036
2001,138,6.57,10.240000000000009
2001,139,5.23,11.120000000000005
2001,140,0.0,10.060000000000002
2001,141,9.84,2.890000000000043
2001,142,0.14,6.140000000000043
2001,143,0.0,10.370000000000005
2001,144,0.0,10.840000000000032
2001,145,0.1,11.580000000000041
2001,146,0.18,13.480000000000018
2001,147,0.0,14.140000000000043
2001,148,0.23,13.810000000000002
2001,149,2.65,13.610000000000014
2001,150,1.02,11.960000000000036
2001,151,0.32,11.650000000000034
2001,152,0.1,13.360000000000014
2001,153,0.0,15.670000000000016
2001,154,0.06,14.910000000000025
2001,155,0.09,12.340000000000032
2001,156,0.0,10.460000000000036
2001,157,0.0,13.360000000000014
2001,158,2.52,16.110000000000014
2001,159,2.86,16.600000000000023
2001,160,4.68,17.430000000000007
2001,161,1.07,17.55000000000001
2001,162,0.0,17.80000000000001
2001,163,0.03,16.720000000000027
2001,164,8.41,12.29000000000002
2001,165,2.2,5.28000000000003
2001,166,0.0,8.700000000000045
2001,167,0.0,14.120000000000005
2001,168,0.0,16.810000000000002
2001,169,0.0,17.110000000000014
2001,170,2.72,15.560000000000002
2001,171,0.34,15.32000000000005
2001,172,0.0,14.300000000000011
2001,173,1.4,16.379999999999995
2001,174,0.67,17.82000000000005
2001,175,0.78,18.960000000000036
2001,176,0.29,18.410000000000025
2001,177,7.25,18.400000000000034
2001,178,1.2,16.720000000000027
2001,179,0.13,17.710000000000036
2001,180,0.25,19.58000000000004
2001,181,0.05,19.950000000000045
2001,182,0.16,20.700000000000045
2001,183,0.23,20.620000000000005
2001,184,0.35,19.78000000000003
2001,185,1.83,20.010000000000048
2001,186,0.0,20.54000000000002
2001,187,3.08,21.430000000000007
2001,188,1.84,20.810000000000002
2001,189,3.62,20.910000000000025
2001,190,0.79,20.680000000000007
2001,191,8.31,19.129999999999995
2001,192,1.04,18.400000000000034
2001,193,5.06,18.210000000000036
2001,194,13.86,17.710000000000036
2001,195,8.61,17.28000000000003
2001,196,0.76,16.129999999999995
2001,197,0.0,16.860000000000014
2001,198,0.07,17.5
2001,199,0.0,17.58000000000004
2001,200,0.21,18.370000000000005
2001,201,0.65,18.470000000000027
2001,202,0.59,19.900000000000034
2001,203,0.05,19.129999999999995
2001,204,0.96,19.840000000000032
2001,205,11.19,18.29000000000002
2001,206,0.76,17.870000000000005
2001,207,2.89,17.720000000000027
2001,208,2.74,15.970000000000027
2001,209,0.3,17.430000000000007
2001,210,0.15,19.08000000000004
2001,211,0.0,20.29000000000002
2001,212,1.26,19.30000000000001
2001,213,3.93,18.100000000000023
2001,214,12.53,18.260000000000048
2001,215,0.0,18.450000000000045
2001,216,3.3,18.700000000000045
2001,217,3.93,19.260000000000048
2001,218,3.52,19.460000000000036
2001,219,6.25,18.439999999999998
2001,220,0.4,17.879999999999995
2001,221,13.78,14.710000000000036
2001,222,0.76,14.020000000000039
2001,223,11.32,15.800000000000011
2001,224,4.09,16.970000000000027
2001,225,2.1,17.27000000000004
2001,226,6.67,15.220000000000027
2001,227,7.75,13.910000000000025
2001,228,4.71,13.950000000000045
2001,229,1.58,15.170000000000016
2001,230,0.02,15.970000000000027
2001,231,0.43,18.55000000000001
2001,232,0.02,18.180000000000007
2001,233,0.89,15.730000000000018
2001,234,6.47,16.060000000000002
2001,235,0.12,14.700000000000045
2001,236,0.12,16.160000000000025
2001,237,1.18,16.890000000000043
2001,238,0.0,16.230000000000018
2001,239,0.07,17.810000000000002
2001,240,0.1,17.850000000000023
2001,241,0.0,16.99000000000001
2001,242,2.53,15.680000000000007
2001,243,1.08,14.740000000000009
2001,244,0.8,14.800000000000011
2001,245,0.61,15.710000000000036
2001,246,0.0,16.75
2001,247,0.0,17.010000000000048
2001,248,0.74,16.120000000000005
2001,249,0.05,16.04000000000002
2001,250,4.31,9.450000000000045
2001,251,9.81,4.78000000000003
2001,252,0.84,5.860000000000014
2001,253,0.0,12.420000000000016
2001,254,0.0,14.78000000000003
2001,255,0.0,15.629999999999995
2001,256,0.13,16.53000000000003
2001,257,4.74,15.620000000000005
2001,258,0.34,13.550000000000011
2001,259,0.85,13.29000000000002
2001,260,1.23,12.5
2001,261,0.37,10.420000000000016
2001,262,0.0,11.600000000000023
2001,263,0.06,13.580000000000041
2001,264,0.0,14.180000000000007
2001,265,0.0,14.75
2001,266,0.0,12.470000000000027
2001,267,0.0,13.840000000000032
2001,268,0.0,15.28000000000003
2001,269,0.0,15.170000000000016
2001,270,0.0,15.710000000000036
2001,271,0.06,15.870000000000005
2001,272,0.07,15.210000000000036
2001,273,0.24,13.580000000000041
2001,274,0.6,12.939999999999998
2001,275,0.0,13.220000000000027
2001,276,0.0,12.550000000000011
2001,277,0.0,11.79000000000002
2001,278,0.61,6.050000000000011
2001,279,0.93,7.810000000000002
2001,280,0.0,10.480000000000018
2001,281,0.0,10.270000000000039
2001,282,0.0,9.370000000000005
2001,283,0.0,2.840000000000032
2001,284,0.19,4.020000000000039
2001,285,0.0,3.2900000000000205
2001,286,0.0,1.8600000000000136
2001,287,0.66,4.490000000000009
2001,288,0.47,4.670000000000016
2001,289,0.0,6.480000000000018
2001,290,0.0,9.720000000000027
2001,291,0.0,9.120000000000005
2001,292,0.0,7.110000000000014
2001,293,0.0,8.900000000000034
2001,294,0.0,8.650000000000034
2001,295,0.1,8.379999999999995
2001,296,0.0,6.300000000000011
2001,297,0.1,2.340000000000032
2001,298,0.08,0.7600000000000477
2001,299,0.0,3.4500000000000455
2001,300,0.0,7.0
2001,301,0.0,9.600000000000023
2001,302,0.0,9.79000000000002
2001,303,0.0,10.150000000000034
2001,304,0.0,9.600000000000023
2001,305,0.0,4.57000000000005
2001,306,0.0,4.560000000000002
2001,307,0.0,6.1200000000000045
2001,308,0.0,6.400000000000034
2001,309,0.0,7.390000000000043
2001,310,0.0,7.9500000000000455
2001,311,0.0,7.770000000000039
2001,312,9.81,2.2200000000000273
2001,313,0.0,1.9600000000000364
2001,314,0.0,4.110000000000014
2001,315,0.0,3.240000000000009
2001,316,0.0,3.1200000000000045
2001,317,0.0,4.1299999999999955
2001,318,0.0,4.900000000000034
2001,319,0.0,3.5100000000000477
2001,320,0.0,3.8100000000000023
2001,321,0.0,3.5
2001,322,3.65,2.400000000000034
2001,323,0.68,-0.6099999999999568
2001,324,0.0,3.07000000000005
2001,325,0.0,2.730000000000018
2001,326,0.0,2.650000000000034
2001,327,2.22,0.5500000000000114
2001,328,0.0,-3.3999999999999773
2001,329,1.39,-1.099999999999966
2001,330,5.29,-5.479999999999961
2001,331,0.74,-9.109999999999957
2001,332,0.81,-11.029999999999973
2001,333,0.0,-5.289999999999964
2001,334,0.0,-4.92999999999995
2001,335,0.0,-5.8700000000000045
2001,336,0.0,-0.8999999999999773
2001,337,0.0,2.420000000000016
2001,338,0.0,0.09000000000003183
2001,339,0.0,-2.839999999999975
2001,340,0.0,-4.409999999999968
2001,341,0.31,-3.909999999999968
2001,342,0.0,-7.519999999999982
2001,343,0.0,-2.1999999999999886
2001,344,0.0,-2.109999999999957
2001,345,0.53,-5.46999999999997
2001,346,2.49,-6.96999999999997
2001,347,0.0,-8.659999999999968
2001,348,0.0,-4.669999999999959
2001,349,0.0,-3.7799999999999727
2001,350,4.8,-7.2099999999999795
2001,351,0.0,-2.8700000000000045
2001,352,0.0,-2.75
2001,353,0.0,-5.779999999999973
2001,354,0.0,-2.319999999999993
2001,355,1.55,-1.1099999999999568
2001,356,0.43,-6.889999999999986
2001,357,0.0,-8.349999999999966
2001,358,0.0,-8.229999999999961
2001,359,0.0,-7.889999999999986
2001,360,0.0,-5.6200000000000045
2001,361,0.0,-4.92999999999995
2001,362,0.0,-4.71999999999997
2001,363,0.34,-5.6200000000000045
2001,364,0.0,-7.2999999999999545
2001,365,0.63,-7.9599999999999795
2002,1,1.48,-7.669999999999959
2002,2,0.06,-11.060000000000002
2002,3,0.0,-4.6299999999999955
2002,4,2.14,-2.8799999999999955
2002,5,1.02,-7.9599999999999795
2002,6,0.0,-6.089999999999975
2002,7,0.0,-1.5199999999999818
2002,8,0.0,2.82000000000005
2002,9,0.0,2.75
2002,10,6.1,-2.089999999999975
2002,11,0.0,-3.8799999999999955
2002,12,0.0,-3.579999999999984
2002,13,0.0,-3.3700000000000045
2002,14,0.08,-9.339999999999975
2002,15,0.0,-5.769999999999982
2002,16,0.0,-6.819999999999993
2002,17,0.02,-7.439999999999998
2002,18,0.0,-10.109999999999957
2002,19,0.0,-10.799999999999955
2002,20,0.0,-9.25
2002,21,0.0,-6.989999999999952
2002,22,2.37,-3.3899999999999864
2002,23,5.09,-8.159999999999968
2002,24,0.23,-11.479999999999961
2002,25,0.0,-3.319999999999993
2002,26,0.0,-0.1099999999999568
2002,27,0.0,-0.6899999999999977
2002,28,0.0,-2.6499999999999773
2002,29,0.47,-4.319999999999993
2002,30,2.67,-8.060000000000002
2002,31,0.38,-13.620000000000005
2002,32,0.0,-10.909999999999968
2002,33,0.0,-6.1200000000000045
2002,34,0.0,-7.259999999999991
2002,35,0.75,-6.489999999999952
2002,36,0.04,-9.42999999999995
2002,37,0.33,-6.339999999999975
2002,38,0.0,-4.1200000000000045
2002,39,0.0,-3.1499999999999773
2002,40,0.79,-8.769999999999982
2002,41,0.0,-9.849999999999966
2002,42,0.0,-0.3100000000000023
2002,43,0.0,-4.1299999999999955
2002,44,0.0,-9.009999999999991
2002,45,0.0,-3.75
2002,46,6.43,-6.779999999999973
2002,47,0.11,-3.25
2002,48,0.0,-1.7899999999999636
2002,49,0.0,-1.4899999999999523
2002,50,1.02,-3.589999999999975
2002,51,0.31,-4.71999999999997
2002,52,0.13,-5.239999999999952
2002,53,0.0,-2.3899999999999864
2002,54,0.0,2.0500000000000114
2002,55,0.96,-0.40999999999996817
2002,56,0.88,-7.769999999999982
2002,57,0.38,-14.949999999999989
2002,58,0.0,-9.049999999999955
2002,59,5.32,-7.649999999999977
2002,60,4.34,-10.569999999999993
2002,61,0.49,-18.549999999999983
2002,62,0.0,-16.689999999999998
2002,63,0.0,-7.769999999999982
2002,64,0.0,-3.4599999999999795
2002,65,0.0,-2.109999999999957
2002,66,0.0,-0.17999999999994998
2002,67,0.49,-1.6099999999999568
2002,68,0.19,-8.479999999999961
2002,69,0.0,-1.579999999999984
2002,70,0.0,-0.7599999999999909
2002,71,0.0,1.5
2002,72,0.0,3.3100000000000023
2002,73,7.85,-0.37000000000000455
2002,74,4.55,-7.560000000000002
2002,75,0.3,-6.7099999999999795
2002,76,0.0,-7.829999999999984
2002,77,2.73,-5.2999999999999545
2002,78,0.53,-5.199999999999989
2002,79,0.02,-2.0399999999999636
2002,80,0.0,0.9200000000000159
2002,81,0.0,3.07000000000005
2002,82,0.0,4.460000000000036
2002,83,0.2,1.400000000000034
2002,84,7.72,-2.919999999999959
2002,85,0.04,-2.2399999999999523
2002,86,0.0,0.27000000000003865
2002,87,0.0,1.9500000000000455
2002,88,0.0,1.6299999999999955
2002,89,0.0,1.420000000000016
2002,90,0.0,1.5300000000000296
2002,91,0.0,4.310000000000002
2002,92,0.0,1.6899999999999977
2002,93,0.0,-3.329999999999984
2002,94,0.0,2.7200000000000273
2002,95,0.0,4.53000000000003
2002,96,0.0,6.890000000000043
2002,97,0.05,6.460000000000036
2002,98,0.3,4.07000000000005
2002,99,0.0,4.689999999999998
2002,100,0.0,7.03000000000003
2002,101,0.34,5.57000000000005
2002,102,0.32,5.300000000000011
2002,103,0.55,6.840000000000032
2002,104,0.0,8.450000000000045
2002,105,0.0,10.100000000000023
2002,106,0.18,6.4500000000000455
2002,107,0.0,3.9500000000000455
2002,108,0.0,6.460000000000036
2002,109,0.0,2.3500000000000227
2002,110,0.25,2.400000000000034
2002,111,0.0,-0.6399999999999864
2002,112,0.0,1.8500000000000227
2002,113,0.0,5.689999999999998
2002,114,0.0,6.920000000000016
2002,115,0.0,6.57000000000005
2002,116,0.16,7.3799999999999955
2002,117,0.09,5.580000000000041
2002,118,0.02,3.8700000000000045
2002,119,0.0,7.03000000000003
2002,120,0.0,9.090000000000032
2002,121,0.08,6.939999999999998
2002,122,1.8,2.2000000000000455
2002,123,0.42,3.080000000000041
2002,124,0.0,4.610000000000014
2002,125,0.05,6.930000000000007
2002,126,0.0,7.82000000000005
2002,127,0.0,8.660000000000025
2002,128,0.0,7.7000000000000455
2002,129,0.0,2.080000000000041
2002,130,0.0,6.430000000000007
2002,131,0.0,8.100000000000023
2002,132,6.95,2.8100000000000023
2002,133,0.0,4.350000000000023
2002,134,0.54,9.629999999999995
2002,135,0.0,10.930000000000007
2002,136,0.93,10.110000000000014
2002,137,3.73,8.710000000000036
2002,138,0.78,11.379999999999995
2002,139,0.53,14.010000000000048
2002,140,1.13,12.260000000000048
2002,141,0.63,11.920000000000016
2002,142,0.0,6.590000000000032
2002,143,0.03,6.020000000000039
2002,144,21.85,5.25
2002,145,2.88,7.0400000000000205
2002,146,0.0,10.520000000000039
2002,147,0.0,12.379999999999995
2002,148,0.25,12.550000000000011
2002,149,0.0,14.260000000000048
2002,150,0.0,16.08000000000004
2002,151,0.0,19.189999999999998
2002,152,0.0,19.24000000000001
2002,153,0.0,17.24000000000001
2002,154,0.0,14.730000000000018
2002,155,14.22,10.640000000000043
2002,156,0.01,9.25
2002,157,0.63,13.650000000000034
2002,158,0.0,17.200000000000045
2002,159,0.0,17.83000000000004
2002,160,0.0,18.340000000000032
2002,161,0.0,17.07000000000005
2002,162,0.0,14.0
2002,163,0.0,14.860000000000014
2002,164,0.02,14.510000000000048
2002,165,0.13,13.110000000000014
2002,166,0.0,15.82000000000005
2002,167,0.0,14.580000000000041
2002,168,0.0,17.100000000000023
2002,169,0.0,18.939999999999998
2002,170,0.0,19.210000000000036
2002,171,1.48,17.100000000000023
2002,172,1.22,19.03000000000003
2002,173,2.27,18.860000000000014
2002,174,2.07,18.410000000000025
2002,175,0.53,19.980000000000018
2002,176,1.18,20.110000000000014
2002,177,0.0,18.610000000000014
2002,178,0.94,18.760000000000048
2002,179,1.93,18.939999999999998
2002,180,0.32,19.670000000000016
2002,181,0.0,20.710000000000036
2002,182,0.0,21.24000000000001
2002,183,0.14,21.840000000000032
2002,184,2.73,20.27000000000004
2002,185,1.23,18.200000000000045
2002,186,4.92,17.110000000000014
2002,187,14.43,16.360000000000014
2002,188,0.48,17.54000000000002
2002,189,2.36,19.220000000000027
2002,190,1.2,20.379999999999995
2002,191,7.42,19.710000000000036
2002,192,2.37,18.5
2002,193,0.0,17.80000000000001
2002,194,0.0,18.910000000000025
2002,195,0.0,19.150000000000034
2002,196,0.0,19.30000000000001
2002,197,0.02,19.55000000000001
2002,198,0.0,19.629999999999995
2002,199,0.0,19.74000000000001
2002,200,0.0,20.140000000000043
2002,201,0.0,19.83000000000004
2002,202,0.03,18.08000000000004
2002,203,9.59,15.950000000000045
2002,204,1.13,17.200000000000045
2002,205,0.02,18.77000000000004
2002,206,0.04,20.370000000000005
2002,207,0.15,17.420000000000016
2002,208,0.02,17.220000000000027
2002,209,0.17,17.360000000000014
2002,210,0.0,17.420000000000016
2002,211,1.57,19.82000000000005
2002,212,0.0,20.629999999999995
2002,213,0.0,19.49000000000001
2002,214,0.0,17.129999999999995
2002,215,0.94,17.160000000000025
2002,216,6.33,17.430000000000007
2002,217,4.64,18.230000000000018
2002,218,7.72,18.189999999999998
2002,219,3.47,17.390000000000043
2002,220,0.47,17.57000000000005
2002,221,1.36,17.370000000000005
2002,222,0.24,16.450000000000045
2002,223,0.0,17.870000000000005
2002,224,0.0,17.629999999999995
2002,225,0.03,12.360000000000014
2002,226,0.0,15.400000000000034
2002,227,0.0,17.870000000000005
2002,228,0.0,19.200000000000045
2002,229,0.0,19.090000000000032
2002,230,0.0,19.57000000000005
2002,231,0.47,17.57000000000005
2002,232,0.53,18.150000000000034
2002,233,3.83,16.510000000000048
2002,234,1.14,15.300000000000011
2002,235,0.0,15.580000000000041
2002,236,1.2,16.230000000000018
2002,237,0.27,15.740000000000009
2002,238,0.0,17.960000000000036
2002,239,0.08,16.30000000000001
2002,240,8.82,16.400000000000034
2002,241,2.9,15.970000000000027
2002,242,0.0,13.800000000000011
2002,243,0.0,16.710000000000036
2002,244,0.0,16.680000000000007
2002,245,0.0,16.480000000000018
2002,246,0.03,17.200000000000045
2002,247,0.42,16.82000000000005
2002,248,0.02,17.29000000000002
2002,249,0.0,18.120000000000005
2002,250,0.0,17.930000000000007
2002,251,0.0,16.810000000000002
2002,252,2.69,14.800000000000011
2002,253,21.1,10.020000000000039
2002,254,0.0,11.420000000000016
2002,255,8.35,13.430000000000007
2002,256,5.77,12.390000000000043
2002,257,3.33,11.03000000000003
2002,258,0.14,11.800000000000011
2002,259,0.0,14.060000000000002
2002,260,0.0,13.310000000000002
2002,261,1.09,10.980000000000018
2002,262,13.2,6.5
2002,263,0.0,9.830000000000041
2002,264,0.0,11.980000000000018
2002,265,0.0,9.220000000000027
2002,266,0.0,10.900000000000034
2002,267,0.0,11.79000000000002
2002,268,0.0,12.960000000000036
2002,269,4.19,10.610000000000014
2002,270,1.56,9.930000000000007
2002,271,0.06,10.53000000000003
2002,272,0.86,10.080000000000041
2002,273,0.0,9.510000000000048
2002,274,0.0,9.340000000000032
2002,275,17.95,7.170000000000016
2002,276,1.63,5.7900000000000205
2002,277,0.14,3.5400000000000205
2002,278,0.0,6.4500000000000455
2002,279,0.0,7.07000000000005
2002,280,0.0,8.930000000000007
2002,281,0.0,9.0
2002,282,0.0,6.939999999999998
2002,283,0.0,8.25
2002,284,0.0,10.120000000000005
2002,285,0.0,7.03000000000003
2002,286,0.0,5.390000000000043
2002,287,0.0,7.050000000000011
2002,288,0.0,4.340000000000032
2002,289,0.0,4.240000000000009
2002,290,0.0,4.53000000000003
2002,291,0.0,6.590000000000032
2002,292,0.0,5.150000000000034
2002,293,0.0,5.410000000000025
2002,294,0.0,5.170000000000016
2002,295,0.99,2.990000000000009
2002,296,1.18,1.6200000000000045
2002,297,0.07,2.680000000000007
2002,298,0.0,1.8400000000000318
2002,299,0.03,3.1299999999999955
2002,300,3.96,3.6100000000000136
2002,301,3.37,1.9600000000000364
2002,302,5.88,-0.5999999999999659
2002,303,0.72,-8.319999999999993
2002,304,0.84,-2.4499999999999886
2002,305,2.57,-3.349999999999966
2002,306,0.74,1.2000000000000455
2002,307,0.31,-7.069999999999993
2002,308,0.0,-3.2399999999999523
2002,309,0.0,-4.639999999999986
2002,310,0.0,-0.7699999999999818
2002,311,0.0,3.32000000000005
2002,312,0.0,2.920000000000016
2002,313,1.92,2.7200000000000273
2002,314,0.17,-2.109999999999957
2002,315,0.17,-3.92999999999995
2002,316,0.0,-5.599999999999966
2002,317,0.0,1.5100000000000477
2002,318,1.17,-0.6099999999999568
2002,319,1.91,-2.6899999999999977
2002,320,0.24,-3.419999999999959
2002,321,0.0,1.1100000000000136
2002,322,0.0,-1.5499999999999545
2002,323,0.0,-2.259999999999991
2002,324,0.0,0.4200000000000159
2002,325,0.0,2.57000000000005
2002,326,0.0,4.150000000000034
2002,327,0.19,3.420000000000016
2002,328,0.38,0.1500000000000341
2002,329,1.57,-4.789999999999964
2002,330,0.0,-7.4599999999999795
2002,331,0.0,-6.079999999999984
2002,332,0.0,-2.159999999999968
2002,333,0.0,2.650000000000034
2002,334,0.0,1.0900000000000318
2002,335,0.0,1.0300000000000296
2002,336,0.0,-0.5299999999999727
2002,337,0.0,-0.7299999999999613
2002,338,0.0,-2.359999999999957
2002,339,0.0,-3.5499999999999545
2002,340,0.0,-3.92999999999995
2002,341,0.0,-2.92999999999995
2002,342,0.0,-4.089999999999975
2002,343,0.0,-3.1399999999999864
2002,344,0.0,-1.7099999999999795
2002,345,0.0,-2.8999999999999773
2002,346,0.0,-6.67999999999995
2002,347,0.0,-3.599999999999966
2002,348,0.0,-1.009999999999991
2002,349,0.0,1.9500000000000455
2002,350,0.0,-0.6699999999999591
2002,351,0.0,-1.759999999999991
2002,352,0.07,-6.319999999999993
2002,353,1.06,-10.870000000000005
2002,354,0.0,-9.399999999999977
2002,355,0.0,-8.549999999999955
2002,356,0.0,-10.120000000000005
2002,357,0.51,-8.699999999999989
2002,358,0.1,-9.439999999999998
2002,359,0.0,-9.989999999999952
2002,360,0.0,-11.399999999999977
2002,361,0.0,-5.599999999999966
2002,362,0.0,0.37000000000000455
2002,363,0.0,1.2600000000000477
2002,364,0.0,-4.009999999999991
2002,365,0.0,-2.509999999999991
2003,1,1.94,-3.67999999999995
2003,2,0.0,-5.449999999999989
2003,3,0.0,-0.45999999999997954
2003,4,0.0,1.1800000000000068
2003,5,0.0,0.1400000000000432
2003,6,5.13,-2.159999999999968
2003,7,0.0,-0.009999999999990905
2003,8,0.0,4.4500000000000455
2003,9,0.0,-1.0399999999999636
2003,10,0.0,-4.310000000000002
2003,11,0.5,-3.17999999999995
2003,12,0.06,-4.479999999999961
2003,13,0.0,-1.0499999999999545
2003,14,0.0,0.17000000000001592
2003,15,0.0,-0.6699999999999591
2003,16,0.0,-6.859999999999957
2003,17,0.03,-7.539999999999964
2003,18,0.03,-6.4599999999999795
2003,19,0.0,-0.6299999999999955
2003,20,0.0,1.580000000000041
2003,21,0.0,-0.15999999999996817
2003,22,0.0,-0.9799999999999613
2003,23,0.0,-0.12999999999999545
2003,24,0.16,0.3300000000000409
2003,25,0.0,-0.839999999999975
2003,26,0.0,-2.2799999999999727
2003,27,0.0,2.6200000000000045
2003,28,0.0,2.330000000000041
2003,29,0.09,-0.8700000000000045
2003,30,0.0,0.6000000000000227
2003,31,0.0,2.8100000000000023
2003,32,0.0,4.150000000000034
2003,33,0.04,3.0500000000000114
2003,34,8.89,-6.229999999999961
2003,35,2.41,-8.25
2003,36,5.24,-9.46999999999997
2003,37,0.14,-12.039999999999964
2003,38,0.12,-13.949999999999989
2003,39,0.16,-10.5
2003,40,0.0,-10.5
2003,41,0.0,-8.079999999999984
2003,42,0.0,-4.269999999999982
2003,43,0.0,-1.2799999999999727
2003,44,0.0,2.7000000000000455
2003,45,0.0,3.1100000000000136
2003,46,6.57,-1.5
2003,47,0.0,-0.8999999999999773
2003,48,0.0,-0.4399999999999977
2003,49,0.0,-3.67999999999995
2003,50,1.62,-5.489999999999952
2003,51,0.0,-5.289999999999964
2003,52,0.0,-4.149999999999977
2003,53,0.21,-4.479999999999961
2003,54,0.0,-7.769999999999982
2003,55,0.13,-8.819999999999993
2003,56,3.1,-4.509999999999991
2003,57,7.06,-3.7299999999999613
2003,58,1.48,-3.4399999999999977
2003,59,2.85,-4.599999999999966
2003,60,7.45,-5.579999999999984
2003,61,1.5,-6.6200000000000045
2003,62,0.0,-4.42999999999995
2003,63,0.0,-3.0399999999999636
2003,64,0.86,-6.0
2003,65,0.0,-4.839999999999975
2003,66,0.0,-1.4099999999999682
2003,67,0.0,0.8799999999999955
2003,68,0.0,1.1000000000000227
2003,69,0.0,1.7900000000000205
2003,70,0.0,2.0400000000000205
2003,71,0.0,2.8799999999999955
2003,72,0.0,4.930000000000007
2003,73,0.0,6.400000000000034
2003,74,0.0,5.020000000000039
2003,75,0.0,3.140000000000043
2003,76,2.03,2.8600000000000136
2003,77,73.9,-0.38999999999998636
2003,78,21.21,-0.9799999999999613
2003,79,15.77,-2.589999999999975
2003,80,2.92,-1.0199999999999818
2003,81,0.0,-3.079999999999984
2003,82,0.0,0.82000000000005
2003,83,0.2,1.910000000000025
2003,84,0.42,-0.6299999999999955
2003,85,0.0,-0.03999999999996362
2003,86,5.32,-1.7999999999999545
2003,87,2.58,-9.299999999999955
2003,88,0.08,-8.279999999999973
2003,89,0.09,-3.1899999999999977
2003,90,0.0,2.3799999999999955
2003,91,0.0,5.07000000000005
2003,92,0.0,6.760000000000048
2003,93,0.0,3.490000000000009
2003,94,0.08,-2.359999999999957
2003,95,2.29,-3.4599999999999795
2003,96,0.23,-2.9699999999999704
2003,97,2.37,-5.239999999999952
2003,98,0.28,-3.769999999999982
2003,99,0.0,1.8500000000000227
2003,100,0.0,6.939999999999998
2003,101,0.0,9.230000000000018
2003,102,0.0,6.7900000000000205
2003,103,0.0,9.470000000000027
2003,104,0.0,9.680000000000007
2003,105,0.63,9.120000000000005
2003,106,0.58,4.920000000000016
2003,107,0.0,6.180000000000007
2003,108,0.08,5.180000000000007
2003,109,8.31,2.0300000000000296
2003,110,0.71,1.2100000000000364
2003,111,0.05,4.560000000000002
2003,112,0.39,6.230000000000018
2003,113,6.54,4.220000000000027
2003,114,4.43,1.7100000000000364
2003,115,0.11,5.520000000000039
2003,116,0.28,7.980000000000018
2003,117,0.0,7.900000000000034
2003,118,0.0,8.400000000000034
2003,119,0.27,7.340000000000032
2003,120,0.29,5.680000000000007
2003,121,0.03,3.6200000000000045
2003,122,0.0,3.340000000000032
2003,123,0.0,7.7000000000000455
2003,124,0.0,6.980000000000018
2003,125,0.0,4.650000000000034
2003,126,0.0,3.910000000000025
2003,127,0.0,4.960000000000036
2003,128,0.12,5.9500000000000455
2003,129,0.0,4.660000000000025
2003,130,6.34,2.430000000000007
2003,131,0.0,2.5100000000000477
2003,132,0.0,4.910000000000025
2003,133,0.0,9.689999999999998
2003,134,0.0,9.870000000000005
2003,135,6.82,11.960000000000036
2003,136,5.75,10.720000000000027
2003,137,0.0,13.32000000000005
2003,138,0.03,13.82000000000005
2003,139,0.93,9.800000000000011
2003,140,2.73,4.590000000000032
2003,141,0.0,10.160000000000025
2003,142,0.0,12.79000000000002
2003,143,0.0,14.330000000000041
2003,144,1.05,14.860000000000014
2003,145,3.56,12.32000000000005
2003,146,1.11,13.700000000000045
2003,147,0.0,15.900000000000034
2003,148,1.1,16.100000000000023
2003,149,0.0,18.120000000000005
2003,150,2.16,17.75
2003,151,2.68,17.379999999999995
2003,152,6.36,13.189999999999998
2003,153,1.46,12.760000000000048
2003,154,0.0,12.510000000000048
2003,155,1.12,9.920000000000016
2003,156,14.32,8.0
2003,157,0.03,8.689999999999998
2003,158,9.37,9.080000000000041
2003,159,0.0,9.050000000000011
2003,160,0.11,13.590000000000032
2003,161,2.39,14.330000000000041
2003,162,0.61,14.910000000000025
2003,163,1.83,14.189999999999998
2003,164,1.05,13.340000000000032
2003,165,1.87,13.390000000000043
2003,166,0.07,14.78000000000003
2003,167,2.56,16.07000000000005
2003,168,2.41,14.870000000000005
2003,169,3.73,12.54000000000002
2003,170,15.25,12.420000000000016
2003,171,0.25,14.210000000000036
2003,172,1.87,13.870000000000005
2003,173,0.38,14.930000000000007
2003,174,0.0,15.25
2003,175,0.0,15.379999999999995
2003,176,0.73,12.810000000000002
2003,177,1.51,11.170000000000016
2003,178,0.0,13.210000000000036
2003,179,0.07,15.950000000000045
2003,180,2.74,16.340000000000032
2003,181,1.83,16.360000000000014
2003,182,0.0,19.05000000000001
2003,183,0.0,19.720000000000027
2003,184,0.0,20.310000000000002
2003,185,0.0,20.110000000000014
2003,186,0.0,20.090000000000032
2003,187,0.06,20.55000000000001
2003,188,0.0,19.950000000000045
2003,189,0.0,18.879999999999995
2003,190,0.0,18.960000000000036
2003,191,0.0,18.170000000000016
2003,192,0.0,19.74000000000001
2003,193,0.0,20.450000000000045
2003,194,0.02,21.180000000000007
2003,195,0.0,21.910000000000025
2003,196,0.33,21.439999999999998
2003,197,0.68,21.24000000000001
2003,198,0.05,22.140000000000043
2003,199,0.0,21.79000000000002
2003,200,6.29,21.52000000000004
2003,201,6.84,19.960000000000036
2003,202,0.49,19.930000000000007
2003,203,0.0,20.33000000000004
2003,204,1.8,20.629999999999995
2003,205,0.29,21.180000000000007
2003,206,0.63,22.25
2003,207,0.77,21.120000000000005
2003,208,0.73,19.900000000000034
2003,209,6.48,17.860000000000014
2003,210,1.89,16.82000000000005
2003,211,0.3,16.480000000000018
2003,212,0.0,18.460000000000036
2003,213,0.21,19.210000000000036
2003,214,0.29,19.58000000000004
2003,215,8.03,20.100000000000023
2003,216,0.43,17.99000000000001
2003,217,4.21,19.170000000000016
2003,218,0.01,19.850000000000023
2003,219,2.63,20.99000000000001
2003,220,0.14,18.74000000000001
2003,221,3.89,18.74000000000001
2003,222,1.11,19.170000000000016
2003,223,0.16,19.32000000000005
2003,224,2.38,19.08000000000004
2003,225,0.0,18.900000000000034
2003,226,0.0,17.24000000000001
2003,227,0.0,15.710000000000036
2003,228,0.78,16.710000000000036
2003,229,0.78,15.629999999999995
2003,230,2.14,15.610000000000014
2003,231,3.82,15.610000000000014
2003,232,1.84,17.590000000000032
2003,233,0.0,20.410000000000025
2003,234,2.32,19.28000000000003
2003,235,9.15,18.180000000000007
2003,236,0.22,17.160000000000025
2003,237,2.11,17.5
2003,238,0.11,17.230000000000018
2003,239,0.0,17.220000000000027
2003,240,0.0,16.82000000000005
2003,241,0.54,15.379999999999995
2003,242,13.92,12.879999999999995
2003,243,17.87,11.770000000000039
2003,244,0.0,13.150000000000034
2003,245,0.1,15.660000000000025
2003,246,4.17,14.78000000000003
2003,247,0.45,13.670000000000016
2003,248,0.0,16.060000000000002
2003,249,2.79,15.740000000000009
2003,250,3.78,13.200000000000045
2003,251,0.06,12.900000000000034
2003,252,1.02,14.740000000000009
2003,253,0.0,11.390000000000043
2003,254,0.0,7.100000000000023
2003,255,0.17,9.700000000000045
2003,256,0.84,7.760000000000048
2003,257,1.01,5.330000000000041
2003,258,0.0,10.870000000000005
2003,259,0.0,13.57000000000005
2003,260,0.0,14.060000000000002
2003,261,1.36,6.3799999999999955
2003,262,0.0,7.8700000000000045
2003,263,0.07,10.890000000000043
2003,264,0.0,10.32000000000005
2003,265,0.0,11.330000000000041
2003,266,0.0,13.75
2003,267,0.0,13.580000000000041
2003,268,0.0,13.010000000000048
2003,269,0.0,14.450000000000045
2003,270,0.0,12.470000000000027
2003,271,0.0,10.720000000000027
2003,272,0.0,11.670000000000016
2003,273,0.0,10.990000000000009
2003,274,0.15,11.210000000000036
2003,275,1.03,12.439999999999998
2003,276,1.89,9.910000000000025
2003,277,0.27,8.700000000000045
2003,278,0.02,10.879999999999995
2003,279,0.19,11.189999999999998
2003,280,0.0,11.189999999999998
2003,281,0.0,11.740000000000009
2003,282,0.0,12.670000000000016
2003,283,0.0,13.730000000000018
2003,284,0.0,9.610000000000014
2003,285,0.0,9.520000000000039
2003,286,0.1,8.460000000000036
2003,287,0.0,3.1299999999999955
2003,288,0.0,7.689999999999998
2003,289,0.0,8.980000000000018
2003,290,0.0,10.890000000000043
2003,291,0.0,12.879999999999995
2003,292,0.0,13.100000000000023
2003,293,0.0,12.460000000000036
2003,294,0.0,13.270000000000039
2003,295,0.0,13.629999999999995
2003,296,0.0,13.800000000000011
2003,297,0.0,9.490000000000009
2003,298,0.21,1.170000000000016
2003,299,0.0,-0.7199999999999704
2003,300,0.0,5.810000000000002
2003,301,0.0,6.1299999999999955
2003,302,0.4,8.730000000000018
2003,303,0.42,7.730000000000018
2003,304,0.83,3.6000000000000227
2003,305,0.0,6.2900000000000205
2003,306,0.1,6.510000000000048
2003,307,1.55,5.760000000000048
2003,308,0.3,-0.2999999999999545
2003,309,0.0,-4.589999999999975
2003,310,0.0,-3.519999999999982
2003,311,0.0,-0.75
2003,312,0.0,1.420000000000016
2003,313,0.0,1.2800000000000296
2003,314,0.0,3.9500000000000455
2003,315,0.0,1.7900000000000205
2003,316,0.0,1.2600000000000477
2003,317,0.45,3.4500000000000455
2003,318,0.0,2.6100000000000136
2003,319,0.0,-0.1099999999999568
2003,320,0.0,-0.8999999999999773
2003,321,0.08,-0.5600000000000023
2003,322,0.0,-3.25
2003,323,0.0,2.340000000000032
2003,324,0.0,4.830000000000041
2003,325,0.0,3.090000000000032
2003,326,4.89,-1.1499999999999773
2003,327,1.54,-13.620000000000005
2003,328,0.0,-6.599999999999966
2003,329,0.0,-4.589999999999975
2003,330,0.0,-8.17999999999995
2003,331,0.2,-10.319999999999993
2003,332,0.0,-8.46999999999997
2003,333,0.0,0.21000000000003638
2003,334,0.0,4.07000000000005
2003,335,0.0,3.3799999999999955
2003,336,0.0,3.160000000000025
2003,337,0.0,-1.4499999999999886
2003,338,0.0,-0.75
2003,339,0.0,-2.1399999999999864
2003,340,0.0,2.670000000000016
2003,341,0.0,2.490000000000009
2003,342,4.68,-0.44999999999998863
2003,343,8.14,-7.3799999999999955
2003,344,0.0,-7.279999999999973
2003,345,0.0,-6.919999999999959
2003,346,0.0,-8.279999999999973
2003,347,0.0,-7.019999999999982
2003,348,4.45,-1.5499999999999545
2003,349,2.96,-4.199999999999989
2003,350,0.0,-10.019999999999982
2003,351,0.0,-2.2199999999999704
2003,352,0.0,-1.2399999999999523
2003,353,0.0,0.8000000000000114
2003,354,0.0,2.7100000000000364
2003,355,0.0,1.900000000000034
2003,356,3.64,-3.17999999999995
2003,357,0.04,-3.7199999999999704
2003,358,0.0,-0.22999999999996135
2003,359,0.0,0.32000000000005
2003,360,0.34,-0.46999999999997044
2003,361,0.0,-6.9599999999999795
2003,362,0.0,-12.149999999999977
2003,363,0.0,-12.449999999999989
2003,364,0.0,-4.079999999999984
2003,365,0.0,-2.569999999999993
2004,1,0.0,-2.8799999999999955
2004,2,3.09,-1.589999999999975
2004,3,3.11,-3.8899999999999864
2004,4,0.0,-10.060000000000002
2004,5,0.0,-15.539999999999964
2004,6,0.0,-11.96999999999997
2004,7,0.0,-2.3799999999999955
2004,8,0.0,-2.8100000000000023
2004,9,0.0,-2.009999999999991
2004,10,0.0,0.05000000000001137
2004,11,0.0,0.9399999999999977
2004,12,0.0,-0.0999999999999659
2004,13,0.0,-0.9099999999999682
2004,14,0.0,-0.17999999999994998
2004,15,0.0,0.18000000000000682
2004,16,0.1,-0.2999999999999545
2004,17,0.0,-4.489999999999952
2004,18,0.0,-4.560000000000002
2004,19,0.0,-4.0499999999999545
2004,20,5.08,-4.489999999999952
2004,21,0.31,-6.589999999999975
2004,22,0.0,-6.739999999999952
2004,23,0.0,-2.4599999999999795
2004,24,0.0,-0.18999999999999773
2004,25,0.0,-3.159999999999968
2004,26,5.04,-12.239999999999952
2004,27,0.0,-11.639999999999986
2004,28,0.0,-5.909999999999968
2004,29,0.0,-4.359999999999957
2004,30,0.0,-2.519999999999982
2004,31,4.61,-2.579999999999984
2004,32,2.79,-8.259999999999991
2004,33,0.0,-11.009999999999991
2004,34,0.0,-8.339999999999975
2004,35,7.93,-6.159999999999968
2004,36,3.51,-9.029999999999973
2004,37,0.97,-10.889999999999986
2004,38,0.04,-7.509999999999991
2004,39,0.05,-6.419999999999959
2004,40,0.0,-10.649999999999977
2004,41,0.0,-7.919999999999959
2004,42,6.52,-8.589999999999975
2004,43,1.34,-14.95999999999998
2004,44,0.0,-11.289999999999964
2004,45,0.0,-4.769999999999982
2004,46,0.0,-3.359999999999957
2004,47,0.0,-5.2099999999999795
2004,48,0.0,-2.42999999999995
2004,49,0.0,3.8600000000000136
2004,50,3.61,2.670000000000016
2004,51,4.24,-3.0600000000000023
2004,52,0.0,-2.8700000000000045
2004,53,1.5,-2.359999999999957
2004,54,0.19,-2.509999999999991
2004,55,0.0,-3.1999999999999886
2004,56,0.0,-1.42999999999995
2004,57,0.0,-0.009999999999990905
2004,58,0.0,2.0300000000000296
2004,59,0.64,1.330000000000041
2004,60,1.71,-4.25
2004,61,0.76,-4.6299999999999955
2004,62,0.0,-3.5399999999999636
2004,63,0.0,-2.4599999999999795
2004,64,0.0,-1.3199999999999932
2004,65,12.03,-4.599999999999966
2004,66,1.94,-3.829999999999984
2004,67,0.0,-0.6099999999999568
2004,68,0.0,3.0600000000000023
2004,69,0.0,3.4399999999999977
2004,70,0.0,4.140000000000043
2004,71,0.84,1.0200000000000387
2004,72,0.0,1.150000000000034
2004,73,0.0,2.090000000000032
2004,74,0.0,0.8600000000000136
2004,75,0.38,0.160000000000025
2004,76,0.0,-0.060000000000002274
2004,77,0.0,2.2900000000000205
2004,78,0.0,3.8600000000000136
2004,79,0.0,6.57000000000005
2004,80,0.0,8.350000000000023
2004,81,0.0,8.379999999999995
2004,82,0.0,9.5
2004,83,0.0,10.04000000000002
2004,84,0.19,9.53000000000003
2004,85,0.05,8.850000000000023
2004,86,0.0,8.510000000000048
2004,87,0.0,4.660000000000025
2004,88,0.0,-2.349999999999966
2004,89,0.16,-1.9899999999999523
2004,90,0.09,3.930000000000007
2004,91,0.0,7.360000000000014
2004,92,0.0,9.270000000000039
2004,93,0.0,8.960000000000036
2004,94,20.75,3.3799999999999955
2004,95,1.4,4.210000000000036
2004,96,4.3,5.740000000000009
2004,97,0.04,5.990000000000009
2004,98,4.97,5.520000000000039
2004,99,10.91,4.939999999999998
2004,100,19.5,4.010000000000048
2004,101,5.47,-1.8599999999999568
2004,102,5.37,-3.9899999999999523
2004,103,3.54,-2.42999999999995
2004,104,0.0,1.8700000000000045
2004,105,0.0,5.850000000000023
2004,106,0.0,6.090000000000032
2004,107,0.0,7.600000000000023
2004,108,0.0,8.78000000000003
2004,109,0.0,6.910000000000025
2004,110,0.0,3.9700000000000273
2004,111,0.0,4.400000000000034
2004,112,2.89,3.0600000000000023
2004,113,13.61,0.21000000000003638
2004,114,10.52,-0.9199999999999591
2004,115,5.54,-0.40999999999996817
2004,116,1.24,1.900000000000034
2004,117,0.0,4.600000000000023
2004,118,0.0,8.379999999999995
2004,119,0.0,9.480000000000018
2004,120,0.0,6.980000000000018
2004,121,8.16,0.28000000000002956
2004,122,1.18,-0.18999999999999773
2004,123,0.0,5.710000000000036
2004,124,0.0,9.100000000000023
2004,125,0.0,11.29000000000002
2004,126,0.0,13.600000000000023
2004,127,0.0,13.840000000000032
2004,128,0.0,13.75
2004,129,0.0,13.180000000000007
2004,130,0.0,13.140000000000043
2004,131,0.0,13.550000000000011
2004,132,0.0,12.910000000000025
2004,133,8.24,8.07000000000005
2004,134,9.72,3.7100000000000364
2004,135,2.35,3.0400000000000205
2004,136,0.18,7.310000000000002
2004,137,0.04,11.120000000000005
2004,138,0.0,11.970000000000027
2004,139,0.0,12.810000000000002
2004,140,0.26,14.360000000000014
2004,141,0.0,14.050000000000011
2004,142,0.0,13.980000000000018
2004,143,0.0,11.860000000000014
2004,144,0.0,9.700000000000045
2004,145,0.0,11.03000000000003
2004,146,0.0,9.360000000000014
2004,147,0.0,10.330000000000041
2004,148,0.0,10.990000000000009
2004,149,0.0,13.340000000000032
2004,150,0.14,12.170000000000016
2004,151,0.08,4.439999999999998
2004,152,0.1,5.3700000000000045
2004,153,0.0,10.080000000000041
2004,154,0.75,13.370000000000005
2004,155,1.02,13.300000000000011
2004,156,0.3,16.680000000000007
2004,157,0.01,15.360000000000014
2004,158,0.22,17.390000000000043
2004,159,0.0,18.970000000000027
2004,160,0.0,19.03000000000003
2004,161,2.78,16.920000000000016
2004,162,0.82,14.129999999999995
2004,163,0.25,9.620000000000005
2004,164,0.0,11.490000000000009
2004,165,0.03,13.150000000000034
2004,166,0.0,16.860000000000014
2004,167,0.05,18.200000000000045
2004,168,1.96,16.420000000000016
2004,169,11.22,13.270000000000039
2004,170,7.81,11.900000000000034
2004,171,2.48,13.03000000000003
2004,172,2.29,14.53000000000003
2004,173,18.84,11.770000000000039
2004,174,1.41,8.270000000000039
2004,175,0.48,12.010000000000048
2004,176,0.48,15.060000000000002
2004,177,6.13,14.379999999999995
2004,178,5.45,12.410000000000025
2004,179,12.92,11.840000000000032
2004,180,21.12,11.850000000000023
2004,181,9.36,13.810000000000002
2004,182,4.71,13.160000000000025
2004,183,1.64,13.680000000000007
2004,184,0.12,15.82000000000005
2004,185,0.0,16.100000000000023
2004,186,0.0,15.810000000000002
2004,187,0.06,14.75
2004,188,1.15,14.439999999999998
2004,189,0.01,16.53000000000003
2004,190,0.02,18.200000000000045
2004,191,0.0,18.950000000000045
2004,192,3.18,18.49000000000001
2004,193,1.24,18.24000000000001
2004,194,0.78,19.950000000000045
2004,195,0.0,20.379999999999995
2004,196,0.99,20.30000000000001
2004,197,3.51,19.970000000000027
2004,198,12.09,17.310000000000002
2004,199,10.24,15.510000000000048
2004,200,1.29,16.960000000000036
2004,201,2.31,18.090000000000032
2004,202,5.6,18.55000000000001
2004,203,2.32,17.810000000000002
2004,204,3.21,17.30000000000001
2004,205,16.95,13.270000000000039
2004,206,3.04,12.180000000000007
2004,207,2.98,12.610000000000014
2004,208,1.52,14.900000000000034
2004,209,0.73,15.260000000000048
2004,210,3.52,14.020000000000039
2004,211,0.68,14.210000000000036
2004,212,0.17,15.879999999999995
2004,213,0.09,17.060000000000002
2004,214,0.01,19.02000000000004
2004,215,0.44,19.350000000000023
2004,216,0.09,17.670000000000016
2004,217,0.23,17.610000000000014
2004,218,7.54,18.470000000000027
2004,219,5.53,16.150000000000034
2004,220,1.03,17.160000000000025
2004,221,0.01,16.400000000000034
2004,222,0.58,16.480000000000018
2004,223,0.0,16.670000000000016
2004,224,0.13,14.53000000000003
2004,225,0.0,13.689999999999998
2004,226,0.44,14.25
2004,227,0.08,14.680000000000007
2004,228,0.0,15.800000000000011
2004,229,0.71,16.129999999999995
2004,230,0.42,16.340000000000032
2004,231,7.78,14.730000000000018
2004,232,17.78,10.960000000000036
2004,233,4.58,11.800000000000011
2004,234,4.93,12.830000000000041
2004,235,2.51,14.470000000000027
2004,236,0.03,14.340000000000032
2004,237,0.43,13.75
2004,238,0.0,12.920000000000016
2004,239,0.0,14.680000000000007
2004,240,7.94,11.860000000000014
2004,241,3.15,9.050000000000011
2004,242,0.05,12.800000000000011
2004,243,2.68,14.700000000000045
2004,244,0.2,15.310000000000002
2004,245,0.76,14.689999999999998
2004,246,0.0,16.07000000000005
2004,247,0.0,16.120000000000005
2004,248,0.6,14.770000000000039
2004,249,0.44,10.270000000000039
2004,250,0.0,10.270000000000039
2004,251,0.0,12.970000000000027
2004,252,0.0,14.680000000000007
2004,253,0.0,15.79000000000002
2004,254,0.04,15.610000000000014
2004,255,0.07,14.939999999999998
2004,256,0.0,16.58000000000004
2004,257,0.0,16.400000000000034
2004,258,0.0,15.07000000000005
2004,259,0.0,10.720000000000027
2004,260,0.0,12.970000000000027
2004,261,0.0,15.270000000000039
2004,262,0.0,16.730000000000018
2004,263,0.94,14.82000000000005
2004,264,0.13,12.870000000000005
2004,265,8.86,8.810000000000002
2004,266,4.36,4.100000000000023
2004,267,0.26,5.0
2004,268,0.0,8.160000000000025
2004,269,0.26,9.129999999999995
2004,270,1.23,10.300000000000011
2004,271,0.02,10.640000000000043
2004,272,13.21,8.990000000000009
2004,273,0.24,10.0
2004,274,3.32,9.390000000000043
2004,275,2.39,5.730000000000018
2004,276,0.02,7.510000000000048
2004,277,0.01,8.730000000000018
2004,278,3.4,8.340000000000032
2004,279,0.36,8.180000000000007
2004,280,9.98,7.270000000000039
2004,281,2.11,7.550000000000011
2004,282,0.0,8.230000000000018
2004,283,0.0,9.439999999999998
2004,284,0.0,9.350000000000023
2004,285,0.0,6.150000000000034
2004,286,0.0,6.300000000000011
2004,287,14.45,3.740000000000009
2004,288,0.04,3.7100000000000364
2004,289,0.0,7.110000000000014
2004,290,0.0,7.410000000000025
2004,291,0.0,8.980000000000018
2004,292,0.0,5.650000000000034
2004,293,0.06,5.600000000000023
2004,294,0.06,7.270000000000039
2004,295,0.25,9.170000000000016
2004,296,0.0,6.580000000000041
2004,297,0.0,3.3799999999999955
2004,298,0.0,5.730000000000018
2004,299,0.0,4.330000000000041
2004,300,0.0,5.160000000000025
2004,301,0.0,6.910000000000025
2004,302,0.0,8.160000000000025
2004,303,0.13,3.430000000000007
2004,304,0.0,0.10000000000002274
2004,305,0.0,-0.2999999999999545
2004,306,14.63,-5.239999999999952
2004,307,0.56,-7.419999999999959
2004,308,0.02,0.8900000000000432
2004,309,0.0,1.32000000000005
2004,310,0.0,4.390000000000043
2004,311,0.0,5.740000000000009
2004,312,0.0,5.760000000000048
2004,313,0.0,7.230000000000018
2004,314,0.0,7.830000000000041
2004,315,7.83,2.930000000000007
2004,316,0.0,-1.1599999999999682
2004,317,0.0,0.9700000000000273
2004,318,0.28,-1.2699999999999818
2004,319,0.0,-1.0299999999999727
2004,320,0.0,0.2300000000000182
2004,321,0.0,3.2700000000000387
2004,322,0.21,3.5400000000000205
2004,323,0.1,1.0900000000000318
2004,324,0.0,0.4500000000000455
2004,325,0.48,-3.4799999999999613
2004,326,2.71,-3.579999999999984
2004,327,0.17,-0.8799999999999955
2004,328,0.15,-1.829999999999984
2004,329,0.04,-5.0
2004,330,0.0,-0.8899999999999864
2004,331,0.0,-0.47999999999996135
2004,332,0.0,-5.96999999999997
2004,333,9.76,-4.239999999999952
2004,334,0.09,-13.120000000000005
2004,335,0.0,-11.859999999999957
2004,336,0.0,-8.029999999999973
2004,337,0.0,-9.810000000000002
2004,338,0.0,-5.639999999999986
2004,339,0.0,-1.6299999999999955
2004,340,0.0,-2.079999999999984
2004,341,0.0,-5.699999999999989
2004,342,0.0,-5.729999999999961
2004,343,0.0,-4.229999999999961
2004,344,0.03,-1.6499999999999773
2004,345,0.03,0.08000000000004093
2004,346,0.0,3.5500000000000114
2004,347,0.0,3.890000000000043
2004,348,0.0,-0.5099999999999909
2004,349,0.0,-0.8700000000000045
2004,350,0.0,-1.829999999999984
2004,351,4.64,-4.659999999999968
2004,352,0.05,-2.599999999999966
2004,353,0.0,-2.579999999999984
2004,354,0.0,-1.5399999999999636
2004,355,0.0,0.4500000000000455
2004,356,0.0,-5.21999999999997
2004,357,4.47,-11.349999999999966
2004,358,0.03,-15.479999999999961
2004,359,0.15,-12.419999999999959
2004,360,0.0,-3.089999999999975
2004,361,0.0,-1.5600000000000023
2004,362,0.0,0.4200000000000159
2004,363,0.0,-0.5
2004,364,0.0,0.1500000000000341
2004,365,0.44,0.6000000000000227
2004,366,0.02,-1.3199999999999932
2005,1,0.0,-0.5199999999999818
2005,2,0.0,-2.569999999999993
2005,3,0.96,-1.7099999999999795
2005,4,3.12,-1.419999999999959
2005,5,0.74,-8.810000000000002
2005,6,0.74,-7.439999999999998
2005,7,0.03,-9.96999999999997
2005,8,0.0,-3.42999999999995
2005,9,0.0,0.4000000000000341
2005,10,0.0,1.7600000000000477
2005,11,0.0,0.160000000000025
2005,12,7.35,-2.25
2005,13,0.0,-8.359999999999957
2005,14,0.0,-6.389999999999986
2005,15,0.0,-5.5499999999999545
2005,16,0.0,-3.4399999999999977
2005,17,0.0,-1.5600000000000023
2005,18,0.0,-0.5600000000000023
2005,19,0.0,2.580000000000041
2005,20,0.0,4.590000000000032
2005,21,0.0,4.689999999999998
2005,22,0.0,0.05000000000001137
2005,23,0.0,2.410000000000025
2005,24,0.0,3.6299999999999955
2005,25,0.0,2.0500000000000114
2005,26,0.0,0.03000000000002956
2005,27,0.0,0.4000000000000341
2005,28,0.59,-0.5799999999999841
2005,29,10.36,-2.269999999999982
2005,30,4.64,-3.069999999999993
2005,31,2.89,-4.75
2005,32,0.16,-6.769999999999982
2005,33,0.35,-7.789999999999964
2005,34,0.08,-3.669999999999959
2005,35,0.01,-1.1599999999999682
2005,36,0.0,-0.48999999999995225
2005,37,0.03,-2.329999999999984
2005,38,0.0,-4.17999999999995
2005,39,0.0,-5.659999999999968
2005,40,0.0,-8.589999999999975
2005,41,0.0,-4.649999999999977
2005,42,0.0,0.060000000000002274
2005,43,0.0,3.7600000000000477
2005,44,0.0,1.2000000000000455
2005,45,0.0,0.5200000000000387
2005,46,0.1,-1.7999999999999545
2005,47,0.12,-3.759999999999991
2005,48,0.0,-2.7999999999999545
2005,49,0.0,-1.6999999999999886
2005,50,0.0,1.07000000000005
2005,51,0.0,-0.5399999999999636
2005,52,0.0,-0.9499999999999886
2005,53,0.88,-0.3100000000000023
2005,54,0.6,-2.099999999999966
2005,55,0.0,-4.979999999999961
2005,56,0.0,-3.829999999999984
2005,57,0.3,-3.339999999999975
2005,58,0.38,-4.21999999999997
2005,59,0.0,-4.769999999999982
2005,60,0.0,-4.089999999999975
2005,61,6.25,-3.339999999999975
2005,62,0.0,-1.589999999999975
2005,63,0.0,-0.07999999999998408
2005,64,0.0,1.2600000000000477
2005,65,0.0,2.0200000000000387
2005,66,0.0,0.18000000000000682
2005,67,1.39,0.09000000000003183
2005,68,0.05,-0.17999999999994998
2005,69,0.0,1.9300000000000068
2005,70,0.0,1.32000000000005
2005,71,0.0,3.5500000000000114
2005,72,7.51,-1.4799999999999613
2005,73,3.45,-7.699999999999989
2005,74,0.0,-8.989999999999952
2005,75,0.0,-6.4599999999999795
2005,76,0.06,-3.659999999999968
2005,77,0.0,-2.9599999999999795
2005,78,0.0,-2.4899999999999523
2005,79,0.0,1.3000000000000114
2005,80,4.55,-0.5600000000000023
2005,81,0.0,-2.4799999999999613
2005,82,0.0,1.07000000000005
2005,83,5.02,-0.6399999999999864
2005,84,4.0,-3.319999999999993
2005,85,0.36,-3.7999999999999545
2005,86,0.09,-1.7399999999999523
2005,87,0.0,4.590000000000032
2005,88,6.79,3.0200000000000387
2005,89,12.61,-2.9699999999999704
2005,90,3.15,-4.310000000000002
2005,91,0.46,-3.8100000000000023
2005,92,0.0,2.6000000000000227
2005,93,0.0,5.0
2005,94,0.0,5.710000000000036
2005,95,6.63,2.5400000000000205
2005,96,0.0,1.1299999999999955
2005,97,0.0,4.8799999999999955
2005,98,0.0,7.840000000000032
2005,99,0.0,3.2700000000000387
2005,100,18.8,-0.25
2005,101,29.64,-3.569999999999993
2005,102,0.0,-1.329999999999984
2005,103,0.0,3.090000000000032
2005,104,0.0,6.920000000000016
2005,105,0.0,6.439999999999998
2005,106,0.0,7.050000000000011
2005,107,0.0,8.830000000000041
2005,108,0.0,8.379999999999995
2005,109,0.0,8.240000000000009
2005,110,0.0,6.410000000000025
2005,111,0.0,3.240000000000009
2005,112,0.0,2.400000000000034
2005,113,0.0,4.5400000000000205
2005,114,20.5,5.680000000000007
2005,115,22.07,2.8600000000000136
2005,116,0.53,2.990000000000009
2005,117,0.0,5.890000000000043
2005,118,2.59,5.140000000000043
2005,119,0.48,-0.3499999999999659
2005,120,2.96,-1.2699999999999818
2005,121,2.56,-0.7599999999999909
2005,122,2.74,-0.15999999999996817
2005,123,2.05,3.670000000000016
2005,124,0.18,6.1200000000000045
2005,125,0.0,8.160000000000025
2005,126,0.09,10.710000000000036
2005,127,0.83,7.810000000000002
2005,128,0.0,6.25
2005,129,0.0,7.980000000000018
2005,130,0.0,11.050000000000011
2005,131,0.65,9.870000000000005
2005,132,0.0,5.5
2005,133,0.0,5.400000000000034
2005,134,0.0,7.2000000000000455
2005,135,0.0,9.410000000000025
2005,136,0.0,11.53000000000003
2005,137,0.0,11.740000000000009
2005,138,0.0,9.150000000000034
2005,139,0.0,13.28000000000003
2005,140,0.0,16.689999999999998
2005,141,0.0,17.939999999999998
2005,142,0.0,17.439999999999998
2005,143,0.0,17.370000000000005
2005,144,0.02,16.170000000000016
2005,145,0.0,14.090000000000032
2005,146,0.0,9.930000000000007
2005,147,0.0,9.129999999999995
2005,148,0.0,11.120000000000005
2005,149,1.28,11.890000000000043
2005,150,10.33,10.830000000000041
2005,151,3.52,9.080000000000041
2005,152,0.0,11.050000000000011
2005,153,0.49,13.310000000000002
2005,154,2.05,11.340000000000032
2005,155,1.12,7.2900000000000205
2005,156,0.0,9.620000000000005
2005,157,0.0,13.450000000000045
2005,158,0.0,13.300000000000011
2005,159,0.0,12.150000000000034
2005,160,0.39,12.310000000000002
2005,161,10.26,10.160000000000025
2005,162,0.61,8.890000000000043
2005,163,9.61,10.610000000000014
2005,164,0.1,8.379999999999995
2005,165,0.0,11.32000000000005
2005,166,0.7,15.680000000000007
2005,167,0.0,16.730000000000018
2005,168,0.0,17.04000000000002
2005,169,0.0,18.480000000000018
2005,170,0.0,19.410000000000025
2005,171,0.22,20.02000000000004
2005,172,4.49,20.27000000000004
2005,173,1.04,19.370000000000005
2005,174,1.04,18.900000000000034
2005,175,9.01,16.950000000000045
2005,176,3.91,16.960000000000036
2005,177,0.4,16.879999999999995
2005,178,1.38,16.439999999999998
2005,179,0.16,17.410000000000025
2005,180,0.09,16.430000000000007
2005,181,0.0,16.25
2005,182,0.0,16.890000000000043
2005,183,0.22,18.010000000000048
2005,184,0.09,17.840000000000032
2005,185,0.0,15.480000000000018
2005,186,0.09,16.970000000000027
2005,187,0.0,18.180000000000007
2005,188,0.0,19.05000000000001
2005,189,0.0,20.04000000000002
2005,190,0.0,19.680000000000007
2005,191,0.0,18.650000000000034
2005,192,0.0,18.810000000000002
2005,193,0.0,19.890000000000043
2005,194,0.0,20.180000000000007
2005,195,0.0,20.650000000000034
2005,196,0.98,20.689999999999998
2005,197,0.06,21.180000000000007
2005,198,0.31,21.74000000000001
2005,199,0.01,17.77000000000004
2005,200,0.0,19.75
2005,201,0.0,22.129999999999995
2005,202,0.19,23.560000000000002
2005,203,0.35,22.77000000000004
2005,204,1.71,22.010000000000048
2005,205,3.69,19.640000000000043
2005,206,4.53,18.180000000000007
2005,207,8.94,15.07000000000005
2005,208,1.99,13.79000000000002
2005,209,0.0,17.150000000000034
2005,210,0.0,19.03000000000003
2005,211,0.0,20.560000000000002
2005,212,0.16,20.930000000000007
2005,213,0.01,20.160000000000025
2005,214,0.02,19.980000000000018
2005,215,6.57,19.640000000000043
2005,216,37.34,13.29000000000002
2005,217,4.15,13.270000000000039
2005,218,1.13,16.660000000000025
2005,219,0.0,17.110000000000014
2005,220,0.0,18.120000000000005
2005,221,0.37,19.060000000000002
2005,222,4.36,17.49000000000001
2005,223,3.29,16.450000000000045
2005,224,2.05,14.830000000000041
2005,225,3.1,14.03000000000003
2005,226,0.62,13.090000000000032
2005,227,0.0,14.54000000000002
2005,228,2.55,16.02000000000004
2005,229,0.13,14.900000000000034
2005,230,0.03,15.520000000000039
2005,231,0.7,16.30000000000001
2005,232,8.14,16.430000000000007
2005,233,9.51,14.800000000000011
2005,234,0.81,15.03000000000003
2005,235,1.82,15.660000000000025
2005,236,0.12,15.970000000000027
2005,237,0.61,17.25
2005,238,1.58,16.670000000000016
2005,239,0.92,16.890000000000043
2005,240,0.62,15.840000000000032
2005,241,0.0,16.430000000000007
2005,242,0.0,17.730000000000018
2005,243,0.01,15.900000000000034
2005,244,0.28,14.680000000000007
2005,245,0.0,15.660000000000025
2005,246,0.06,16.840000000000032
2005,247,0.09,16.75
2005,248,0.27,17.170000000000016
2005,249,3.33,16.77000000000004
2005,250,2.04,16.010000000000048
2005,251,0.36,18.25
2005,252,0.73,17.310000000000002
2005,253,0.0,16.160000000000025
2005,254,0.94,15.370000000000005
2005,255,0.0,14.730000000000018
2005,256,0.06,12.310000000000002
2005,257,1.99,10.180000000000007
2005,258,0.03,9.400000000000034
2005,259,0.0,12.740000000000009
2005,260,0.0,13.680000000000007
2005,261,0.0,13.660000000000025
2005,262,0.0,13.480000000000018
2005,263,0.0,15.260000000000048
2005,264,0.0,17.430000000000007
2005,265,3.79,14.5
2005,266,0.15,13.260000000000048
2005,267,0.0,15.410000000000025
2005,268,0.0,14.170000000000016
2005,269,0.02,12.300000000000011
2005,270,0.32,15.200000000000045
2005,271,5.92,10.680000000000007
2005,272,0.05,9.580000000000041
2005,273,0.0,13.110000000000014
2005,274,0.0,14.0
2005,275,0.0,14.510000000000048
2005,276,0.0,14.100000000000023
2005,277,0.0,14.270000000000039
2005,278,2.46,7.78000000000003
2005,279,0.0,4.189999999999998
2005,280,0.0,8.460000000000036
2005,281,0.0,12.350000000000023
2005,282,10.66,10.060000000000002
2005,283,14.52,0.9700000000000273
2005,284,1.92,0.4200000000000159
2005,285,0.06,2.4500000000000455
2005,286,0.0,5.430000000000007
2005,287,0.0,9.270000000000039
2005,288,0.0,8.260000000000048
2005,289,0.0,8.950000000000045
2005,290,0.0,9.260000000000048
2005,291,0.0,9.830000000000041
2005,292,0.95,8.270000000000039
2005,293,0.08,6.240000000000009
2005,294,0.0,6.340000000000032
2005,295,0.0,6.3799999999999955
2005,296,0.0,4.610000000000014
2005,297,0.0,5.890000000000043
2005,298,0.0,7.400000000000034
2005,299,0.0,7.160000000000025
2005,300,0.0,5.8799999999999955
2005,301,0.0,7.520000000000039
2005,302,0.08,6.7900000000000205
2005,303,1.83,3.680000000000007
2005,304,0.05,-0.2899999999999636
2005,305,0.0,4.830000000000041
2005,306,0.0,7.25
2005,307,0.0,7.2000000000000455
2005,308,0.0,4.410000000000025
2005,309,1.24,0.4700000000000273
2005,310,0.0,1.4500000000000455
2005,311,0.0,6.050000000000011
2005,312,0.0,7.960000000000036
2005,313,0.0,6.990000000000009
2005,314,0.0,8.560000000000002
2005,315,0.0,8.770000000000039
2005,316,0.28,4.6299999999999955
2005,317,0.0,1.2700000000000387
2005,318,0.74,1.4800000000000182
2005,319,4.09,-7.0499999999999545
2005,320,0.02,-6.479999999999961
2005,321,1.55,-2.8700000000000045
2005,322,0.32,-3.67999999999995
2005,323,0.02,-1.7299999999999613
2005,324,0.0,-2.7299999999999613
2005,325,0.0,1.4700000000000273
2005,326,0.0,2.490000000000009
2005,327,0.0,2.9700000000000273
2005,328,0.0,1.2000000000000455
2005,329,0.0,-0.5099999999999909
2005,330,0.02,0.6200000000000045
2005,331,1.76,-5.6299999999999955
2005,332,0.0,-10.060000000000002
2005,333,0.0,-9.799999999999955
2005,334,0.0,-4.829999999999984
2005,335,0.0,-6.7999999999999545
2005,336,0.33,0.12000000000000455
2005,337,7.01,-2.2299999999999613
2005,338,0.0,-11.659999999999968
2005,339,0.03,-13.439999999999998
2005,340,0.0,-10.899999999999977
2005,341,1.19,-17.060000000000002
2005,342,0.0,-14.139999999999986
2005,343,0.0,-7.149999999999977
2005,344,0.0,-4.819999999999993
2005,345,0.0,-2.5
2005,346,0.0,-2.5399999999999636
2005,347,0.0,-2.8700000000000045
2005,348,0.0,-8.489999999999952
2005,349,0.0,-13.17999999999995
2005,350,0.0,-11.229999999999961
2005,351,0.42,-12.669999999999959
2005,352,0.0,-10.099999999999966
2005,353,0.0,-5.42999999999995
2005,354,0.0,-3.169999999999959
2005,355,0.0,0.12000000000000455
2005,356,0.0,2.5200000000000387
2005,357,0.0,1.7200000000000273
2005,358,0.0,-1.5399999999999636
2005,359,0.0,2.0600000000000023
2005,360,0.0,2.57000000000005
2005,361,0.0,0.040000000000020464
2005,362,0.0,0.27000000000003865
2005,363,0.0,0.910000000000025
2005,364,0.0,-5.060000000000002
2005,365,0.0,0.9700000000000273
2006,1,0.0,0.410000000000025
2006,2,0.0,-0.8999999999999773
2006,3,0.0,1.650000000000034
2006,4,0.0,-2.2099999999999795
2006,5,0.0,-5.079999999999984
2006,6,0.0,0.75
2006,7,0.0,3.7100000000000364
2006,8,0.0,-0.9599999999999795
2006,9,0.0,-6.25
2006,10,0.0,-3.9699999999999704
2006,11,0.0,-0.029999999999972715
2006,12,0.0,-2.419999999999959
2006,13,0.0,-5.75
2006,14,0.0,2.1899999999999977
2006,15,0.0,0.28000000000002956
2006,16,1.01,-5.859999999999957
2006,17,0.46,-8.129999999999995
2006,18,0.02,-1.8899999999999864
2006,19,9.54,-4.239999999999952
2006,20,0.19,-8.519999999999982
2006,21,0.1,-9.439999999999998
2006,22,0.0,-7.2099999999999795
2006,23,0.0,-8.169999999999959
2006,24,0.0,-2.7299999999999613
2006,25,0.03,-1.3100000000000023
2006,26,0.02,-1.419999999999959
2006,27,0.0,-5.739999999999952
2006,28,0.0,-6.919999999999959
2006,29,0.0,-6.0499999999999545
2006,30,0.0,-6.699999999999989
2006,31,0.0,0.18999999999999773
2006,32,0.0,-0.9399999999999977
2006,33,0.65,-1.6399999999999864
2006,34,0.0,-5.819999999999993
2006,35,0.0,-4.519999999999982
2006,36,0.13,-2.8700000000000045
2006,37,0.0,-8.419999999999959
2006,38,0.0,-4.189999999999998
2006,39,0.0,-1.089999999999975
2006,40,0.0,1.3100000000000023
2006,41,1.54,-8.310000000000002
2006,42,0.0,-13.159999999999968
2006,43,0.0,-5.389999999999986
2006,44,0.0,-2.6999999999999886
2006,45,0.0,-1.919999999999959
2006,46,0.0,-2.3100000000000023
2006,47,1.84,-7.1299999999999955
2006,48,0.0,-12.259999999999991
2006,49,0.0,-9.269999999999982
2006,50,0.0,-5.46999999999997
2006,51,0.0,-8.099999999999966
2006,52,0.0,-9.599999999999966
2006,53,0.0,-9.120000000000005
2006,54,0.0,-5.899999999999977
2006,55,0.0,-3.519999999999982
2006,56,0.0,-2.8799999999999955
2006,57,0.0,-1.9499999999999886
2006,58,0.0,2.160000000000025
2006,59,0.0,3.7700000000000387
2006,60,0.0,3.2600000000000477
2006,61,0.0,-0.17999999999994998
2006,62,0.0,1.2300000000000182
2006,63,0.0,3.1100000000000136
2006,64,0.0,0.4800000000000182
2006,65,0.0,3.1100000000000136
2006,66,0.0,3.980000000000018
2006,67,1.91,0.08000000000004093
2006,68,2.99,-5.8700000000000045
2006,69,1.44,-6.169999999999959
2006,70,0.0,-8.239999999999952
2006,71,4.13,-5.239999999999952
2006,72,0.21,-9.879999999999995
2006,73,0.5,-9.46999999999997
2006,74,0.14,-1.6399999999999864
2006,75,0.0,-5.1200000000000045
2006,76,0.0,-0.15999999999996817
2006,77,0.48,1.3700000000000045
2006,78,7.54,-0.6499999999999773
2006,79,4.11,-5.21999999999997
2006,80,1.5,-8.67999999999995
2006,81,1.78,-4.899999999999977
2006,82,0.04,-6.099999999999966
2006,83,0.0,-3.569999999999993
2006,84,0.0,-1.009999999999991
2006,85,0.81,0.5100000000000477
2006,86,0.0,-4.329999999999984
2006,87,0.0,-0.0999999999999659
2006,88,0.0,3.3799999999999955
2006,89,0.0,1.3400000000000318
2006,90,0.0,-0.9799999999999613
2006,91,0.0,3.5100000000000477
2006,92,0.01,-0.47999999999996135
2006,93,0.0,0.10000000000002274
2006,94,0.0,4.460000000000036
2006,95,0.11,6.900000000000034
2006,96,0.48,2.640000000000043
2006,97,1.04,-0.21999999999997044
2006,98,0.94,2.730000000000018
2006,99,0.0,7.140000000000043
2006,100,0.0,8.189999999999998
2006,101,0.0,6.0
2006,102,0.0,5.970000000000027
2006,103,0.0,10.410000000000025
2006,104,0.0,10.060000000000002
2006,105,2.25,8.600000000000023
2006,106,0.0,6.730000000000018
2006,107,0.0,9.100000000000023
2006,108,0.0,2.390000000000043
2006,109,0.0,-0.5999999999999659
2006,110,0.0,3.2700000000000387
2006,111,0.0,6.010000000000048
2006,112,0.0,10.450000000000045
2006,113,0.47,12.310000000000002
2006,114,0.0,6.32000000000005
2006,115,7.18,-1.849999999999966
2006,116,0.27,0.6899999999999977
2006,117,0.37,6.260000000000048
2006,118,2.03,3.7900000000000205
2006,119,0.73,-0.06999999999999318
2006,120,0.0,4.060000000000002
2006,121,0.73,5.670000000000016
2006,122,0.0,7.310000000000002
2006,123,1.36,7.850000000000023
2006,124,2.07,7.420000000000016
2006,125,2.91,6.2000000000000455
2006,126,2.9,6.1299999999999955
2006,127,0.03,7.340000000000032
2006,128,0.05,8.460000000000036
2006,129,0.0,6.810000000000002
2006,130,3.58,3.170000000000016
2006,131,0.0,3.8600000000000136
2006,132,0.0,9.129999999999995
2006,133,0.0,11.600000000000023
2006,134,0.19,10.990000000000009
2006,135,0.01,9.080000000000041
2006,136,0.0,9.770000000000039
2006,137,0.06,11.82000000000005
2006,138,0.18,13.57000000000005
2006,139,0.22,15.189999999999998
2006,140,0.46,15.020000000000039
2006,141,0.0,15.600000000000023
2006,142,0.84,15.939999999999998
2006,143,5.47,11.960000000000036
2006,144,0.0,11.439999999999998
2006,145,0.0,15.210000000000036
2006,146,0.03,16.110000000000014
2006,147,0.0,14.850000000000023
2006,148,0.0,13.220000000000027
2006,149,0.0,9.360000000000014
2006,150,1.33,10.580000000000041
2006,151,1.35,11.129999999999995
2006,152,0.0,12.110000000000014
2006,153,0.17,15.330000000000041
2006,154,0.0,17.350000000000023
2006,155,0.0,17.03000000000003
2006,156,0.0,17.930000000000007
2006,157,2.23,18.560000000000002
2006,158,0.08,18.860000000000014
2006,159,0.0,17.850000000000023
2006,160,0.0,15.340000000000032
2006,161,0.0,15.390000000000043
2006,162,0.17,15.730000000000018
2006,163,0.67,17.610000000000014
2006,164,0.03,18.180000000000007
2006,165,0.0,19.260000000000048
2006,166,0.0,17.010000000000048
2006,167,2.28,13.330000000000041
2006,168,1.39,11.850000000000023
2006,169,0.1,15.28000000000003
2006,170,0.0,19.129999999999995
2006,171,0.0,19.28000000000003
2006,172,1.7,16.24000000000001
2006,173,4.33,15.610000000000014
2006,174,0.0,15.020000000000039
2006,175,0.5,15.590000000000032
2006,176,3.65,13.57000000000005
2006,177,1.35,12.160000000000025
2006,178,0.25,13.650000000000034
2006,179,2.39,15.020000000000039
2006,180,0.09,16.170000000000016
2006,181,0.0,17.810000000000002
2006,182,0.99,18.120000000000005
2006,183,6.41,16.840000000000032
2006,184,3.05,15.900000000000034
2006,185,1.32,15.390000000000043
2006,186,17.58,15.700000000000045
2006,187,10.86,15.189999999999998
2006,188,0.3,16.28000000000003
2006,189,20.98,15.200000000000045
2006,190,19.95,12.28000000000003
2006,191,2.98,13.340000000000032
2006,192,1.61,16.310000000000002
2006,193,0.0,16.939999999999998
2006,194,0.0,18.170000000000016
2006,195,0.0,18.730000000000018
2006,196,0.94,20.77000000000004
2006,197,0.24,21.460000000000036
2006,198,0.01,21.52000000000004
2006,199,5.19,19.879999999999995
2006,200,0.09,19.850000000000023
2006,201,4.15,19.930000000000007
2006,202,4.1,18.78000000000003
2006,203,0.0,17.450000000000045
2006,204,0.42,18.670000000000016
2006,205,0.25,20.390000000000043
2006,206,4.59,18.860000000000014
2006,207,8.52,17.939999999999998
2006,208,2.99,18.340000000000032
2006,209,0.0,18.52000000000004
2006,210,0.0,19.189999999999998
2006,211,0.0,20.230000000000018
2006,212,0.45,20.02000000000004
2006,213,0.56,15.990000000000009
2006,214,9.49,16.180000000000007
2006,215,3.21,15.180000000000007
2006,216,4.57,15.900000000000034
2006,217,1.96,17.28000000000003
2006,218,9.81,15.080000000000041
2006,219,9.24,16.980000000000018
2006,220,0.61,16.410000000000025
2006,221,3.31,19.200000000000045
2006,222,3.27,18.77000000000004
2006,223,0.85,18.060000000000002
2006,224,0.56,18.28000000000003
2006,225,4.36,16.03000000000003
2006,226,9.87,15.390000000000043
2006,227,0.57,16.30000000000001
2006,228,0.2,16.52000000000004
2006,229,1.58,17.07000000000005
2006,230,1.86,17.32000000000005
2006,231,7.61,14.200000000000045
2006,232,2.55,15.600000000000023
2006,233,0.26,16.340000000000032
2006,234,0.63,16.480000000000018
2006,235,0.0,17.939999999999998
2006,236,0.0,18.140000000000043
2006,237,9.41,16.30000000000001
2006,238,13.65,13.460000000000036
2006,239,1.78,12.240000000000009
2006,240,0.07,11.220000000000027
2006,241,2.29,12.730000000000018
2006,242,0.02,15.360000000000014
2006,243,1.39,16.439999999999998
2006,244,2.81,14.629999999999995
2006,245,0.36,10.740000000000009
2006,246,0.33,11.110000000000014
2006,247,0.0,11.900000000000034
2006,248,0.0,12.960000000000036
2006,249,0.0,14.200000000000045
2006,250,0.24,13.520000000000039
2006,251,10.5,11.760000000000048
2006,252,1.71,11.28000000000003
2006,253,0.15,11.160000000000025
2006,254,0.88,11.78000000000003
2006,255,4.81,11.689999999999998
2006,256,0.0,14.010000000000048
2006,257,0.03,14.950000000000045
2006,258,0.01,12.620000000000005
2006,259,0.19,10.439999999999998
2006,260,0.02,3.890000000000043
2006,261,0.0,4.400000000000034
2006,262,0.0,8.920000000000016
2006,263,0.0,11.29000000000002
2006,264,14.65,8.370000000000005
2006,265,2.63,3.830000000000041
2006,266,0.25,2.57000000000005
2006,267,0.0,4.310000000000002
2006,268,0.0,6.840000000000032
2006,269,0.01,8.220000000000027
2006,270,0.01,7.990000000000009
2006,271,0.0,8.28000000000003
2006,272,0.0,10.970000000000027
2006,273,0.0,11.230000000000018
2006,274,0.0,11.840000000000032
2006,275,0.0,12.120000000000005
2006,276,2.86,12.410000000000025
2006,277,1.1,10.0
2006,278,0.0,12.53000000000003
2006,279,0.0,12.980000000000018
2006,280,0.0,12.32000000000005
2006,281,3.7,8.57000000000005
2006,282,4.32,4.140000000000043
2006,283,1.04,3.2900000000000205
2006,284,0.0,4.7900000000000205
2006,285,0.0,5.430000000000007
2006,286,0.0,6.020000000000039
2006,287,0.0,7.0
2006,288,0.77,7.689999999999998
2006,289,1.59,7.189999999999998
2006,290,9.08,4.1200000000000045
2006,291,3.44,-3.089999999999975
2006,292,2.13,-3.339999999999975
2006,293,2.89,0.4300000000000068
2006,294,1.99,-2.669999999999959
2006,295,0.12,-4.109999999999957
2006,296,0.0,0.7400000000000091
2006,297,0.0,3.650000000000034
2006,298,0.0,3.6899999999999977
2006,299,28.57,0.18999999999999773
2006,300,3.81,-0.8199999999999932
2006,301,1.33,3.170000000000016
2006,302,0.17,3.8600000000000136
2006,303,0.0,2.32000000000005
2006,304,0.0,-0.75
2006,305,0.0,-2.7199999999999704
2006,306,0.0,-2.329999999999984
2006,307,0.0,1.0200000000000387
2006,308,0.0,1.7300000000000182
2006,309,0.0,0.010000000000047748
2006,310,0.0,0.9000000000000341
2006,311,0.0,5.2900000000000205
2006,312,0.0,7.460000000000036
2006,313,0.0,5.740000000000009
2006,314,0.0,-1.839999999999975
2006,315,0.0,-0.8299999999999841
2006,316,1.75,-0.22999999999996135
2006,317,0.2,-4.069999999999993
2006,318,0.06,-1.419999999999959
2006,319,0.0,-5.019999999999982
2006,320,0.0,0.5500000000000114
2006,321,0.0,0.660000000000025
2006,322,0.0,0.6000000000000227
2006,323,0.0,-0.8599999999999568
2006,324,0.0,2.5
2006,325,0.0,4.740000000000009
2006,326,0.0,4.520000000000039
2006,327,0.0,4.32000000000005
2006,328,0.0,1.400000000000034
2006,329,0.0,1.0
2006,330,0.0,-0.0999999999999659
2006,331,0.0,-1.419999999999959
2006,332,0.0,-1.759999999999991
2006,333,17.82,-9.109999999999957
2006,334,0.0,-14.71999999999997
2006,335,0.2,-6.789999999999964
2006,336,1.55,-11.92999999999995
2006,337,0.2,-12.199999999999989
2006,338,0.51,-4.609999999999957
2006,339,0.18,-1.6999999999999886
2006,340,0.08,-3.769999999999982
2006,341,0.0,-4.4599999999999795
2006,342,0.0,0.5200000000000387
2006,343,0.0,2.07000000000005
2006,344,0.0,0.05000000000001137
2006,345,1.17,-0.9399999999999977
2006,346,0.0,-1.8799999999999955
2006,347,0.0,-0.7699999999999818
2006,348,0.0,2.430000000000007
2006,349,0.0,3.2900000000000205
2006,350,0.0,3.480000000000018
2006,351,0.0,-0.21999999999997044
2006,352,0.0,-2.079999999999984
2006,353,0.01,-2.609999999999957
2006,354,27.89,-3.1200000000000045
2006,355,13.02,-7.329999999999984
2006,356,0.66,-4.979999999999961
2006,357,0.62,-6.589999999999975
2006,358,0.68,-4.829999999999984
2006,359,0.57,-8.289999999999964
2006,360,0.78,-1.2899999999999636
2006,361,0.49,-1.3999999999999773
2006,362,10.02,-3.17999999999995
2006,363,14.44,-6.139999999999986
2006,364,0.9,-6.6200000000000045
2006,365,0.08,-5.8700000000000045
2007,1,0.0,-5.919999999999959
2007,2,0.5,-4.609999999999957
2007,3,0.73,-1.509999999999991
2007,4,0.97,0.3100000000000023
2007,5,2.67,-5.269999999999982
2007,6,0.63,-11.20999999999998
2007,7,0.0,-10.939999999999998
2007,8,0.42,-2.839999999999975
2007,9,0.05,-2.259999999999991
2007,10,0.0,-1.2999999999999545
2007,11,0.08,-1.839999999999975
2007,12,0.14,-4.779999999999973
2007,13,0.86,-4.259999999999991
2007,14,1.38,-11.259999999999991
2007,15,0.0,-15.96999999999997
2007,16,0.15,-11.639999999999986
2007,17,0.0,-10.049999999999955
2007,18,0.0,-9.529999999999973
2007,19,0.0,-5.899999999999977
2007,20,0.76,-4.939999999999998
2007,21,4.16,-7.189999999999998
2007,22,0.0,-10.769999999999982
2007,23,0.04,-5.539999999999964
2007,24,0.0,-3.75
2007,25,0.13,-2.3999999999999773
2007,26,0.0,-2.0399999999999636
2007,27,0.17,-8.089999999999975
2007,28,0.0,-9.189999999999998
2007,29,0.0,-6.71999999999997
2007,30,0.09,-9.779999999999973
2007,31,0.04,-9.129999999999995
2007,32,3.68,-13.859999999999957
2007,33,0.75,-16.539999999999964
2007,34,0.13,-10.310000000000002
2007,35,0.03,-3.67999999999995
2007,36,0.0,-0.9099999999999682
2007,37,0.0,2.1299999999999955
2007,38,0.0,1.4300000000000068
2007,39,0.0,-0.4199999999999591
2007,40,0.0,-2.409999999999968
2007,41,0.0,-2.329999999999984
2007,42,0.0,-1.4699999999999704
2007,43,0.29,-1.589999999999975
2007,44,0.87,-7.359999999999957
2007,45,2.35,-7.6299999999999955
2007,46,0.66,-9.310000000000002
2007,47,0.0,-3.859999999999957
2007,48,1.82,-5.639999999999986
2007,49,0.04,-3.1299999999999955
2007,50,0.0,-1.0699999999999932
2007,51,0.0,-3.1999999999999886
2007,52,0.0,-2.0399999999999636
2007,53,0.0,-1.2099999999999795
2007,54,0.08,-0.7899999999999636
2007,55,0.0,-5.639999999999986
2007,56,0.03,-7.569999999999993
2007,57,0.03,-5.349999999999966
2007,58,0.0,-4.479999999999961
2007,59,6.76,-4.779999999999973
2007,60,0.03,-11.089999999999975
2007,61,0.03,-12.859999999999957
2007,62,0.0,-12.819999999999993
2007,63,0.48,-5.699999999999989
2007,64,0.0,0.160000000000025
2007,65,0.0,1.3799999999999955
2007,66,0.04,1.0300000000000296
2007,67,0.0,0.3300000000000409
2007,68,0.0,-0.339999999999975
2007,69,0.37,1.5100000000000477
2007,70,5.56,0.30000000000001137
2007,71,0.0,2.8100000000000023
2007,72,0.0,4.020000000000039
2007,73,0.0,3.980000000000018
2007,74,0.02,1.7900000000000205
2007,75,0.0,1.0600000000000023
2007,76,0.0,4.439999999999998
2007,77,0.0,5.1299999999999955
2007,78,0.0,4.860000000000014
2007,79,0.0,5.050000000000011
2007,80,0.0,4.550000000000011
2007,81,0.0,4.090000000000032
2007,82,0.32,4.430000000000007
2007,83,11.17,3.2900000000000205
2007,84,2.44,4.150000000000034
2007,85,0.0,4.760000000000048
2007,86,0.0,5.300000000000011
2007,87,1.01,4.8799999999999955
2007,88,2.98,-3.75
2007,89,1.51,-6.8799999999999955
2007,90,0.23,-3.5600000000000023
2007,91,0.0,0.05000000000001137
2007,92,0.0,3.330000000000041
2007,93,0.0,2.57000000000005
2007,94,0.0,4.430000000000007
2007,95,0.0,5.980000000000018
2007,96,0.54,2.490000000000009
2007,97,0.73,-2.359999999999957
2007,98,2.77,0.27000000000003865
2007,99,0.21,4.610000000000014
2007,100,0.69,2.2600000000000477
2007,101,0.0,-4.199999999999989
2007,102,1.71,-2.4899999999999523
2007,103,0.42,-3.17999999999995
2007,104,0.17,-3.9699999999999704
2007,105,0.0,2.170000000000016
2007,106,0.02,4.7900000000000205
2007,107,11.59,2.400000000000034
2007,108,0.21,2.6100000000000136
2007,109,0.0,2.8500000000000227
2007,110,0.0,3.410000000000025
2007,111,0.16,6.080000000000041
2007,112,1.07,2.9399999999999977
2007,113,0.74,4.939999999999998
2007,114,30.7,2.6899999999999977
2007,115,7.33,-0.7299999999999613
2007,116,0.03,2.170000000000016
2007,117,0.59,3.6299999999999955
2007,118,0.0,6.680000000000007
2007,119,0.0,10.080000000000041
2007,120,0.0,10.590000000000032
2007,121,2.92,8.629999999999995
2007,122,0.11,7.439999999999998
2007,123,0.0,7.770000000000039
2007,124,0.58,5.680000000000007
2007,125,7.2,4.110000000000014
2007,126,3.71,1.2000000000000455
2007,127,17.09,0.6899999999999977
2007,128,0.6,2.2900000000000205
2007,129,0.0,4.890000000000043
2007,130,0.02,8.100000000000023
2007,131,0.05,10.340000000000032
2007,132,0.0,11.730000000000018
2007,133,0.0,12.28000000000003
2007,134,0.23,11.640000000000043
2007,135,6.02,7.580000000000041
2007,136,0.6,8.210000000000036
2007,137,3.6,8.930000000000007
2007,138,1.4,10.150000000000034
2007,139,0.19,11.120000000000005
2007,140,1.82,11.689999999999998
2007,141,0.64,11.060000000000002
2007,142,2.18,8.890000000000043
2007,143,5.26,3.9700000000000273
2007,144,9.17,3.230000000000018
2007,145,0.0,7.4500000000000455
2007,146,0.66,9.689999999999998
2007,147,0.28,11.189999999999998
2007,148,0.13,12.760000000000048
2007,149,2.87,11.600000000000023
2007,150,0.78,6.360000000000014
2007,151,0.0,7.5
2007,152,0.0,8.57000000000005
2007,153,1.6,10.629999999999995
2007,154,1.53,11.010000000000048
2007,155,1.43,11.010000000000048
2007,156,0.56,12.79000000000002
2007,157,0.0,13.370000000000005
2007,158,0.09,5.710000000000036
2007,159,0.03,5.650000000000034
2007,160,0.0,11.980000000000018
2007,161,0.15,14.879999999999995
2007,162,0.0,15.79000000000002
2007,163,10.67,13.150000000000034
2007,164,0.76,10.340000000000032
2007,165,0.0,11.950000000000045
2007,166,0.0,15.170000000000016
2007,167,2.24,16.75
2007,168,0.21,17.510000000000048
2007,169,0.0,15.260000000000048
2007,170,0.0,15.020000000000039
2007,171,0.0,17.77000000000004
2007,172,0.0,18.960000000000036
2007,173,0.25,18.410000000000025
2007,174,0.18,16.57000000000005
2007,175,0.36,18.640000000000043
2007,176,3.4,19.52000000000004
2007,177,0.7,18.58000000000004
2007,178,1.25,15.720000000000027
2007,179,1.41,16.100000000000023
2007,180,0.39,16.850000000000023
2007,181,0.12,18.950000000000045
2007,182,0.0,19.230000000000018
2007,183,0.02,19.390000000000043
2007,184,0.05,20.02000000000004
2007,185,6.16,17.370000000000005
2007,186,2.13,16.30000000000001
2007,187,0.04,16.340000000000032
2007,188,3.04,17.80000000000001
2007,189,2.2,18.75
2007,190,0.05,17.129999999999995
2007,191,0.3,17.77000000000004
2007,192,5.15,17.82000000000005
2007,193,2.26,17.03000000000003
2007,194,0.49,15.470000000000027
2007,195,0.04,17.0
2007,196,1.36,17.83000000000004
2007,197,0.12,19.439999999999998
2007,198,0.75,20.670000000000016
2007,199,2.04,19.939999999999998
2007,200,0.83,19.129999999999995
2007,201,8.8,17.58000000000004
2007,202,2.68,18.57000000000005
2007,203,0.35,19.700000000000045
2007,204,0.0,19.350000000000023
2007,205,0.25,19.02000000000004
2007,206,2.6,19.310000000000002
2007,207,3.24,18.28000000000003
2007,208,1.86,17.08000000000004
2007,209,11.57,16.860000000000014
2007,210,1.97,16.640000000000043
2007,211,0.4,16.560000000000002
2007,212,0.32,17.860000000000014
2007,213,0.0,18.870000000000005
2007,214,5.64,16.879999999999995
2007,215,7.08,17.439999999999998
2007,216,2.59,18.610000000000014
2007,217,5.54,18.760000000000048
2007,218,14.37,17.54000000000002
2007,219,3.73,17.04000000000002
2007,220,0.78,16.25
2007,221,0.0,18.160000000000025
2007,222,0.0,19.370000000000005
2007,223,0.71,19.0
2007,224,0.79,19.140000000000043
2007,225,3.11,20.379999999999995
2007,226,1.35,20.460000000000036
2007,227,5.68,18.189999999999998
2007,228,1.42,17.610000000000014
2007,229,2.86,17.900000000000034
2007,230,10.16,18.0
2007,231,1.36,18.010000000000048
2007,232,1.11,18.450000000000045
2007,233,0.0,18.660000000000025
2007,234,0.63,19.460000000000036
2007,235,1.33,17.75
2007,236,3.58,14.600000000000023
2007,237,0.02,16.25
2007,238,0.37,18.660000000000025
2007,239,0.34,18.370000000000005
2007,240,3.93,14.860000000000014
2007,241,18.27,14.920000000000016
2007,242,1.14,15.600000000000023
2007,243,0.29,17.05000000000001
2007,244,0.98,17.54000000000002
2007,245,2.34,17.04000000000002
2007,246,0.77,17.27000000000004
2007,247,1.07,16.920000000000016
2007,248,1.37,17.03000000000003
2007,249,4.44,16.230000000000018
2007,250,0.0,14.260000000000048
2007,251,0.05,14.390000000000043
2007,252,1.55,13.350000000000023
2007,253,1.17,12.270000000000039
2007,254,0.13,12.260000000000048
2007,255,0.0,14.03000000000003
2007,256,0.05,14.490000000000009
2007,257,0.0,14.210000000000036
2007,258,0.0,15.470000000000027
2007,259,0.31,15.920000000000016
2007,260,1.95,14.120000000000005
2007,261,0.08,11.379999999999995
2007,262,0.0,12.07000000000005
2007,263,0.0,14.590000000000032
2007,264,0.0,14.800000000000011
2007,265,0.06,14.760000000000048
2007,266,0.0,15.350000000000023
2007,267,0.0,9.82000000000005
2007,268,0.33,6.460000000000036
2007,269,0.0,8.629999999999995
2007,270,0.0,9.5
2007,271,0.0,11.79000000000002
2007,272,0.0,12.78000000000003
2007,273,0.0,9.610000000000014
2007,274,0.0,11.970000000000027
2007,275,0.0,10.920000000000016
2007,276,0.0,10.560000000000002
2007,277,0.0,11.730000000000018
2007,278,0.0,13.150000000000034
2007,279,0.0,13.220000000000027
2007,280,0.0,6.1200000000000045
2007,281,0.0,4.680000000000007
2007,282,0.0,10.060000000000002
2007,283,0.0,11.79000000000002
2007,284,0.0,11.800000000000011
2007,285,0.0,10.920000000000016
2007,286,0.32,10.0
2007,287,12.13,3.980000000000018
2007,288,1.42,2.5
2007,289,0.0,4.920000000000016
2007,290,0.25,5.180000000000007
2007,291,0.02,0.57000000000005
2007,292,0.0,4.03000000000003
2007,293,0.0,8.450000000000045
2007,294,7.36,1.5300000000000296
2007,295,1.09,-5.75
2007,296,0.66,1.740000000000009
2007,297,0.0,4.160000000000025
2007,298,0.0,7.170000000000016
2007,299,0.0,6.010000000000048
2007,300,0.06,1.5400000000000205
2007,301,0.0,4.189999999999998
2007,302,0.0,4.660000000000025
2007,303,0.04,5.640000000000043
2007,304,0.2,2.330000000000041
2007,305,0.0,1.0200000000000387
2007,306,0.0,0.4900000000000091
2007,307,0.09,0.9200000000000159
2007,308,0.13,3.5300000000000296
2007,309,0.0,3.7900000000000205
2007,310,0.0,2.8799999999999955
2007,311,0.0,3.6899999999999977
2007,312,0.0,3.8500000000000227
2007,313,0.0,3.980000000000018
2007,314,0.0,4.890000000000043
2007,315,0.0,4.060000000000002
2007,316,0.0,3.090000000000032
2007,317,0.0,3.9399999999999977
2007,318,0.0,1.8799999999999955
2007,319,0.0,0.22000000000002728
2007,320,0.14,3.890000000000043
2007,321,0.06,3.1200000000000045
2007,322,0.0,3.57000000000005
2007,323,0.0,5.550000000000011
2007,324,0.0,4.660000000000025
2007,325,0.0,-6.539999999999964
2007,326,0.0,-10.099999999999966
2007,327,0.0,-7.919999999999959
2007,328,2.94,-9.25
2007,329,0.3,-2.819999999999993
2007,330,0.1,-2.8100000000000023
2007,331,0.41,-2.109999999999957
2007,332,0.1,-4.229999999999961
2007,333,0.79,-5.96999999999997
2007,334,0.0,-2.099999999999966
2007,335,0.48,3.0400000000000205
2007,336,0.0,-3.829999999999984
2007,337,0.0,-1.1299999999999955
2007,338,0.0,4.6200000000000045
2007,339,0.0,1.7900000000000205
2007,340,1.34,0.2300000000000182
2007,341,1.78,0.29000000000002046
2007,342,0.48,0.6100000000000136
2007,343,0.59,-7.229999999999961
2007,344,0.36,-5.689999999999998
2007,345,2.26,-7.639999999999986
2007,346,5.33,-7.8700000000000045
2007,347,0.52,-6.609999999999957
2007,348,3.7,-8.189999999999998
2007,349,0.3,-14.439999999999998
2007,350,0.44,-8.0
2007,351,0.08,-4.5499999999999545
2007,352,0.95,-5.310000000000002
2007,353,0.0,-3.7399999999999523
2007,354,0.1,-3.5399999999999636
2007,355,0.0,-3.2199999999999704
2007,356,0.0,-12.039999999999964
2007,357,0.0,-7.689999999999998
2007,358,0.16,-7.319999999999993
2007,359,3.11,-4.7999999999999545
2007,360,0.12,-12.729999999999961
2007,361,0.0,-11.909999999999968
2007,362,2.65,-16.42999999999995
2007,363,2.41,-14.509999999999991
2007,364,0.0,-10.849999999999966
2007,365,1.87,-11.529999999999973
2008,1,0.0,-15.919999999999959
2008,2,0.08,-5.96999999999997
2008,3,0.0,-0.6099999999999568
2008,4,0.0,-1.1999999999999886
2008,5,0.0,-0.13999999999998636
2008,6,0.88,-1.8700000000000045
2008,7,0.0,-6.419999999999959
2008,8,7.68,-9.129999999999995
2008,9,1.57,-5.3700000000000045
2008,10,0.22,-8.129999999999995
2008,11,0.47,-6.109999999999957
2008,12,0.0,-9.20999999999998
2008,13,0.0,-10.379999999999995
2008,14,0.0,-9.169999999999959
2008,15,0.99,-3.8799999999999955
2008,16,0.02,-11.909999999999968
2008,17,0.02,-17.559999999999974
2008,18,0.06,-13.269999999999982
2008,19,0.01,-13.009999999999991
2008,20,0.2,-7.689999999999998
2008,21,0.0,-7.339999999999975
2008,22,0.02,-9.439999999999998
2008,23,0.0,-9.399999999999977
2008,24,0.0,-8.269999999999982
2008,25,0.0,-5.75
2008,26,0.0,-5.649999999999977
2008,27,0.0,-2.7999999999999545
2008,28,0.0,0.12999999999999545
2008,29,0.23,-9.889999999999986
2008,30,0.0,-10.25
2008,31,1.24,-13.92999999999995
2008,32,0.0,-5.979999999999961
2008,33,0.0,-9.92999999999995
2008,34,0.0,-8.909999999999968
2008,35,0.0,-5.9599999999999795
2008,36,3.95,-10.419999999999959
2008,37,0.85,-10.409999999999968
2008,38,0.05,-10.759999999999991
2008,39,0.64,-6.4599999999999795
2008,40,0.43,-6.009999999999991
2008,41,0.0,-2.819999999999993
2008,42,0.0,-2.5600000000000023
2008,43,0.06,-6.1299999999999955
2008,44,0.0,-2.6999999999999886
2008,45,2.82,-3.6999999999999886
2008,46,0.94,-4.349999999999966
2008,47,0.0,-3.3799999999999955
2008,48,0.98,-7.96999999999997
2008,49,0.14,-9.879999999999995
2008,50,0.0,-4.739999999999952
2008,51,0.0,-2.319999999999993
2008,52,0.0,-3.5499999999999545
2008,53,0.46,-4.569999999999993
2008,54,1.43,-3.4699999999999704
2008,55,0.02,-2.019999999999982
2008,56,0.9,-1.4499999999999886
2008,57,2.33,-5.319999999999993
2008,58,0.0,-2.769999999999982
2008,59,0.0,0.1400000000000432
2008,60,0.0,-0.7699999999999818
2008,61,0.0,2.4600000000000364
2008,62,1.35,0.160000000000025
2008,63,1.2,-9.870000000000005
2008,64,0.91,-4.67999999999995
2008,65,0.8,-8.669999999999959
2008,66,0.48,-10.71999999999997
2008,67,0.61,-8.109999999999957
2008,68,0.3,-4.329999999999984
2008,69,0.87,-3.25
2008,70,0.0,-3.599999999999966
2008,71,0.0,-1.3199999999999932
2008,72,0.0,0.35000000000002274
2008,73,0.0,-1.579999999999984
2008,74,3.12,-1.3999999999999773
2008,75,0.49,-4.6299999999999955
2008,76,0.04,-2.7299999999999613
2008,77,10.0,-3.2299999999999613
2008,78,0.35,-5.489999999999952
2008,79,0.0,-3.4699999999999704
2008,80,0.0,0.34000000000003183
2008,81,0.0,-1.009999999999991
2008,82,0.0,-3.1999999999999886
2008,83,0.32,-4.839999999999975
2008,84,0.0,-0.17999999999994998
2008,85,0.0,2.430000000000007
2008,86,0.0,3.490000000000009
2008,87,0.0,2.590000000000032
2008,88,0.0,-0.5099999999999909
2008,89,0.0,2.430000000000007
2008,90,0.49,2.4399999999999977
2008,91,1.37,1.5500000000000114
2008,92,0.28,-3.3899999999999864
2008,93,0.0,0.9300000000000068
2008,94,1.41,0.8000000000000114
2008,95,0.14,-1.0699999999999932
2008,96,0.0,1.5900000000000318
2008,97,0.0,0.0
2008,98,3.76,0.7600000000000477
2008,99,0.0,-1.3599999999999568
2008,100,0.0,2.3000000000000114
2008,101,6.81,-0.40999999999996817
2008,102,0.29,-4.579999999999984
2008,103,1.64,-6.139999999999986
2008,104,0.0,-2.3799999999999955
2008,105,0.0,2.980000000000018
2008,106,0.0,6.28000000000003
2008,107,4.13,3.8000000000000114
2008,108,13.24,-3.8700000000000045
2008,109,0.78,-1.9799999999999613
2008,110,0.0,3.980000000000018
2008,111,0.0,6.100000000000023
2008,112,0.0,3.140000000000043
2008,113,0.0,2.480000000000018
2008,114,0.19,6.7900000000000205
2008,115,0.0,6.170000000000016
2008,116,0.0,-0.47999999999996135
2008,117,0.02,-1.579999999999984
2008,118,0.0,-2.1299999999999955
2008,119,0.0,3.2000000000000455
2008,120,0.0,6.970000000000027
2008,121,0.0,8.32000000000005
2008,122,5.07,3.090000000000032
2008,123,0.51,-3.25
2008,124,0.0,-1.92999999999995
2008,125,0.0,2.650000000000034
2008,126,0.0,6.910000000000025
2008,127,0.0,8.850000000000023
2008,128,1.19,7.1299999999999955
2008,129,1.0,6.5
2008,130,0.0,4.330000000000041
2008,131,1.95,3.8799999999999955
2008,132,0.0,3.07000000000005
2008,133,0.0,8.470000000000027
2008,134,11.83,3.0500000000000114
2008,135,2.54,2.660000000000025
2008,136,9.93,3.32000000000005
2008,137,0.03,3.2800000000000296
2008,138,0.16,8.350000000000023
2008,139,0.0,10.470000000000027
2008,140,0.0,12.720000000000027
2008,141,0.0,13.29000000000002
2008,142,0.0,13.700000000000045
2008,143,0.13,10.460000000000036
2008,144,0.35,5.670000000000016
2008,145,0.0,4.75
2008,146,0.0,7.270000000000039
2008,147,2.16,9.870000000000005
2008,148,1.02,7.25
2008,149,0.07,9.879999999999995
2008,150,0.17,12.379999999999995
2008,151,0.0,9.740000000000009
2008,152,0.0,11.120000000000005
2008,153,0.0,13.32000000000005
2008,154,0.0,15.140000000000043
2008,155,0.0,13.370000000000005
2008,156,0.0,12.100000000000023
2008,157,9.81,8.650000000000034
2008,158,0.0,8.420000000000016
2008,159,0.0,12.990000000000009
2008,160,0.11,10.150000000000034
2008,161,0.0,7.910000000000025
2008,162,0.0,12.04000000000002
2008,163,0.0,12.720000000000027
2008,164,0.0,6.5
2008,165,0.0,8.129999999999995
2008,166,0.0,12.82000000000005
2008,167,0.0,15.480000000000018
2008,168,0.0,16.260000000000048
2008,169,0.0,16.090000000000032
2008,170,0.44,17.260000000000048
2008,171,0.17,15.340000000000032
2008,172,1.14,14.370000000000005
2008,173,0.0,13.900000000000034
2008,174,0.05,16.02000000000004
2008,175,0.37,16.180000000000007
2008,176,0.52,15.510000000000048
2008,177,0.03,17.220000000000027
2008,178,0.39,17.75
2008,179,0.1,16.710000000000036
2008,180,0.0,15.680000000000007
2008,181,0.18,14.650000000000034
2008,182,0.0,16.390000000000043
2008,183,0.0,17.640000000000043
2008,184,0.01,17.02000000000004
2008,185,0.04,16.670000000000016
2008,186,0.66,17.600000000000023
2008,187,0.66,19.30000000000001
2008,188,1.84,18.129999999999995
2008,189,2.76,14.980000000000018
2008,190,1.99,14.310000000000002
2008,191,0.13,15.720000000000027
2008,192,0.09,17.879999999999995
2008,193,0.0,19.350000000000023
2008,194,0.0,16.49000000000001
2008,195,0.0,15.840000000000032
2008,196,0.57,17.680000000000007
2008,197,0.0,18.210000000000036
2008,198,0.0,19.200000000000045
2008,199,0.44,18.680000000000007
2008,200,0.27,16.57000000000005
2008,201,1.27,18.02000000000004
2008,202,2.4,19.930000000000007
2008,203,0.0,19.480000000000018
2008,204,0.0,19.77000000000004
2008,205,2.14,19.75
2008,206,0.59,18.850000000000023
2008,207,2.43,19.100000000000023
2008,208,0.0,18.390000000000043
2008,209,0.0,18.850000000000023
2008,210,1.75,18.870000000000005
2008,211,0.07,17.52000000000004
2008,212,0.23,18.24000000000001
2008,213,0.0,19.390000000000043
2008,214,0.0,20.460000000000036
2008,215,0.14,20.980000000000018
2008,216,0.14,20.660000000000025
2008,217,0.56,18.650000000000034
2008,218,8.23,18.620000000000005
2008,219,0.17,16.810000000000002
2008,220,4.48,15.100000000000023
2008,221,2.4,15.53000000000003
2008,222,3.05,17.230000000000018
2008,223,2.94,16.110000000000014
2008,224,7.14,15.420000000000016
2008,225,0.37,16.640000000000043
2008,226,0.39,17.060000000000002
2008,227,0.75,15.53000000000003
2008,228,18.87,11.390000000000043
2008,229,29.35,8.770000000000039
2008,230,6.24,9.680000000000007
2008,231,0.0,11.680000000000007
2008,232,0.0,13.54000000000002
2008,233,0.91,16.220000000000027
2008,234,0.1,17.110000000000014
2008,235,0.03,18.620000000000005
2008,236,6.09,16.210000000000036
2008,237,0.49,17.560000000000002
2008,238,3.35,17.400000000000034
2008,239,0.0,17.060000000000002
2008,240,0.04,17.700000000000045
2008,241,0.0,16.79000000000002
2008,242,0.03,15.740000000000009
2008,243,0.06,16.850000000000023
2008,244,0.55,16.890000000000043
2008,245,0.41,15.230000000000018
2008,246,0.0,13.29000000000002
2008,247,0.0,10.600000000000023
2008,248,0.0,11.910000000000025
2008,249,0.03,11.430000000000007
2008,250,0.0,10.79000000000002
2008,251,0.64,11.960000000000036
2008,252,0.0,11.980000000000018
2008,253,0.0,12.900000000000034
2008,254,0.24,13.5
2008,255,1.41,11.460000000000036
2008,256,25.48,9.960000000000036
2008,257,0.0,9.640000000000043
2008,258,0.24,10.450000000000045
2008,259,0.0,10.620000000000005
2008,260,0.0,12.28000000000003
2008,261,0.0,13.610000000000014
2008,262,0.29,12.840000000000032
2008,263,1.16,11.810000000000002
2008,264,2.5,11.54000000000002
2008,265,0.27,13.370000000000005
2008,266,0.0,13.810000000000002
2008,267,0.0,12.200000000000045
2008,268,0.0,12.150000000000034
2008,269,0.0,13.970000000000027
2008,270,0.0,15.180000000000007
2008,271,3.38,13.760000000000048
2008,272,1.27,13.410000000000025
2008,273,0.0,13.03000000000003
2008,274,0.0,13.140000000000043
2008,275,0.0,12.900000000000034
2008,276,0.44,12.340000000000032
2008,277,0.0,11.670000000000016
2008,278,0.0,11.200000000000045
2008,279,0.0,9.75
2008,280,4.78,6.400000000000034
2008,281,0.0,6.3700000000000045
2008,282,0.0,10.060000000000002
2008,283,0.0,10.720000000000027
2008,284,0.0,9.410000000000025
2008,285,1.94,7.220000000000027
2008,286,3.15,7.210000000000036
2008,287,0.2,1.660000000000025
2008,288,0.0,3.430000000000007
2008,289,0.0,4.770000000000039
2008,290,0.0,6.360000000000014
2008,291,0.0,7.57000000000005
2008,292,0.0,10.03000000000003
2008,293,0.0,9.5
2008,294,1.03,7.240000000000009
2008,295,1.37,6.430000000000007
2008,296,4.79,-1.2799999999999727
2008,297,1.4,-3.0399999999999636
2008,298,0.28,2.4700000000000273
2008,299,0.19,4.78000000000003
2008,300,0.0,6.560000000000002
2008,301,0.0,5.2000000000000455
2008,302,0.0,7.220000000000027
2008,303,0.0,7.300000000000011
2008,304,0.0,7.3799999999999955
2008,305,0.0,7.460000000000036
2008,306,0.0,8.020000000000039
2008,307,0.0,8.0
2008,308,0.0,7.340000000000032
2008,309,0.0,5.9500000000000455
2008,310,0.35,0.37999999999999545
2008,311,0.0,-4.769999999999982
2008,312,0.0,-2.7999999999999545
2008,313,0.0,0.660000000000025
2008,314,0.0,1.3100000000000023
2008,315,0.04,1.7100000000000364
2008,316,0.0,-0.17999999999994998
2008,317,0.0,-1.1899999999999977
2008,318,0.0,3.3700000000000045
2008,319,0.21,-0.4199999999999591
2008,320,0.31,-5.849999999999966
2008,321,0.0,1.5
2008,322,0.0,3.1100000000000136
2008,323,0.0,4.460000000000036
2008,324,0.0,3.8799999999999955
2008,325,0.0,-2.1499999999999773
2008,326,0.0,-0.5
2008,327,0.0,1.0300000000000296
2008,328,0.0,1.5600000000000023
2008,329,0.0,-0.339999999999975
2008,330,0.0,3.0100000000000477
2008,331,0.0,2.490000000000009
2008,332,0.14,2.57000000000005
2008,333,0.0,-0.7199999999999704
2008,334,1.57,-4.529999999999973
2008,335,0.31,-4.009999999999991
2008,336,1.66,-2.819999999999993
2008,337,0.56,1.75
2008,338,0.0,-3.1299999999999955
2008,339,0.15,-8.269999999999982
2008,340,0.11,-7.689999999999998
2008,341,0.21,0.11000000000001364
2008,342,0.0,2.6899999999999977
2008,343,0.13,0.5300000000000296
2008,344,2.48,-8.049999999999955
2008,345,0.9,-4.669999999999959
2008,346,0.64,-2.8100000000000023
2008,347,0.0,-3.4499999999999886
2008,348,0.12,-1.2899999999999636
2008,349,0.89,-6.269999999999982
2008,350,0.0,-14.829999999999984
2008,351,0.0,-8.899999999999977
2008,352,0.0,-7.46999999999997
2008,353,0.49,-3.5600000000000023
2008,354,0.0,-5.789999999999964
2008,355,0.26,-9.649999999999977
2008,356,0.0,-12.46999999999997
2008,357,0.0,-4.789999999999964
2008,358,0.0,-6.3700000000000045
2008,359,0.0,-11.579999999999984
2008,360,0.0,-5.909999999999968
2008,361,0.87,-2.829999999999984
2008,362,0.0,-12.870000000000005
2008,363,0.0,-5.409999999999968
2008,364,0.0,-1.4099999999999682
2008,365,0.0,0.7100000000000364
2008,366,0.0,-2.0499999999999545
2009,1,0.0,-0.9499999999999886
2009,2,0.0,-0.3199999999999932
2009,3,0.22,-1.1899999999999977
2009,4,0.6,-10.989999999999952
2009,5,0.09,-9.949999999999989
2009,6,0.18,-8.669999999999959
2009,7,0.0,-4.2099999999999795
2009,8,0.0,0.020000000000038654
2009,9,0.37,-1.3700000000000045
2009,10,0.38,-7.2099999999999795
2009,11,0.09,-6.96999999999997
2009,12,1.49,-5.639999999999986
2009,13,2.27,-5.5499999999999545
2009,14,0.06,-4.25
2009,15,0.03,-4.789999999999964
2009,16,0.01,-3.109999999999957
2009,17,0.0,-1.17999999999995
2009,18,0.0,-1.9699999999999704
2009,19,0.0,0.20000000000004547
2009,20,0.18,0.1400000000000432
2009,21,0.0,1.830000000000041
2009,22,0.0,1.9500000000000455
2009,23,0.44,1.75
2009,24,0.0,-0.9699999999999704
2009,25,0.0,-1.0
2009,26,0.72,-4.21999999999997
2009,27,0.29,-11.189999999999998
2009,28,0.0,-9.310000000000002
2009,29,0.0,-8.519999999999982
2009,30,0.0,-2.42999999999995
2009,31,0.0,-0.39999999999997726
2009,32,0.0,-1.849999999999966
2009,33,0.0,-2.669999999999959
2009,34,0.0,-1.67999999999995
2009,35,0.0,-0.8100000000000023
2009,36,0.0,1.0400000000000205
2009,37,0.0,1.0500000000000114
2009,38,0.0,-0.8899999999999864
2009,39,0.04,0.4700000000000273
2009,40,0.42,-2.4799999999999613
2009,41,0.0,-4.96999999999997
2009,42,0.16,-7.7099999999999795
2009,43,0.0,-7.5
2009,44,1.41,-7.0
2009,45,0.11,-7.3700000000000045
2009,46,0.09,-8.629999999999995
2009,47,0.0,-3.4899999999999523
2009,48,0.0,-2.4899999999999523
2009,49,0.0,-5.279999999999973
2009,50,0.0,-6.349999999999966
2009,51,0.0,-4.259999999999991
2009,52,0.0,-4.439999999999998
2009,53,0.0,0.12000000000000455
2009,54,0.0,2.4399999999999977
2009,55,0.0,3.5500000000000114
2009,56,0.0,2.410000000000025
2009,57,0.0,1.6100000000000136
2009,58,0.0,-1.009999999999991
2009,59,0.0,-5.279999999999973
2009,60,0.0,0.2300000000000182
2009,61,0.0,4.860000000000014
2009,62,0.0,5.32000000000005
2009,63,0.0,4.660000000000025
2009,64,0.0,2.840000000000032
2009,65,0.0,0.18999999999999773
2009,66,0.76,-0.8499999999999659
2009,67,0.0,-2.339999999999975
2009,68,0.0,0.6700000000000159
2009,69,0.22,-2.6399999999999864
2009,70,0.0,-3.0499999999999545
2009,71,0.11,0.160000000000025
2009,72,0.07,-2.5
2009,73,0.0,-2.069999999999993
2009,74,0.0,0.4800000000000182
2009,75,0.0,1.6800000000000068
2009,76,0.0,4.180000000000007
2009,77,0.0,4.180000000000007
2009,78,0.0,4.020000000000039
2009,79,0.0,5.8700000000000045
2009,80,0.0,6.430000000000007
2009,81,0.0,7.090000000000032
2009,82,0.37,2.480000000000018
2009,83,0.41,-1.6599999999999682
2009,84,0.28,-2.1999999999999886
2009,85,13.67,-3.659999999999968
2009,86,5.02,-10.95999999999998
2009,87,0.57,-5.5499999999999545
2009,88,0.0,-1.8700000000000045
2009,89,0.32,-3.1999999999999886
2009,90,0.0,-8.92999999999995
2009,91,2.01,-5.789999999999964
2009,92,4.48,-6.229999999999961
2009,93,0.31,-0.7599999999999909
2009,94,2.46,-2.2099999999999795
2009,95,1.34,-9.149999999999977
2009,96,0.29,-6.579999999999984
2009,97,0.0,-0.1099999999999568
2009,98,0.0,2.240000000000009
2009,99,0.0,0.8500000000000227
2009,100,0.0,-0.589999999999975
2009,101,0.0,3.0600000000000023
2009,102,3.8,1.0400000000000205
2009,103,2.5,0.910000000000025
2009,104,0.0,3.670000000000016
2009,105,0.0,5.800000000000011
2009,106,4.12,3.580000000000041
2009,107,19.97,0.3900000000000432
2009,108,15.68,-1.3599999999999568
2009,109,3.09,-0.5999999999999659
2009,110,0.0,3.390000000000043
2009,111,0.0,5.910000000000025
2009,112,0.0,6.830000000000041
2009,113,0.0,7.680000000000007
2009,114,0.0,8.510000000000048
2009,115,0.0,6.710000000000036
2009,116,1.07,4.2900000000000205
2009,117,9.64,-0.3499999999999659
2009,118,0.05,4.310000000000002
2009,119,0.0,8.53000000000003
2009,120,0.0,7.82000000000005
2009,121,0.0,7.960000000000036
2009,122,0.93,8.090000000000032
2009,123,3.27,6.07000000000005
2009,124,0.19,6.740000000000009
2009,125,0.0,7.490000000000009
2009,126,0.0,8.760000000000048
2009,127,0.0,11.680000000000007
2009,128,0.0,9.57000000000005
2009,129,0.0,6.470000000000027
2009,130,1.0,8.870000000000005
2009,131,0.13,8.510000000000048
2009,132,0.0,12.04000000000002
2009,133,0.0,11.220000000000027
2009,134,0.0,9.240000000000009
2009,135,0.0,10.770000000000039
2009,136,3.83,8.410000000000025
2009,137,0.0,11.04000000000002
2009,138,0.0,14.200000000000045
2009,139,0.01,16.77000000000004
2009,140,2.57,14.670000000000016
2009,141,4.75,12.410000000000025
2009,142,7.18,9.79000000000002
2009,143,2.6,9.610000000000014
2009,144,8.27,10.410000000000025
2009,145,4.28,9.960000000000036
2009,146,11.39,7.680000000000007
2009,147,1.42,7.560000000000002
2009,148,0.24,10.450000000000045
2009,149,0.45,11.810000000000002
2009,150,2.96,12.5
2009,151,6.3,11.920000000000016
2009,152,10.2,11.32000000000005
2009,153,14.22,8.53000000000003
2009,154,3.94,8.140000000000043
2009,155,1.68,11.740000000000009
2009,156,0.0,13.890000000000043
2009,157,0.0,12.590000000000032
2009,158,0.26,10.740000000000009
2009,159,0.39,9.170000000000016
2009,160,0.13,10.960000000000036
2009,161,0.66,9.740000000000009
2009,162,1.85,9.629999999999995
2009,163,1.61,10.5
2009,164,1.25,12.730000000000018
2009,165,3.71,13.240000000000009
2009,166,3.35,12.060000000000002
2009,167,0.55,12.129999999999995
2009,168,0.08,14.82000000000005
2009,169,0.77,13.78000000000003
2009,170,1.42,13.100000000000023
2009,171,0.39,13.490000000000009
2009,172,0.67,12.910000000000025
2009,173,0.0,15.230000000000018
2009,174,2.3,17.629999999999995
2009,175,2.74,17.180000000000007
2009,176,8.62,17.710000000000036
2009,177,16.23,16.840000000000032
2009,178,1.53,14.470000000000027
2009,179,2.1,15.990000000000009
2009,180,1.21,16.33000000000004
2009,181,0.78,16.720000000000027
2009,182,0.22,17.420000000000016
2009,183,5.96,17.30000000000001
2009,184,8.92,16.83000000000004
2009,185,3.65,15.550000000000011
2009,186,7.8,14.240000000000009
2009,187,3.73,15.470000000000027
2009,188,0.31,17.03000000000003
2009,189,0.0,17.090000000000032
2009,190,0.0,18.100000000000023
2009,191,1.37,18.860000000000014
2009,192,2.74,19.920000000000016
2009,193,3.77,19.150000000000034
2009,194,4.96,18.670000000000016
2009,195,2.23,18.760000000000048
2009,196,0.0,17.920000000000016
2009,197,0.0,17.230000000000018
2009,198,0.0,17.090000000000032
2009,199,0.0,17.189999999999998
2009,200,0.47,18.28000000000003
2009,201,1.49,18.53000000000003
2009,202,6.78,16.02000000000004
2009,203,10.34,16.78000000000003
2009,204,0.68,17.78000000000003
2009,205,0.0,19.129999999999995
2009,206,2.03,18.879999999999995
2009,207,5.71,15.54000000000002
2009,208,4.08,15.689999999999998
2009,209,2.43,16.060000000000002
2009,210,4.8,14.900000000000034
2009,211,8.43,11.240000000000009
2009,212,3.75,14.340000000000032
2009,213,1.47,14.260000000000048
2009,214,0.35,16.660000000000025
2009,215,0.84,18.439999999999998
2009,216,0.68,18.360000000000014
2009,217,1.71,19.410000000000025
2009,218,4.24,19.160000000000025
2009,219,2.02,18.03000000000003
2009,220,0.0,15.990000000000009
2009,221,0.46,14.220000000000027
2009,222,0.85,14.890000000000043
2009,223,0.33,15.760000000000048
2009,224,0.0,17.30000000000001
2009,225,0.33,18.5
2009,226,0.97,17.010000000000048
2009,227,0.81,14.470000000000027
2009,228,0.17,14.0
2009,229,1.28,13.25
2009,230,2.17,14.010000000000048
2009,231,0.4,14.010000000000048
2009,232,0.0,13.75
2009,233,0.0,16.090000000000032
2009,234,0.11,18.410000000000025
2009,235,0.19,19.640000000000043
2009,236,0.34,17.660000000000025
2009,237,3.98,14.870000000000005
2009,238,6.18,14.390000000000043
2009,239,0.81,14.840000000000032
2009,240,0.13,15.400000000000034
2009,241,0.2,15.770000000000039
2009,242,0.9,15.050000000000011
2009,243,0.78,15.689999999999998
2009,244,0.1,16.950000000000045
2009,245,0.12,17.120000000000005
2009,246,0.0,16.08000000000004
2009,247,0.06,15.670000000000016
2009,248,0.73,15.390000000000043
2009,249,1.18,15.0
2009,250,0.79,14.510000000000048
2009,251,0.86,16.450000000000045
2009,252,1.27,15.340000000000032
2009,253,1.82,16.08000000000004
2009,254,0.12,14.830000000000041
2009,255,6.14,10.010000000000048
2009,256,9.18,11.600000000000023
2009,257,2.4,14.390000000000043
2009,258,2.55,14.629999999999995
2009,259,1.94,12.390000000000043
2009,260,0.88,11.29000000000002
2009,261,0.05,12.129999999999995
2009,262,0.0,12.080000000000041
2009,263,0.24,13.29000000000002
2009,264,4.54,6.82000000000005
2009,265,6.67,1.8000000000000114
2009,266,7.18,3.2200000000000273
2009,267,0.97,4.510000000000048
2009,268,0.24,6.7900000000000205
2009,269,0.0,11.090000000000032
2009,270,0.0,14.460000000000036
2009,271,0.0,11.670000000000016
2009,272,0.0,13.879999999999995
2009,273,0.0,13.480000000000018
2009,274,0.0,3.6100000000000136
2009,275,0.0,2.080000000000041
2009,276,0.0,5.439999999999998
2009,277,0.0,7.900000000000034
2009,278,0.58,7.650000000000034
2009,279,0.65,3.740000000000009
2009,280,0.23,6.610000000000014
2009,281,0.3,5.2900000000000205
2009,282,0.85,2.4600000000000364
2009,283,0.76,2.0300000000000296
2009,284,0.0,3.5600000000000023
2009,285,0.0,6.5400000000000205
2009,286,0.0,7.210000000000036
2009,287,0.04,8.5
2009,288,0.0,7.32000000000005
2009,289,0.0,5.740000000000009
2009,290,0.0,6.020000000000039
2009,291,0.0,10.560000000000002
2009,292,0.0,10.939999999999998
2009,293,0.0,9.460000000000036
2009,294,11.65,1.920000000000016
2009,295,7.12,-2.2399999999999523
2009,296,1.17,1.1200000000000045
2009,297,0.0,4.2000000000000455
2009,298,1.51,1.330000000000041
2009,299,5.88,-5.779999999999973
2009,300,0.62,0.11000000000001364
2009,301,12.9,-3.67999999999995
2009,302,8.13,-8.96999999999997
2009,303,2.93,-7.25
2009,304,1.63,0.4700000000000273
2009,305,0.0,2.150000000000034
2009,306,0.0,0.9900000000000091
2009,307,0.0,3.6200000000000045
2009,308,0.0,5.420000000000016
2009,309,0.0,7.3799999999999955
2009,310,0.0,7.0
2009,311,0.0,6.660000000000025
2009,312,0.0,5.740000000000009
2009,313,0.0,2.920000000000016
2009,314,0.0,3.830000000000041
2009,315,0.0,5.310000000000002
2009,316,0.0,6.03000000000003
2009,317,0.0,4.010000000000048
2009,318,1.42,-0.2699999999999818
2009,319,18.38,-5.839999999999975
2009,320,0.51,-8.779999999999973
2009,321,1.76,-1.6299999999999955
2009,322,0.22,0.35000000000002274
2009,323,0.0,-1.6599999999999682
2009,324,0.0,-3.0
2009,325,0.0,-0.15999999999996817
2009,326,0.0,-2.3899999999999864
2009,327,0.0,-4.659999999999968
2009,328,0.0,-7.7099999999999795
2009,329,0.02,-2.3700000000000045
2009,330,0.0,0.2300000000000182
2009,331,0.0,1.150000000000034
2009,332,0.0,-0.13999999999998636
2009,333,0.0,-4.3700000000000045
2009,334,0.0,-2.659999999999968
2009,335,0.0,-0.2999999999999545
2009,336,0.82,-8.75
2009,337,1.07,-16.269999999999982
2009,338,0.0,-16.539999999999964
2009,339,0.0,-7.949999999999989
2009,340,2.31,-13.319999999999993
2009,341,0.0,-13.989999999999952
2009,342,1.87,-8.659999999999968
2009,343,0.0,-16.849999999999966
2009,344,0.84,-14.919999999999959
2009,345,0.0,-9.75
2009,346,0.0,-6.279999999999973
2009,347,0.14,-3.7399999999999523
2009,348,0.03,-5.46999999999997
2009,349,0.0,-6.67999999999995
2009,350,0.0,-0.6399999999999864
2009,351,0.0,-1.2099999999999795
2009,352,0.0,-5.5
2009,353,0.0,-6.71999999999997
2009,354,0.0,-2.1999999999999886
2009,355,0.0,-1.0299999999999727
2009,356,0.0,-2.079999999999984
2009,357,4.71,-4.599999999999966
2009,358,1.46,-12.17999999999995
2009,359,0.0,-14.599999999999966
2009,360,0.06,-12.279999999999973
2009,361,0.0,-9.419999999999959
2009,362,0.0,-9.349999999999966
2009,363,0.0,-6.169999999999959
2009,364,0.0,-7.789999999999964
2009,365,0.0,-11.46999999999997
2010,1,0.0,-6.609999999999957
2010,2,0.0,-3.769999999999982
2010,3,0.14,-7.889999999999986
2010,4,0.0,-9.139999999999986
2010,5,0.0,-5.449999999999989
2010,6,0.0,-4.189999999999998
2010,7,0.99,-15.17999999999995
2010,8,0.0,-13.039999999999964
2010,9,0.0,-5.569999999999993
2010,10,0.0,-4.2999999999999545
2010,11,0.0,-3.909999999999968
2010,12,0.0,-1.1999999999999886
2010,13,0.0,-1.3999999999999773
2010,14,0.0,-2.7399999999999523
2010,15,0.0,-3.659999999999968
2010,16,0.0,-2.5
2010,17,0.0,-0.37000000000000455
2010,18,0.0,-1.919999999999959
2010,19,0.0,-2.9699999999999704
2010,20,0.0,-5.7999999999999545
2010,21,0.06,-5.939999999999998
2010,22,0.17,-0.7299999999999613
2010,23,0.0,-6.329999999999984
2010,24,0.0,-8.799999999999955
2010,25,0.0,-9.25
2010,26,0.0,-6.409999999999968
2010,27,0.17,-4.689999999999998
2010,28,1.29,-4.909999999999968
2010,29,0.0,-6.8700000000000045
2010,30,0.0,-6.0499999999999545
2010,31,0.35,-3.599999999999966
2010,32,0.0,-7.859999999999957
2010,33,0.0,-8.139999999999986
2010,34,1.4,-4.139999999999986
2010,35,0.0,-3.4399999999999977
2010,36,0.0,-6.269999999999982
2010,37,0.0,-5.079999999999984
2010,38,1.5,-6.229999999999961
2010,39,2.41,-7.859999999999957
2010,40,1.54,-12.379999999999995
2010,41,0.55,-8.639999999999986
2010,42,0.13,-8.149999999999977
2010,43,0.11,-7.909999999999968
2010,44,0.47,-5.359999999999957
2010,45,0.55,-8.659999999999968
2010,46,0.13,-12.0
2010,47,0.0,-9.139999999999986
2010,48,0.32,-6.359999999999957
2010,49,0.91,-3.859999999999957
2010,50,1.26,-7.039999999999964
2010,51,1.08,-5.489999999999952
2010,52,1.97,-8.659999999999968
2010,53,1.62,-10.699999999999989
2010,54,0.57,-10.92999999999995
2010,55,0.49,-5.669999999999959
2010,56,2.93,-3.42999999999995
2010,57,3.88,-6.75
2010,58,0.37,-5.1200000000000045
2010,59,0.84,-1.349999999999966
2010,60,1.01,-5.0
2010,61,0.13,-4.609999999999957
2010,62,0.0,-1.919999999999959
2010,63,0.1,-0.8299999999999841
2010,64,0.24,-1.7199999999999704
2010,65,0.13,-2.2899999999999636
2010,66,0.48,0.060000000000002274
2010,67,1.71,1.2000000000000455
2010,68,1.78,-1.6999999999999886
2010,69,3.14,-1.8999999999999773
2010,70,2.84,-5.729999999999961
2010,71,0.48,-4.519999999999982
2010,72,0.0,-0.6999999999999886
2010,73,4.15,-0.2899999999999636
2010,74,5.27,-2.409999999999968
2010,75,0.74,-0.44999999999998863
2010,76,0.13,2.730000000000018
2010,77,1.13,3.920000000000016
2010,78,6.21,-2.919999999999959
2010,79,5.79,-10.870000000000005
2010,80,0.0,-4.599999999999966
2010,81,0.0,-0.2699999999999818
2010,82,9.73,-0.38999999999998636
2010,83,13.68,-4.159999999999968
2010,84,0.43,-5.089999999999975
2010,85,2.19,-1.7799999999999727
2010,86,3.46,-3.6899999999999977
2010,87,1.56,-3.1200000000000045
2010,88,0.35,1.7200000000000273
2010,89,0.0,5.150000000000034
2010,90,0.0,6.080000000000041
2010,91,0.04,3.330000000000041
2010,92,0.02,-5.639999999999986
2010,93,0.0,-4.109999999999957
2010,94,0.0,-0.03999999999996362
2010,95,0.15,2.8700000000000045
2010,96,0.08,0.5600000000000023
2010,97,4.04,-4.829999999999984
2010,98,0.17,-2.0499999999999545
2010,99,0.0,2.7100000000000364
2010,100,0.0,4.240000000000009
2010,101,0.06,5.6299999999999955
2010,102,0.12,7.510000000000048
2010,103,2.68,7.28000000000003
2010,104,0.07,2.9500000000000455
2010,105,0.17,6.390000000000043
2010,106,0.22,4.660000000000025
2010,107,0.24,4.3799999999999955
2010,108,0.19,5.400000000000034
2010,109,0.0,6.57000000000005
2010,110,0.3,7.480000000000018
2010,111,6.92,7.080000000000041
2010,112,16.97,6.960000000000036
2010,113,8.06,2.0
2010,114,3.42,0.8900000000000432
2010,115,2.93,2.5500000000000114
2010,116,3.32,1.330000000000041
2010,117,0.5,3.0100000000000477
2010,118,0.27,8.210000000000036
2010,119,0.84,4.710000000000036
2010,120,0.45,-2.339999999999975
2010,121,0.11,-1.5299999999999727
2010,122,0.92,0.35000000000002274
2010,123,1.06,1.1899999999999977
2010,124,0.0,6.100000000000023
2010,125,0.0,6.82000000000005
2010,126,0.23,7.990000000000009
2010,127,0.31,1.410000000000025
2010,128,0.0,2.680000000000007
2010,129,0.22,8.160000000000025
2010,130,0.3,8.230000000000018
2010,131,1.52,5.5
2010,132,5.53,2.8000000000000114
2010,133,7.95,1.0900000000000318
2010,134,10.34,4.230000000000018
2010,135,4.43,5.090000000000032
2010,136,1.03,5.2900000000000205
2010,137,0.0,8.0
2010,138,0.02,10.29000000000002
2010,139,0.45,6.710000000000036
2010,140,0.52,7.560000000000002
2010,141,0.0,10.650000000000034
2010,142,0.0,13.310000000000002
2010,143,0.0,11.340000000000032
2010,144,0.0,9.75
2010,145,0.11,5.590000000000032
2010,146,0.13,10.110000000000014
2010,147,0.0,13.670000000000016
2010,148,0.0,16.140000000000043
2010,149,0.2,15.420000000000016
2010,150,0.37,9.490000000000009
2010,151,0.13,10.550000000000011
2010,152,0.0,13.580000000000041
2010,153,0.11,12.760000000000048
2010,154,0.13,13.560000000000002
2010,155,0.0,16.260000000000048
2010,156,0.63,18.439999999999998
2010,157,0.98,18.57000000000005
2010,158,0.0,20.220000000000027
2010,159,0.31,18.590000000000032
2010,160,0.48,17.710000000000036
2010,161,0.3,18.840000000000032
2010,162,7.25,15.550000000000011
2010,163,14.54,10.75
2010,164,8.47,8.25
2010,165,6.95,8.490000000000009
2010,166,1.69,10.730000000000018
2010,167,0.0,15.230000000000018
2010,168,0.0,15.230000000000018
2010,169,0.0,15.200000000000045
2010,170,0.0,16.77000000000004
2010,171,0.0,17.090000000000032
2010,172,0.0,16.25
2010,173,0.0,17.450000000000045
2010,174,0.0,15.910000000000025
2010,175,0.0,17.0
2010,176,0.41,19.29000000000002
2010,177,2.59,18.230000000000018
2010,178,3.94,16.110000000000014
2010,179,1.42,16.680000000000007
2010,180,0.79,17.52000000000004
2010,181,0.19,17.03000000000003
2010,182,0.5,17.590000000000032
2010,183,1.18,18.29000000000002
2010,184,1.13,18.660000000000025
2010,185,2.29,17.170000000000016
2010,186,4.84,14.129999999999995
2010,187,1.19,15.920000000000016
2010,188,2.09,14.640000000000043
2010,189,2.29,13.460000000000036
2010,190,1.18,14.170000000000016
2010,191,0.71,16.49000000000001
2010,192,1.64,16.200000000000045
2010,193,1.02,16.49000000000001
2010,194,0.0,19.0
2010,195,0.1,20.720000000000027
2010,196,0.13,19.680000000000007
2010,197,0.0,19.49000000000001
2010,198,0.0,20.600000000000023
2010,199,0.1,20.840000000000032
2010,200,0.72,20.420000000000016
2010,201,8.66,19.879999999999995
2010,202,12.01,18.260000000000048
2010,203,2.52,18.55000000000001
2010,204,2.19,18.810000000000002
2010,205,0.07,18.420000000000016
2010,206,0.22,17.24000000000001
2010,207,0.26,18.680000000000007
2010,208,2.22,19.930000000000007
2010,209,4.4,18.620000000000005
2010,210,2.75,18.689999999999998
2010,211,4.88,18.24000000000001
2010,212,4.24,17.980000000000018
2010,213,5.2,19.060000000000002
2010,214,8.3,17.210000000000036
2010,215,5.77,17.700000000000045
2010,216,3.0,17.370000000000005
2010,217,2.61,16.07000000000005
2010,218,3.82,16.660000000000025
2010,219,3.26,17.590000000000032
2010,220,4.1,17.600000000000023
2010,221,7.76,17.78000000000003
2010,222,6.14,16.150000000000034
2010,223,0.0,17.660000000000025
2010,224,1.1,18.140000000000043
2010,225,1.21,16.600000000000023
2010,226,0.0,16.83000000000004
2010,227,0.5,15.57000000000005
2010,228,2.81,17.660000000000025
2010,229,1.55,15.670000000000016
2010,230,0.13,18.03000000000003
2010,231,2.93,18.5
2010,232,3.8,15.57000000000005
2010,233,0.11,16.689999999999998
2010,234,0.15,18.879999999999995
2010,235,0.31,19.28000000000003
2010,236,0.5,14.700000000000045
2010,237,0.77,15.610000000000014
2010,238,0.0,17.25
2010,239,0.0,18.04000000000002
2010,240,0.0,17.55000000000001
2010,241,0.0,16.03000000000003
2010,242,0.05,15.629999999999995
2010,243,0.12,13.960000000000036
2010,244,0.27,13.980000000000018
2010,245,0.16,13.54000000000002
2010,246,0.0,11.710000000000036
2010,247,0.0,15.689999999999998
2010,248,0.0,16.890000000000043
2010,249,0.0,14.939999999999998
2010,250,0.0,11.590000000000032
2010,251,0.0,15.470000000000027
2010,252,0.0,14.680000000000007
2010,253,0.0,12.240000000000009
2010,254,0.11,10.5
2010,255,0.18,13.53000000000003
2010,256,0.0,15.020000000000039
2010,257,0.0,16.03000000000003
2010,258,0.04,15.350000000000023
2010,259,0.05,14.240000000000009
2010,260,0.0,15.720000000000027
2010,261,0.0,16.53000000000003
2010,262,0.0,16.860000000000014
2010,263,0.04,17.350000000000023
2010,264,0.73,15.5
2010,265,1.1,15.230000000000018
2010,266,1.53,12.220000000000027
2010,267,0.01,11.310000000000002
2010,268,0.05,13.07000000000005
2010,269,0.0,14.670000000000016
2010,270,0.0,16.610000000000014
2010,271,0.0,15.950000000000045
2010,272,0.0,16.670000000000016
2010,273,0.0,13.140000000000043
2010,274,0.0,14.420000000000016
2010,275,0.0,12.060000000000002
2010,276,0.0,13.150000000000034
2010,277,0.22,13.210000000000036
2010,278,0.24,12.730000000000018
2010,279,1.64,13.150000000000034
2010,280,3.24,12.260000000000048
2010,281,0.52,11.57000000000005
2010,282,0.1,5.480000000000018
2010,283,0.81,5.439999999999998
2010,284,1.4,6.660000000000025
2010,285,3.29,6.07000000000005
2010,286,3.75,5.640000000000043
2010,287,0.0,9.210000000000036
2010,288,0.0,10.620000000000005
2010,289,0.0,9.760000000000048
2010,290,0.0,9.29000000000002
2010,291,0.31,9.25
2010,292,0.45,6.680000000000007
2010,293,0.0,8.150000000000034
2010,294,0.2,8.470000000000027
2010,295,2.53,6.100000000000023
2010,296,2.28,5.560000000000002
2010,297,0.0,5.150000000000034
2010,298,1.03,6.2900000000000205
2010,299,1.65,-2.7999999999999545
2010,300,0.13,-4.609999999999957
2010,301,0.0,-0.5299999999999727
2010,302,0.0,6.260000000000048
2010,303,0.11,7.32000000000005
2010,304,0.23,5.03000000000003
2010,305,0.16,2.390000000000043
2010,306,0.09,3.57000000000005
2010,307,0.0,4.930000000000007
2010,308,0.0,3.3600000000000136
2010,309,0.0,5.78000000000003
2010,310,0.0,6.920000000000016
2010,311,0.0,7.180000000000007
2010,312,0.0,4.890000000000043
2010,313,1.98,3.4600000000000364
2010,314,2.45,-3.6999999999999886
2010,315,0.81,-2.569999999999993
2010,316,0.47,-5.569999999999993
2010,317,0.0,-5.579999999999984
2010,318,0.12,-6.1200000000000045
2010,319,0.89,-4.649999999999977
2010,320,1.47,-3.25
2010,321,0.5,-3.839999999999975
2010,322,0.0,-0.6599999999999682
2010,323,0.0,3.090000000000032
2010,324,0.0,2.650000000000034
2010,325,0.25,1.670000000000016
2010,326,0.41,-2.9399999999999977
2010,327,0.0,-5.909999999999968
2010,328,0.1,-4.829999999999984
2010,329,0.27,-12.539999999999964
2010,330,0.41,-6.4599999999999795
2010,331,0.09,-2.4699999999999704
2010,332,0.37,-2.109999999999957
2010,333,0.51,-7.529999999999973
2010,334,0.01,-10.45999999999998
2010,335,0.05,-3.0
2010,336,0.0,-0.6699999999999591
2010,337,0.22,2.390000000000043
2010,338,0.3,0.4500000000000455
2010,339,0.0,-0.14999999999997726
2010,340,0.0,-0.6999999999999886
2010,341,0.04,-1.7899999999999636
2010,342,0.0,-1.2099999999999795
2010,343,0.0,0.9800000000000182
2010,344,0.44,-0.7599999999999909
2010,345,0.57,-4.149999999999977
2010,346,0.41,-5.509999999999991
2010,347,0.73,1.6299999999999955
2010,348,0.18,1.6200000000000045
2010,349,0.27,1.07000000000005
2010,350,0.44,-5.67999999999995
2010,351,0.35,-8.449999999999989
2010,352,0.45,-6.560000000000002
2010,353,0.24,-1.759999999999991
2010,354,0.11,2.5600000000000023
2010,355,0.13,0.29000000000002046
2010,356,0.0,-0.9499999999999886
2010,357,0.0,1.1100000000000136
2010,358,0.0,-2.069999999999993
2010,359,0.0,-3.019999999999982
2010,360,0.0,-0.9899999999999523
2010,361,0.0,-2.8999999999999773
2010,362,0.11,-4.279999999999973
2010,363,0.13,-3.509999999999991
2010,364,3.48,-5.139999999999986
2010,365,4.09,-16.42999999999995
2011,1,0.0,-19.20999999999998
2011,2,0.0,-11.899999999999977
2011,3,0.0,-7.96999999999997
2011,4,0.0,-8.689999999999998
2011,5,0.09,-7.329999999999984
2011,6,0.13,-4.2099999999999795
2011,7,0.0,-1.4099999999999682
2011,8,0.0,-2.0499999999999545
2011,9,3.7,-3.7899999999999636
2011,10,4.99,-12.560000000000002
2011,11,0.0,-16.289999999999964
2011,12,0.12,-9.599999999999966
2011,13,0.16,-3.769999999999982
2011,14,0.1,-2.1999999999999886
2011,15,0.0,-2.7099999999999795
2011,16,0.2,-2.9899999999999523
2011,17,0.7,0.9700000000000273
2011,18,0.7,-2.9499999999999886
2011,19,0.86,-3.849999999999966
2011,20,1.61,-10.009999999999991
2011,21,0.27,-5.310000000000002
2011,22,0.28,-5.5
2011,23,0.37,-9.089999999999975
2011,24,0.65,-7.859999999999957
2011,25,0.52,-8.139999999999986
2011,26,0.15,-6.829999999999984
2011,27,0.0,-3.9899999999999523
2011,28,0.0,-0.5799999999999841
2011,29,0.0,0.9399999999999977
2011,30,0.0,-0.9799999999999613
2011,31,1.37,-4.169999999999959
2011,32,1.85,-17.94999999999999
2011,33,0.13,-23.71999999999997
2011,34,1.12,-15.829999999999984
2011,35,1.52,-6.0499999999999545
2011,36,4.36,-4.689999999999998
2011,37,7.96,-9.579999999999984
2011,38,5.87,-10.189999999999998
2011,39,5.64,-11.899999999999977
2011,40,0.38,-19.589999999999975
2011,41,0.35,-13.349999999999966
2011,42,0.4,-7.919999999999959
2011,43,0.0,-4.349999999999966
2011,44,0.0,-0.009999999999990905
2011,45,0.0,0.8400000000000318
2011,46,0.0,1.410000000000025
2011,47,0.0,2.140000000000043
2011,48,0.0,0.660000000000025
2011,49,0.0,-1.8599999999999568
2011,50,1.41,0.8500000000000227
2011,51,2.3,-0.6899999999999977
2011,52,0.0,-6.96999999999997
2011,53,0.0,-4.989999999999952
2011,54,0.0,-2.9799999999999613
2011,55,0.4,-3.0499999999999545
2011,56,0.44,-4.229999999999961
2011,57,0.13,-1.349999999999966
2011,58,0.17,-1.0299999999999727
2011,59,0.0,-1.9899999999999523
2011,60,0.0,1.1100000000000136
2011,61,0.0,1.9500000000000455
2011,62,0.09,2.0600000000000023
2011,63,0.35,-1.67999999999995
2011,64,0.16,-4.359999999999957
2011,65,0.65,-1.6899999999999977
2011,66,1.19,-1.1299999999999955
2011,67,0.67,-3.1499999999999773
2011,68,0.36,-4.359999999999957
2011,69,0.13,-0.4199999999999591
2011,70,0.0,3.2200000000000273
2011,71,0.24,2.8500000000000227
2011,72,0.42,0.9700000000000273
2011,73,0.0,0.8300000000000409
2011,74,0.0,2.1200000000000045
2011,75,0.0,4.180000000000007
2011,76,3.56,6.53000000000003
2011,77,5.49,2.1200000000000045
2011,78,0.66,4.080000000000041
2011,79,0.0,3.990000000000009
2011,80,0.0,5.2900000000000205
2011,81,0.0,2.3000000000000114
2011,82,0.0,-1.9499999999999886
2011,83,0.0,0.30000000000001137
2011,84,0.09,-0.9599999999999795
2011,85,0.37,-1.5299999999999727
2011,86,1.41,-0.42999999999995
2011,87,2.33,-0.3299999999999841
2011,88,1.52,-1.5499999999999545
2011,89,0.13,-1.829999999999984
2011,90,0.11,2.6299999999999955
2011,91,0.15,5.080000000000041
2011,92,0.08,7.240000000000009
2011,93,1.71,7.920000000000016
2011,94,2.25,-3.3899999999999864
2011,95,0.11,2.9600000000000364
2011,96,0.43,5.810000000000002
2011,97,0.53,4.0400000000000205
2011,98,0.0,4.720000000000027
2011,99,0.0,6.1299999999999955
2011,100,0.0,1.4399999999999977
2011,101,0.0,-0.009999999999990905
2011,102,0.0,5.680000000000007
2011,103,2.63,4.350000000000023
2011,104,5.51,1.5
2011,105,0.05,-2.1399999999999864
2011,106,0.0,1.5100000000000477
2011,107,0.09,5.020000000000039
2011,108,1.52,7.78000000000003
2011,109,2.15,5.3700000000000045
2011,110,0.43,3.3500000000000227
2011,111,0.86,6.110000000000014
2011,112,0.6,4.220000000000027
2011,113,1.45,2.0100000000000477
2011,114,4.35,3.5
2011,115,4.9,2.3500000000000227
2011,116,1.5,1.5600000000000023
2011,117,0.61,-0.4399999999999977
2011,118,0.05,1.9300000000000068
2011,119,0.66,6.3700000000000045
2011,120,5.52,-0.6499999999999773
2011,121,8.0,-2.2799999999999727
2011,122,1.17,-2.0499999999999545
2011,123,0.39,1.400000000000034
2011,124,0.15,5.850000000000023
2011,125,0.0,4.470000000000027
2011,126,0.11,8.53000000000003
2011,127,0.18,10.629999999999995
2011,128,0.0,11.879999999999995
2011,129,0.0,10.980000000000018
2011,130,1.46,7.610000000000014
2011,131,17.16,5.020000000000039
2011,132,7.97,2.4600000000000364
2011,133,0.95,5.770000000000039
2011,134,3.26,6.460000000000036
2011,135,6.41,4.240000000000009
2011,136,0.54,7.980000000000018
2011,137,0.14,9.580000000000041
2011,138,2.68,6.07000000000005
2011,139,8.18,5.050000000000011
2011,140,6.32,3.32000000000005
2011,141,1.65,5.230000000000018
2011,142,0.17,8.370000000000005
2011,143,1.25,10.490000000000009
2011,144,3.44,8.53000000000003
2011,145,2.86,6.57000000000005
2011,146,0.0,9.910000000000025
2011,147,0.0,10.510000000000048
2011,148,0.01,11.310000000000002
2011,149,0.05,13.700000000000045
2011,150,0.0,11.950000000000045
2011,151,0.0,7.810000000000002
2011,152,0.0,14.970000000000027
2011,153,0.0,16.650000000000034
2011,154,0.0,14.200000000000045
2011,155,0.0,13.680000000000007
2011,156,0.0,16.410000000000025
2011,157,0.0,17.430000000000007
2011,158,0.0,15.720000000000027
2011,159,0.12,14.210000000000036
2011,160,0.2,13.430000000000007
2011,161,0.65,11.520000000000039
2011,162,0.86,14.120000000000005
2011,163,0.0,14.760000000000048
2011,164,0.11,14.710000000000036
2011,165,0.22,13.850000000000023
2011,166,0.0,13.770000000000039
2011,167,0.0,16.629999999999995
2011,168,0.94,14.830000000000041
2011,169,1.21,13.330000000000041
2011,170,13.33,14.300000000000011
2011,171,15.34,10.410000000000025
2011,172,2.18,10.430000000000007
2011,173,0.0,13.620000000000005
2011,174,0.0,16.83000000000004
2011,175,0.0,18.370000000000005
2011,176,0.0,18.03000000000003
2011,177,0.0,17.960000000000036
2011,178,0.26,15.79000000000002
2011,179,0.54,17.879999999999995
2011,180,0.11,20.33000000000004
2011,181,2.23,19.640000000000043
2011,182,3.78,16.170000000000016
2011,183,0.34,17.79000000000002
2011,184,0.6,19.08000000000004
2011,185,0.0,20.220000000000027
2011,186,0.56,19.360000000000014
2011,187,3.79,18.730000000000018
2011,188,8.86,18.30000000000001
2011,189,8.06,18.33000000000004
2011,190,2.77,18.670000000000016
2011,191,3.72,18.689999999999998
2011,192,7.49,18.150000000000034
2011,193,10.12,17.170000000000016
2011,194,10.41,18.04000000000002
2011,195,9.23,19.370000000000005
2011,196,5.11,19.140000000000043
2011,197,0.53,20.170000000000016
2011,198,0.4,21.04000000000002
2011,199,0.61,21.090000000000032
2011,200,3.04,21.090000000000032
2011,201,3.6,19.55000000000001
2011,202,1.93,19.379999999999995
2011,203,1.32,19.510000000000048
2011,204,0.27,20.420000000000016
2011,205,0.58,19.970000000000027
2011,206,0.41,20.07000000000005
2011,207,3.59,20.05000000000001
2011,208,4.69,18.230000000000018
2011,209,2.28,18.58000000000004
2011,210,1.07,18.160000000000025
2011,211,0.77,19.260000000000048
2011,212,0.0,19.960000000000036
2011,213,1.94,19.720000000000027
2011,214,10.83,18.49000000000001
2011,215,16.89,16.480000000000018
2011,216,6.48,17.920000000000016
2011,217,2.77,17.640000000000043
2011,218,0.63,18.620000000000005
2011,219,0.0,18.910000000000025
2011,220,0.0,17.890000000000043
2011,221,0.0,17.660000000000025
2011,222,0.0,17.689999999999998
2011,223,0.21,18.180000000000007
2011,224,0.41,18.150000000000034
2011,225,1.03,18.100000000000023
2011,226,1.65,18.99000000000001
2011,227,0.95,18.0
2011,228,0.93,18.390000000000043
2011,229,1.27,18.24000000000001
2011,230,0.09,19.689999999999998
2011,231,1.04,19.850000000000023
2011,232,2.05,17.689999999999998
2011,233,2.11,18.77000000000004
2011,234,0.78,19.160000000000025
2011,235,0.95,19.890000000000043
2011,236,0.77,21.210000000000036
2011,237,0.89,20.189999999999998
2011,238,1.58,19.710000000000036
2011,239,2.95,19.060000000000002
2011,240,2.53,19.660000000000025
2011,241,0.67,17.52000000000004
2011,242,0.3,17.80000000000001
2011,243,0.44,18.75
2011,244,0.24,19.210000000000036
2011,245,1.29,18.879999999999995
2011,246,1.49,16.090000000000032
2011,247,0.17,12.210000000000036
2011,248,0.18,14.310000000000002
2011,249,2.73,15.590000000000032
2011,250,6.66,10.360000000000014
2011,251,3.17,10.490000000000009
2011,252,0.36,11.610000000000014
2011,253,0.17,11.480000000000018
2011,254,0.2,12.82000000000005
2011,255,0.24,14.360000000000014
2011,256,0.62,13.860000000000014
2011,257,7.54,12.090000000000032
2011,258,12.91,9.760000000000048
2011,259,0.77,10.560000000000002
2011,260,0.53,11.340000000000032
2011,261,0.43,9.439999999999998
2011,262,0.11,11.620000000000005
2011,263,0.18,12.53000000000003
2011,264,0.11,10.400000000000034
2011,265,0.18,9.870000000000005
2011,266,0.0,12.770000000000039
2011,267,0.11,14.930000000000007
2011,268,0.35,14.879999999999995
2011,269,0.16,15.450000000000045
2011,270,0.0,14.850000000000023
2011,271,0.0,14.960000000000036
2011,272,0.0,13.020000000000039
2011,273,0.0,12.310000000000002
2011,274,0.12,14.5
2011,275,0.16,15.140000000000043
2011,276,0.05,14.29000000000002
2011,277,0.82,13.710000000000036
2011,278,1.38,10.470000000000027
2011,279,0.12,9.379999999999995
2011,280,2.28,4.0400000000000205
2011,281,5.72,3.4399999999999977
2011,282,3.02,1.2300000000000182
2011,283,0.0,3.920000000000016
2011,284,0.0,6.050000000000011
2011,285,0.0,6.270000000000039
2011,286,0.0,8.350000000000023
2011,287,0.0,9.600000000000023
2011,288,0.0,10.439999999999998
2011,289,0.13,11.800000000000011
2011,290,0.7,8.04000000000002
2011,291,1.0,1.5
2011,292,0.0,3.140000000000043
2011,293,0.0,6.760000000000048
2011,294,0.0,6.890000000000043
2011,295,0.0,6.610000000000014
2011,296,0.0,7.2000000000000455
2011,297,0.0,8.810000000000002
2011,298,4.93,8.330000000000041
2011,299,8.24,0.8900000000000432
2011,300,4.28,-5.339999999999975
2011,301,0.74,-5.339999999999975
2011,302,0.1,-0.4399999999999977
2011,303,0.0,0.3300000000000409
2011,304,0.0,2.660000000000025
2011,305,5.37,2.430000000000007
2011,306,12.83,-3.7399999999999523
2011,307,0.75,-5.109999999999957
2011,308,0.0,0.7200000000000273
2011,309,0.24,2.1899999999999977
2011,310,0.4,-4.9599999999999795
2011,311,0.28,-5.0499999999999545
2011,312,0.33,-5.349999999999966
2011,313,0.0,-7.039999999999964
2011,314,0.4,-3.5
2011,315,0.76,0.07000000000005002
2011,316,0.43,1.07000000000005
2011,317,0.13,1.4300000000000068
2011,318,0.0,-0.8700000000000045
2011,319,0.0,-1.4899999999999523
2011,320,0.0,-3.9899999999999523
2011,321,0.0,-3.9599999999999795
2011,322,0.0,0.7100000000000364
2011,323,0.0,1.1400000000000432
2011,324,0.24,-0.48999999999995225
2011,325,0.3,0.5100000000000477
2011,326,0.0,-0.2699999999999818
2011,327,0.02,1.9500000000000455
2011,328,0.04,3.6299999999999955
2011,329,0.13,1.7700000000000387
2011,330,0.13,-5.019999999999982
2011,331,0.0,-2.269999999999982
2011,332,0.0,3.6100000000000136
2011,333,0.0,0.6299999999999955
2011,334,0.0,1.6299999999999955
2011,335,1.99,-3.4699999999999704
2011,336,0.2,-6.359999999999957
2011,337,0.3,-8.560000000000002
2011,338,0.4,-12.45999999999998
2011,339,1.82,-15.579999999999984
2011,340,0.0,-15.289999999999964
2011,341,0.03,-4.729999999999961
2011,342,0.0,-4.599999999999966
2011,343,0.0,-7.409999999999968
2011,344,0.0,-6.0499999999999545
2011,345,0.0,-5.479999999999961
2011,346,0.0,-5.199999999999989
2011,347,0.03,-2.7299999999999613
2011,348,0.0,-4.1200000000000045
2011,349,0.0,-8.129999999999995
2011,350,0.0,-7.639999999999986
2011,351,0.0,-2.9499999999999886
2011,352,0.0,0.6100000000000136
2011,353,1.71,-2.419999999999959
2011,354,2.77,-6.169999999999959
2011,355,6.83,-4.779999999999973
2011,356,11.37,-8.339999999999975
2011,357,0.94,-11.659999999999968
2011,358,0.16,-6.989999999999952
2011,359,0.21,-5.409999999999968
2011,360,0.15,-2.6200000000000045
2011,361,0.04,-4.009999999999991
2011,362,0.12,-3.1200000000000045
2011,363,1.05,0.8600000000000136
2011,364,1.31,-0.45999999999997954
2011,365,0.13,-1.7999999999999545
2012,1,0.0,-6.17999999999995
2012,2,0.0,-2.4699999999999704
2012,3,0.0,0.910000000000025
2012,4,0.0,-1.1399999999999864
2012,5,0.0,1.420000000000016
2012,6,0.0,0.5
2012,7,2.87,-3.669999999999959
2012,8,3.67,-7.329999999999984
2012,9,0.0,-5.92999999999995
2012,10,0.0,-1.9099999999999682
2012,11,1.35,-5.6299999999999955
2012,12,1.63,-12.189999999999998
2012,13,0.0,-8.939999999999998
2012,14,0.0,-4.42999999999995
2012,15,0.0,-1.4599999999999795
2012,16,0.45,-3.329999999999984
2012,17,0.51,-11.019999999999982
2012,18,0.0,-8.339999999999975
2012,19,0.0,-0.2699999999999818
2012,20,0.0,0.5600000000000023
2012,21,0.0,-1.6399999999999864
2012,22,0.0,-2.409999999999968
2012,23,0.0,-5.389999999999986
2012,24,0.0,-3.9699999999999704
2012,25,0.0,-4.21999999999997
2012,26,0.03,-1.3599999999999568
2012,27,0.03,-3.75
2012,28,0.0,-8.879999999999995
2012,29,0.0,-3.349999999999966
2012,30,0.0,-0.6499999999999773
2012,31,0.0,-2.2999999999999545
2012,32,0.0,-3.7299999999999613
2012,33,4.07,-2.9499999999999886
2012,34,7.61,-5.919999999999959
2012,35,5.15,-8.629999999999995
2012,36,0.0,-10.21999999999997
2012,37,1.71,-8.239999999999952
2012,38,1.63,-9.620000000000005
2012,39,0.0,-6.75
2012,40,0.0,-4.349999999999966
2012,41,0.0,-7.5
2012,42,0.0,-5.5
2012,43,0.21,-3.359999999999957
2012,44,0.21,-4.25
2012,45,0.0,-5.849999999999966
2012,46,0.0,-6.5
2012,47,0.0,-6.479999999999961
2012,48,0.0,-6.659999999999968
2012,49,0.0,-8.310000000000002
2012,50,0.0,-5.3799999999999955
2012,51,0.08,-7.42999999999995
2012,52,0.0,-7.489999999999952
2012,53,0.0,-1.169999999999959
2012,54,4.11,-2.569999999999993
2012,55,0.0,-10.919999999999959
2012,56,0.0,-3.599999999999966
2012,57,0.0,-6.069999999999993
2012,58,0.12,-6.96999999999997
2012,59,0.38,-2.109999999999957
2012,60,0.0,-5.579999999999984
2012,61,0.0,-4.189999999999998
2012,62,0.0,-8.839999999999975
2012,63,0.0,-10.899999999999977
2012,64,0.0,-2.75
2012,65,0.0,0.6000000000000227
2012,66,0.0,1.400000000000034
2012,67,0.0,0.8900000000000432
2012,68,0.0,-4.329999999999984
2012,69,0.0,-2.3700000000000045
2012,70,0.0,0.6299999999999955
2012,71,0.0,1.7100000000000364
2012,72,0.0,2.1100000000000136
2012,73,0.0,3.32000000000005
2012,74,0.0,3.660000000000025
2012,75,0.0,4.010000000000048
2012,76,0.0,5.330000000000041
2012,77,0.0,6.050000000000011
2012,78,0.0,4.980000000000018
2012,79,0.0,-1.919999999999959
2012,80,0.0,-4.029999999999973
2012,81,0.0,-1.599999999999966
2012,82,0.0,2.580000000000041
2012,83,0.0,5.460000000000036
2012,84,0.0,8.050000000000011
2012,85,0.0,8.150000000000034
2012,86,0.0,8.450000000000045
2012,87,0.0,5.230000000000018
2012,88,0.0,7.050000000000011
2012,89,0.0,7.060000000000002
2012,90,0.0,7.07000000000005
2012,91,0.0,9.600000000000023
2012,92,0.0,10.939999999999998
2012,93,1.85,5.110000000000014
2012,94,5.96,-3.519999999999982
2012,95,4.01,0.57000000000005
2012,96,0.0,5.2000000000000455
2012,97,0.0,6.400000000000034
2012,98,0.0,2.1000000000000227
2012,99,0.0,4.550000000000011
2012,100,0.0,6.730000000000018
2012,101,0.0,9.370000000000005
2012,102,0.34,10.82000000000005
2012,103,0.79,7.650000000000034
2012,104,0.0,3.5300000000000296
2012,105,10.25,5.140000000000043
2012,106,9.23,0.7600000000000477
2012,107,0.4,0.7000000000000455
2012,108,0.0,3.910000000000025
2012,109,0.0,7.300000000000011
2012,110,0.0,7.140000000000043
2012,111,0.0,5.400000000000034
2012,112,0.0,8.930000000000007
2012,113,0.0,10.670000000000016
2012,114,0.0,12.080000000000041
2012,115,0.0,14.100000000000023
2012,116,0.0,13.78000000000003
2012,117,1.24,13.210000000000036
2012,118,1.19,9.490000000000009
2012,119,0.0,4.439999999999998
2012,120,0.0,5.860000000000014
2012,121,0.0,7.730000000000018
2012,122,0.0,10.460000000000036
2012,123,0.0,11.210000000000036
2012,124,0.0,12.189999999999998
2012,125,0.0,13.810000000000002
2012,126,0.16,13.990000000000009
2012,127,6.68,9.78000000000003
2012,128,9.77,4.010000000000048
2012,129,1.02,3.7600000000000477
2012,130,0.0,8.460000000000036
2012,131,0.0,11.360000000000014
2012,132,4.05,7.53000000000003
2012,133,7.92,5.770000000000039
2012,134,7.26,7.660000000000025
2012,135,2.08,7.900000000000034
2012,136,0.0,11.650000000000034
2012,137,0.16,13.060000000000002
2012,138,0.15,12.460000000000036
2012,139,0.9,13.870000000000005
2012,140,3.9,9.770000000000039
2012,141,2.03,8.980000000000018
2012,142,0.0,13.310000000000002
2012,143,0.0,16.05000000000001
2012,144,3.92,14.900000000000034
2012,145,3.02,8.420000000000016
2012,146,0.0,10.490000000000009
2012,147,0.0,14.830000000000041
2012,148,0.0,10.689999999999998
2012,149,0.0,7.010000000000048
2012,150,0.0,10.879999999999995
2012,151,0.0,13.240000000000009
2012,152,0.0,12.180000000000007
2012,153,0.0,14.640000000000043
2012,154,0.26,16.200000000000045
2012,155,0.13,16.730000000000018
2012,156,0.19,18.140000000000043
2012,157,0.14,16.710000000000036
2012,158,0.15,16.590000000000032
2012,159,0.27,16.5
2012,160,0.13,16.28000000000003
2012,161,0.0,17.689999999999998
2012,162,0.0,14.960000000000036
2012,163,0.0,11.650000000000034
2012,164,0.0,14.360000000000014
2012,165,0.0,16.27000000000004
2012,166,0.0,17.970000000000027
2012,167,0.0,16.879999999999995
2012,168,1.25,16.0
2012,169,0.65,17.420000000000016
2012,170,0.0,19.470000000000027
2012,171,0.0,19.700000000000045
2012,172,0.0,17.200000000000045
2012,173,0.0,14.520000000000039
2012,174,0.0,19.680000000000007
2012,175,0.0,21.02000000000004
2012,176,0.0,22.620000000000005
2012,177,0.0,22.310000000000002
2012,178,0.76,22.189999999999998
2012,179,1.34,21.07000000000005
2012,180,2.86,20.49000000000001
2012,181,1.14,20.25
2012,182,0.0,20.49000000000001
2012,183,0.0,21.370000000000005
2012,184,0.0,21.33000000000004
2012,185,1.53,20.189999999999998
2012,186,1.46,19.910000000000025
2012,187,0.0,20.230000000000018
2012,188,10.58,18.77000000000004
2012,189,19.0,16.890000000000043
2012,190,10.16,16.49000000000001
2012,191,5.22,15.379999999999995
2012,192,1.48,15.860000000000014
2012,193,0.0,17.110000000000014
2012,194,0.45,18.850000000000023
2012,195,0.63,19.29000000000002
2012,196,0.13,19.439999999999998
2012,197,3.04,19.53000000000003
2012,198,0.82,18.74000000000001
2012,199,0.89,18.29000000000002
2012,200,1.16,19.07000000000005
2012,201,0.64,20.210000000000036
2012,202,0.27,20.960000000000036
2012,203,0.26,21.03000000000003
2012,204,0.22,20.689999999999998
2012,205,1.12,20.410000000000025
2012,206,0.62,20.420000000000016
2012,207,0.23,19.24000000000001
2012,208,0.13,18.05000000000001
2012,209,4.63,18.970000000000027
2012,210,7.2,18.689999999999998
2012,211,7.06,19.560000000000002
2012,212,14.49,18.660000000000025
2012,213,9.46,19.27000000000004
2012,214,1.16,20.129999999999995
2012,215,3.42,17.930000000000007
2012,216,1.16,18.590000000000032
2012,217,0.0,17.660000000000025
2012,218,0.05,17.360000000000014
2012,219,0.31,19.82000000000005
2012,220,3.26,18.75
2012,221,2.82,19.08000000000004
2012,222,0.08,20.010000000000048
2012,223,0.64,20.340000000000032
2012,224,0.61,19.360000000000014
2012,225,0.0,16.75
2012,226,0.81,17.220000000000027
2012,227,0.78,16.79000000000002
2012,228,0.22,18.560000000000002
2012,229,1.02,16.629999999999995
2012,230,0.82,18.03000000000003
2012,231,0.0,16.870000000000005
2012,232,0.0,15.379999999999995
2012,233,0.0,15.890000000000043
2012,234,0.0,16.05000000000001
2012,235,0.68,17.920000000000016
2012,236,2.67,17.33000000000004
2012,237,1.59,16.439999999999998
2012,238,0.0,16.33000000000004
2012,239,0.0,17.0
2012,240,0.0,19.30000000000001
2012,241,0.1,19.370000000000005
2012,242,0.0,19.560000000000002
2012,243,0.61,19.480000000000018
2012,244,0.68,17.670000000000016
2012,245,0.0,18.5
2012,246,0.05,18.379999999999995
2012,247,0.13,18.350000000000023
2012,248,0.06,16.900000000000034
2012,249,0.0,16.460000000000036
2012,250,1.12,16.32000000000005
2012,251,0.63,16.220000000000027
2012,252,0.14,11.689999999999998
2012,253,0.0,14.010000000000048
2012,254,0.0,16.689999999999998
2012,255,10.05,17.220000000000027
2012,256,22.53,11.850000000000023
2012,257,5.9,9.32000000000005
2012,258,0.0,10.410000000000025
2012,259,0.0,13.120000000000005
2012,260,0.0,14.770000000000039
2012,261,0.6,12.610000000000014
2012,262,0.39,10.960000000000036
2012,263,0.0,13.53000000000003
2012,264,0.0,13.910000000000025
2012,265,0.0,13.770000000000039
2012,266,0.0,13.730000000000018
2012,267,0.0,14.650000000000034
2012,268,0.0,14.520000000000039
2012,269,3.22,12.180000000000007
2012,270,4.28,9.740000000000009
2012,271,2.23,9.670000000000016
2012,272,0.31,9.379999999999995
2012,273,0.0,11.270000000000039
2012,274,1.3,11.660000000000025
2012,275,0.65,9.770000000000039
2012,276,0.0,11.5
2012,277,0.0,13.100000000000023
2012,278,0.93,7.5
2012,279,0.4,6.830000000000041
2012,280,0.0,-0.0999999999999659
2012,281,0.0,-0.339999999999975
2012,282,0.0,5.5
2012,283,0.0,8.050000000000011
2012,284,0.0,8.390000000000043
2012,285,0.0,11.090000000000032
2012,286,2.27,10.490000000000009
2012,287,0.99,5.720000000000027
2012,288,0.0,6.590000000000032
2012,289,0.0,9.090000000000032
2012,290,0.0,9.939999999999998
2012,291,0.15,6.760000000000048
2012,292,0.0,3.8000000000000114
2012,293,0.0,7.2900000000000205
2012,294,0.0,10.060000000000002
2012,295,0.0,10.080000000000041
2012,296,0.0,8.650000000000034
2012,297,0.0,9.600000000000023
2012,298,0.51,8.220000000000027
2012,299,6.68,-0.9699999999999704
2012,300,1.34,-3.5399999999999636
2012,301,0.0,-1.9899999999999523
2012,302,0.0,1.7700000000000387
2012,303,0.0,5.830000000000041
2012,304,0.0,7.110000000000014
2012,305,0.0,7.189999999999998
2012,306,0.0,7.900000000000034
2012,307,0.0,6.810000000000002
2012,308,0.0,4.32000000000005
2012,309,0.0,4.680000000000007
2012,310,0.0,4.7900000000000205
2012,311,0.0,7.07000000000005
2012,312,0.0,8.050000000000011
2012,313,0.0,7.439999999999998
2012,314,0.04,6.6200000000000045
2012,315,0.01,3.8500000000000227
2012,316,0.0,-6.839999999999975
2012,317,0.0,-6.519999999999982
2012,318,0.0,-0.39999999999997726
2012,319,0.0,0.4800000000000182
2012,320,0.0,0.7100000000000364
2012,321,0.0,1.4500000000000455
2012,322,0.0,3.980000000000018
2012,323,0.0,3.090000000000032
2012,324,0.0,2.240000000000009
2012,325,0.0,3.3100000000000023
2012,326,0.0,5.960000000000036
2012,327,0.0,4.850000000000023
2012,328,0.0,1.57000000000005
2012,329,0.0,4.6299999999999955
2012,330,0.0,3.7000000000000455
2012,331,0.0,-0.44999999999998863
2012,332,0.0,0.8700000000000045
2012,333,0.0,1.9800000000000182
2012,334,0.0,2.6299999999999955
2012,335,0.0,3.2100000000000364
2012,336,0.0,4.590000000000032
2012,337,0.0,3.920000000000016
2012,338,0.03,4.0400000000000205
2012,339,0.0,0.4300000000000068
2012,340,0.02,4.480000000000018
2012,341,0.0,3.330000000000041
2012,342,0.0,-0.5600000000000023
2012,343,0.0,-3.0299999999999727
2012,344,3.28,-7.92999999999995
2012,345,1.32,-11.569999999999993
2012,346,0.42,-8.379999999999995
2012,347,0.0,-3.1200000000000045
2012,348,0.6,-0.46999999999997044
2012,349,0.28,-0.7399999999999523
2012,350,0.0,-2.3799999999999955
2012,351,0.0,-5.899999999999977
2012,352,0.13,-5.659999999999968
2012,353,0.0,-3.2399999999999523
2012,354,4.79,-7.569999999999993
2012,355,0.4,-11.629999999999995
2012,356,0.14,-3.859999999999957
2012,357,0.0,-2.1200000000000045
2012,358,0.04,-3.3700000000000045
2012,359,0.34,-5.159999999999968
2012,360,3.67,-8.599999999999966
2012,361,0.0,-8.319999999999993
2012,362,0.59,-8.859999999999957
2012,363,0.0,-12.060000000000002
2012,364,0.0,-11.269999999999982
2012,365,0.0,-5.329999999999984
2012,366,0.0,-9.479999999999961
2013,1,0.0,-12.979999999999961
2013,2,0.0,-12.95999999999998
2013,3,0.0,-13.409999999999968
2013,4,0.0,-7.46999999999997
2013,5,0.0,-6.139999999999986
2013,6,0.03,-5.099999999999966
2013,7,0.0,-2.67999999999995
2013,8,0.0,-2.9799999999999613
2013,9,0.0,-2.1999999999999886
2013,10,0.0,-0.5600000000000023
2013,11,0.0,-4.419999999999959
2013,12,0.0,-15.349999999999966
2013,13,0.0,-17.919999999999987
2013,14,0.02,-16.5
2013,15,0.03,-15.92999999999995
2013,16,0.0,-6.599999999999966
2013,17,0.0,-4.519999999999982
2013,18,0.0,-3.1999999999999886
2013,19,0.0,-2.7299999999999613
2013,20,0.0,-1.6200000000000045
2013,21,0.0,-2.069999999999993
2013,22,0.0,1.150000000000034
2013,23,0.0,3.2700000000000387
2013,24,0.0,3.3700000000000045
2013,25,0.0,1.9399999999999977
2013,26,0.0,1.670000000000016
2013,27,1.58,2.2100000000000364
2013,28,1.23,0.3100000000000023
2013,29,0.36,-8.419999999999959
2013,30,0.0,-11.289999999999964
2013,31,0.37,-5.909999999999968
2013,32,0.0,-5.079999999999984
2013,33,0.0,-4.089999999999975
2013,34,0.0,-1.8100000000000023
2013,35,0.0,-2.319999999999993
2013,36,0.0,-1.8100000000000023
2013,37,0.84,0.18999999999999773
2013,38,0.43,-3.5600000000000023
2013,39,0.97,-2.609999999999957
2013,40,0.0,-2.5399999999999636
2013,41,2.37,-8.019999999999982
2013,42,0.69,-9.519999999999982
2013,43,0.07,-10.45999999999998
2013,44,0.0,-7.349999999999966
2013,45,0.09,-6.42999999999995
2013,46,0.0,-9.639999999999986
2013,47,1.11,-5.039999999999964
2013,48,0.0,-1.8799999999999955
2013,49,0.43,-6.449999999999989
2013,50,0.06,-6.71999999999997
2013,51,0.32,-4.1299999999999955
2013,52,0.54,-6.979999999999961
2013,53,0.48,-9.099999999999966
2013,54,0.0,-8.689999999999998
2013,55,10.07,-7.649999999999977
2013,56,0.7,-10.489999999999952
2013,57,5.93,-7.259999999999991
2013,58,0.9,-10.079999999999984
2013,59,0.0,-9.359999999999957
2013,60,2.5,-6.259999999999991
2013,61,2.62,-2.1299999999999955
2013,62,0.06,0.8000000000000114
2013,63,1.27,-1.1299999999999955
2013,64,0.55,-6.989999999999952
2013,65,0.01,-0.42999999999995
2013,66,0.0,1.0900000000000318
2013,67,0.0,1.8000000000000114
2013,68,7.91,-1.0299999999999727
2013,69,0.0,-5.659999999999968
2013,70,5.03,-1.42999999999995
2013,71,2.17,-1.4599999999999795
2013,72,0.02,2.0
2013,73,0.0,4.28000000000003
2013,74,0.0,6.960000000000036
2013,75,0.19,5.470000000000027
2013,76,0.16,2.3500000000000227
2013,77,0.0,-1.9099999999999682
2013,78,0.0,-1.4699999999999704
2013,79,0.0,-0.37000000000000455
2013,80,0.0,2.1200000000000045
2013,81,0.0,-2.0399999999999636
2013,82,7.98,-7.329999999999984
2013,83,0.0,-11.389999999999986
2013,84,1.89,-11.899999999999977
2013,85,0.0,-4.569999999999993
2013,86,1.84,0.8900000000000432
2013,87,0.0,2.2200000000000273
2013,88,0.0,3.5500000000000114
2013,89,0.0,3.3500000000000227
2013,90,0.01,2.5
2013,91,0.0,3.680000000000007
2013,92,1.56,0.8700000000000045
2013,93,1.82,0.17000000000001592
2013,94,0.0,3.0600000000000023
2013,95,0.0,5.930000000000007
2013,96,0.02,4.100000000000023
2013,97,0.03,3.7100000000000364
2013,98,0.04,4.5
2013,99,4.17,-3.0
2013,100,0.12,-8.229999999999961
2013,101,2.51,-0.75
2013,102,0.03,0.9300000000000068
2013,103,0.0,3.2700000000000387
2013,104,1.3,2.3100000000000023
2013,105,4.26,0.9500000000000455
2013,106,4.88,0.17000000000001592
2013,107,5.96,-1.5199999999999818
2013,108,0.53,-8.239999999999952
2013,109,1.04,-3.9699999999999704
2013,110,0.02,0.29000000000002046
2013,111,0.02,1.6899999999999977
2013,112,1.39,3.480000000000018
2013,113,4.51,-5.149999999999977
2013,114,5.14,-5.339999999999975
2013,115,0.0,0.040000000000020464
2013,116,0.0,3.8700000000000045
2013,117,0.0,5.1200000000000045
2013,118,0.0,7.920000000000016
2013,119,0.0,8.0
2013,120,0.03,9.390000000000043
2013,121,13.39,1.1000000000000227
2013,122,4.78,-6.5
2013,123,0.0,-1.6299999999999955
2013,124,1.18,1.9500000000000455
2013,125,0.0,2.32000000000005
2013,126,1.81,5.560000000000002
2013,127,0.41,7.28000000000003
2013,128,5.89,5.970000000000027
2013,129,30.35,3.9600000000000364
2013,130,3.23,4.32000000000005
2013,131,0.13,5.800000000000011
2013,132,0.02,8.710000000000036
2013,133,0.0,12.110000000000014
2013,134,0.83,14.150000000000034
2013,135,1.6,13.720000000000027
2013,136,0.17,12.150000000000034
2013,137,0.03,13.160000000000025
2013,138,0.64,11.760000000000048
2013,139,0.26,7.0400000000000205
2013,140,0.73,6.060000000000002
2013,141,0.63,6.060000000000002
2013,142,0.04,9.510000000000048
2013,143,0.7,11.180000000000007
2013,144,0.0,12.78000000000003
2013,145,0.0,13.57000000000005
2013,146,0.0,14.360000000000014
2013,147,0.0,13.620000000000005
2013,148,0.41,12.490000000000009
2013,149,4.23,10.080000000000041
2013,150,0.06,7.160000000000025
2013,151,0.03,7.330000000000041
2013,152,0.0,7.6200000000000045
2013,153,0.0,11.57000000000005
2013,154,0.0,16.08000000000004
2013,155,0.27,14.75
2013,156,0.84,11.760000000000048
2013,157,0.06,11.450000000000045
2013,158,0.56,13.710000000000036
2013,159,0.0,15.150000000000034
2013,160,0.0,14.700000000000045
2013,161,0.04,19.470000000000027
2013,162,0.22,19.930000000000007
2013,163,0.0,17.970000000000027
2013,164,0.0,19.53000000000003
2013,165,0.0,18.700000000000045
2013,166,0.47,16.879999999999995
2013,167,1.25,16.629999999999995
2013,168,1.8,15.470000000000027
2013,169,0.55,16.100000000000023
2013,170,0.22,16.689999999999998
2013,171,0.0,17.860000000000014
2013,172,0.0,17.850000000000023
2013,173,0.0,17.100000000000023
2013,174,0.93,15.850000000000023
2013,175,0.75,16.54000000000002
2013,176,0.0,16.77000000000004
2013,177,0.0,18.730000000000018
2013,178,0.0,20.879999999999995
2013,179,0.02,21.08000000000004
2013,180,6.01,19.350000000000023
2013,181,2.53,17.660000000000025
2013,182,6.05,15.430000000000007
2013,183,5.42,14.600000000000023
2013,184,0.81,15.629999999999995
2013,185,1.1,17.650000000000034
2013,186,4.7,18.370000000000005
2013,187,2.43,18.629999999999995
2013,188,3.19,18.670000000000016
2013,189,2.0,19.560000000000002
2013,190,0.34,20.07000000000005
2013,191,0.3,19.850000000000023
2013,192,0.65,20.360000000000014
2013,193,5.74,20.410000000000025
2013,194,6.99,19.210000000000036
2013,195,0.48,17.74000000000001
2013,196,7.19,15.370000000000005
2013,197,0.04,14.390000000000043
2013,198,0.0,15.830000000000041
2013,199,0.0,19.03000000000003
2013,200,7.47,18.02000000000004
2013,201,0.19,17.83000000000004
2013,202,0.0,18.78000000000003
2013,203,0.0,19.58000000000004
2013,204,0.0,20.25
2013,205,12.87,18.77000000000004
2013,206,2.61,16.680000000000007
2013,207,2.01,15.020000000000039
2013,208,0.69,16.910000000000025
2013,209,6.38,13.850000000000023
2013,210,2.99,14.410000000000025
2013,211,1.19,15.470000000000027
2013,212,0.52,17.02000000000004
2013,213,3.35,17.200000000000045
2013,214,0.0,17.24000000000001
2013,215,12.7,17.600000000000023
2013,216,0.62,17.510000000000048
2013,217,0.23,17.83000000000004
2013,218,0.21,16.700000000000045
2013,219,4.54,13.920000000000016
2013,220,0.1,13.480000000000018
2013,221,13.45,12.950000000000045
2013,222,0.47,14.740000000000009
2013,223,0.82,15.04000000000002
2013,224,3.16,14.710000000000036
2013,225,7.51,13.870000000000005
2013,226,7.96,14.100000000000023
2013,227,0.58,15.629999999999995
2013,228,0.0,16.57000000000005
2013,229,0.0,18.200000000000045
2013,230,0.46,18.27000000000004
2013,231,0.01,17.710000000000036
2013,232,0.0,18.810000000000002
2013,233,0.0,19.28000000000003
2013,234,1.49,17.689999999999998
2013,235,31.09,17.340000000000032
2013,236,0.25,16.890000000000043
2013,237,0.32,16.920000000000016
2013,238,0.61,17.110000000000014
2013,239,0.82,18.82000000000005
2013,240,0.15,19.24000000000001
2013,241,0.25,19.200000000000045
2013,242,1.13,18.5
2013,243,1.83,18.600000000000023
2013,244,9.03,16.129999999999995
2013,245,1.11,17.5
2013,246,0.85,18.220000000000027
2013,247,0.71,19.260000000000048
2013,248,0.02,19.57000000000005
2013,249,0.03,19.390000000000043
2013,250,0.14,18.810000000000002
2013,251,1.23,18.390000000000043
2013,252,0.38,17.05000000000001
2013,253,6.68,13.710000000000036
2013,254,16.88,12.060000000000002
2013,255,8.02,11.379999999999995
2013,256,19.59,12.870000000000005
2013,257,2.14,13.260000000000048
2013,258,27.15,11.360000000000014
2013,259,7.35,11.650000000000034
2013,260,0.0,14.200000000000045
2013,261,0.18,15.460000000000036
2013,262,1.22,12.32000000000005
2013,263,0.05,10.260000000000048
2013,264,0.0,13.170000000000016
2013,265,0.19,14.150000000000034
2013,266,9.14,9.29000000000002
2013,267,0.0,9.07000000000005
2013,268,0.0,12.430000000000007
2013,269,0.0,12.689999999999998
2013,270,0.98,10.740000000000009
2013,271,0.24,5.340000000000032
2013,272,0.01,9.210000000000036
2013,273,0.0,11.850000000000023
2013,274,0.01,12.910000000000025
2013,275,0.0,12.03000000000003
2013,276,0.0,10.920000000000016
2013,277,2.87,4.6299999999999955
2013,278,0.01,0.660000000000025
2013,279,0.0,5.390000000000043
2013,280,0.0,9.670000000000016
2013,281,0.0,12.340000000000032
2013,282,0.0,9.930000000000007
2013,283,0.53,8.0
2013,284,0.04,4.910000000000025
2013,285,0.0,4.210000000000036
2013,286,0.0,6.230000000000018
2013,287,3.8,6.689999999999998
2013,288,1.09,0.6800000000000068
2013,289,0.0,0.28000000000002956
2013,290,0.0,1.5500000000000114
2013,291,5.29,-1.0699999999999932
2013,292,0.0,0.8000000000000114
2013,293,0.0,3.2600000000000477
2013,294,1.28,1.2900000000000205
2013,295,0.55,4.1200000000000045
2013,296,0.01,6.580000000000041
2013,297,0.0,6.9500000000000455
2013,298,0.0,7.32000000000005
2013,299,0.0,6.2000000000000455
2013,300,0.0,6.1299999999999955
2013,301,0.0,6.03000000000003
2013,302,0.0,3.6899999999999977
2013,303,1.01,2.1899999999999977
2013,304,0.71,-0.0999999999999659
2013,305,0.0,-0.029999999999972715
2013,306,0.0,2.3799999999999955
2013,307,0.0,5.730000000000018
2013,308,0.0,0.6200000000000045
2013,309,0.16,-1.839999999999975
2013,310,0.0,-3.769999999999982
2013,311,0.0,0.7200000000000273
2013,312,0.0,4.600000000000023
2013,313,0.0,4.5400000000000205
2013,314,0.0,5.07000000000005
2013,315,0.0,4.470000000000027
2013,316,0.0,2.6299999999999955
2013,317,0.0,4.3700000000000045
2013,318,0.0,3.4399999999999977
2013,319,0.0,1.9700000000000273
2013,320,0.0,1.4800000000000182
2013,321,1.62,-0.1099999999999568
2013,322,0.0,1.160000000000025
2013,323,0.0,3.0300000000000296
2013,324,0.0,1.7700000000000387
2013,325,1.38,-1.2999999999999545
2013,326,0.28,-7.939999999999998
2013,327,0.3,-5.1200000000000045
2013,328,0.62,-2.2899999999999636
2013,329,0.31,-3.6299999999999955
2013,330,0.0,-5.539999999999964
2013,331,0.0,-3.1999999999999886
2013,332,0.0,-1.25
2013,333,0.02,-1.3599999999999568
2013,334,0.0,-2.4799999999999613
2013,335,0.0,-3.2999999999999545
2013,336,0.0,-0.44999999999998863
2013,337,0.0,-0.589999999999975
2013,338,4.1,-10.509999999999991
2013,339,0.14,-15.939999999999998
2013,340,0.07,-17.659999999999968
2013,341,0.7,-13.519999999999982
2013,342,0.0,-11.149999999999977
2013,343,0.11,-17.75999999999999
2013,344,0.08,-10.70999999999998
2013,345,0.0,-7.889999999999986
2013,346,0.49,-3.1499999999999773
2013,347,0.07,-2.1299999999999955
2013,348,0.0,-6.5
2013,349,0.0,-2.909999999999968
2013,350,0.0,0.7800000000000296
2013,351,0.0,0.6500000000000341
2013,352,0.0,2.6000000000000227
2013,353,0.0,1.7300000000000182
2013,354,0.0,-1.6599999999999682
2013,355,0.0,-4.609999999999957
2013,356,2.8,-7.829999999999984
2013,357,0.0,-6.560000000000002
2013,358,0.0,-1.4399999999999977
2013,359,0.0,-6.279999999999973
2013,360,0.0,-2.019999999999982
2013,361,0.0,-0.5999999999999659
2013,362,0.0,1.1000000000000227
2013,363,3.95,-5.899999999999977
2013,364,0.16,-5.169999999999959
2013,365,0.2,-2.589999999999975
2014,1,0.0,-2.9699999999999704
2014,2,0.0,-4.169999999999959
2014,3,0.0,-0.060000000000002274
2014,4,2.66,-4.039999999999964
2014,5,0.0,-14.399999999999977
2014,6,1.44,-12.799999999999955
2014,7,0.49,-3.5499999999999545
2014,8,0.01,-4.42999999999995
2014,9,0.01,-5.359999999999957
2014,10,0.04,-7.579999999999984
2014,11,1.94,-4.199999999999989
2014,12,0.6,-2.0299999999999727
2014,13,0.0,-8.0
2014,14,0.0,-5.579999999999984
2014,15,0.03,-4.0
2014,16,0.0,-3.8100000000000023
2014,17,0.0,-5.92999999999995
2014,18,0.0,-3.75
2014,19,0.0,-1.329999999999984
2014,20,0.0,-2.159999999999968
2014,21,0.0,-2.92999999999995
2014,22,0.0,-2.2199999999999704
2014,23,3.34,-8.479999999999961
2014,24,0.16,-5.689999999999998
2014,25,0.0,-0.07999999999998408
2014,26,0.0,0.6800000000000068
2014,27,0.05,-4.6200000000000045
2014,28,3.73,-10.95999999999998
2014,29,1.72,-6.229999999999961
2014,30,0.66,-0.07999999999998408
2014,31,5.53,-3.329999999999984
2014,32,1.08,-7.1200000000000045
2014,33,1.77,-11.599999999999966
2014,34,0.04,-8.439999999999998
2014,35,1.95,-10.379999999999995
2014,36,0.01,-15.95999999999998
2014,37,0.95,-13.060000000000002
2014,38,0.73,-7.579999999999984
2014,39,0.02,-5.310000000000002
2014,40,1.56,-1.079999999999984
2014,41,3.23,-2.3899999999999864
2014,42,0.59,-5.639999999999986
2014,43,0.0,-4.979999999999961
2014,44,0.0,-0.12999999999999545
2014,45,0.29,-0.5
2014,46,0.0,2.9500000000000455
2014,47,0.0,2.830000000000041
2014,48,0.01,0.9700000000000273
2014,49,0.0,1.8900000000000432
2014,50,0.0,0.8400000000000318
2014,51,0.81,-7.089999999999975
2014,52,0.0,-6.92999999999995
2014,53,0.03,-4.399999999999977
2014,54,0.0,-2.909999999999968
2014,55,0.0,-0.18999999999999773
2014,56,0.0,1.080000000000041
2014,57,0.0,-2.92999999999995
2014,58,0.0,0.05000000000001137
2014,59,0.0,0.9399999999999977
2014,60,0.2,2.390000000000043
2014,61,0.01,0.4200000000000159
2014,62,0.0,-0.2899999999999636
2014,63,0.0,0.8700000000000045
2014,64,8.43,-1.3100000000000023
2014,65,0.0,-0.2699999999999818
2014,66,7.23,1.4399999999999977
2014,67,3.63,-2.7799999999999727
2014,68,0.15,1.150000000000034
2014,69,0.0,5.050000000000011
2014,70,1.78,0.82000000000005
2014,71,1.09,-6.729999999999961
2014,72,0.0,-2.3999999999999773
2014,73,0.0,-1.329999999999984
2014,74,0.0,-1.8899999999999864
2014,75,0.0,-2.1899999999999977
2014,76,0.0,2.8000000000000114
2014,77,0.72,-2.409999999999968
2014,78,0.0,-3.359999999999957
2014,79,0.0,0.9200000000000159
2014,80,0.0,1.6000000000000227
2014,81,3.94,-0.01999999999998181
2014,82,0.46,-1.6200000000000045
2014,83,0.0,-1.7799999999999727
2014,84,0.0,0.4300000000000068
2014,85,0.0,4.1299999999999955
2014,86,0.0,2.0
2014,87,0.01,-0.5099999999999909
2014,88,0.0,-1.5299999999999727
2014,89,0.0,3.1200000000000045
2014,90,0.0,0.9700000000000273
2014,91,0.0,-0.03999999999996362
2014,92,0.0,1.8400000000000318
2014,93,13.63,-2.169999999999959
2014,94,4.46,-4.109999999999957
2014,95,0.16,0.17000000000001592
2014,96,1.39,-0.060000000000002274
2014,97,0.05,-0.8100000000000023
2014,98,0.0,1.9300000000000068
2014,99,0.0,6.730000000000018
2014,100,0.0,7.3799999999999955
2014,101,0.0,7.210000000000036
2014,102,0.03,8.439999999999998
2014,103,5.62,3.0400000000000205
2014,104,5.69,-7.649999999999977
2014,105,0.21,-0.21999999999997044
2014,106,1.87,2.8000000000000114
2014,107,1.18,1.8600000000000136
2014,108,0.0,8.090000000000032
2014,109,0.77,8.29000000000002
2014,110,8.13,7.650000000000034
2014,111,0.76,7.730000000000018
2014,112,0.01,8.270000000000039
2014,113,0.0,9.260000000000048
2014,114,1.2,1.5200000000000387
2014,115,0.0,6.53000000000003
2014,116,0.0,9.230000000000018
2014,117,0.62,4.1299999999999955
2014,118,0.0,-0.589999999999975
2014,119,0.44,-2.509999999999991
2014,120,0.01,-1.6999999999999886
2014,121,0.0,-1.0399999999999636
2014,122,0.0,4.53000000000003
2014,123,0.0,9.860000000000014
2014,124,0.0,11.82000000000005
2014,125,0.0,11.640000000000043
2014,126,0.0,11.270000000000039
2014,127,0.0,9.28000000000003
2014,128,7.25,2.8700000000000045
2014,129,1.54,3.5200000000000387
2014,130,0.11,6.060000000000002
2014,131,16.71,4.930000000000007
2014,132,4.61,-3.7899999999999636
2014,133,1.25,-4.739999999999952
2014,134,3.62,-0.7299999999999613
2014,135,0.92,2.930000000000007
2014,136,0.01,7.260000000000048
2014,137,0.58,8.350000000000023
2014,138,0.0,12.03000000000003
2014,139,0.0,13.330000000000041
2014,140,0.0,12.490000000000009
2014,141,0.18,11.720000000000027
2014,142,5.95,11.460000000000036
2014,143,1.63,11.200000000000045
2014,144,16.42,11.110000000000014
2014,145,20.75,10.370000000000005
2014,146,1.51,9.990000000000009
2014,147,0.2,12.850000000000023
2014,148,0.22,14.900000000000034
2014,149,1.71,16.0
2014,150,4.49,13.850000000000023
2014,151,0.78,12.960000000000036
2014,152,0.03,14.930000000000007
2014,153,0.0,13.140000000000043
2014,154,0.0,16.370000000000005
2014,155,0.0,15.640000000000043
2014,156,0.08,14.210000000000036
2014,157,5.14,14.75
2014,158,1.2,13.080000000000041
2014,159,10.27,12.350000000000023
2014,160,3.9,7.470000000000027
2014,161,0.0,12.370000000000005
2014,162,0.46,14.660000000000025
2014,163,0.57,12.350000000000023
2014,164,1.66,15.120000000000005
2014,165,0.49,14.420000000000016
2014,166,0.0,10.32000000000005
2014,167,0.0,13.990000000000009
2014,168,0.0,15.0
2014,169,0.05,14.840000000000032
2014,170,1.57,12.379999999999995
2014,171,0.0,15.189999999999998
2014,172,0.0,16.760000000000048
2014,173,0.86,15.170000000000016
2014,174,1.89,14.230000000000018
2014,175,1.66,15.270000000000039
2014,176,0.29,16.470000000000027
2014,177,0.15,17.25
2014,178,0.39,15.920000000000016
2014,179,0.44,12.620000000000005
2014,180,0.0,15.950000000000045
2014,181,0.0,18.74000000000001
2014,182,0.0,13.82000000000005
2014,183,0.0,13.760000000000048
2014,184,0.02,16.700000000000045
2014,185,3.17,17.930000000000007
2014,186,0.3,17.650000000000034
2014,187,0.24,19.220000000000027
2014,188,0.6,19.640000000000043
2014,189,6.38,16.620000000000005
2014,190,0.58,18.129999999999995
2014,191,1.64,18.710000000000036
2014,192,13.35,18.99000000000001
2014,193,2.35,17.33000000000004
2014,194,15.05,16.74000000000001
2014,195,3.89,17.129999999999995
2014,196,4.38,16.150000000000034
2014,197,3.68,16.02000000000004
2014,198,12.92,13.220000000000027
2014,199,0.82,15.950000000000045
2014,200,1.39,17.79000000000002
2014,201,1.76,19.03000000000003
2014,202,0.0,19.510000000000048
2014,203,0.04,20.30000000000001
2014,204,4.58,20.230000000000018
2014,205,0.46,20.04000000000002
2014,206,5.83,19.129999999999995
2014,207,1.47,19.05000000000001
2014,208,5.81,17.410000000000025
2014,209,11.37,15.980000000000018
2014,210,2.69,15.04000000000002
2014,211,8.46,11.700000000000045
2014,212,12.23,11.82000000000005
2014,213,0.34,12.07000000000005
2014,214,0.38,12.730000000000018
2014,215,0.0,15.560000000000002
2014,216,0.5,17.100000000000023
2014,217,7.37,15.430000000000007
2014,218,0.66,15.740000000000009
2014,219,1.28,16.090000000000032
2014,220,1.16,15.680000000000007
2014,221,1.76,15.939999999999998
2014,222,2.07,13.79000000000002
2014,223,0.22,14.129999999999995
2014,224,0.0,16.340000000000032
2014,225,5.16,17.590000000000032
2014,226,8.28,16.870000000000005
2014,227,1.14,15.930000000000007
2014,228,2.04,16.850000000000023
2014,229,1.1,17.680000000000007
2014,230,0.36,18.04000000000002
2014,231,1.93,16.879999999999995
2014,232,0.54,16.25
2014,233,4.34,15.120000000000005
2014,234,1.73,14.720000000000027
2014,235,0.06,13.32000000000005
2014,236,0.0,13.03000000000003
2014,237,1.97,14.300000000000011
2014,238,0.37,15.189999999999998
2014,239,0.85,14.03000000000003
2014,240,6.02,11.660000000000025
2014,241,2.31,12.180000000000007
2014,242,1.32,13.890000000000043
2014,243,0.17,14.830000000000041
2014,244,0.0,12.860000000000014
2014,245,0.0,14.210000000000036
2014,246,0.0,16.939999999999998
2014,247,0.62,17.33000000000004
2014,248,24.61,12.03000000000003
2014,249,2.49,11.860000000000014
2014,250,5.4,13.870000000000005
2014,251,0.46,14.310000000000002
2014,252,1.87,13.129999999999995
2014,253,3.2,11.430000000000007
2014,254,0.12,11.580000000000041
2014,255,0.78,5.730000000000018
2014,256,0.0,9.860000000000014
2014,257,0.0,13.240000000000009
2014,258,0.06,14.140000000000043
2014,259,0.63,14.640000000000043
2014,260,0.0,15.600000000000023
2014,261,0.0,15.29000000000002
2014,262,0.0,16.420000000000016
2014,263,0.0,15.840000000000032
2014,264,4.33,13.110000000000014
2014,265,7.91,12.689999999999998
2014,266,1.0,13.03000000000003
2014,267,1.0,13.260000000000048
2014,268,0.0,14.870000000000005
2014,269,0.0,15.970000000000027
2014,270,0.0,15.920000000000016
2014,271,4.36,13.090000000000032
2014,272,7.05,11.300000000000011
2014,273,0.65,7.210000000000036
2014,274,0.27,6.890000000000043
2014,275,4.92,4.270000000000039
2014,276,0.0,4.900000000000034
2014,277,0.0,7.360000000000014
2014,278,0.0,8.439999999999998
2014,279,0.0,9.150000000000034
2014,280,0.0,11.100000000000023
2014,281,0.0,12.0
2014,282,12.91,10.050000000000011
2014,283,7.33,5.900000000000034
2014,284,0.0,7.020000000000039
2014,285,3.74,6.490000000000009
2014,286,5.88,1.1000000000000227
2014,287,0.0,5.660000000000025
2014,288,0.0,11.200000000000045
2014,289,0.0,11.020000000000039
2014,290,0.0,9.25
2014,291,0.0,9.0
2014,292,0.0,10.560000000000002
2014,293,0.0,9.600000000000023
2014,294,1.52,10.110000000000014
2014,295,0.0,9.410000000000025
2014,296,0.0,8.140000000000043
2014,297,0.0,10.960000000000036
2014,298,0.0,11.470000000000027
2014,299,0.0,10.629999999999995
2014,300,0.0,6.470000000000027
2014,301,0.0,2.0600000000000023
2014,302,0.0,4.680000000000007
2014,303,0.0,5.390000000000043
2014,304,0.0,5.740000000000009
2014,305,0.0,8.600000000000023
2014,306,0.17,7.610000000000014
2014,307,0.06,2.980000000000018
2014,308,0.0,-0.07999999999998408
2014,309,0.0,3.7200000000000273
2014,310,0.0,6.180000000000007
2014,311,0.0,7.860000000000014
2014,312,0.69,3.9500000000000455
2014,313,0.01,6.560000000000002
2014,314,0.36,5.670000000000016
2014,315,0.2,-5.939999999999998
2014,316,1.36,-19.839999999999975
2014,317,0.47,-15.159999999999968
2014,318,0.43,-2.0399999999999636
2014,319,0.51,-2.9599999999999795
2014,320,3.69,-11.370000000000005
2014,321,0.68,-10.159999999999968
2014,322,0.0,-7.17999999999995
2014,323,0.0,-3.759999999999991
2014,324,0.0,-2.8999999999999773
2014,325,0.0,-1.5
2014,326,0.0,-0.23999999999995225
2014,327,0.05,-1.669999999999959
2014,328,0.03,-8.669999999999959
2014,329,0.0,-6.6200000000000045
2014,330,0.06,-0.9099999999999682
2014,331,0.0,2.1200000000000045
2014,332,0.0,3.7900000000000205
2014,333,0.0,3.330000000000041
2014,334,0.0,2.8000000000000114
2014,335,0.0,-4.139999999999986
2014,336,0.0,0.4200000000000159
2014,337,0.0,1.75
2014,338,0.0,1.7600000000000477
2014,339,0.0,0.9500000000000455
2014,340,0.0,0.5900000000000318
2014,341,0.0,1.2900000000000205
2014,342,0.0,0.9700000000000273
2014,343,0.0,2.390000000000043
2014,344,0.0,2.6200000000000045
2014,345,0.0,2.400000000000034
2014,346,0.0,3.400000000000034
2014,347,0.0,4.090000000000032
2014,348,1.62,0.18999999999999773
2014,349,2.51,-4.25
2014,350,0.24,-3.6399999999999864
2014,351,0.3,-1.6599999999999682
2014,352,0.02,-3.589999999999975
2014,353,0.46,-4.389999999999986
2014,354,0.0,-3.6499999999999773
2014,355,0.0,-1.9799999999999613
2014,356,1.57,-1.919999999999959
2014,357,0.22,-7.939999999999998
2014,358,0.09,-6.259999999999991
2014,359,0.09,-2.019999999999982
2014,360,4.94,-10.359999999999957
2014,361,0.62,-13.189999999999998
2014,362,0.97,-10.139999999999986
2014,363,1.15,-10.71999999999997
2014,364,0.0,-20.17999999999998
2014,365,0.11,-15.089999999999975
2015,1,1.23,-10.129999999999995
2015,2,2.01,-8.289999999999964
2015,3,0.23,-6.5499999999999545
2015,4,0.28,-8.25
2015,5,0.36,-1.589999999999975
2015,6,0.0,2.890000000000043
2015,7,0.0,1.0400000000000205
2015,8,0.0,2.3000000000000114
2015,9,0.07,-5.079999999999984
2015,10,0.02,0.6000000000000227
2015,11,0.02,-0.029999999999972715
2015,12,0.41,-2.1899999999999977
2015,13,0.13,-1.579999999999984
2015,14,0.3,-3.359999999999957
2015,15,0.0,-2.0299999999999727
2015,16,0.0,1.1200000000000045
2015,17,0.0,0.5
2015,18,0.0,0.29000000000002046
2015,19,0.0,1.330000000000041
2015,20,0.12,-1.5
2015,21,5.9,-6.1200000000000045
2015,22,0.0,-10.479999999999961
2015,23,0.0,-6.0499999999999545
2015,24,0.0,-2.1999999999999886
2015,25,0.36,0.9800000000000182
2015,26,0.0,3.5100000000000477
2015,27,0.0,5.5
2015,28,0.0,2.650000000000034
2015,29,0.0,-0.75
2015,30,0.0,0.5500000000000114
2015,31,0.74,0.3300000000000409
2015,32,0.25,-3.599999999999966
2015,33,0.0,-2.7099999999999795
2015,34,0.0,-1.6999999999999886
2015,35,0.0,-0.3499999999999659
2015,36,0.0,-0.18999999999999773
2015,37,0.0,3.4600000000000364
2015,38,0.0,4.640000000000043
2015,39,0.0,3.82000000000005
2015,40,0.0,2.090000000000032
2015,41,0.0,3.160000000000025
2015,42,11.29,-0.8100000000000023
2015,43,0.04,1.0500000000000114
2015,44,0.0,2.4399999999999977
2015,45,0.0,3.8500000000000227
2015,46,0.64,2.650000000000034
2015,47,3.25,-5.899999999999977
2015,48,0.04,-9.5
2015,49,0.0,-4.529999999999973
2015,50,0.0,-0.40999999999996817
2015,51,0.15,0.040000000000020464
2015,52,8.13,-4.529999999999973
2015,53,6.49,-10.509999999999991
2015,54,2.19,-12.019999999999982
2015,55,0.07,-6.5
2015,56,1.74,-3.849999999999966
2015,57,7.23,-8.089999999999975
2015,58,1.63,-12.169999999999959
2015,59,0.27,-8.519999999999982
2015,60,0.48,-4.949999999999989
2015,61,6.15,-0.8700000000000045
2015,62,2.47,-2.1499999999999773
2015,63,1.47,-8.859999999999957
2015,64,0.65,-8.989999999999952
2015,65,0.0,-2.2799999999999727
2015,66,0.0,1.07000000000005
2015,67,0.0,-0.7399999999999523
2015,68,0.0,-0.14999999999997726
2015,69,0.0,1.1200000000000045
2015,70,0.0,2.6299999999999955
2015,71,0.0,4.110000000000014
2015,72,0.98,2.0600000000000023
2015,73,0.0,2.5400000000000205
2015,74,0.0,5.480000000000018
2015,75,0.0,9.430000000000007
2015,76,0.0,5.07000000000005
2015,77,0.23,7.189999999999998
2015,78,13.46,3.75
2015,79,0.0,1.3900000000000432
2015,80,0.0,4.900000000000034
2015,81,0.0,5.660000000000025
2015,82,0.0,5.220000000000027
2015,83,1.13,2.410000000000025
2015,84,3.99,0.29000000000002046
2015,85,1.99,-1.7999999999999545
2015,86,0.0,3.9399999999999977
2015,87,0.0,6.939999999999998
2015,88,0.0,6.8700000000000045
2015,89,0.0,7.490000000000009
2015,90,0.0,8.150000000000034
2015,91,0.0,8.830000000000041
2015,92,0.0,3.4500000000000455
2015,93,4.37,-2.1399999999999864
2015,94,0.0,0.5600000000000023
2015,95,0.0,6.060000000000002
2015,96,0.0,7.480000000000018
2015,97,0.0,7.180000000000007
2015,98,0.0,6.439999999999998
2015,99,4.33,0.6299999999999955
2015,100,0.0,2.680000000000007
2015,101,0.0,6.010000000000048
2015,102,0.0,6.7900000000000205
2015,103,0.0,5.5
2015,104,0.0,7.8700000000000045
2015,105,0.0,7.420000000000016
2015,106,12.14,0.26000000000004775
2015,107,23.17,-0.2599999999999909
2015,108,10.46,-2.9599999999999795
2015,109,5.46,-0.6099999999999568
2015,110,0.04,0.11000000000001364
2015,111,0.06,3.0300000000000296
2015,112,0.17,5.8700000000000045
2015,113,0.28,7.3700000000000045
2015,114,0.11,5.410000000000025
2015,115,0.28,5.300000000000011
2015,116,11.44,4.810000000000002
2015,117,9.08,1.9700000000000273
2015,118,0.18,0.6299999999999955
2015,119,0.0,6.920000000000016
2015,120,0.03,10.300000000000011
2015,121,5.41,9.370000000000005
2015,122,0.03,9.900000000000034
2015,123,2.69,11.100000000000023
2015,124,4.24,8.990000000000009
2015,125,9.75,7.0400000000000205
2015,126,2.25,8.350000000000023
2015,127,1.14,8.04000000000002
2015,128,6.19,6.430000000000007
2015,129,23.41,5.830000000000041
2015,130,15.11,-0.47999999999996135
2015,131,1.2,1.9500000000000455
2015,132,0.0,7.160000000000025
2015,133,1.32,9.640000000000043
2015,134,2.21,9.03000000000003
2015,135,2.88,10.260000000000048
2015,136,2.01,6.82000000000005
2015,137,1.12,6.4500000000000455
2015,138,8.99,7.080000000000041
2015,139,22.27,5.590000000000032
2015,140,0.06,5.920000000000016
2015,141,0.56,7.150000000000034
2015,142,8.55,7.920000000000016
2015,143,5.09,8.300000000000011
2015,144,2.1,6.610000000000014
2015,145,2.64,6.850000000000023
2015,146,1.08,8.410000000000025
2015,147,0.89,10.670000000000016
2015,148,0.51,12.03000000000003
2015,149,0.46,9.470000000000027
2015,150,3.28,9.54000000000002
2015,151,0.0,13.810000000000002
2015,152,1.53,16.0
2015,153,0.01,15.840000000000032
2015,154,0.64,15.629999999999995
2015,155,0.06,14.800000000000011
2015,156,7.75,13.939999999999998
2015,157,4.13,13.590000000000032
2015,158,0.24,13.150000000000034
2015,159,0.76,13.82000000000005
2015,160,0.0,16.03000000000003
2015,161,9.4,15.430000000000007
2015,162,7.2,13.760000000000048
2015,163,12.49,11.890000000000043
2015,164,0.14,14.129999999999995
2015,165,4.73,14.5
2015,166,5.0,14.689999999999998
2015,167,2.88,15.53000000000003
2015,168,0.87,17.02000000000004
2015,169,1.6,18.32000000000005
2015,170,0.0,18.689999999999998
2015,171,0.0,19.82000000000005
2015,172,0.0,19.970000000000027
2015,173,0.0,20.600000000000023
2015,174,0.0,19.170000000000016
2015,175,4.73,20.29000000000002
2015,176,2.23,19.060000000000002
2015,177,0.41,17.970000000000027
2015,178,0.01,16.840000000000032
2015,179,0.89,18.460000000000036
2015,180,0.06,18.189999999999998
2015,181,0.1,18.54000000000002
2015,182,3.73,19.710000000000036
2015,183,4.42,17.230000000000018
2015,184,1.62,16.99000000000001
2015,185,1.19,18.950000000000045
2015,186,4.66,19.49000000000001
2015,187,3.36,16.07000000000005
2015,188,18.72,13.410000000000025
2015,189,3.04,12.960000000000036
2015,190,8.33,12.75
2015,191,13.93,15.03000000000003
2015,192,0.92,15.830000000000041
2015,193,0.0,17.25
2015,194,2.02,18.58000000000004
2015,195,1.2,17.57000000000005
2015,196,0.75,15.550000000000011
2015,197,1.85,16.180000000000007
2015,198,0.5,17.390000000000043
2015,199,1.43,17.230000000000018
2015,200,1.72,15.910000000000025
2015,201,1.89,15.79000000000002
2015,202,9.37,15.420000000000016
2015,203,0.15,15.640000000000043
2015,204,0.0,17.760000000000048
2015,205,0.03,19.470000000000027
2015,206,0.16,17.560000000000002
2015,207,0.57,18.670000000000016
2015,208,0.0,19.340000000000032
2015,209,0.0,18.28000000000003
2015,210,1.49,16.450000000000045
2015,211,0.22,17.28000000000003
2015,212,0.48,17.840000000000032
2015,213,0.0,17.939999999999998
2015,214,0.6,18.450000000000045
2015,215,0.85,17.79000000000002
2015,216,1.49,16.640000000000043
2015,217,0.0,17.590000000000032
2015,218,0.0,19.08000000000004
2015,219,0.0,18.29000000000002
2015,220,0.0,17.150000000000034
2015,221,0.03,16.760000000000048
2015,222,3.06,16.670000000000016
2015,223,18.57,16.700000000000045
2015,224,2.31,17.640000000000043
2015,225,1.14,19.08000000000004
2015,226,12.62,19.58000000000004
2015,227,2.22,20.150000000000034
2015,228,2.02,18.75
2015,229,3.67,17.680000000000007
2015,230,0.76,15.090000000000032
2015,231,1.03,10.340000000000032
2015,232,0.0,13.300000000000011
2015,233,0.0,16.350000000000023
2015,234,0.0,17.850000000000023
2015,235,0.2,14.970000000000027
2015,236,0.06,17.480000000000018
2015,237,0.61,18.260000000000048
2015,238,0.9,19.140000000000043
2015,239,0.63,17.08000000000004
2015,240,1.34,15.180000000000007
2015,241,0.01,16.07000000000005
2015,242,0.0,18.120000000000005
2015,243,1.12,18.04000000000002
2015,244,0.21,16.03000000000003
2015,245,0.81,17.360000000000014
2015,246,1.58,16.730000000000018
2015,247,0.12,15.82000000000005
2015,248,0.05,16.400000000000034
2015,249,0.0,15.390000000000043
2015,250,0.38,15.75
2015,251,0.02,14.54000000000002
2015,252,0.0,14.730000000000018
2015,253,0.0,15.730000000000018
2015,254,0.0,13.300000000000011
2015,255,0.0,14.580000000000041
2015,256,0.0,16.470000000000027
2015,257,0.0,16.439999999999998
2015,258,0.0,15.379999999999995
2015,259,0.0,14.560000000000002
2015,260,0.0,14.490000000000009
2015,261,0.0,12.170000000000016
2015,262,0.0,10.700000000000045
2015,263,0.0,12.670000000000016
2015,264,0.0,15.07000000000005
2015,265,0.0,16.689999999999998
2015,266,0.38,14.950000000000045
2015,267,0.0,14.600000000000023
2015,268,0.0,14.560000000000002
2015,269,0.0,15.660000000000025
2015,270,0.0,16.160000000000025
2015,271,0.0,16.100000000000023
2015,272,5.87,14.04000000000002
2015,273,2.55,14.439999999999998
2015,274,1.3,14.78000000000003
2015,275,1.26,15.450000000000045
2015,276,0.31,11.410000000000025
2015,277,0.51,10.310000000000002
2015,278,0.12,11.210000000000036
2015,279,10.48,11.480000000000018
2015,280,4.16,10.310000000000002
2015,281,0.0,11.090000000000032
2015,282,0.01,10.400000000000034
2015,283,0.0,13.5
2015,284,0.0,14.370000000000005
2015,285,0.0,12.560000000000002
2015,286,0.0,12.370000000000005
2015,287,0.0,12.810000000000002
2015,288,0.0,11.680000000000007
2015,289,0.0,8.860000000000014
2015,290,0.0,12.240000000000009
2015,291,1.47,11.980000000000018
2015,292,0.41,11.180000000000007
2015,293,0.0,9.580000000000041
2015,294,7.03,6.330000000000041
2015,295,12.91,3.82000000000005
2015,296,0.62,4.7000000000000455
2015,297,1.68,4.490000000000009
2015,298,0.0,6.390000000000043
2015,299,0.03,7.810000000000002
2015,300,0.03,5.080000000000041
2015,301,0.0,2.5600000000000023
2015,302,0.0,5.32000000000005
2015,303,1.07,4.220000000000027
2015,304,0.02,3.430000000000007
2015,305,0.0,6.0400000000000205
2015,306,0.0,7.689999999999998
2015,307,0.0,8.25
2015,308,0.0,6.600000000000023
2015,309,1.33,-0.7999999999999545
2015,310,0.0,-2.8799999999999955
2015,311,0.0,-2.6399999999999864
2015,312,0.0,3.160000000000025
2015,313,0.0,3.4700000000000273
2015,314,0.0,3.0200000000000387
2015,315,11.82,-1.3100000000000023
2015,316,0.0,-3.1899999999999977
2015,317,0.45,0.21000000000003638
2015,318,0.18,3.230000000000018
2015,319,0.0,2.7800000000000296
2015,320,6.4,2.3700000000000045
2015,321,17.52,-3.6899999999999977
2015,322,0.01,-3.3100000000000023
2015,323,0.01,-3.75
2015,324,0.99,-0.1099999999999568
2015,325,0.38,-6.659999999999968
2015,326,0.0,-1.1899999999999977
2015,327,0.0,1.9800000000000182
2015,328,0.01,-0.39999999999997726
2015,329,0.0,-0.38999999999998636
2015,330,0.0,-4.3700000000000045
2015,331,2.05,-10.339999999999975
2015,332,0.07,-6.71999999999997
2015,333,0.0,-7.079999999999984
2015,334,4.67,-8.899999999999977
2015,335,0.0,-10.109999999999957
2015,336,0.0,-5.560000000000002
2015,337,0.0,-3.609999999999957
2015,338,1.24,-1.2299999999999613
2015,339,0.0,-0.7199999999999704
2015,340,0.0,-1.6200000000000045
2015,341,0.0,2.890000000000043
2015,342,0.0,2.740000000000009
2015,343,0.0,3.7800000000000296
2015,344,0.0,4.150000000000034
2015,345,0.0,3.2800000000000296
2015,346,9.01,-2.069999999999993
2015,347,0.19,-5.389999999999986
2015,348,1.19,-1.6599999999999682
2015,349,1.43,-7.109999999999957
2015,350,0.92,-10.92999999999995
2015,351,0.0,-12.419999999999959
2015,352,0.17,-6.349999999999966
2015,353,0.07,-0.18999999999999773
2015,354,0.22,1.240000000000009
2015,355,0.0,-3.5
2015,356,0.0,-1.5699999999999932
2015,357,0.0,-4.029999999999973
2015,358,0.0,-9.46999999999997
2015,359,1.83,-6.229999999999961
2015,360,1.15,-11.439999999999998
2015,361,0.09,-13.799999999999955
2015,362,0.33,-7.829999999999984
2015,363,0.03,-8.659999999999968
2015,364,0.0,-9.870000000000005
2015,365,0.0,-12.089999999999975
2016,1,0.0,-12.769999999999982
2016,2,0.0,-7.819999999999993
2016,3,0.0,-3.819999999999993
2016,4,0.0,-2.409999999999968
2016,5,0.0,-1.839999999999975
2016,6,0.0,-3.5499999999999545
2016,7,0.66,-2.2799999999999727
2016,8,0.85,-5.009999999999991
2016,9,0.0,-9.20999999999998
2016,10,0.0,-10.509999999999991
2016,11,0.25,-8.739999999999952
2016,12,0.0,-4.639999999999986
2016,13,0.25,-3.1399999999999864
2016,14,0.0,-3.6200000000000045
2016,15,0.0,-7.509999999999991
2016,16,0.0,-9.70999999999998
2016,17,0.0,-6.21999999999997
2016,18,0.0,-4.25
2016,19,0.29,-3.1899999999999977
2016,20,0.0,-3.909999999999968
2016,21,0.0,-7.019999999999982
2016,22,0.0,-3.589999999999975
2016,23,0.0,0.29000000000002046
2016,24,0.0,-0.6099999999999568
2016,25,0.02,-5.899999999999977
2016,26,0.0,-8.329999999999984
2016,27,0.0,-3.159999999999968
2016,28,0.0,-0.5699999999999932
2016,29,0.0,0.10000000000002274
2016,30,0.0,2.140000000000043
2016,31,2.89,-2.1399999999999864
2016,32,5.21,-5.859999999999957
2016,33,5.23,-10.349999999999966
2016,34,0.06,-14.560000000000002
2016,35,0.0,-12.099999999999966
2016,36,0.7,-8.269999999999982
2016,37,0.0,-5.599999999999966
2016,38,0.0,-2.359999999999957
2016,39,0.0,-2.7199999999999704
2016,40,0.0,-1.079999999999984
2016,41,0.0,1.6000000000000227
2016,42,0.0,3.6000000000000227
2016,43,0.0,2.390000000000043
2016,44,0.0,3.5200000000000387
2016,45,0.0,0.21000000000003638
2016,46,0.0,-1.2999999999999545
2016,47,0.0,0.910000000000025
2016,48,0.0,1.8500000000000227
2016,49,0.0,4.170000000000016
2016,50,0.0,2.8600000000000136
2016,51,0.0,2.150000000000034
2016,52,0.0,-0.6599999999999682
2016,53,1.26,-2.339999999999975
2016,54,10.14,-5.919999999999959
2016,55,0.0,-6.939999999999998
2016,56,1.22,-4.2999999999999545
2016,57,0.0,0.6700000000000159
2016,58,0.0,2.7600000000000477
2016,59,0.0,2.2100000000000364
2016,60,0.0,1.3100000000000023
2016,61,0.0,-0.7299999999999613
2016,62,0.46,1.4700000000000273
2016,63,0.0,1.2600000000000477
2016,64,0.0,3.2700000000000387
2016,65,0.0,3.180000000000007
2016,66,0.0,3.480000000000018
2016,67,0.0,1.5600000000000023
2016,68,0.0,-2.839999999999975
2016,69,0.0,-1.75
2016,70,0.0,0.37999999999999545
2016,71,0.01,4.760000000000048
2016,72,0.0,6.090000000000032
2016,73,0.08,3.6899999999999977
2016,74,0.0,2.5
2016,75,0.01,-1.8899999999999864
2016,76,0.07,-3.669999999999959
2016,77,0.0,-1.919999999999959
2016,78,10.05,-5.96999999999997
2016,79,0.36,-8.589999999999975
2016,80,0.6,-4.039999999999964
2016,81,0.0,3.920000000000016
2016,82,0.0,4.810000000000002
2016,83,22.86,-0.8799999999999955
2016,84,7.1,-4.7099999999999795
2016,85,1.64,-2.4799999999999613
2016,86,5.11,-5.289999999999964
2016,87,0.0,-5.4599999999999795
2016,88,0.01,0.6000000000000227
2016,89,0.01,3.8000000000000114
2016,90,2.18,-1.3899999999999864
2016,91,5.39,-4.279999999999973
2016,92,0.44,-4.3799999999999955
2016,93,0.0,-0.9499999999999886
2016,94,0.0,3.340000000000032
2016,95,0.0,5.720000000000027
2016,96,0.96,6.020000000000039
2016,97,0.0,2.160000000000025
2016,98,0.0,5.5
2016,99,0.0,4.8799999999999955
2016,100,0.04,6.28000000000003
2016,101,0.21,5.760000000000048
2016,102,1.55,3.7700000000000387
2016,103,0.23,5.430000000000007
2016,104,0.99,6.760000000000048
2016,105,0.33,7.740000000000009
2016,106,2.78,6.340000000000032
2016,107,20.61,-0.7699999999999818
2016,108,10.32,-3.9599999999999795
2016,109,3.97,-5.939999999999998
2016,110,8.24,-3.359999999999957
2016,111,0.49,-0.12999999999999545
2016,112,0.0,2.170000000000016
2016,113,0.0,4.980000000000018
2016,114,0.0,7.600000000000023
2016,115,0.02,2.3799999999999955
2016,116,0.0,4.150000000000034
2016,117,3.57,2.2800000000000296
2016,118,2.7,-1.0600000000000023
2016,119,7.37,-0.6299999999999955
2016,120,8.55,-1.089999999999975
2016,121,3.62,-1.1599999999999682
2016,122,1.64,-3.7299999999999613
2016,123,0.1,-1.2199999999999704
2016,124,0.0,1.4800000000000182
2016,125,0.0,6.510000000000048
2016,126,0.0,7.439999999999998
2016,127,0.0,10.04000000000002
2016,128,0.89,8.590000000000032
2016,129,0.16,1.8700000000000045
2016,130,0.25,3.2800000000000296
2016,131,0.34,7.260000000000048
2016,132,0.0,3.090000000000032
2016,133,0.0,4.75
2016,134,0.0,8.25
2016,135,0.0,8.140000000000043
2016,136,0.56,7.080000000000041
2016,137,3.6,5.07000000000005
2016,138,5.98,1.6800000000000068
2016,139,0.58,1.3400000000000318
2016,140,0.0,5.560000000000002
2016,141,0.0,9.050000000000011
2016,142,0.0,11.220000000000027
2016,143,0.0,10.770000000000039
2016,144,0.0,7.810000000000002
2016,145,0.0,8.980000000000018
2016,146,0.0,7.900000000000034
2016,147,3.88,8.340000000000032
2016,148,3.54,5.240000000000009
2016,149,0.28,6.2900000000000205
2016,150,0.31,9.140000000000043
2016,151,0.23,10.770000000000039
2016,152,1.53,9.700000000000045
2016,153,2.32,8.810000000000002
2016,154,0.99,11.410000000000025
2016,155,0.0,12.680000000000007
2016,156,0.0,12.810000000000002
2016,157,0.0,13.689999999999998
2016,158,1.18,14.870000000000005
2016,159,3.12,15.270000000000039
2016,160,1.96,15.439999999999998
2016,161,0.04,15.860000000000014
2016,162,0.66,18.480000000000018
2016,163,0.02,18.80000000000001
2016,164,2.27,17.340000000000032
2016,165,3.82,14.870000000000005
2016,166,5.13,12.670000000000016
2016,167,0.0,15.410000000000025
2016,168,0.0,17.360000000000014
2016,169,0.0,17.890000000000043
2016,170,0.0,18.04000000000002
2016,171,0.0,20.379999999999995
2016,172,3.94,20.480000000000018
2016,173,4.69,21.360000000000014
2016,174,1.3,20.430000000000007
2016,175,3.1,18.24000000000001
2016,176,0.09,18.379999999999995
2016,177,2.77,18.370000000000005
2016,178,0.2,17.150000000000034
2016,179,1.92,17.930000000000007
2016,180,0.27,18.460000000000036
2016,181,0.54,18.53000000000003
2016,182,0.13,17.060000000000002
2016,183,4.11,15.29000000000002
2016,184,6.4,14.07000000000005
2016,185,1.44,14.890000000000043
2016,186,0.01,16.410000000000025
2016,187,0.03,17.760000000000048
2016,188,0.0,18.100000000000023
2016,189,0.0,17.850000000000023
2016,190,0.0,17.890000000000043
2016,191,0.0,18.629999999999995
2016,192,0.0,19.370000000000005
2016,193,0.0,18.180000000000007
2016,194,0.0,16.410000000000025
2016,195,0.0,17.620000000000005
2016,196,0.0,17.54000000000002
2016,197,0.0,17.970000000000027
2016,198,0.0,18.52000000000004
2016,199,0.0,19.30000000000001
2016,200,4.94,19.010000000000048
2016,201,2.15,19.090000000000032
2016,202,8.05,19.480000000000018
2016,203,1.59,19.430000000000007
2016,204,0.66,20.480000000000018
2016,205,0.25,20.07000000000005
2016,206,0.04,19.640000000000043
2016,207,0.0,19.33000000000004
2016,208,0.0,19.680000000000007
2016,209,0.0,19.04000000000002
2016,210,0.0,19.410000000000025
2016,211,0.02,17.200000000000045
2016,212,0.04,18.720000000000027
2016,213,2.49,19.560000000000002
2016,214,0.32,18.07000000000005
2016,215,0.0,19.5
2016,216,0.0,18.900000000000034
2016,217,0.0,18.04000000000002
2016,218,0.34,13.220000000000027
2016,219,2.24,15.840000000000032
2016,220,2.17,16.870000000000005
2016,221,4.82,17.83000000000004
2016,222,0.03,18.58000000000004
2016,223,1.69,18.510000000000048
2016,224,0.0,18.140000000000043
2016,225,0.32,14.950000000000045
2016,226,0.34,15.189999999999998
2016,227,0.0,15.710000000000036
2016,228,0.0,17.170000000000016
2016,229,0.24,16.760000000000048
2016,230,4.18,16.610000000000014
2016,231,1.05,16.140000000000043
2016,232,2.44,14.120000000000005
2016,233,2.8,12.220000000000027
2016,234,0.02,14.520000000000039
2016,235,3.82,17.170000000000016
2016,236,1.52,15.830000000000041
2016,237,4.43,13.010000000000048
2016,238,0.9,11.370000000000005
2016,239,0.04,11.850000000000023
2016,240,0.0,12.920000000000016
2016,241,0.31,14.420000000000016
2016,242,6.32,13.78000000000003
2016,243,0.67,12.990000000000009
2016,244,0.05,13.980000000000018
2016,245,0.0,15.379999999999995
2016,246,0.0,15.950000000000045
2016,247,0.0,15.689999999999998
2016,248,0.71,15.490000000000009
2016,249,0.0,15.350000000000023
2016,250,0.0,15.879999999999995
2016,251,0.0,15.330000000000041
2016,252,0.0,15.230000000000018
2016,253,0.0,14.379999999999995
2016,254,0.0,10.180000000000007
2016,255,0.0,15.100000000000023
2016,256,0.0,15.200000000000045
2016,257,1.73,11.660000000000025
2016,258,0.63,12.390000000000043
2016,259,0.38,11.78000000000003
2016,260,0.0,9.510000000000048
2016,261,0.05,10.120000000000005
2016,262,0.0,12.470000000000027
2016,263,0.0,15.700000000000045
2016,264,0.0,16.920000000000016
2016,265,0.01,15.990000000000009
2016,266,0.0,15.370000000000005
2016,267,0.0,14.930000000000007
2016,268,0.0,8.430000000000007
2016,269,0.0,6.310000000000002
2016,270,0.0,9.330000000000041
2016,271,0.0,12.360000000000014
2016,272,0.0,14.020000000000039
2016,273,0.0,13.960000000000036
2016,274,0.29,13.720000000000027
2016,275,1.86,11.600000000000023
2016,276,0.01,12.850000000000023
2016,277,0.0,12.490000000000009
2016,278,0.0,4.590000000000032
2016,279,0.0,3.5200000000000387
2016,280,4.65,4.430000000000007
2016,281,0.02,2.5500000000000114
2016,282,0.0,7.420000000000016
2016,283,0.0,9.410000000000025
2016,284,0.0,10.170000000000016
2016,285,0.04,10.510000000000048
2016,286,0.0,8.520000000000039
2016,287,0.0,9.200000000000045
2016,288,0.0,11.150000000000034
2016,289,0.0,12.870000000000005
2016,290,0.0,12.879999999999995
2016,291,0.0,12.379999999999995
2016,292,0.0,8.020000000000039
2016,293,0.0,4.480000000000018
2016,294,0.0,2.1899999999999977
2016,295,0.0,7.939999999999998
2016,296,0.0,10.310000000000002
2016,297,0.0,10.480000000000018
2016,298,0.0,10.800000000000011
2016,299,0.01,10.700000000000045
2016,300,0.0,7.9500000000000455
2016,301,0.0,10.480000000000018
2016,302,0.0,12.710000000000036
2016,303,0.0,11.390000000000043
2016,304,0.0,9.900000000000034
2016,305,0.0,10.590000000000032
2016,306,0.0,8.050000000000011
2016,307,0.0,5.82000000000005
2016,308,0.0,5.470000000000027
2016,309,0.0,6.4500000000000455
2016,310,0.35,7.410000000000025
2016,311,0.0,6.080000000000041
2016,312,0.0,5.140000000000043
2016,313,0.0,4.430000000000007
2016,314,0.0,6.720000000000027
2016,315,0.0,7.8799999999999955
2016,316,0.0,4.2000000000000455
2016,317,0.0,5.510000000000048
2016,318,0.0,4.760000000000048
2016,319,0.0,4.970000000000027
2016,320,0.0,8.260000000000048
2016,321,0.0,9.300000000000011
2016,322,2.43,3.57000000000005
2016,323,0.68,-6.25
2016,324,0.0,-0.049999999999954525
2016,325,0.0,5.28000000000003
2016,326,0.0,5.53000000000003
2016,327,3.87,1.8900000000000432
2016,328,0.0,-1.669999999999959
2016,329,0.0,-1.4599999999999795
2016,330,0.0,-1.9799999999999613
2016,331,0.0,0.0
2016,332,0.16,-0.5
2016,333,0.0,-5.339999999999975
2016,334,0.0,-7.609999999999957
2016,335,0.0,-8.949999999999989
2016,336,0.0,-8.579999999999984
2016,337,0.0,-6.7099999999999795
2016,338,0.02,-7.069999999999993
2016,339,0.0,-6.229999999999961
2016,340,0.04,-2.0499999999999545
2016,341,0.0,-8.919999999999959
2016,342,0.12,-10.909999999999968
2016,343,0.0,-16.19999999999999
2016,344,1.68,-4.729999999999961
2016,345,0.0,-1.4099999999999682
2016,346,0.64,-0.2899999999999636
2016,347,0.0,-4.339999999999975
2016,348,0.0,-5.939999999999998
2016,349,0.0,-4.560000000000002
2016,350,0.0,1.3500000000000227
2016,351,0.0,2.0500000000000114
2016,352,0.26,-8.029999999999973
2016,353,0.0,-14.5
2016,354,0.0,-8.609999999999957
2016,355,0.0,-1.0600000000000023
2016,356,0.0,0.26000000000004775
2016,357,0.0,-3.9499999999999886
2016,358,0.0,0.18999999999999773
2016,359,0.0,-1.0299999999999727
2016,360,0.33,-1.7299999999999613
2016,361,0.0,-8.349999999999966
2016,362,0.0,-4.479999999999961
2016,363,0.0,-1.5499999999999545
2016,364,0.0,-4.649999999999977
2016,365,0.0,-1.2399999999999523
2016,366,0.0,-2.859999999999957
2017,1,0.0,-4.569999999999993
2017,2,0.0,-4.71999999999997
2017,3,0.0,-6.889999999999986
2017,4,0.4,-4.899999999999977
2017,5,4.03,-11.839999999999975
2017,6,0.0,-16.639999999999986
2017,7,0.0,-11.889999999999986
2017,8,0.01,-2.8799999999999955
2017,9,0.0,3.25
2017,10,0.97,-1.6399999999999864
2017,11,0.0,-0.8899999999999864
2017,12,0.0,-3.9699999999999704
2017,13,0.01,-2.4399999999999977
2017,14,0.03,-2.269999999999982
2017,15,0.02,-2.759999999999991
2017,16,0.33,-2.42999999999995
2017,17,0.0,-3.909999999999968
2017,18,0.12,-3.349999999999966
2017,19,0.0,-1.8599999999999568
2017,20,1.17,-2.67999999999995
2017,21,0.0,-7.189999999999998
2017,22,0.0,-6.5499999999999545
2017,23,0.0,-3.42999999999995
2017,24,0.02,-5.789999999999964
2017,25,0.0,-12.149999999999977
2017,26,0.0,-14.589999999999975
2017,27,0.0,-13.519999999999982
2017,28,0.0,-7.519999999999982
2017,29,0.0,-3.569999999999993
2017,30,0.0,-1.339999999999975
2017,31,0.0,0.160000000000025
2017,32,0.0,-0.7699999999999818
2017,33,0.0,-3.1999999999999886
2017,34,0.0,-3.3799999999999955
2017,35,0.0,-1.2099999999999795
2017,36,0.0,-1.67999999999995
2017,37,0.0,-0.0999999999999659
2017,38,0.0,0.8100000000000023
2017,39,0.2,0.75
2017,40,0.0,0.9000000000000341
2017,41,0.0,5.25
2017,42,0.0,4.680000000000007
2017,43,3.12,-0.46999999999997044
2017,44,0.02,-1.0499999999999545
2017,45,0.0,-5.779999999999973
2017,46,0.0,-4.099999999999966
2017,47,0.0,0.75
2017,48,0.0,1.830000000000041
2017,49,0.0,0.7300000000000182
2017,50,0.0,1.5500000000000114
2017,51,0.0,0.010000000000047748
2017,52,0.0,2.75
2017,53,0.0,3.090000000000032
2017,54,0.08,-2.9899999999999523
2017,55,0.01,-9.239999999999952
2017,56,1.08,-12.039999999999964
2017,57,0.0,-10.779999999999973
2017,58,0.0,-7.899999999999977
2017,59,0.05,-2.009999999999991
2017,60,0.0,-8.489999999999952
2017,61,0.0,-3.42999999999995
2017,62,0.0,-3.0399999999999636
2017,63,0.0,-0.060000000000002274
2017,64,0.0,1.3700000000000045
2017,65,0.0,-1.7299999999999613
2017,66,0.0,-7.009999999999991
2017,67,0.0,-1.6999999999999886
2017,68,0.0,1.8900000000000432
2017,69,0.0,2.660000000000025
2017,70,0.0,1.6899999999999977
2017,71,0.0,0.5400000000000205
2017,72,0.0,-2.319999999999993
2017,73,0.0,3.1100000000000136
2017,74,0.0,6.010000000000048
2017,75,0.0,5.1299999999999955
2017,76,0.0,4.510000000000048
2017,77,0.0,7.0400000000000205
2017,78,0.0,7.270000000000039
2017,79,0.0,7.650000000000034
2017,80,0.0,6.260000000000048
2017,81,0.0,6.360000000000014
2017,82,0.0,6.960000000000036
2017,83,19.15,0.8400000000000318
2017,84,0.0,0.21000000000003638
2017,85,1.01,1.9300000000000068
2017,86,0.16,-0.06999999999999318
2017,87,2.09,1.580000000000041
2017,88,0.33,0.4300000000000068
2017,89,0.01,1.0100000000000477
2017,90,0.95,2.840000000000032
2017,91,3.26,-1.169999999999959
2017,92,2.51,0.4700000000000273
2017,93,0.02,-0.2899999999999636
2017,94,14.29,-4.1299999999999955
2017,95,0.6,-4.579999999999984
2017,96,0.0,-0.5499999999999545
2017,97,0.0,3.9600000000000364
2017,98,0.0,6.6299999999999955
2017,99,0.0,3.430000000000007
2017,100,0.0,0.7700000000000387
2017,101,0.0,1.5200000000000387
2017,102,0.0,6.140000000000043
2017,103,0.0,7.6299999999999955
2017,104,0.0,8.82000000000005
2017,105,0.0,7.160000000000025
2017,106,0.0,4.439999999999998
2017,107,0.0,5.860000000000014
2017,108,0.0,7.060000000000002
2017,109,0.0,7.5
2017,110,0.78,2.4600000000000364
2017,111,1.32,1.0900000000000318
2017,112,1.76,-2.3799999999999955
2017,113,0.0,3.7100000000000364
2017,114,0.0,8.460000000000036
2017,115,0.69,3.57000000000005
2017,116,1.14,-1.1999999999999886
2017,117,0.06,-0.19999999999998863
2017,118,0.16,-2.659999999999968
2017,119,5.43,-4.569999999999993
2017,120,0.31,-5.289999999999964
2017,121,0.0,0.4800000000000182
2017,122,0.69,1.9500000000000455
2017,123,1.12,1.7200000000000273
2017,124,0.0,3.32000000000005
2017,125,0.0,8.830000000000041
2017,126,0.0,11.580000000000041
2017,127,0.55,12.830000000000041
2017,128,1.47,10.100000000000023
2017,129,4.52,8.970000000000027
2017,130,0.02,7.330000000000041
2017,131,5.76,5.0400000000000205
2017,132,0.0,7.53000000000003
2017,133,0.0,10.32000000000005
2017,134,0.0,10.29000000000002
2017,135,0.0,11.150000000000034
2017,136,0.0,9.680000000000007
2017,137,0.0,5.990000000000009
2017,138,19.7,3.580000000000041
2017,139,4.97,-0.38999999999998636
2017,140,0.12,-0.9699999999999704
2017,141,0.06,3.640000000000043
2017,142,10.19,6.340000000000032
2017,143,6.18,3.2600000000000477
2017,144,0.0,6.840000000000032
2017,145,0.0,12.100000000000023
2017,146,0.37,10.310000000000002
2017,147,2.72,7.9500000000000455
2017,148,0.14,6.420000000000016
2017,149,0.28,8.590000000000032
2017,150,0.69,10.080000000000041
2017,151,0.18,11.970000000000027
2017,152,0.07,13.370000000000005
2017,153,2.26,12.28000000000003
2017,154,0.45,11.890000000000043
2017,155,0.0,12.689999999999998
2017,156,0.9,15.629999999999995
2017,157,0.26,15.189999999999998
2017,158,3.02,13.82000000000005
2017,159,0.14,15.740000000000009
2017,160,0.03,16.939999999999998
2017,161,0.0,18.129999999999995
2017,162,0.0,17.58000000000004
2017,163,0.0,15.939999999999998
2017,164,0.0,13.510000000000048
2017,165,0.0,11.920000000000016
2017,166,0.0,15.53000000000003
2017,167,0.0,17.160000000000025
2017,168,0.0,18.24000000000001
2017,169,0.0,14.920000000000016
2017,170,0.0,16.480000000000018
2017,171,0.0,18.57000000000005
2017,172,0.0,20.060000000000002
2017,173,0.09,20.170000000000016
2017,174,0.0,15.610000000000014
2017,175,0.0,11.920000000000016
2017,176,0.0,13.610000000000014
2017,177,0.0,14.910000000000025
2017,178,0.0,18.230000000000018
2017,179,0.0,17.910000000000025
2017,180,0.0,17.04000000000002
2017,181,0.36,13.25
2017,182,0.0,14.189999999999998
2017,183,0.02,17.840000000000032
2017,184,0.49,17.689999999999998
2017,185,0.0,17.860000000000014
2017,186,0.0,18.82000000000005
2017,187,0.0,20.860000000000014
2017,188,0.07,19.980000000000018
2017,189,1.18,17.900000000000034
2017,190,0.02,17.939999999999998
2017,191,0.79,19.920000000000016
2017,192,2.08,20.0
2017,193,5.47,17.010000000000048
2017,194,9.32,15.600000000000023
2017,195,1.87,15.900000000000034
2017,196,0.74,14.700000000000045
2017,197,0.0,15.680000000000007
2017,198,0.1,18.730000000000018
2017,199,0.8,19.590000000000032
2017,200,2.65,19.860000000000014
2017,201,1.38,20.230000000000018
2017,202,0.98,19.610000000000014
2017,203,0.88,17.689999999999998
2017,204,11.69,18.03000000000003
2017,205,0.08,18.610000000000014
2017,206,2.2,18.960000000000036
2017,207,1.49,17.210000000000036
2017,208,14.67,17.220000000000027
2017,209,16.07,18.420000000000016
2017,210,2.47,17.28000000000003
2017,211,9.27,14.930000000000007
2017,212,5.34,15.160000000000025
2017,213,0.32,15.660000000000025
2017,214,0.64,16.55000000000001
2017,215,8.64,15.340000000000032
2017,216,0.73,15.910000000000025
2017,217,0.02,17.27000000000004
2017,218,6.29,15.050000000000011
2017,219,4.29,12.54000000000002
2017,220,11.25,11.939999999999998
2017,221,3.44,13.590000000000032
2017,222,7.73,15.120000000000005
2017,223,1.12,14.600000000000023
2017,224,0.87,16.0
2017,225,0.64,15.680000000000007
2017,226,0.53,15.910000000000025
2017,227,0.66,16.090000000000032
2017,228,0.14,13.740000000000009
2017,229,0.44,14.020000000000039
2017,230,0.01,15.960000000000036
2017,231,0.67,17.58000000000004
2017,232,0.28,18.670000000000016
2017,233,0.0,17.670000000000016
2017,234,0.34,15.950000000000045
2017,235,0.39,16.720000000000027
2017,236,0.52,15.629999999999995
2017,237,0.08,15.430000000000007
2017,238,0.0,16.910000000000025
2017,239,0.0,17.02000000000004
2017,240,0.0,16.27000000000004
2017,241,0.0,17.210000000000036
2017,242,1.43,17.55000000000001
2017,243,0.5,17.730000000000018
2017,244,0.02,16.260000000000048
2017,245,0.0,16.170000000000016
2017,246,0.09,18.27000000000004
2017,247,0.0,18.930000000000007
2017,248,0.0,13.510000000000048
2017,249,0.0,13.03000000000003
2017,250,0.0,15.900000000000034
2017,251,0.0,16.650000000000034
2017,252,0.0,17.180000000000007
2017,253,0.1,17.660000000000025
2017,254,1.73,17.230000000000018
2017,255,0.76,16.840000000000032
2017,256,0.61,17.120000000000005
2017,257,3.87,15.79000000000002
2017,258,0.47,13.710000000000036
2017,259,0.0,11.460000000000036
2017,260,1.98,11.360000000000014
2017,261,0.02,11.910000000000025
2017,262,0.0,13.490000000000009
2017,263,0.0,12.510000000000048
2017,264,0.0,14.25
2017,265,0.01,14.260000000000048
2017,266,5.57,12.410000000000025
2017,267,8.16,7.5
2017,268,1.19,5.920000000000016
2017,269,0.81,5.670000000000016
2017,270,1.87,6.740000000000009
2017,271,12.36,6.830000000000041
2017,272,0.82,8.439999999999998
2017,273,1.07,9.689999999999998
2017,274,0.12,9.210000000000036
2017,275,1.56,6.7900000000000205
2017,276,1.81,6.720000000000027
2017,277,0.0,9.650000000000034
2017,278,0.73,13.090000000000032
2017,279,0.06,10.28000000000003
2017,280,0.0,7.180000000000007
2017,281,0.0,10.210000000000036
2017,282,7.75,0.4200000000000159
2017,283,0.09,-1.1999999999999886
2017,284,0.0,7.090000000000032
2017,285,0.0,9.950000000000045
2017,286,0.0,8.330000000000041
2017,287,0.0,7.25
2017,288,0.0,4.82000000000005
2017,289,0.0,8.270000000000039
2017,290,0.0,8.830000000000041
2017,291,0.0,10.100000000000023
2017,292,0.0,10.590000000000032
2017,293,0.0,10.210000000000036
2017,294,0.0,4.840000000000032
2017,295,0.0,3.410000000000025
2017,296,0.0,6.910000000000025
2017,297,0.0,3.3700000000000045
2017,298,0.0,8.100000000000023
2017,299,0.71,6.720000000000027
2017,300,0.33,-1.589999999999975
2017,301,0.0,2.0200000000000387
2017,302,0.01,5.920000000000016
2017,303,0.0,0.060000000000002274
2017,304,0.17,0.7700000000000387
2017,305,0.0,5.590000000000032
2017,306,0.0,6.7900000000000205
2017,307,0.0,7.07000000000005
2017,308,0.04,7.1299999999999955
2017,309,0.0,5.410000000000025
2017,310,0.0,3.6100000000000136
2017,311,2.38,0.4900000000000091
2017,312,0.01,0.07000000000005002
2017,313,0.0,3.340000000000032
2017,314,0.0,5.060000000000002
2017,315,0.0,4.3700000000000045
2017,316,0.0,1.7800000000000296
2017,317,0.0,5.850000000000023
2017,318,0.0,6.670000000000016
2017,319,0.0,4.03000000000003
2017,320,0.01,5.580000000000041
2017,321,0.51,7.0400000000000205
2017,322,7.65,-1.6200000000000045
2017,323,0.0,-1.25
2017,324,0.0,0.9900000000000091
2017,325,1.83,1.6800000000000068
2017,326,0.42,3.680000000000007
2017,327,0.1,5.850000000000023
2017,328,0.0,7.0400000000000205
2017,329,0.0,3.900000000000034
2017,330,0.0,5.8700000000000045
2017,331,0.0,7.5
2017,332,0.0,2.2600000000000477
2017,333,0.0,2.57000000000005
2017,334,0.0,1.9600000000000364
2017,335,0.0,3.1899999999999977
2017,336,0.0,2.910000000000025
2017,337,0.0,4.080000000000041
2017,338,0.81,-1.1099999999999568
2017,339,0.0,-6.42999999999995
2017,340,0.0,-6.269999999999982
2017,341,0.0,-9.909999999999968
2017,342,0.6,-3.0299999999999727
2017,343,0.0,-0.23999999999995225
2017,344,0.0,-0.3299999999999841
2017,345,0.0,1.8100000000000023
2017,346,0.0,1.75
2017,347,0.0,2.0300000000000296
2017,348,3.14,-3.659999999999968
2017,349,0.0,-3.159999999999968
2017,350,0.0,1.2800000000000296
2017,351,0.0,-2.2099999999999795
2017,352,0.0,-0.6999999999999886
2017,353,0.0,0.660000000000025
2017,354,0.0,1.2100000000000364
2017,355,1.71,-3.409999999999968
2017,356,0.06,-7.349999999999966
2017,357,0.0,-4.099999999999966
2017,358,1.45,-6.409999999999968
2017,359,0.0,-2.9799999999999613
2017,360,0.03,-2.4499999999999886
2017,361,0.0,-1.8799999999999955
2017,362,0.0,-0.1099999999999568
2017,363,0.0,1.8799999999999955
2017,364,0.01,3.32000000000005
2017,365,0.0,-3.2099999999999795
2018,1,0.0,-3.7799999999999727
2018,2,0.0,-4.5499999999999545
2018,3,0.0,-2.2299999999999613
2018,4,0.0,-0.75
2018,5,0.0,0.35000000000002274
2018,6,0.0,1.2600000000000477
2018,7,0.03,0.9500000000000455
2018,8,0.0,2.25
2018,9,0.0,4.830000000000041
2018,10,0.07,3.8500000000000227
2018,11,0.12,-3.599999999999966
2018,12,0.02,-3.2199999999999704
2018,13,0.0,-3.609999999999957
2018,14,0.1,-1.5399999999999636
2018,15,0.46,-3.339999999999975
2018,16,0.0,-9.0
2018,17,0.0,-3.269999999999982
2018,18,0.0,0.12999999999999545
2018,19,0.0,4.670000000000016
2018,20,0.0,3.730000000000018
2018,21,10.24,-3.409999999999968
2018,22,0.0,-8.25
2018,23,0.0,-7.560000000000002
2018,24,0.0,-4.479999999999961
2018,25,0.06,-0.42999999999995
2018,26,0.02,-3.409999999999968
2018,27,0.0,-7.919999999999959
2018,28,0.0,-4.0
2018,29,0.0,-1.8599999999999568
2018,30,0.0,1.9600000000000364
2018,31,0.0,2.240000000000009
2018,32,0.0,-0.6999999999999886
2018,33,0.0,0.11000000000001364
2018,34,0.19,1.2100000000000364
2018,35,0.12,1.2900000000000205
2018,36,0.24,1.4800000000000182
2018,37,0.0,-1.5399999999999636
2018,38,0.0,-2.169999999999959
2018,39,0.0,1.0600000000000023
2018,40,0.0,2.3500000000000227
2018,41,3.89,-1.6599999999999682
2018,42,0.02,-6.7099999999999795
2018,43,0.0,-3.509999999999991
2018,44,0.0,0.10000000000002274
2018,45,0.0,1.0
2018,46,0.21,0.57000000000005
2018,47,0.31,-3.579999999999984
2018,48,0.0,-1.4399999999999977
2018,49,0.0,1.9700000000000273
2018,50,0.92,1.1400000000000432
2018,51,5.87,-5.729999999999961
2018,52,0.03,-8.71999999999997
2018,53,0.05,-4.8700000000000045
2018,54,0.0,-6.159999999999968
2018,55,0.01,-7.789999999999964
2018,56,0.0,-9.979999999999961
2018,57,0.0,-4.769999999999982
2018,58,0.0,-1.079999999999984
2018,59,0.0,-1.3599999999999568
2018,60,0.0,-2.519999999999982
2018,61,0.0,1.8900000000000432
2018,62,0.0,4.010000000000048
2018,63,0.0,3.640000000000043
2018,64,0.02,-5.159999999999968
2018,65,0.0,-6.019999999999982
2018,66,0.0,-2.169999999999959
2018,67,0.0,1.0200000000000387
2018,68,0.0,2.3000000000000114
2018,69,0.0,1.5500000000000114
2018,70,0.0,-1.6200000000000045
2018,71,0.0,0.8900000000000432
2018,72,0.0,0.8600000000000136
2018,73,0.0,3.650000000000034
2018,74,0.12,6.100000000000023
2018,75,0.03,0.9500000000000455
2018,76,0.0,0.9399999999999977
2018,77,1.07,2.480000000000018
2018,78,2.37,-2.8799999999999955
2018,79,0.0,-3.349999999999966
2018,80,0.0,0.4500000000000455
2018,81,0.0,5.310000000000002
2018,82,0.01,8.160000000000025
2018,83,0.0,3.7600000000000477
2018,84,0.0,5.460000000000036
2018,85,0.01,2.650000000000034
2018,86,16.57,-2.2299999999999613
2018,87,1.26,0.2400000000000091
2018,88,0.13,-1.2999999999999545
2018,89,0.0,0.4200000000000159
2018,90,0.0,4.910000000000025
2018,91,0.0,4.900000000000034
2018,92,0.0,7.340000000000032
2018,93,0.0,2.160000000000025
2018,94,0.0,2.1200000000000045
2018,95,0.0,5.2900000000000205
2018,96,1.39,5.770000000000039
2018,97,1.04,4.939999999999998
2018,98,0.56,7.2900000000000205
2018,99,0.0,2.5
2018,100,0.0,4.180000000000007
2018,101,0.0,9.07000000000005
2018,102,0.0,10.520000000000039
2018,103,1.75,1.2600000000000477
2018,104,0.0,-2.519999999999982
2018,105,0.0,1.8600000000000136
2018,106,0.0,8.200000000000045
2018,107,0.0,8.07000000000005
2018,108,0.0,-1.75
2018,109,0.0,2.170000000000016
2018,110,5.29,5.6299999999999955
2018,111,2.37,1.240000000000009
2018,112,0.02,4.4500000000000455
2018,113,0.0,8.490000000000009
2018,114,4.54,3.680000000000007
2018,115,1.33,1.0500000000000114
2018,116,0.0,5.110000000000014
2018,117,0.0,6.57000000000005
2018,118,0.0,10.650000000000034
2018,119,0.0,11.82000000000005
2018,120,0.0,10.590000000000032
2018,121,0.0,7.5
2018,122,4.26,5.78000000000003
2018,123,13.65,3.7000000000000455
2018,124,0.56,4.670000000000016
2018,125,0.0,9.210000000000036
2018,126,0.0,11.75
2018,127,0.0,13.620000000000005
2018,128,0.0,13.78000000000003
2018,129,0.0,13.680000000000007
2018,130,0.0,15.150000000000034
2018,131,0.0,13.82000000000005
2018,132,0.07,13.560000000000002
2018,133,0.03,12.640000000000043
2018,134,0.77,10.300000000000011
2018,135,0.12,10.180000000000007
2018,136,0.05,12.970000000000027
2018,137,0.0,14.78000000000003
2018,138,1.26,13.020000000000039
2018,139,2.49,9.200000000000045
2018,140,5.45,7.740000000000009
2018,141,0.44,12.400000000000034
2018,142,0.0,13.710000000000036
2018,143,1.03,13.430000000000007
2018,144,0.0,14.53000000000003
2018,145,0.0,15.670000000000016
2018,146,0.0,17.54000000000002
2018,147,0.0,17.57000000000005
2018,148,0.65,13.82000000000005
2018,149,1.12,12.480000000000018
2018,150,0.11,13.850000000000023
2018,151,0.0,15.57000000000005
2018,152,0.0,16.910000000000025
2018,153,0.0,14.340000000000032
2018,154,0.0,15.230000000000018
2018,155,0.35,16.100000000000023
2018,156,0.0,18.460000000000036
2018,157,0.0,19.150000000000034
2018,158,0.02,18.600000000000023
2018,159,0.0,18.650000000000034
2018,160,0.0,19.010000000000048
2018,161,0.0,18.730000000000018
2018,162,0.0,17.24000000000001
2018,163,0.0,17.450000000000045
2018,164,0.0,19.28000000000003
2018,165,0.0,20.439999999999998
2018,166,0.03,19.53000000000003
2018,167,0.02,18.850000000000023
2018,168,13.4,16.180000000000007
2018,169,4.34,15.340000000000032
2018,170,0.0,16.430000000000007
2018,171,0.0,14.020000000000039
2018,172,0.0,15.890000000000043
2018,173,0.22,17.200000000000045
2018,174,0.0,15.670000000000016
2018,175,2.3,14.79000000000002
2018,176,0.0,12.520000000000039
2018,177,0.0,18.52000000000004
2018,178,0.0,21.58000000000004
2018,179,0.0,22.129999999999995
2018,180,0.0,20.55000000000001
2018,181,0.0,17.939999999999998
2018,182,0.0,15.54000000000002
2018,183,0.0,18.470000000000027
2018,184,0.0,20.450000000000045
2018,185,0.0,20.439999999999998
2018,186,73.24,19.210000000000036
2018,187,0.97,18.02000000000004
2018,188,0.0,20.32000000000005
2018,189,0.82,20.680000000000007
2018,190,0.72,20.430000000000007
2018,191,0.0,20.0
2018,192,0.0,20.510000000000048
2018,193,1.48,18.77000000000004
2018,194,0.2,18.04000000000002
2018,195,0.0,19.58000000000004
2018,196,3.05,18.860000000000014
2018,197,4.54,17.03000000000003
2018,198,2.58,19.200000000000045
2018,199,1.16,19.77000000000004
2018,200,0.0,20.629999999999995
2018,201,0.0,21.910000000000025
2018,202,2.06,21.460000000000036
2018,203,0.9,21.24000000000001
2018,204,17.8,17.680000000000007
2018,205,7.16,18.629999999999995
2018,206,4.59,19.960000000000036
2018,207,1.29,16.439999999999998
2018,208,5.06,16.850000000000023
2018,209,5.71,17.850000000000023
2018,210,0.37,17.80000000000001
2018,211,0.0,14.510000000000048
2018,212,0.0,14.800000000000011
2018,213,0.0,17.5
2018,214,0.0,18.120000000000005
2018,215,1.47,18.390000000000043
2018,216,0.18,18.460000000000036
2018,217,1.81,19.450000000000045
2018,218,1.6,18.060000000000002
2018,219,0.58,16.720000000000027
2018,220,0.18,17.350000000000023
2018,221,0.0,16.850000000000023
2018,222,0.0,17.460000000000036
2018,223,0.0,16.870000000000005
2018,224,0.0,17.57000000000005
2018,225,0.0,17.840000000000032
2018,226,1.05,17.470000000000027
2018,227,3.16,18.110000000000014
2018,228,0.04,18.970000000000027
2018,229,4.47,18.640000000000043
2018,230,0.44,17.410000000000025
2018,231,0.2,13.910000000000025
2018,232,0.0,13.5
2018,233,8.61,16.07000000000005
2018,234,3.77,14.939999999999998
2018,235,0.02,16.189999999999998
2018,236,0.0,16.04000000000002
2018,237,0.17,18.260000000000048
2018,238,0.28,18.310000000000002
2018,239,0.1,17.620000000000005
2018,240,0.0,16.310000000000002
2018,241,0.0,15.470000000000027
2018,242,0.0,17.680000000000007
2018,243,0.26,18.400000000000034
2018,244,0.18,16.689999999999998
2018,245,0.13,15.230000000000018
2018,246,0.09,14.29000000000002
2018,247,0.08,15.010000000000048
2018,248,3.51,13.629999999999995
2018,249,10.26,12.920000000000016
2018,250,2.97,13.370000000000005
2018,251,0.0,13.939999999999998
2018,252,0.0,15.800000000000011
2018,253,0.0,16.629999999999995
2018,254,0.0,18.03000000000003
2018,255,0.0,17.80000000000001
2018,256,0.0,17.879999999999995
2018,257,0.0,17.720000000000027
2018,258,0.0,18.04000000000002
2018,259,0.0,18.410000000000025
2018,260,0.0,18.590000000000032
2018,261,0.0,18.560000000000002
2018,262,0.21,18.52000000000004
2018,263,0.17,15.120000000000005
2018,264,0.0,12.120000000000005
2018,265,0.0,14.150000000000034
2018,266,0.0,14.710000000000036
2018,267,0.03,14.830000000000041
2018,268,0.0,10.270000000000039
2018,269,0.0,8.25
2018,270,0.0,11.100000000000023
2018,271,0.0,12.75
2018,272,0.0,14.330000000000041
2018,273,0.0,15.330000000000041
2018,274,0.1,14.5
2018,275,0.19,13.850000000000023
2018,276,0.0,14.860000000000014
2018,277,0.67,12.020000000000039
2018,278,0.0,10.410000000000025
2018,279,6.61,5.970000000000027
2018,280,0.0,8.200000000000045
2018,281,5.95,4.270000000000039
2018,282,2.13,2.0200000000000387
2018,283,1.31,0.4900000000000091
2018,284,0.0,2.9700000000000273
2018,285,0.0,4.640000000000043
2018,286,0.0,6.560000000000002
2018,287,0.78,-2.669999999999959
2018,288,0.09,-6.189999999999998
2018,289,0.0,-1.259999999999991
2018,290,0.0,0.7600000000000477
2018,291,0.0,4.6299999999999955
2018,292,0.0,5.75
2018,293,0.0,6.150000000000034
2018,294,0.0,7.9500000000000455
2018,295,0.0,9.140000000000043
2018,296,0.0,9.0
2018,297,0.19,7.82000000000005
2018,298,0.0,5.800000000000011
2018,299,0.0,6.0400000000000205
2018,300,0.0,7.470000000000027
2018,301,0.0,9.03000000000003
2018,302,0.0,9.82000000000005
2018,303,8.12,3.390000000000043
2018,304,4.18,-1.4599999999999795
2018,305,0.0,-2.089999999999975
2018,306,0.0,1.8400000000000318
2018,307,1.0,1.0900000000000318
2018,308,0.0,-1.099999999999966
2018,309,0.58,0.410000000000025
2018,310,0.0,-2.159999999999968
2018,311,0.02,-3.339999999999975
2018,312,0.0,-4.9599999999999795
2018,313,0.0,-5.1299999999999955
2018,314,0.0,-1.2299999999999613
2018,315,5.36,-4.889999999999986
2018,316,0.6,-9.589999999999975
2018,317,0.0,-6.899999999999977
2018,318,0.0,-1.1999999999999886
2018,319,0.0,2.2000000000000455
2018,320,0.0,2.740000000000009
2018,321,0.0,-0.7099999999999795
2018,322,0.12,-2.8899999999999864
2018,323,0.0,-1.6599999999999682
2018,324,0.0,-1.2399999999999523
2018,325,0.0,0.410000000000025
2018,326,0.0,1.7600000000000477
2018,327,0.21,-0.2899999999999636
2018,328,0.78,0.03000000000002956
2018,329,0.0,-6.25
2018,330,0.0,-5.149999999999977
2018,331,0.0,0.1400000000000432
2018,332,0.0,2.1100000000000136
2018,333,0.0,1.0400000000000205
2018,334,0.06,0.28000000000002956
2018,335,0.0,-3.2799999999999727
2018,336,0.02,-8.20999999999998
2018,337,1.0,-7.839999999999975
2018,338,0.0,-10.319999999999993
2018,339,0.0,-6.099999999999966
2018,340,0.0,-5.2099999999999795
2018,341,0.0,-2.609999999999957
2018,342,0.0,-3.4899999999999523
2018,343,0.0,-5.17999999999995
2018,344,0.0,-3.329999999999984
2018,345,0.0,0.160000000000025
2018,346,0.0,-1.25
2018,347,0.02,-5.609999999999957
2018,348,0.0,-2.2099999999999795
2018,349,0.16,1.2700000000000387
2018,350,0.0,0.7800000000000296
2018,351,0.0,1.660000000000025
2018,352,0.0,1.1100000000000136
2018,353,0.16,-1.6399999999999864
2018,354,0.0,-4.25
2018,355,0.0,0.4399999999999977
2018,356,0.65,-2.019999999999982
2018,357,0.01,-5.560000000000002
2018,358,0.02,-2.829999999999984
2018,359,0.01,-3.5299999999999727
2018,360,0.3,-1.3899999999999864
2018,361,0.37,-7.8700000000000045
2018,362,0.2,-12.67999999999995
2018,363,0.8,-10.75
2018,364,0.0,-3.8799999999999955
2018,365,1.87,-7.639999999999986
2019,1,0.87,-14.569999999999993
2019,2,0.0,-8.769999999999982
2019,3,0.0,-4.659999999999968
2019,4,0.0,0.17000000000001592
2019,5,0.0,1.9700000000000273
2019,6,0.0,1.2000000000000455
2019,7,0.01,-2.5
2019,8,0.0,-1.7399999999999523
2019,9,0.0,0.5500000000000114
2019,10,0.0,2.7600000000000477
2019,11,14.86,-0.8100000000000023
2019,12,3.97,-4.699999999999989
2019,13,0.0,-6.539999999999964
2019,14,0.0,-6.419999999999959
2019,15,0.0,-4.060000000000002
2019,16,0.0,-1.4499999999999886
2019,17,0.01,-2.6200000000000045
2019,18,6.42,-2.079999999999984
2019,19,0.0,-6.169999999999959
2019,20,0.0,-1.3599999999999568
2019,21,0.0,-0.37999999999999545
2019,22,6.79,-7.5
2019,23,0.09,-9.549999999999955
2019,24,2.84,-8.769999999999982
2019,25,0.12,-9.149999999999977
2019,26,0.0,-7.71999999999997
2019,27,0.1,-4.159999999999968
2019,28,2.24,-5.259999999999991
2019,29,0.3,-8.939999999999998
2019,30,0.0,-6.6299999999999955
2019,31,0.0,-4.310000000000002
2019,32,0.0,-1.6999999999999886
2019,33,0.0,-0.15999999999996817
2019,34,0.0,1.1100000000000136
2019,35,0.0,-0.6699999999999591
2019,36,0.3,-0.16999999999995907
2019,37,1.54,-2.6399999999999864
2019,38,0.75,-11.419999999999959
2019,39,0.0,-10.669999999999959
2019,40,0.0,-4.92999999999995
2019,41,0.0,-4.589999999999975
2019,42,0.0,-5.42999999999995
2019,43,0.0,-7.3700000000000045
2019,44,0.03,-2.599999999999966
2019,45,0.0,1.7700000000000387
2019,46,0.69,1.650000000000034
2019,47,0.04,-1.9699999999999704
2019,48,0.45,-9.819999999999993
2019,49,3.03,-10.479999999999961
2019,50,0.01,-9.949999999999989
2019,51,2.07,-12.42999999999995
2019,52,0.23,-9.689999999999998
2019,53,3.58,-5.739999999999952
2019,54,6.38,-6.189999999999998
2019,55,0.0,-8.239999999999952
2019,56,0.0,-3.9699999999999704
2019,57,0.0,-0.7999999999999545
2019,58,0.0,0.8400000000000318
2019,59,0.0,1.2900000000000205
2019,60,0.22,-0.12000000000000455
2019,61,0.31,-0.8199999999999932
2019,62,4.63,-7.419999999999959
2019,63,0.42,-8.129999999999995
2019,64,0.0,-5.92999999999995
2019,65,0.0,0.5300000000000296
2019,66,2.01,3.240000000000009
2019,67,0.09,-0.12999999999999545
2019,68,0.7,-2.099999999999966
2019,69,0.0,-2.8799999999999955
2019,70,1.13,-0.44999999999998863
2019,71,0.75,2.4700000000000273
2019,72,34.58,2.2800000000000296
2019,73,0.09,-6.389999999999986
2019,74,0.0,-6.079999999999984
2019,75,0.0,-2.7799999999999727
2019,76,0.0,-1.5499999999999545
2019,77,0.0,-1.6599999999999682
2019,78,0.0,-0.39999999999997726
2019,79,0.0,-2.319999999999993
2019,80,0.0,1.0
2019,81,0.05,2.230000000000018
2019,82,2.03,-0.8299999999999841
2019,83,0.24,-0.12999999999999545
2019,84,0.03,0.4900000000000091
2019,85,0.0,2.740000000000009
2019,86,0.0,7.050000000000011
2019,87,0.0,8.550000000000011
2019,88,0.13,4.03000000000003
2019,89,2.93,-3.079999999999984
2019,90,0.16,-3.409999999999968
2019,91,0.0,-0.75
2019,92,0.0,1.2100000000000364
2019,93,0.11,3.4399999999999977
2019,94,0.1,4.240000000000009
2019,95,0.0,6.560000000000002
2019,96,0.0,6.3799999999999955
2019,97,0.0,6.170000000000016
2019,98,0.0,7.6200000000000045
2019,99,0.0,9.960000000000036
2019,100,7.04,6.960000000000036
2019,101,0.12,-4.67999999999995
2019,102,1.34,-3.9799999999999613
2019,103,2.37,-2.3999999999999773
2019,104,0.04,0.7800000000000296
2019,105,0.0,6.3700000000000045
2019,106,0.0,7.810000000000002
2019,107,0.0,6.140000000000043
2019,108,0.0,4.050000000000011
2019,109,0.0,6.650000000000034
2019,110,0.0,10.740000000000009
2019,111,0.43,9.520000000000039
2019,112,0.13,5.600000000000023
2019,113,0.11,5.400000000000034
2019,114,0.0,7.740000000000009
2019,115,0.0,8.090000000000032
2019,116,0.0,9.210000000000036
2019,117,0.4,10.020000000000039
2019,118,0.04,10.370000000000005
2019,119,1.38,5.100000000000023
2019,120,10.21,3.8799999999999955
2019,121,0.51,4.890000000000043
2019,122,0.0,3.4500000000000455
2019,123,0.0,4.800000000000011
2019,124,0.0,6.960000000000036
2019,125,0.0,8.450000000000045
2019,126,0.1,10.730000000000018
2019,127,2.56,9.129999999999995
2019,128,5.71,5.310000000000002
2019,129,5.64,-1.2699999999999818
2019,130,2.84,1.2200000000000273
2019,131,1.84,4.8700000000000045
2019,132,0.0,6.5400000000000205
2019,133,0.0,10.670000000000016
2019,134,0.0,12.720000000000027
2019,135,0.03,13.57000000000005
2019,136,0.0,14.550000000000011
2019,137,0.03,12.79000000000002
2019,138,0.0,5.470000000000027
2019,139,0.15,4.900000000000034
2019,140,5.59,6.07000000000005
2019,141,11.51,1.9300000000000068
2019,142,1.41,3.0300000000000296
2019,143,3.54,2.7700000000000387
2019,144,0.17,5.5400000000000205
2019,145,0.0,8.689999999999998
2019,146,0.0,11.939999999999998
2019,147,0.06,10.57000000000005
2019,148,0.45,6.990000000000009
2019,149,0.94,4.939999999999998
2019,150,1.47,7.420000000000016
2019,151,4.33,10.850000000000023
2019,152,0.82,12.660000000000025
2019,153,0.14,13.930000000000007
2019,154,0.06,14.920000000000016
2019,155,0.0,14.520000000000039
2019,156,1.51,13.560000000000002
2019,157,1.48,13.930000000000007
2019,158,0.15,16.05000000000001
2019,159,0.0,15.980000000000018
2019,160,0.11,9.310000000000002
2019,161,0.0,8.629999999999995
2019,162,0.0,12.960000000000036
2019,163,0.0,10.740000000000009
2019,164,0.27,14.550000000000011
2019,165,0.0,15.930000000000007
2019,166,0.14,13.25
2019,167,3.96,13.580000000000041
2019,168,11.65,13.740000000000009
2019,169,5.46,12.350000000000023
2019,170,3.95,12.920000000000016
2019,171,0.0,15.810000000000002
2019,172,1.75,14.79000000000002
2019,173,3.37,9.5
2019,174,1.41,7.740000000000009
2019,175,0.0,10.129999999999995
2019,176,0.0,14.900000000000034
2019,177,0.0,17.480000000000018
2019,178,0.0,18.140000000000043
2019,179,0.0,19.660000000000025
2019,180,0.0,20.129999999999995
2019,181,10.73,20.25
2019,182,0.31,18.090000000000032
2019,183,2.24,17.27000000000004
2019,184,0.07,17.700000000000045
2019,185,2.04,18.80000000000001
2019,186,0.68,17.870000000000005
2019,187,4.18,17.450000000000045
2019,188,0.02,17.010000000000048
2019,189,0.89,16.930000000000007
2019,190,0.02,16.460000000000036
2019,191,0.0,17.640000000000043
2019,192,0.5,20.0
2019,193,0.01,20.53000000000003
2019,194,2.18,20.160000000000025
2019,195,2.01,19.760000000000048
2019,196,1.32,19.510000000000048
2019,197,0.96,19.410000000000025
2019,198,0.0,21.160000000000025
2019,199,0.0,20.5
2019,200,0.0,21.310000000000002
2019,201,4.7,21.57000000000005
2019,202,0.32,18.33000000000004
2019,203,24.83,17.890000000000043
2019,204,0.28,17.930000000000007
2019,205,0.2,19.49000000000001
2019,206,3.96,19.660000000000025
2019,207,0.9,18.980000000000018
2019,208,1.9,18.360000000000014
2019,209,0.7,17.450000000000045
2019,210,2.68,18.439999999999998
2019,211,0.31,20.160000000000025
2019,212,0.12,20.150000000000034
2019,213,1.25,18.930000000000007
2019,214,1.9,18.100000000000023
2019,215,1.37,18.910000000000025
2019,216,0.9,19.57000000000005
2019,217,0.1,18.870000000000005
2019,218,0.12,19.370000000000005
2019,219,0.12,20.53000000000003
2019,220,4.83,18.560000000000002
2019,221,4.81,18.54000000000002
2019,222,0.15,18.52000000000004
2019,223,3.78,18.010000000000048
2019,224,0.01,17.370000000000005
2019,225,0.19,18.120000000000005
2019,226,0.0,17.77000000000004
2019,227,0.0,18.600000000000023
2019,228,0.02,19.160000000000025
2019,229,0.0,18.420000000000016
2019,230,0.0,18.200000000000045
2019,231,0.0,20.100000000000023
2019,232,0.0,20.970000000000027
2019,233,0.72,19.350000000000023
2019,234,0.81,17.720000000000027
2019,235,0.05,17.950000000000045
2019,236,0.0,16.960000000000036
2019,237,0.0,18.460000000000036
2019,238,0.0,18.170000000000016
2019,239,0.0,15.200000000000045
2019,240,0.0,15.670000000000016
2019,241,0.0,18.660000000000025
2019,242,0.0,18.05000000000001
2019,243,0.0,18.260000000000048
2019,244,0.0,19.390000000000043
2019,245,0.0,20.54000000000002
2019,246,0.0,19.700000000000045
2019,247,9.82,18.08000000000004
2019,248,0.78,19.950000000000045
2019,249,1.82,19.379999999999995
2019,250,0.61,18.310000000000002
2019,251,3.35,17.010000000000048
2019,252,0.17,15.080000000000041
2019,253,0.0,15.75
2019,254,0.0,15.660000000000025
2019,255,0.0,11.629999999999995
2019,256,0.0,12.230000000000018
2019,257,0.0,15.390000000000043
2019,258,0.0,16.850000000000023
2019,259,0.0,16.82000000000005
2019,260,0.04,15.810000000000002
2019,261,0.12,15.0
2019,262,0.09,15.510000000000048
2019,263,0.0,15.710000000000036
2019,264,0.0,12.54000000000002
2019,265,0.0,10.189999999999998
2019,266,0.0,12.890000000000043
2019,267,0.0,14.410000000000025
2019,268,0.0,14.980000000000018
2019,269,0.0,15.350000000000023
2019,270,0.01,15.110000000000014
2019,271,0.16,11.340000000000032
2019,272,0.0,14.660000000000025
2019,273,0.0,14.900000000000034
2019,274,0.0,11.930000000000007
2019,275,0.05,9.900000000000034
2019,276,0.0,8.629999999999995
2019,277,0.0,12.300000000000011
2019,278,0.0,10.700000000000045
2019,279,0.0,6.480000000000018
2019,280,0.0,7.600000000000023
2019,281,0.0,10.770000000000039
2019,282,0.0,11.170000000000016
2019,283,4.0,-0.9899999999999523
2019,284,0.26,-6.159999999999968
2019,285,0.0,1.8400000000000318
2019,286,0.0,5.110000000000014
2019,287,0.0,7.470000000000027
2019,288,0.0,7.300000000000011
2019,289,0.0,9.590000000000032
2019,290,0.0,11.450000000000045
2019,291,0.0,9.25
2019,292,0.0,2.150000000000034
2019,293,0.03,0.8100000000000023
2019,294,0.0,-3.0600000000000023
2019,295,0.0,-0.01999999999998181
2019,296,0.03,3.2900000000000205
2019,297,12.63,-4.489999999999952
2019,298,0.0,-1.7899999999999636
2019,299,0.0,5.460000000000036
2019,300,0.07,-1.8799999999999955
2019,301,6.91,-8.810000000000002
2019,302,1.22,-9.289999999999964
2019,303,4.91,-15.189999999999998
2019,304,0.0,-6.229999999999961
2019,305,0.0,-1.8700000000000045
2019,306,0.04,-2.3899999999999864
2019,307,0.08,1.5300000000000296
2019,308,0.0,0.910000000000025
2019,309,0.0,1.650000000000034
2019,310,0.07,2.1100000000000136
2019,311,0.0,-0.15999999999996817
2019,312,0.0,2.2900000000000205
2019,313,0.0,5.5400000000000205
2019,314,0.0,6.110000000000014
2019,315,0.3,-1.0
2019,316,0.0,-0.7699999999999818
2019,317,0.02,3.0
2019,318,0.01,-0.060000000000002274
2019,319,0.0,4.810000000000002
2019,320,0.0,5.090000000000032
2019,321,0.2,1.2100000000000364
2019,322,0.0,4.590000000000032
2019,323,0.0,5.3700000000000045
2019,324,2.7,5.7000000000000455
2019,325,0.82,-1.2199999999999704
2019,326,8.53,-3.759999999999991
2019,327,0.08,-2.329999999999984
2019,328,0.0,0.3300000000000409
2019,329,0.67,-2.599999999999966
2019,330,10.73,-7.669999999999959
2019,331,1.07,-12.25
2019,332,0.0,-1.6299999999999955
2019,333,1.26,0.1400000000000432
2019,334,0.49,-5.92999999999995
2019,335,0.1,-6.949999999999989
2019,336,0.0,-0.8899999999999864
2019,337,0.14,-0.25
2019,338,0.06,-2.1200000000000045
2019,339,3.01,-1.3599999999999568
2019,340,0.0,-3.759999999999991
2019,341,0.03,-0.38999999999998636
2019,342,0.0,-0.45999999999997954
2019,343,0.08,-4.4599999999999795
2019,344,0.0,-6.75
2019,345,0.0,-4.069999999999993
2019,346,0.0,-2.839999999999975
2019,347,0.64,-2.2399999999999523
2019,348,1.82,-4.189999999999998
2019,349,5.32,-7.46999999999997
2019,350,0.0,-10.989999999999952
2019,351,0.0,-12.399999999999977
2019,352,0.0,-4.859999999999957
2019,353,0.0,-2.5499999999999545
2019,354,0.0,-5.4599999999999795
2019,355,0.0,-0.9899999999999523
2019,356,0.0,1.4500000000000455
2019,357,0.0,2.32000000000005
2019,358,0.0,1.5
2019,359,0.03,-1.3599999999999568
2019,360,0.0,-5.849999999999966
2019,361,0.35,-5.359999999999957
2019,362,6.27,-5.849999999999966
2019,363,0.19,-12.699999999999989
2019,364,0.0,-12.579999999999984
2019,365,0.0,-9.25
