1998,1,0.33,2.0200000000000387
1998,2,0.0,2.5500000000000114
1998,3,0.0,2.420000000000016
1998,4,0.0,-0.08999999999997499
1998,5,0.0,-1.4899999999999523
1998,6,3.83,-3.4499999999999886
1998,7,0.16,-6.099999999999966
1998,8,0.0,-4.359999999999957
1998,9,0.0,-4.939999999999998
1998,10,0.33,-3.5
1998,11,0.15,-1.7999999999999545
1998,12,0.04,-1.1999999999999886
1998,13,0.54,-1.1099999999999568
1998,14,0.0,-2.8999999999999773
1998,15,0.0,-3.0399999999999636
1998,16,0.0,-1.579999999999984
1998,17,0.0,-1.0399999999999636
1998,18,0.46,-0.7399999999999523
1998,19,0.0,-0.03999999999996362
1998,20,0.0,-2.669999999999959
1998,21,0.0,-7.029999999999973
1998,22,0.0,-7.829999999999984
1998,23,0.0,-5.810000000000002
1998,24,0.0,-2.5499999999999545
1998,25,0.0,-2.4599999999999795
1998,26,0.0,-4.489999999999952
1998,27,0.0,-0.5399999999999636
1998,28,0.0,-0.14999999999997726
1998,29,0.0,-1.8899999999999864
1998,30,0.0,-1.0299999999999727
1998,31,1.08,-1.1200000000000045
1998,32,0.53,-3.9399999999999977
1998,33,0.0,-2.5499999999999545
1998,34,0.0,-0.92999999999995
1998,35,0.0,1.150000000000034
1998,36,0.0,-0.6599999999999682
1998,37,0.0,-0.40999999999996817
1998,38,0.0,-0.9599999999999795
1998,39,0.0,-1.089999999999975
1998,40,0.18,-0.3599999999999568
1998,41,0.0,-3.669999999999959
1998,42,0.0,-4.810000000000002
1998,43,0.0,-3.589999999999975
1998,44,0.0,-1.8799999999999955
1998,45,0.0,0.160000000000025
1998,46,0.67,0.5
1998,47,1.07,-0.46999999999997044
1998,48,1.48,-1.7999999999999545
1998,49,2.73,-2.519999999999982
1998,50,0.27,-2.67999999999995
1998,51,0.0,-3.6999999999999886
1998,52,0.0,-2.2399999999999523
1998,53,0.0,-0.21999999999997044
1998,54,0.0,0.05000000000001137
1998,55,0.05,1.57000000000005
1998,56,0.04,0.6500000000000341
1998,57,0.0,-5.859999999999957
1998,58,0.0,-8.21999999999997
1998,59,0.0,-9.45999999999998
1998,60,0.0,-8.859999999999957
1998,61,0.26,-6.359999999999957
1998,62,0.0,-3.269999999999982
1998,63,0.1,-0.38999999999998636
1998,64,0.58,-3.319999999999993
1998,65,0.0,-2.019999999999982
1998,66,5.8,-4.2099999999999795
1998,67,1.84,-9.259999999999991
1998,68,0.09,-6.269999999999982
1998,69,0.18,-4.9599999999999795
1998,70,0.04,-3.6499999999999773
1998,71,0.0,-0.8799999999999955
1998,72,0.0,2.2000000000000455
1998,73,0.0,3.4700000000000273
1998,74,0.0,3.5600000000000023
1998,75,0.0,3.2900000000000205
1998,76,0.0,2.5
1998,77,5.08,1.400000000000034
1998,78,19.29,-4.069999999999993
1998,79,1.58,-4.019999999999982
1998,80,0.0,-1.3599999999999568
1998,81,0.0,2.2000000000000455
1998,82,0.0,4.930000000000007
1998,83,0.0,6.460000000000036
1998,84,0.0,7.0400000000000205
1998,85,0.0,6.430000000000007
1998,86,4.22,4.939999999999998
1998,87,0.0,3.7600000000000477
1998,88,4.54,3.090000000000032
1998,89,5.24,-2.7399999999999523
1998,90,0.73,-3.3799999999999955
1998,91,0.61,1.420000000000016
1998,92,15.36,3.0300000000000296
1998,93,1.89,0.9800000000000182
1998,94,0.0,3.1000000000000227
1998,95,0.0,3.8000000000000114
1998,96,0.57,3.410000000000025
1998,97,5.9,1.1400000000000432
1998,98,0.87,0.08000000000004093
1998,99,3.24,0.8400000000000318
1998,100,0.0,2.4600000000000364
1998,101,0.0,7.580000000000041
1998,102,0.0,7.1200000000000045
1998,103,0.0,2.740000000000009
1998,104,0.9,2.2900000000000205
1998,105,9.44,0.8900000000000432
1998,106,1.47,-1.4499999999999886
1998,107,6.21,-1.2299999999999613
1998,108,3.27,-1.009999999999991
1998,109,1.26,-0.5
1998,110,0.33,2.1000000000000227
1998,111,2.03,2.7700000000000387
1998,112,0.0,5.360000000000014
1998,113,0.0,9.470000000000027
1998,114,0.0,11.210000000000036
1998,115,0.77,7.980000000000018
1998,116,10.15,4.4500000000000455
1998,117,0.83,3.9700000000000273
1998,118,0.0,3.650000000000034
1998,119,0.0,5.210000000000036
1998,120,0.0,9.490000000000009
1998,121,0.56,8.439999999999998
1998,122,0.27,8.140000000000043
1998,123,0.0,9.140000000000043
1998,124,0.08,9.620000000000005
1998,125,6.24,8.82000000000005
1998,126,2.28,7.100000000000023
1998,127,9.68,6.480000000000018
1998,128,0.7,6.689999999999998
1998,129,3.6,6.590000000000032
1998,130,0.88,8.879999999999995
1998,131,0.0,9.410000000000025
1998,132,0.0,7.760000000000048
1998,133,0.0,10.629999999999995
1998,134,0.0,10.980000000000018
1998,135,0.0,6.7900000000000205
1998,136,0.0,10.150000000000034
1998,137,0.0,13.010000000000048
1998,138,0.0,14.75
1998,139,0.0,15.670000000000016
1998,140,0.05,15.800000000000011
1998,141,0.0,15.050000000000011
1998,142,0.53,12.400000000000034
1998,143,0.19,9.490000000000009
1998,144,1.87,11.140000000000043
1998,145,1.09,10.970000000000027
1998,146,5.01,13.670000000000016
1998,147,0.0,15.420000000000016
1998,148,0.0,16.77000000000004
1998,149,0.0,17.460000000000036
1998,150,0.0,17.310000000000002
1998,151,0.0,15.470000000000027
1998,152,0.0,16.360000000000014
1998,153,0.27,17.720000000000027
1998,154,0.64,15.810000000000002
1998,155,1.81,11.590000000000032
1998,156,7.86,6.930000000000007
1998,157,0.78,8.270000000000039
1998,158,0.0,13.850000000000023
1998,159,1.45,12.07000000000005
1998,160,2.4,11.670000000000016
1998,161,0.0,13.439999999999998
1998,162,1.4,12.810000000000002
1998,163,0.0,13.140000000000043
1998,164,0.0,15.170000000000016
1998,165,2.15,11.78000000000003
1998,166,5.72,10.480000000000018
1998,167,0.0,13.580000000000041
1998,168,0.01,14.980000000000018
1998,169,0.22,9.910000000000025
1998,170,0.0,14.890000000000043
1998,171,0.0,17.52000000000004
1998,172,2.12,17.390000000000043
1998,173,3.74,17.110000000000014
1998,174,0.0,16.910000000000025
1998,175,0.0,17.420000000000016
1998,176,0.0,17.730000000000018
1998,177,0.0,19.54000000000002
1998,178,0.0,19.510000000000048
1998,179,0.0,20.03000000000003
1998,180,0.38,21.600000000000023
1998,181,1.77,21.150000000000034
1998,182,0.0,20.510000000000048
1998,183,0.25,21.80000000000001
1998,184,1.15,21.02000000000004
1998,185,4.96,19.53000000000003
1998,186,1.55,20.670000000000016
1998,187,2.14,21.32000000000005
1998,188,0.26,20.140000000000043
1998,189,0.0,18.450000000000045
1998,190,25.66,18.689999999999998
1998,191,5.01,18.370000000000005
1998,192,1.08,19.670000000000016
1998,193,0.02,20.480000000000018
1998,194,0.06,21.420000000000016
1998,195,0.45,21.970000000000027
1998,196,1.45,21.590000000000032
1998,197,1.11,19.900000000000034
1998,198,0.0,20.640000000000043
1998,199,0.0,22.160000000000025
1998,200,0.12,23.930000000000007
1998,201,0.49,23.840000000000032
1998,202,0.04,23.090000000000032
1998,203,9.29,20.140000000000043
1998,204,9.23,18.660000000000025
1998,205,2.0,18.220000000000027
1998,206,7.4,18.470000000000027
1998,207,12.02,17.850000000000023
1998,208,0.16,17.640000000000043
1998,209,0.1,17.879999999999995
1998,210,9.94,17.910000000000025
1998,211,19.7,17.390000000000043
1998,212,3.43,16.760000000000048
1998,213,10.84,18.680000000000007
1998,214,0.99,16.590000000000032
1998,215,6.54,16.950000000000045
1998,216,7.06,13.760000000000048
1998,217,7.23,14.050000000000011
1998,218,0.83,16.730000000000018
1998,219,0.0,18.75
1998,220,2.68,20.430000000000007
1998,221,4.22,20.57000000000005
1998,222,0.8,18.910000000000025
1998,223,0.42,18.28000000000003
1998,224,0.18,17.720000000000027
1998,225,0.15,17.480000000000018
1998,226,0.04,18.310000000000002
1998,227,0.32,18.930000000000007
1998,228,0.25,19.640000000000043
1998,229,1.48,19.75
1998,230,1.81,20.220000000000027
1998,231,2.88,19.32000000000005
1998,232,6.85,18.420000000000016
1998,233,1.68,18.629999999999995
1998,234,0.03,19.220000000000027
1998,235,1.75,20.220000000000027
1998,236,2.88,21.640000000000043
1998,237,4.9,19.55000000000001
1998,238,0.28,19.02000000000004
1998,239,0.06,19.680000000000007
1998,240,0.0,17.430000000000007
1998,241,0.0,18.410000000000025
1998,242,0.26,20.03000000000003
1998,243,0.26,19.620000000000005
1998,244,12.28,16.400000000000034
1998,245,0.0,16.340000000000032
1998,246,0.0,19.430000000000007
1998,247,0.0,20.090000000000032
1998,248,0.0,20.670000000000016
1998,249,0.0,20.54000000000002
1998,250,0.0,20.03000000000003
1998,251,0.0,19.100000000000023
1998,252,0.0,19.439999999999998
1998,253,0.0,19.03000000000003
1998,254,1.25,19.010000000000048
1998,255,3.8,18.689999999999998
1998,256,0.34,16.860000000000014
1998,257,2.03,14.32000000000005
1998,258,0.0,14.220000000000027
1998,259,0.25,15.620000000000005
1998,260,1.47,16.29000000000002
1998,261,0.14,17.400000000000034
1998,262,0.0,17.150000000000034
1998,263,1.24,14.510000000000048
1998,264,0.72,13.82000000000005
1998,265,0.63,12.270000000000039
1998,266,0.0,14.79000000000002
1998,267,0.74,15.080000000000041
1998,268,0.0,17.05000000000001
1998,269,0.0,15.689999999999998
1998,270,0.0,15.140000000000043
1998,271,0.0,16.310000000000002
1998,272,0.32,17.980000000000018
1998,273,0.71,15.939999999999998
1998,274,0.69,11.970000000000027
1998,275,2.15,11.010000000000048
1998,276,0.0,11.800000000000011
1998,277,2.73,9.800000000000011
1998,278,0.0,3.090000000000032
1998,279,0.0,4.3799999999999955
1998,280,0.0,9.460000000000036
1998,281,0.0,13.150000000000034
1998,282,0.0,12.939999999999998
1998,283,0.0,12.450000000000045
1998,284,0.0,11.340000000000032
1998,285,0.0,12.220000000000027
1998,286,0.0,13.180000000000007
1998,287,0.0,13.890000000000043
1998,288,0.0,12.160000000000025
1998,289,0.17,9.330000000000041
1998,290,0.0,3.7100000000000364
1998,291,0.0,4.1299999999999955
1998,292,0.0,6.330000000000041
1998,293,0.0,6.910000000000025
1998,294,0.0,5.1200000000000045
1998,295,0.0,9.450000000000045
1998,296,0.0,11.590000000000032
1998,297,0.0,8.420000000000016
1998,298,0.18,8.25
1998,299,0.0,10.420000000000016
1998,300,0.27,9.920000000000016
1998,301,6.05,7.640000000000043
1998,302,0.04,5.78000000000003
1998,303,0.17,5.990000000000009
1998,304,0.51,3.4399999999999977
1998,305,4.79,2.410000000000025
1998,306,1.01,2.670000000000016
1998,307,0.01,2.0200000000000387
1998,308,1.74,-0.17999999999994998
1998,309,0.0,-1.7399999999999523
1998,310,0.0,-0.0999999999999659
1998,311,3.34,-1.089999999999975
1998,312,2.2,-1.0499999999999545
1998,313,2.96,-0.5799999999999841
1998,314,0.25,-6.6299999999999955
1998,315,0.0,-3.669999999999959
1998,316,0.58,1.170000000000016
1998,317,0.08,3.2700000000000387
1998,318,0.0,5.8700000000000045
1998,319,0.0,7.610000000000014
1998,320,0.0,6.220000000000027
1998,321,0.0,6.060000000000002
1998,322,0.0,3.660000000000025
1998,323,0.0,-0.37000000000000455
1998,324,0.0,-2.2999999999999545
1998,325,0.0,1.75
1998,326,0.0,6.420000000000016
1998,327,0.0,5.25
1998,328,0.0,5.970000000000027
1998,329,0.0,4.350000000000023
1998,330,0.0,6.850000000000023
1998,331,0.0,8.740000000000009
1998,332,0.0,8.990000000000009
1998,333,0.0,7.03000000000003
1998,334,0.0,4.28000000000003
1998,335,0.0,7.490000000000009
1998,336,0.0,7.470000000000027
1998,337,0.0,6.53000000000003
1998,338,0.0,6.300000000000011
1998,339,0.0,3.07000000000005
1998,340,0.93,-3.569999999999993
1998,341,0.0,-7.329999999999984
1998,342,1.08,-6.779999999999973
1998,343,3.55,-5.409999999999968
1998,344,0.85,-8.839999999999975
1998,345,0.0,-4.269999999999982
1998,346,0.0,-1.2699999999999818
1998,347,0.0,-0.07999999999998408
1998,348,0.0,2.8700000000000045
1998,349,0.0,2.32000000000005
1998,350,0.0,2.400000000000034
1998,351,0.0,3.4700000000000273
1998,352,0.0,3.75
1998,353,0.33,-9.549999999999955
1998,354,0.0,-9.789999999999964
1998,355,4.4,-14.349999999999966
1998,356,0.01,-13.060000000000002
1998,357,0.13,-13.919999999999959
1998,358,0.05,-10.859999999999957
1998,359,0.25,-6.489999999999952
1998,360,0.29,-2.319999999999993
1998,361,0.22,-3.4699999999999704
1998,362,0.0,-2.669999999999959
1998,363,0.22,-0.12000000000000455
1998,364,0.0,2.1200000000000045
1998,365,0.0,0.6299999999999955
1999,1,1.09,1.6899999999999977
1999,2,0.0,-5.539999999999964
1999,3,0.16,-9.029999999999973
1999,4,0.04,-7.6200000000000045
1999,5,0.0,-1.7899999999999636
1999,6,0.0,-0.6899999999999977
1999,7,0.1,0.75
1999,8,0.27,-2.92999999999995
1999,9,0.0,-5.149999999999977
1999,10,0.0,-2.099999999999966
1999,11,0.0,1.900000000000034
1999,12,0.0,2.3100000000000023
1999,13,0.0,-1.839999999999975
1999,14,0.0,-1.8599999999999568
1999,15,0.0,2.32000000000005
1999,16,0.04,-0.16999999999995907
1999,17,0.13,-2.2199999999999704
1999,18,0.0,-1.509999999999991
1999,19,0.0,1.4399999999999977
1999,20,0.0,0.7600000000000477
1999,21,0.42,-0.6499999999999773
1999,22,3.44,-3.6899999999999977
1999,23,1.67,-3.8799999999999955
1999,24,0.0,1.3900000000000432
1999,25,0.0,2.830000000000041
1999,26,0.0,2.9500000000000455
1999,27,0.08,-4.2999999999999545
1999,28,0.05,-4.139999999999986
1999,29,0.0,-4.689999999999998
1999,30,0.0,-1.9599999999999795
1999,31,0.0,-0.8100000000000023
1999,32,0.22,-0.8999999999999773
1999,33,0.0,-4.399999999999977
1999,34,0.0,-1.0
1999,35,0.0,0.9000000000000341
1999,36,0.0,2.330000000000041
1999,37,0.0,-0.17999999999994998
1999,38,0.0,0.7400000000000091
1999,39,0.0,3.1000000000000227
1999,40,0.0,2.3799999999999955
1999,41,0.0,4.28000000000003
1999,42,2.78,-6.779999999999973
1999,43,0.41,-5.659999999999968
1999,44,0.0,2.0
1999,45,0.0,2.980000000000018
1999,46,0.14,0.7600000000000477
1999,47,1.2,-4.099999999999966
1999,48,0.19,-1.7699999999999818
1999,49,0.04,-3.4399999999999977
1999,50,0.0,-1.2999999999999545
1999,51,0.0,-4.359999999999957
1999,52,0.04,-3.829999999999984
1999,53,0.08,-1.8199999999999932
1999,54,0.0,-3.2999999999999545
1999,55,0.0,1.2100000000000364
1999,56,0.0,2.8600000000000136
1999,57,0.0,1.7700000000000387
1999,58,0.0,-1.8700000000000045
1999,59,0.0,2.8600000000000136
1999,60,0.0,4.9500000000000455
1999,61,0.0,1.240000000000009
1999,62,0.0,0.660000000000025
1999,63,0.0,4.390000000000043
1999,64,2.97,-0.589999999999975
1999,65,0.41,-2.9399999999999977
1999,66,0.06,0.32000000000005
1999,67,0.02,0.7000000000000455
1999,68,0.0,-0.3199999999999932
1999,69,0.0,1.5100000000000477
1999,70,0.0,0.6800000000000068
1999,71,2.14,-1.3799999999999955
1999,72,1.37,-2.089999999999975
1999,73,0.0,2.3600000000000136
1999,74,0.0,5.270000000000039
1999,75,0.0,6.010000000000048
1999,76,0.0,3.2800000000000296
1999,77,0.08,1.5
1999,78,0.0,3.240000000000009
1999,79,0.0,5.78000000000003
1999,80,0.0,8.050000000000011
1999,81,0.0,5.78000000000003
1999,82,0.07,3.6000000000000227
1999,83,0.12,6.0400000000000205
1999,84,0.0,6.170000000000016
1999,85,0.0,8.32000000000005
1999,86,0.0,8.04000000000002
1999,87,0.0,3.5500000000000114
1999,88,0.0,3.900000000000034
1999,89,0.0,8.57000000000005
1999,90,0.0,8.510000000000048
1999,91,0.02,5.520000000000039
1999,92,6.91,-0.8700000000000045
1999,93,4.07,-3.669999999999959
1999,94,2.17,-2.519999999999982
1999,95,0.7,-0.2999999999999545
1999,96,0.0,3.580000000000041
1999,97,0.11,5.78000000000003
1999,98,0.0,6.240000000000009
1999,99,0.0,4.2900000000000205
1999,100,0.0,-0.009999999999990905
1999,101,0.0,1.6299999999999955
1999,102,0.0,7.110000000000014
1999,103,0.02,9.32000000000005
1999,104,19.44,4.680000000000007
1999,105,1.86,-3.8700000000000045
1999,106,2.33,-5.4599999999999795
1999,107,5.13,-3.2399999999999523
1999,108,0.0,5.890000000000043
1999,109,0.0,9.090000000000032
1999,110,0.0,10.939999999999998
1999,111,2.47,9.330000000000041
1999,112,21.23,3.5300000000000296
1999,113,5.11,0.11000000000001364
1999,114,4.21,0.040000000000020464
1999,115,1.07,4.730000000000018
1999,116,0.04,3.840000000000032
1999,117,0.07,7.800000000000011
1999,118,0.04,10.860000000000014
1999,119,23.48,8.210000000000036
1999,120,26.28,6.580000000000041
1999,121,6.92,5.900000000000034
1999,122,0.05,5.510000000000048
1999,123,0.22,7.890000000000043
1999,124,0.0,4.990000000000009
1999,125,0.0,1.6800000000000068
1999,126,0.0,1.6800000000000068
1999,127,0.0,6.5400000000000205
1999,128,0.0,11.350000000000023
1999,129,0.04,13.260000000000048
1999,130,0.13,8.450000000000045
1999,131,0.22,2.7600000000000477
1999,132,0.0,4.930000000000007
1999,133,0.0,12.150000000000034
1999,134,0.0,13.170000000000016
1999,135,0.03,10.950000000000045
1999,136,3.66,11.200000000000045
1999,137,0.75,6.510000000000048
1999,138,0.0,10.54000000000002
1999,139,0.0,15.25
1999,140,0.64,14.060000000000002
1999,141,0.46,12.660000000000025
1999,142,0.13,16.77000000000004
1999,143,2.66,14.5
1999,144,3.61,14.32000000000005
1999,145,26.77,10.629999999999995
1999,146,0.1,11.230000000000018
1999,147,1.96,11.350000000000023
1999,148,6.17,12.07000000000005
1999,149,0.8,13.860000000000014
1999,150,0.06,14.870000000000005
1999,151,0.1,14.75
1999,152,0.24,12.170000000000016
1999,153,0.0,14.870000000000005
1999,154,0.0,14.28000000000003
1999,155,0.0,15.620000000000005
1999,156,0.0,11.900000000000034
1999,157,0.0,8.890000000000043
1999,158,0.0,15.170000000000016
1999,159,0.0,17.560000000000002
1999,160,0.03,15.840000000000032
1999,161,8.9,14.629999999999995
1999,162,7.35,13.620000000000005
1999,163,5.51,14.28000000000003
1999,164,0.05,12.120000000000005
1999,165,2.81,13.590000000000032
1999,166,4.26,13.54000000000002
1999,167,1.18,11.830000000000041
1999,168,2.32,13.730000000000018
1999,169,0.93,15.53000000000003
1999,170,0.02,17.610000000000014
1999,171,1.0,18.460000000000036
1999,172,0.9,18.120000000000005
1999,173,0.06,17.82000000000005
1999,174,0.0,18.5
1999,175,3.63,19.720000000000027
1999,176,1.05,20.28000000000003
1999,177,0.0,20.57000000000005
1999,178,0.0,20.05000000000001
1999,179,0.0,18.900000000000034
1999,180,0.0,18.33000000000004
1999,181,0.0,18.010000000000048
1999,182,0.0,18.74000000000001
1999,183,0.0,22.53000000000003
1999,184,0.12,22.150000000000034
1999,185,0.0,21.410000000000025
1999,186,0.0,22.180000000000007
1999,187,0.06,20.480000000000018
1999,188,0.0,20.78000000000003
1999,189,4.32,21.100000000000023
1999,190,2.54,19.220000000000027
1999,191,0.02,17.08000000000004
1999,192,1.04,18.200000000000045
1999,193,0.88,18.08000000000004
1999,194,0.0,19.860000000000014
1999,195,0.71,21.720000000000027
1999,196,0.81,19.360000000000014
1999,197,2.28,17.960000000000036
1999,198,4.27,16.640000000000043
1999,199,4.18,19.75
1999,200,11.6,18.370000000000005
1999,201,0.21,18.55000000000001
1999,202,0.01,19.78000000000003
1999,203,2.77,20.25
1999,204,1.99,20.350000000000023
1999,205,0.35,20.980000000000018
1999,206,1.85,20.650000000000034
1999,207,0.08,21.230000000000018
1999,208,0.35,20.970000000000027
1999,209,5.63,22.160000000000025
1999,210,0.92,20.82000000000005
1999,211,2.93,20.379999999999995
1999,212,13.36,17.870000000000005
1999,213,8.13,16.28000000000003
1999,214,0.32,15.82000000000005
1999,215,0.0,16.879999999999995
1999,216,2.75,16.900000000000034
1999,217,29.73,15.400000000000034
1999,218,3.57,17.510000000000048
1999,219,1.06,17.939999999999998
1999,220,3.39,19.04000000000002
1999,221,2.08,19.78000000000003
1999,222,4.07,18.58000000000004
1999,223,0.0,18.03000000000003
1999,224,0.07,17.090000000000032
1999,225,0.0,17.0
1999,226,0.0,18.680000000000007
1999,227,0.0,19.060000000000002
1999,228,2.09,18.120000000000005
1999,229,4.35,19.57000000000005
1999,230,0.09,18.460000000000036
1999,231,0.62,18.629999999999995
1999,232,0.02,18.980000000000018
1999,233,2.28,18.640000000000043
1999,234,0.9,18.32000000000005
1999,235,0.18,17.920000000000016
1999,236,0.02,19.590000000000032
1999,237,1.15,20.55000000000001
1999,238,1.45,19.560000000000002
1999,239,0.55,20.430000000000007
1999,240,9.07,20.08000000000004
1999,241,2.22,19.02000000000004
1999,242,0.5,19.480000000000018
1999,243,0.52,20.220000000000027
1999,244,3.59,19.08000000000004
1999,245,0.78,18.410000000000025
1999,246,2.12,16.689999999999998
1999,247,0.09,14.670000000000016
1999,248,0.03,14.240000000000009
1999,249,0.0,16.170000000000016
1999,250,0.0,17.420000000000016
1999,251,0.0,14.910000000000025
1999,252,0.0,15.050000000000011
1999,253,0.02,16.660000000000025
1999,254,0.43,14.980000000000018
1999,255,0.18,12.240000000000009
1999,256,0.16,10.53000000000003
1999,257,0.04,12.680000000000007
1999,258,1.01,11.900000000000034
1999,259,0.0,12.120000000000005
1999,260,0.66,13.78000000000003
1999,261,0.03,14.450000000000045
1999,262,6.36,12.720000000000027
1999,263,2.01,9.210000000000036
1999,264,0.0,9.370000000000005
1999,265,0.02,12.770000000000039
1999,266,0.0,14.78000000000003
1999,267,0.18,15.360000000000014
1999,268,0.45,14.710000000000036
1999,269,0.0,15.689999999999998
1999,270,1.43,7.720000000000027
1999,271,2.38,2.7800000000000296
1999,272,0.0,2.7200000000000273
1999,273,0.0,11.180000000000007
1999,274,0.0,12.550000000000011
1999,275,0.0,8.28000000000003
1999,276,0.0,9.78000000000003
1999,277,0.0,10.390000000000043
1999,278,0.0,12.79000000000002
1999,279,0.0,14.890000000000043
1999,280,5.76,12.300000000000011
1999,281,0.2,9.230000000000018
1999,282,0.0,12.670000000000016
1999,283,0.0,14.54000000000002
1999,284,0.0,14.430000000000007
1999,285,0.0,14.370000000000005
1999,286,0.0,13.770000000000039
1999,287,0.0,13.740000000000009
1999,288,0.03,11.950000000000045
1999,289,6.04,2.160000000000025
1999,290,1.94,-3.2999999999999545
1999,291,1.38,0.22000000000002728
1999,292,4.25,-0.009999999999990905
1999,293,0.0,4.460000000000036
1999,294,0.0,7.860000000000014
1999,295,0.0,9.550000000000011
1999,296,0.0,9.620000000000005
1999,297,0.0,10.430000000000007
1999,298,0.0,10.730000000000018
1999,299,0.0,11.200000000000045
1999,300,0.0,8.700000000000045
1999,301,0.0,8.400000000000034
1999,302,0.62,6.520000000000039
1999,303,0.0,3.230000000000018
1999,304,0.0,7.930000000000007
1999,305,0.0,7.850000000000023
1999,306,0.0,2.32000000000005
1999,307,0.0,7.140000000000043
1999,308,0.0,8.270000000000039
1999,309,0.0,10.03000000000003
1999,310,0.0,9.890000000000043
1999,311,0.0,9.129999999999995
1999,312,2.58,9.939999999999998
1999,313,0.0,7.8700000000000045
1999,314,0.0,6.850000000000023
1999,315,0.0,9.360000000000014
1999,316,0.0,9.610000000000014
1999,317,0.0,9.930000000000007
1999,318,0.0,9.700000000000045
1999,319,0.0,9.660000000000025
1999,320,0.0,9.200000000000045
1999,321,0.0,9.100000000000023
1999,322,0.0,5.400000000000034
1999,323,0.0,0.9600000000000364
1999,324,0.0,5.730000000000018
1999,325,0.0,1.410000000000025
1999,326,8.23,-0.9099999999999682
1999,327,0.71,-6.409999999999968
1999,328,0.35,-6.039999999999964
1999,329,0.06,-4.419999999999959
1999,330,0.66,3.3700000000000045
1999,331,0.0,4.420000000000016
1999,332,0.0,4.020000000000039
1999,333,0.0,4.960000000000036
1999,334,0.0,7.390000000000043
1999,335,0.05,6.9500000000000455
1999,336,0.15,3.25
1999,337,6.06,-0.6499999999999773
1999,338,3.85,-5.229999999999961
1999,339,0.0,-4.639999999999986
1999,340,0.0,-0.48999999999995225
1999,341,2.18,-1.4099999999999682
1999,342,0.91,-3.9499999999999886
1999,343,0.12,-6.659999999999968
1999,344,0.0,-1.25
1999,345,0.0,-4.060000000000002
1999,346,0.0,-5.389999999999986
1999,347,0.4,-1.4399999999999977
1999,348,0.0,-5.729999999999961
1999,349,0.0,-8.009999999999991
1999,350,0.57,-2.109999999999957
1999,351,0.49,-0.7699999999999818
1999,352,0.58,-1.9599999999999795
1999,353,0.0,-4.310000000000002
1999,354,0.03,-6.7999999999999545
1999,355,0.33,-7.3700000000000045
1999,356,2.26,-8.239999999999952
1999,357,0.07,-4.519999999999982
1999,358,0.0,-0.5600000000000023
1999,359,0.06,0.7400000000000091
1999,360,0.0,0.25
1999,361,0.0,0.4000000000000341
1999,362,0.0,3.1299999999999955
1999,363,0.0,4.010000000000048
1999,364,0.0,0.7300000000000182
1999,365,0.0,-0.17999999999994998
2000,1,0.0,0.11000000000001364
2000,2,3.87,-3.2999999999999545
2000,3,3.87,-7.489999999999952
2000,4,0.33,-8.649999999999977
2000,5,0.08,-3.3700000000000045
2000,6,0.08,-9.139999999999986
2000,7,0.0,-5.089999999999975
2000,8,0.0,-3.6499999999999773
2000,9,0.0,-5.949999999999989
2000,10,0.0,-4.67999999999995
2000,11,0.0,-0.7399999999999523
2000,12,0.0,1.5900000000000318
2000,13,0.0,-1.6299999999999955
2000,14,0.0,1.5900000000000318
2000,15,0.0,3.3700000000000045
2000,16,0.34,3.7100000000000364
2000,17,1.6,3.5200000000000387
2000,18,0.0,3.170000000000016
2000,19,0.0,4.050000000000011
2000,20,0.0,2.230000000000018
2000,21,0.0,3.2000000000000455
2000,22,0.0,0.7800000000000296
2000,23,0.26,-2.589999999999975
2000,24,0.0,-0.22999999999996135
2000,25,0.0,1.8500000000000227
2000,26,0.84,2.670000000000016
2000,27,6.96,-0.9699999999999704
2000,28,1.85,-5.839999999999975
2000,29,0.0,-8.509999999999991
2000,30,0.0,-7.339999999999975
2000,31,0.0,-5.449999999999989
2000,32,0.0,-3.589999999999975
2000,33,0.0,2.730000000000018
2000,34,0.0,5.920000000000016
2000,35,0.0,-1.9399999999999977
2000,36,0.0,2.180000000000007
2000,37,0.0,2.9500000000000455
2000,38,0.0,2.1000000000000227
2000,39,0.0,4.5
2000,40,0.0,6.300000000000011
2000,41,0.0,3.4399999999999977
2000,42,0.06,1.9399999999999977
2000,43,0.0,1.9500000000000455
2000,44,0.0,0.4600000000000364
2000,45,0.0,2.170000000000016
2000,46,0.02,4.590000000000032
2000,47,0.0,3.0300000000000296
2000,48,8.22,3.3000000000000114
2000,49,3.44,-2.9499999999999886
2000,50,0.14,-1.2399999999999523
2000,51,0.0,2.890000000000043
2000,52,0.0,6.480000000000018
2000,53,0.0,6.32000000000005
2000,54,2.25,4.140000000000043
2000,55,0.0,4.910000000000025
2000,56,0.0,0.5800000000000409
2000,57,0.0,-1.75
2000,58,0.0,2.6299999999999955
2000,59,0.76,6.75
2000,60,0.15,3.3500000000000227
2000,61,0.46,3.990000000000009
2000,62,1.92,3.5100000000000477
2000,63,0.66,1.990000000000009
2000,64,0.0,6.330000000000041
2000,65,0.0,8.260000000000048
2000,66,0.46,5.420000000000016
2000,67,0.19,6.840000000000032
2000,68,0.49,3.900000000000034
2000,69,0.0,1.990000000000009
2000,70,0.03,-0.5099999999999909
2000,71,0.15,-0.339999999999975
2000,72,0.74,1.2800000000000296
2000,73,0.0,1.57000000000005
2000,74,0.0,3.9700000000000273
2000,75,6.89,4.5
2000,76,23.07,-2.329999999999984
2000,77,1.63,1.240000000000009
2000,78,1.04,-0.12999999999999545
2000,79,0.0,1.240000000000009
2000,80,1.09,4.010000000000048
2000,81,5.03,-1.919999999999959
2000,82,0.57,2.640000000000043
2000,83,0.0,4.960000000000036
2000,84,0.0,6.110000000000014
2000,85,0.0,7.020000000000039
2000,86,0.0,7.8700000000000045
2000,87,0.0,8.010000000000048
2000,88,0.1,9.0
2000,89,3.95,6.560000000000002
2000,90,6.32,4.300000000000011
2000,91,7.74,-1.1499999999999773
2000,92,5.96,-2.3799999999999955
2000,93,5.54,0.6899999999999977
2000,94,1.66,-2.1200000000000045
2000,95,0.06,6.400000000000034
2000,96,0.0,11.07000000000005
2000,97,0.0,11.360000000000014
2000,98,0.0,7.7900000000000205
2000,99,0.0,5.5400000000000205
2000,100,0.0,10.680000000000007
2000,101,0.0,9.960000000000036
2000,102,2.9,6.270000000000039
2000,103,0.0,8.470000000000027
2000,104,0.0,9.28000000000003
2000,105,0.0,9.330000000000041
2000,106,4.85,5.110000000000014
2000,107,4.29,3.1899999999999977
2000,108,0.0,8.060000000000002
2000,109,0.0,10.300000000000011
2000,110,0.03,3.5
2000,111,0.0,5.060000000000002
2000,112,0.0,8.760000000000048
2000,113,4.43,11.480000000000018
2000,114,2.98,8.629999999999995
2000,115,0.04,8.360000000000014
2000,116,0.7,5.210000000000036
2000,117,0.0,9.510000000000048
2000,118,0.0,10.060000000000002
2000,119,0.03,10.890000000000043
2000,120,0.0,12.860000000000014
2000,121,13.87,6.689999999999998
2000,122,0.08,4.2000000000000455
2000,123,0.0,9.510000000000048
2000,124,0.0,14.400000000000034
2000,125,0.0,16.53000000000003
2000,126,0.0,17.980000000000018
2000,127,0.0,17.100000000000023
2000,128,0.0,15.860000000000014
2000,129,18.26,11.060000000000002
2000,130,4.17,7.439999999999998
2000,131,0.78,13.260000000000048
2000,132,0.0,15.100000000000023
2000,133,0.0,5.330000000000041
2000,134,0.0,4.2000000000000455
2000,135,0.0,10.32000000000005
2000,136,0.0,14.010000000000048
2000,137,0.0,17.55000000000001
2000,138,7.98,13.07000000000005
2000,139,4.23,5.270000000000039
2000,140,0.58,8.340000000000032
2000,141,0.27,11.640000000000043
2000,142,0.66,12.379999999999995
2000,143,0.0,15.520000000000039
2000,144,0.0,17.700000000000045
2000,145,0.15,18.430000000000007
2000,146,1.71,16.0
2000,147,5.2,14.850000000000023
2000,148,3.14,13.04000000000002
2000,149,0.0,17.30000000000001
2000,150,0.0,20.55000000000001
2000,151,0.0,21.52000000000004
2000,152,0.0,19.810000000000002
2000,153,0.0,16.700000000000045
2000,154,0.09,15.490000000000009
2000,155,0.0,18.090000000000032
2000,156,0.05,15.939999999999998
2000,157,0.0,15.78000000000003
2000,158,0.13,18.510000000000048
2000,159,0.0,19.930000000000007
2000,160,0.12,20.939999999999998
2000,161,0.02,18.960000000000036
2000,162,0.13,16.230000000000018
2000,163,0.91,17.189999999999998
2000,164,0.0,18.55000000000001
2000,165,0.0,17.860000000000014
2000,166,0.0,13.390000000000043
2000,167,0.0,18.120000000000005
2000,168,0.0,13.520000000000039
2000,169,3.17,9.910000000000025
2000,170,0.94,14.010000000000048
2000,171,0.32,17.640000000000043
2000,172,1.07,15.689999999999998
2000,173,0.01,16.33000000000004
2000,174,0.0,19.010000000000048
2000,175,0.0,20.74000000000001
2000,176,0.37,19.900000000000034
2000,177,3.19,19.360000000000014
2000,178,17.11,14.840000000000032
2000,179,6.73,14.430000000000007
2000,180,2.16,15.680000000000007
2000,181,0.14,17.5
2000,182,0.74,18.960000000000036
2000,183,0.0,20.220000000000027
2000,184,2.0,20.710000000000036
2000,185,0.64,20.700000000000045
2000,186,0.0,20.180000000000007
2000,187,0.0,20.560000000000002
2000,188,0.0,22.02000000000004
2000,189,0.4,22.980000000000018
2000,190,0.19,22.02000000000004
2000,191,0.51,21.629999999999995
2000,192,1.08,20.980000000000018
2000,193,1.25,21.510000000000048
2000,194,17.6,21.55000000000001
2000,195,0.26,21.350000000000023
2000,196,4.39,21.83000000000004
2000,197,2.1,22.810000000000002
2000,198,0.8,21.260000000000048
2000,199,34.13,18.480000000000018
2000,200,0.99,19.27000000000004
2000,201,2.28,21.189999999999998
2000,202,0.01,20.470000000000027
2000,203,0.0,19.590000000000032
2000,204,0.0,19.870000000000005
2000,205,0.0,20.610000000000014
2000,206,0.26,22.24000000000001
2000,207,0.23,21.57000000000005
2000,208,0.55,21.629999999999995
2000,209,1.82,21.910000000000025
2000,210,1.0,21.930000000000007
2000,211,0.75,20.160000000000025
2000,212,0.0,19.78000000000003
2000,213,0.0,19.30000000000001
2000,214,0.02,20.890000000000043
2000,215,0.01,22.53000000000003
2000,216,0.58,22.77000000000004
2000,217,2.0,22.49000000000001
2000,218,1.7,21.650000000000034
2000,219,1.16,20.54000000000002
2000,220,0.0,21.28000000000003
2000,221,0.0,22.33000000000004
2000,222,0.0,22.879999999999995
2000,223,0.0,21.24000000000001
2000,224,0.71,21.629999999999995
2000,225,0.03,22.05000000000001
2000,226,0.12,21.120000000000005
2000,227,3.11,21.480000000000018
2000,228,2.54,22.970000000000027
2000,229,3.56,21.55000000000001
2000,230,2.51,17.010000000000048
2000,231,38.4,17.180000000000007
2000,232,0.11,18.54000000000002
2000,233,9.27,19.200000000000045
2000,234,4.33,19.590000000000032
2000,235,2.19,19.480000000000018
2000,236,2.98,18.629999999999995
2000,237,1.06,19.680000000000007
2000,238,0.17,20.460000000000036
2000,239,9.01,19.400000000000034
2000,240,0.13,18.810000000000002
2000,241,2.67,19.900000000000034
2000,242,16.25,19.480000000000018
2000,243,4.74,19.33000000000004
2000,244,4.13,17.58000000000004
2000,245,14.5,16.900000000000034
2000,246,0.0,17.350000000000023
2000,247,0.0,16.950000000000045
2000,248,1.24,18.610000000000014
2000,249,0.0,21.0
2000,250,1.91,20.170000000000016
2000,251,0.14,17.400000000000034
2000,252,0.04,17.79000000000002
2000,253,0.0,16.420000000000016
2000,254,0.0,17.03000000000003
2000,255,0.0,17.180000000000007
2000,256,0.0,16.900000000000034
2000,257,0.0,18.110000000000014
2000,258,0.0,19.28000000000003
2000,259,0.0,19.120000000000005
2000,260,0.0,20.340000000000032
2000,261,0.0,20.410000000000025
2000,262,0.06,18.840000000000032
2000,263,0.0,16.24000000000001
2000,264,11.79,11.430000000000007
2000,265,0.04,12.490000000000009
2000,266,11.17,13.060000000000002
2000,267,9.23,6.360000000000014
2000,268,7.25,0.8300000000000409
2000,269,0.67,3.8799999999999955
2000,270,0.0,10.510000000000048
2000,271,0.0,11.830000000000041
2000,272,0.0,13.420000000000016
2000,273,0.06,15.140000000000043
2000,274,0.16,14.760000000000048
2000,275,0.0,15.090000000000032
2000,276,0.0,15.830000000000041
2000,277,0.0,15.460000000000036
2000,278,0.03,13.210000000000036
2000,279,0.52,10.840000000000032
2000,280,2.65,5.640000000000043
2000,281,1.33,1.4800000000000182
2000,282,0.73,1.9300000000000068
2000,283,0.0,6.82000000000005
2000,284,0.0,10.020000000000039
2000,285,0.0,11.470000000000027
2000,286,0.0,12.360000000000014
2000,287,0.0,7.830000000000041
2000,288,0.0,5.410000000000025
2000,289,0.0,6.53000000000003
2000,290,0.0,7.550000000000011
2000,291,0.0,8.660000000000025
2000,292,0.0,10.660000000000025
2000,293,0.0,11.390000000000043
2000,294,0.0,10.220000000000027
2000,295,0.0,9.879999999999995
2000,296,2.31,8.300000000000011
2000,297,3.8,6.57000000000005
2000,298,0.0,8.810000000000002
2000,299,0.0,6.550000000000011
2000,300,0.0,6.07000000000005
2000,301,0.0,6.939999999999998
2000,302,0.0,8.700000000000045
2000,303,4.33,7.760000000000048
2000,304,0.0,7.420000000000016
2000,305,2.54,6.390000000000043
2000,306,0.28,2.420000000000016
2000,307,0.34,0.17000000000001592
2000,308,0.2,0.8799999999999955
2000,309,0.0,3.4700000000000273
2000,310,7.99,3.2000000000000455
2000,311,1.98,-4.17999999999995
2000,312,0.05,-7.509999999999991
2000,313,0.02,-3.609999999999957
2000,314,0.0,-1.2899999999999636
2000,315,0.0,-1.419999999999959
2000,316,6.67,-3.67999999999995
2000,317,1.24,-9.159999999999968
2000,318,0.0,-11.239999999999952
2000,319,0.17,-6.729999999999961
2000,320,0.0,-3.419999999999959
2000,321,0.0,-9.079999999999984
2000,322,1.58,-9.039999999999964
2000,323,0.81,-8.199999999999989
2000,324,0.0,-4.609999999999957
2000,325,0.0,-4.029999999999973
2000,326,0.0,-0.5999999999999659
2000,327,0.0,1.6100000000000136
2000,328,0.0,-0.6599999999999682
2000,329,0.0,-1.599999999999966
2000,330,0.0,-3.659999999999968
2000,331,0.0,-1.67999999999995
2000,332,0.0,-0.17999999999994998
2000,333,0.0,-0.6200000000000045
2000,334,0.0,-1.509999999999991
2000,335,0.0,1.6800000000000068
2000,336,0.0,-3.359999999999957
2000,337,0.0,-1.8100000000000023
2000,338,0.0,1.1400000000000432
2000,339,0.0,-0.07999999999998408
2000,340,0.0,0.5400000000000205
2000,341,6.1,-1.1899999999999977
2000,342,0.0,3.990000000000009
2000,343,0.0,-0.5399999999999636
2000,344,0.0,0.9399999999999977
2000,345,0.0,-0.5
2000,346,4.98,-6.579999999999984
2000,347,0.0,-7.659999999999968
2000,348,0.02,-5.009999999999991
2000,349,0.0,-4.2099999999999795
2000,350,0.0,-3.769999999999982
2000,351,2.01,-6.359999999999957
2000,352,0.58,-1.3599999999999568
2000,353,0.13,-7.149999999999977
2000,354,0.0,-4.579999999999984
2000,355,0.85,-3.3700000000000045
2000,356,0.24,-8.689999999999998
2000,357,0.0,-2.409999999999968
2000,358,0.0,-3.4399999999999977
2000,359,0.2,-3.079999999999984
2000,360,4.29,-3.6999999999999886
2000,361,1.01,-6.349999999999966
2000,362,0.0,-2.1899999999999977
2000,363,0.0,-0.060000000000002274
2000,364,0.0,-5.5499999999999545
2000,365,0.0,-3.8999999999999773
2000,366,0.0,-4.109999999999957
2001,1,0.0,-3.919999999999959
2001,2,0.0,-4.759999999999991
2001,3,0.0,-1.079999999999984
2001,4,0.0,2.410000000000025
2001,5,0.0,3.640000000000043
2001,6,0.11,4.010000000000048
2001,7,0.19,-3.159999999999968
2001,8,0.03,-2.5299999999999727
2001,9,0.0,-0.22999999999996135
2001,10,0.0,1.2100000000000364
2001,11,0.0,-0.9899999999999523
2001,12,0.09,1.0900000000000318
2001,13,0.02,-0.7899999999999636
2001,14,3.02,-5.519999999999982
2001,15,0.81,-7.569999999999993
2001,16,6.2,-7.46999999999997
2001,17,0.55,-10.799999999999955
2001,18,0.0,-8.569999999999993
2001,19,0.0,-7.9599999999999795
2001,20,0.0,-4.339999999999975
2001,21,0.0,-5.399999999999977
2001,22,0.0,-0.6999999999999886
2001,23,0.0,-2.3100000000000023
2001,24,0.0,-3.0600000000000023
2001,25,0.0,-2.5399999999999636
2001,26,0.05,-4.039999999999964
2001,27,1.47,-4.599999999999966
2001,28,2.56,-4.859999999999957
2001,29,2.83,-5.75
2001,30,0.14,-5.339999999999975
2001,31,0.0,-7.3700000000000045
2001,32,0.0,-8.549999999999955
2001,33,0.0,-2.849999999999966
2001,34,0.0,0.35000000000002274
2001,35,0.0,-1.5199999999999818
2001,36,0.0,1.9700000000000273
2001,37,0.0,-0.22999999999996135
2001,38,0.0,1.6000000000000227
2001,39,2.02,-3.519999999999982
2001,40,8.72,-11.42999999999995
2001,41,0.5,-4.579999999999984
2001,42,0.0,-2.2199999999999704
2001,43,0.0,-3.419999999999959
2001,44,0.07,-1.099999999999966
2001,45,9.26,-2.7399999999999523
2001,46,0.0,-3.6200000000000045
2001,47,0.0,-2.8999999999999773
2001,48,0.0,-0.38999999999998636
2001,49,0.0,1.3000000000000114
2001,50,0.0,1.2900000000000205
2001,51,0.0,0.9600000000000364
2001,52,0.0,0.7600000000000477
2001,53,0.0,0.37000000000000455
2001,54,0.47,2.670000000000016
2001,55,0.0,-0.5399999999999636
2001,56,0.0,-3.6299999999999955
2001,57,2.88,-1.2399999999999523
2001,58,1.34,-3.009999999999991
2001,59,1.66,-3.9899999999999523
2001,60,1.55,-0.7299999999999613
2001,61,0.15,-0.7799999999999727
2001,62,0.61,-0.6099999999999568
2001,63,0.11,-0.5600000000000023
2001,64,0.0,2.4399999999999977
2001,65,0.0,4.410000000000025
2001,66,2.23,3.9399999999999977
2001,67,1.2,3.580000000000041
2001,68,0.13,2.8000000000000114
2001,69,7.45,3.1299999999999955
2001,70,6.37,-1.9699999999999704
2001,71,0.86,-2.4499999999999886
2001,72,0.05,-0.049999999999954525
2001,73,0.47,0.5
2001,74,0.0,-3.9499999999999886
2001,75,0.0,-3.7999999999999545
2001,76,0.58,-1.6899999999999977
2001,77,0.38,-2.069999999999993
2001,78,0.0,-0.18999999999999773
2001,79,0.0,4.930000000000007
2001,80,0.0,6.710000000000036
2001,81,0.07,5.430000000000007
2001,82,1.34,5.400000000000034
2001,83,5.48,3.980000000000018
2001,84,0.03,4.240000000000009
2001,85,1.21,2.900000000000034
2001,86,2.33,4.07000000000005
2001,87,0.04,2.650000000000034
2001,88,0.12,2.6899999999999977
2001,89,4.25,2.0500000000000114
2001,90,0.17,1.1100000000000136
2001,91,0.04,5.2900000000000205
2001,92,0.0,7.850000000000023
2001,93,0.0,8.860000000000014
2001,94,0.0,10.680000000000007
2001,95,0.0,10.420000000000016
2001,96,0.19,9.220000000000027
2001,97,0.59,4.510000000000048
2001,98,0.0,5.689999999999998
2001,99,0.01,4.020000000000039
2001,100,18.97,5.150000000000034
2001,101,2.1,0.5800000000000409
2001,102,0.55,0.5200000000000387
2001,103,0.0,2.400000000000034
2001,104,0.05,4.550000000000011
2001,105,0.0,4.990000000000009
2001,106,0.0,6.090000000000032
2001,107,0.0,5.580000000000041
2001,108,0.0,10.890000000000043
2001,109,0.0,12.129999999999995
2001,110,0.0,9.660000000000025
2001,111,0.0,6.220000000000027
2001,112,6.55,4.610000000000014
2001,113,5.75,1.580000000000041
2001,114,0.0,4.170000000000016
2001,115,0.0,7.7900000000000205
2001,116,0.0,9.990000000000009
2001,117,0.0,11.480000000000018
2001,118,0.0,12.050000000000011
2001,119,0.0,11.230000000000018
2001,120,0.0,10.080000000000041
2001,121,0.0,12.160000000000025
2001,122,0.08,8.03000000000003
2001,123,11.8,0.5600000000000023
2001,124,16.28,1.170000000000016
2001,125,17.27,3.1899999999999977
2001,126,4.77,6.7000000000000455
2001,127,0.05,7.100000000000023
2001,128,0.0,9.800000000000011
2001,129,0.0,12.740000000000009
2001,130,0.0,13.710000000000036
2001,131,0.0,12.710000000000036
2001,132,0.02,13.879999999999995
2001,133,0.06,15.720000000000027
2001,134,0.08,15.840000000000032
2001,135,0.31,15.010000000000048
2001,136,0.29,16.25
2001,137,1.94,14.430000000000007
2001,138,6.85,12.25
2001,139,8.08,13.29000000000002
2001,140,0.25,12.439999999999998
2001,141,14.23,5.020000000000039
2001,142,0.13,8.100000000000023
2001,143,0.0,12.680000000000007
2001,144,0.0,12.680000000000007
2001,145,0.03,13.32000000000005
2001,146,0.05,15.340000000000032
2001,147,0.0,16.150000000000034
2001,148,0.15,15.689999999999998
2001,149,3.45,15.82000000000005
2001,150,0.73,14.060000000000002
2001,151,0.32,13.600000000000023
2001,152,0.08,15.580000000000041
2001,153,0.0,17.879999999999995
2001,154,0.06,17.430000000000007
2001,155,0.2,14.360000000000014
2001,156,0.0,12.720000000000027
2001,157,0.0,15.720000000000027
2001,158,2.09,18.400000000000034
2001,159,2.0,18.670000000000016
2001,160,1.9,19.640000000000043
2001,161,0.44,19.950000000000045
2001,162,0.0,20.379999999999995
2001,163,0.03,19.360000000000014
2001,164,9.33,14.810000000000002
2001,165,3.67,7.680000000000007
2001,166,0.08,11.060000000000002
2001,167,0.0,16.650000000000034
2001,168,0.0,19.350000000000023
2001,169,0.0,19.720000000000027
2001,170,2.04,17.08000000000004
2001,171,0.03,16.870000000000005
2001,172,0.03,16.30000000000001
2001,173,0.69,18.52000000000004
2001,174,0.43,20.27000000000004
2001,175,0.22,21.410000000000025
2001,176,0.76,20.939999999999998
2001,177,4.21,20.890000000000043
2001,178,1.56,19.27000000000004
2001,179,0.06,20.49000000000001
2001,180,0.0,22.379999999999995
2001,181,0.33,22.53000000000003
2001,182,0.52,23.360000000000014
2001,183,0.77,23.29000000000002
2001,184,0.99,22.410000000000025
2001,185,1.55,22.49000000000001
2001,186,0.0,23.129999999999995
2001,187,2.49,24.189999999999998
2001,188,1.08,23.58000000000004
2001,189,1.7,23.52000000000004
2001,190,1.99,23.260000000000048
2001,191,6.48,21.680000000000007
2001,192,1.09,21.129999999999995
2001,193,3.02,20.850000000000023
2001,194,17.2,20.160000000000025
2001,195,7.91,19.5
2001,196,0.56,18.52000000000004
2001,197,0.0,19.53000000000003
2001,198,0.07,20.170000000000016
2001,199,0.0,20.180000000000007
2001,200,0.24,20.980000000000018
2001,201,0.05,21.100000000000023
2001,202,0.31,22.650000000000034
2001,203,0.01,22.010000000000048
2001,204,0.75,22.629999999999995
2001,205,10.71,20.670000000000016
2001,206,0.43,20.370000000000005
2001,207,4.76,20.140000000000043
2001,208,1.89,18.560000000000002
2001,209,0.18,20.010000000000048
2001,210,0.09,21.710000000000036
2001,211,0.09,23.08000000000004
2001,212,2.83,22.129999999999995
2001,213,3.16,21.010000000000048
2001,214,11.7,20.79000000000002
2001,215,1.58,20.950000000000045
2001,216,0.0,21.33000000000004
2001,217,1.99,21.860000000000014
2001,218,4.41,22.110000000000014
2001,219,3.96,20.939999999999998
2001,220,0.2,20.410000000000025
2001,221,14.3,17.220000000000027
2001,222,0.15,15.870000000000005
2001,223,13.68,18.02000000000004
2001,224,0.47,19.390000000000043
2001,225,1.28,19.660000000000025
2001,226,6.42,17.810000000000002
2001,227,4.4,16.340000000000032
2001,228,3.33,16.390000000000043
2001,229,0.37,17.57000000000005
2001,230,0.37,18.57000000000005
2001,231,0.0,21.220000000000027
2001,232,0.11,21.060000000000002
2001,233,0.34,18.57000000000005
2001,234,6.18,18.879999999999995
2001,235,0.22,17.400000000000034
2001,236,0.04,18.890000000000043
2001,237,1.92,19.629999999999995
2001,238,0.0,18.670000000000016
2001,239,0.05,20.410000000000025
2001,240,0.36,20.460000000000036
2001,241,0.0,19.670000000000016
2001,242,2.26,18.30000000000001
2001,243,2.34,17.29000000000002
2001,244,1.07,17.410000000000025
2001,245,0.5,18.400000000000034
2001,246,0.0,19.560000000000002
2001,247,0.0,19.57000000000005
2001,248,0.59,18.5
2001,249,1.98,18.55000000000001
2001,250,3.81,12.189999999999998
2001,251,11.99,6.760000000000048
2001,252,1.27,7.610000000000014
2001,253,0.0,14.560000000000002
2001,254,0.0,17.210000000000036
2001,255,0.0,18.260000000000048
2001,256,0.03,18.870000000000005
2001,257,2.49,18.05000000000001
2001,258,0.51,15.640000000000043
2001,259,0.7,15.29000000000002
2001,260,2.22,14.53000000000003
2001,261,0.54,12.439999999999998
2001,262,0.0,13.79000000000002
2001,263,0.06,15.990000000000009
2001,264,0.0,16.55000000000001
2001,265,0.0,17.350000000000023
2001,266,0.0,14.57000000000005
2001,267,0.0,15.810000000000002
2001,268,0.0,17.480000000000018
2001,269,0.0,17.5
2001,270,0.0,18.29000000000002
2001,271,0.19,18.450000000000045
2001,272,0.05,17.590000000000032
2001,273,0.52,15.79000000000002
2001,274,0.42,15.230000000000018
2001,275,0.0,15.580000000000041
2001,276,0.0,15.07000000000005
2001,277,0.0,13.910000000000025
2001,278,1.58,6.439999999999998
2001,279,1.56,8.930000000000007
2001,280,0.04,12.850000000000023
2001,281,0.0,12.840000000000032
2001,282,0.0,11.879999999999995
2001,283,0.0,5.090000000000032
2001,284,0.06,6.0400000000000205
2001,285,0.0,5.8700000000000045
2001,286,0.0,3.890000000000043
2001,287,0.77,6.660000000000025
2001,288,0.21,6.28000000000003
2001,289,0.13,8.03000000000003
2001,290,0.0,12.03000000000003
2001,291,0.0,11.53000000000003
2001,292,0.0,9.270000000000039
2001,293,0.0,11.170000000000016
2001,294,0.0,10.79000000000002
2001,295,0.02,10.660000000000025
2001,296,0.01,8.550000000000011
2001,297,0.03,4.7000000000000455
2001,298,0.06,2.660000000000025
2001,299,0.0,5.189999999999998
2001,300,0.0,8.910000000000025
2001,301,0.0,12.0
2001,302,0.0,12.32000000000005
2001,303,0.0,12.439999999999998
2001,304,0.0,12.140000000000043
2001,305,0.0,6.8700000000000045
2001,306,0.0,6.980000000000018
2001,307,0.0,8.03000000000003
2001,308,0.0,8.360000000000014
2001,309,0.0,9.620000000000005
2001,310,0.0,10.730000000000018
2001,311,0.0,10.370000000000005
2001,312,7.37,4.189999999999998
2001,313,0.0,4.160000000000025
2001,314,0.0,6.610000000000014
2001,315,0.0,5.7000000000000455
2001,316,0.0,5.720000000000027
2001,317,0.0,6.800000000000011
2001,318,0.0,7.470000000000027
2001,319,0.0,5.850000000000023
2001,320,0.0,6.090000000000032
2001,321,0.0,5.890000000000043
2001,322,1.84,4.800000000000011
2001,323,1.32,0.7300000000000182
2001,324,0.0,5.180000000000007
2001,325,0.0,5.560000000000002
2001,326,0.0,4.910000000000025
2001,327,5.43,2.75
2001,328,0.47,-1.3799999999999955
2001,329,2.81,0.5500000000000114
2001,330,3.83,-4.199999999999989
2001,331,0.49,-8.120000000000005
2001,332,0.79,-10.319999999999993
2001,333,0.0,-3.819999999999993
2001,334,0.0,-3.0600000000000023
2001,335,0.0,-3.8899999999999864
2001,336,0.0,0.910000000000025
2001,337,0.0,4.420000000000016
2001,338,0.0,2.7600000000000477
2001,339,0.0,-0.1099999999999568
2001,340,0.04,-2.109999999999957
2001,341,0.25,-1.419999999999959
2001,342,0.0,-5.109999999999957
2001,343,0.0,0.060000000000002274
2001,344,0.0,0.6700000000000159
2001,345,0.34,-3.1299999999999955
2001,346,2.12,-4.8700000000000045
2001,347,0.0,-6.349999999999966
2001,348,0.0,-2.5600000000000023
2001,349,0.0,-1.3799999999999955
2001,350,5.38,-5.109999999999957
2001,351,0.0,-1.0399999999999636
2001,352,0.0,-0.46999999999997044
2001,353,0.0,-3.7899999999999636
2001,354,0.0,-0.01999999999998181
2001,355,3.71,1.3400000000000318
2001,356,0.75,-4.2999999999999545
2001,357,0.0,-6.4599999999999795
2001,358,0.0,-6.519999999999982
2001,359,0.0,-6.419999999999959
2001,360,0.0,-4.2099999999999795
2001,361,0.0,-3.1299999999999955
2001,362,1.92,-3.0
2001,363,0.38,-3.8999999999999773
2001,364,0.0,-6.349999999999966
2001,365,0.79,-6.6200000000000045
2002,1,1.17,-6.439999999999998
2002,2,0.17,-9.560000000000002
2002,3,0.0,-3.009999999999991
2002,4,1.96,-0.67999999999995
2002,5,0.88,-5.649999999999977
2002,6,0.0,-4.339999999999975
2002,7,0.0,0.07000000000005002
2002,8,0.0,5.080000000000041
2002,9,0.0,5.270000000000039
2002,10,6.18,-0.03999999999996362
2002,11,0.0,-1.4799999999999613
2002,12,0.0,-1.2799999999999727
2002,13,0.0,-0.8199999999999932
2002,14,0.08,-6.789999999999964
2002,15,0.0,-4.439999999999998
2002,16,0.01,-5.699999999999989
2002,17,0.01,-6.67999999999995
2002,18,0.0,-8.5
2002,19,0.0,-8.67999999999995
2002,20,0.0,-6.889999999999986
2002,21,0.0,-5.269999999999982
2002,22,0.0,-1.0299999999999727
2002,23,6.66,-5.75
2002,24,1.52,-9.569999999999993
2002,25,0.0,-1.599999999999966
2002,26,0.0,1.990000000000009
2002,27,0.0,1.650000000000034
2002,28,0.0,-0.08999999999997499
2002,29,0.18,-1.8599999999999568
2002,30,1.96,-6.529999999999973
2002,31,0.33,-11.189999999999998
2002,32,0.0,-8.769999999999982
2002,33,0.0,-3.9499999999999886
2002,34,0.0,-5.0499999999999545
2002,35,0.24,-3.839999999999975
2002,36,0.52,-6.729999999999961
2002,37,0.0,-4.060000000000002
2002,38,0.0,-1.4399999999999977
2002,39,0.0,-0.029999999999972715
2002,40,0.77,-5.779999999999973
2002,41,0.0,-7.819999999999993
2002,42,0.0,1.650000000000034
2002,43,0.0,-1.7399999999999523
2002,44,0.0,-6.529999999999973
2002,45,0.0,-1.0399999999999636
2002,46,4.8,-4.67999999999995
2002,47,0.07,-1.079999999999984
2002,48,0.0,0.9399999999999977
2002,49,0.0,1.4300000000000068
2002,50,1.4,-0.8199999999999932
2002,51,0.16,-1.7299999999999613
2002,52,0.24,-2.2799999999999727
2002,53,0.06,0.26000000000004775
2002,54,0.0,4.810000000000002
2002,55,0.67,2.140000000000043
2002,56,1.4,-5.889999999999986
2002,57,0.53,-13.109999999999957
2002,58,0.0,-6.810000000000002
2002,59,4.93,-4.96999999999997
2002,60,4.05,-8.349999999999966
2002,61,0.74,-16.70999999999998
2002,62,0.32,-14.689999999999998
2002,63,0.0,-6.199999999999989
2002,64,0.0,-1.2799999999999727
2002,65,0.0,0.6700000000000159
2002,66,0.0,2.6000000000000227
2002,67,1.28,1.2200000000000273
2002,68,0.47,-6.5499999999999545
2002,69,0.0,0.8400000000000318
2002,70,0.0,1.8100000000000023
2002,71,0.0,3.8100000000000023
2002,72,0.0,5.930000000000007
2002,73,8.94,1.830000000000041
2002,74,5.75,-5.659999999999968
2002,75,0.24,-5.0499999999999545
2002,76,0.0,-4.71999999999997
2002,77,0.98,-2.3999999999999773
2002,78,3.76,-3.2899999999999636
2002,79,0.01,0.10000000000002274
2002,80,0.01,2.420000000000016
2002,81,0.0,4.480000000000018
2002,82,0.0,7.010000000000048
2002,83,0.0,3.6299999999999955
2002,84,6.59,-1.329999999999984
2002,85,0.03,0.34000000000003183
2002,86,0.0,3.330000000000041
2002,87,0.0,4.8799999999999955
2002,88,0.0,4.3799999999999955
2002,89,0.0,4.390000000000043
2002,90,0.0,4.760000000000048
2002,91,0.0,7.560000000000002
2002,92,0.06,3.25
2002,93,0.06,-2.099999999999966
2002,94,0.0,4.360000000000014
2002,95,0.0,7.490000000000009
2002,96,0.0,9.57000000000005
2002,97,0.0,9.210000000000036
2002,98,0.27,6.720000000000027
2002,99,0.0,7.0
2002,100,0.0,9.560000000000002
2002,101,0.28,8.020000000000039
2002,102,0.33,7.840000000000032
2002,103,0.03,9.360000000000014
2002,104,0.0,11.010000000000048
2002,105,0.0,12.980000000000018
2002,106,0.0,9.340000000000032
2002,107,0.0,6.710000000000036
2002,108,0.0,9.240000000000009
2002,109,0.1,4.430000000000007
2002,110,0.15,4.010000000000048
2002,111,0.0,1.8700000000000045
2002,112,0.0,4.460000000000036
2002,113,0.0,8.360000000000014
2002,114,0.0,9.240000000000009
2002,115,0.0,8.07000000000005
2002,116,0.0,9.470000000000027
2002,117,0.27,8.25
2002,118,0.02,6.490000000000009
2002,119,0.0,9.640000000000043
2002,120,0.0,11.760000000000048
2002,121,0.0,9.54000000000002
2002,122,2.2,3.930000000000007
2002,123,0.57,5.410000000000025
2002,124,0.04,6.890000000000043
2002,125,0.05,9.25
2002,126,0.0,10.150000000000034
2002,127,0.0,11.020000000000039
2002,128,0.0,10.520000000000039
2002,129,0.0,4.350000000000023
2002,130,0.0,8.939999999999998
2002,131,0.0,10.879999999999995
2002,132,6.13,4.840000000000032
2002,133,0.04,6.53000000000003
2002,134,0.67,11.970000000000027
2002,135,0.14,13.470000000000027
2002,136,0.66,12.29000000000002
2002,137,6.19,10.129999999999995
2002,138,1.15,12.78000000000003
2002,139,0.46,16.060000000000002
2002,140,0.45,14.270000000000039
2002,141,0.15,14.189999999999998
2002,142,0.0,9.150000000000034
2002,143,0.0,8.160000000000025
2002,144,22.74,7.020000000000039
2002,145,1.32,9.129999999999995
2002,146,0.0,13.060000000000002
2002,147,0.0,14.930000000000007
2002,148,0.19,14.970000000000027
2002,149,0.0,16.840000000000032
2002,150,0.0,18.49000000000001
2002,151,0.0,21.710000000000036
2002,152,0.0,21.910000000000025
2002,153,0.0,20.060000000000002
2002,154,0.01,17.30000000000001
2002,155,14.56,12.470000000000027
2002,156,0.0,11.060000000000002
2002,157,0.61,15.939999999999998
2002,158,0.0,19.720000000000027
2002,159,0.0,20.370000000000005
2002,160,0.0,20.950000000000045
2002,161,0.0,19.58000000000004
2002,162,0.0,16.210000000000036
2002,163,0.07,16.970000000000027
2002,164,0.02,16.230000000000018
2002,165,0.05,14.920000000000016
2002,166,0.0,17.879999999999995
2002,167,0.0,16.5
2002,168,0.0,19.470000000000027
2002,169,0.0,21.590000000000032
2002,170,0.0,21.620000000000005
2002,171,3.64,18.920000000000016
2002,172,1.42,21.340000000000032
2002,173,3.87,21.29000000000002
2002,174,1.01,21.0
2002,175,0.16,22.689999999999998
2002,176,0.31,22.650000000000034
2002,177,0.79,21.010000000000048
2002,178,0.55,21.32000000000005
2002,179,1.74,21.49000000000001
2002,180,0.66,22.28000000000003
2002,181,0.0,23.560000000000002
2002,182,0.0,24.04000000000002
2002,183,0.0,24.629999999999995
2002,184,7.52,23.03000000000003
2002,185,0.33,20.590000000000032
2002,186,4.45,18.939999999999998
2002,187,16.88,18.430000000000007
2002,188,0.03,19.670000000000016
2002,189,3.09,21.360000000000014
2002,190,1.38,22.689999999999998
2002,191,9.61,22.060000000000002
2002,192,3.91,20.52000000000004
2002,193,1.12,20.08000000000004
2002,194,0.0,21.340000000000032
2002,195,0.0,21.420000000000016
2002,196,0.0,21.680000000000007
2002,197,0.0,22.02000000000004
2002,198,0.0,22.100000000000023
2002,199,0.0,22.33000000000004
2002,200,0.0,22.810000000000002
2002,201,0.0,22.58000000000004
2002,202,0.0,20.80000000000001
2002,203,14.42,18.310000000000002
2002,204,0.85,19.5
2002,205,0.02,21.150000000000034
2002,206,0.01,23.100000000000023
2002,207,0.14,19.99000000000001
2002,208,0.02,19.960000000000036
2002,209,0.4,20.170000000000016
2002,210,0.0,20.140000000000043
2002,211,0.8,22.610000000000014
2002,212,0.0,23.460000000000036
2002,213,0.0,21.970000000000027
2002,214,0.0,19.390000000000043
2002,215,0.56,19.939999999999998
2002,216,3.25,20.010000000000048
2002,217,3.56,20.970000000000027
2002,218,3.63,20.850000000000023
2002,219,3.88,20.060000000000002
2002,220,0.39,20.220000000000027
2002,221,1.01,20.180000000000007
2002,222,0.28,19.04000000000002
2002,223,0.0,20.629999999999995
2002,224,0.0,19.99000000000001
2002,225,0.0,14.010000000000048
2002,226,0.03,17.760000000000048
2002,227,0.0,20.57000000000005
2002,228,0.0,21.970000000000027
2002,229,0.0,21.170000000000016
2002,230,0.0,22.110000000000014
2002,231,0.55,19.730000000000018
2002,232,0.48,20.79000000000002
2002,233,3.57,19.370000000000005
2002,234,1.84,17.970000000000027
2002,235,0.0,18.25
2002,236,1.19,18.810000000000002
2002,237,0.26,18.230000000000018
2002,238,0.0,20.55000000000001
2002,239,0.18,18.5
2002,240,11.8,18.33000000000004
2002,241,3.1,18.28000000000003
2002,242,0.0,16.189999999999998
2002,243,0.0,19.150000000000034
2002,244,0.0,19.310000000000002
2002,245,0.0,19.110000000000014
2002,246,1.25,19.710000000000036
2002,247,0.15,19.430000000000007
2002,248,0.0,19.879999999999995
2002,249,0.0,20.720000000000027
2002,250,0.0,20.650000000000034
2002,251,0.0,19.620000000000005
2002,252,1.99,17.0
2002,253,25.05,11.450000000000045
2002,254,0.0,12.680000000000007
2002,255,8.36,15.110000000000014
2002,256,6.63,14.07000000000005
2002,257,3.17,12.860000000000014
2002,258,0.63,13.860000000000014
2002,259,0.0,16.310000000000002
2002,260,0.0,15.680000000000007
2002,261,1.2,13.390000000000043
2002,262,12.97,8.54000000000002
2002,263,1.07,12.050000000000011
2002,264,0.0,14.32000000000005
2002,265,0.0,10.470000000000027
2002,266,0.0,12.420000000000016
2002,267,0.0,13.710000000000036
2002,268,0.0,15.220000000000027
2002,269,4.41,12.189999999999998
2002,270,0.9,11.990000000000009
2002,271,0.23,12.930000000000007
2002,272,1.07,12.420000000000016
2002,273,0.0,11.82000000000005
2002,274,0.0,11.54000000000002
2002,275,12.7,8.160000000000025
2002,276,3.82,7.420000000000016
2002,277,0.13,5.560000000000002
2002,278,0.0,8.939999999999998
2002,279,0.0,9.200000000000045
2002,280,0.0,10.960000000000036
2002,281,0.0,11.480000000000018
2002,282,0.0,9.180000000000007
2002,283,0.0,10.910000000000025
2002,284,0.0,12.650000000000034
2002,285,0.0,8.78000000000003
2002,286,0.0,6.930000000000007
2002,287,0.0,8.950000000000045
2002,288,0.0,6.189999999999998
2002,289,0.0,5.960000000000036
2002,290,0.0,6.260000000000048
2002,291,0.0,8.810000000000002
2002,292,0.0,7.1299999999999955
2002,293,0.0,7.640000000000043
2002,294,0.0,7.57000000000005
2002,295,0.38,4.7000000000000455
2002,296,1.27,2.2000000000000455
2002,297,0.02,3.0600000000000023
2002,298,0.0,3.930000000000007
2002,299,0.01,5.360000000000014
2002,300,5.47,5.610000000000014
2002,301,0.64,3.9700000000000273
2002,302,10.06,1.400000000000034
2002,303,0.63,-7.2999999999999545
2002,304,1.27,-3.1200000000000045
2002,305,2.38,-3.9699999999999704
2002,306,0.87,1.82000000000005
2002,307,0.29,-5.329999999999984
2002,308,0.0,-1.1899999999999977
2002,309,0.0,-2.259999999999991
2002,310,0.0,1.8799999999999955
2002,311,0.0,5.600000000000023
2002,312,0.0,5.400000000000034
2002,313,1.1,5.110000000000014
2002,314,0.15,0.4200000000000159
2002,315,0.18,-1.5499999999999545
2002,316,0.0,-2.919999999999959
2002,317,0.0,3.9399999999999977
2002,318,2.3,1.8500000000000227
2002,319,1.66,-0.2999999999999545
2002,320,0.26,-1.0299999999999727
2002,321,0.0,3.170000000000016
2002,322,0.0,0.9700000000000273
2002,323,0.0,0.5100000000000477
2002,324,0.0,2.7100000000000364
2002,325,0.0,4.580000000000041
2002,326,0.0,6.420000000000016
2002,327,0.08,5.430000000000007
2002,328,0.14,1.0300000000000296
2002,329,1.41,-4.25
2002,330,0.0,-6.529999999999973
2002,331,0.0,-4.75
2002,332,0.0,-0.3299999999999841
2002,333,0.0,4.770000000000039
2002,334,0.0,2.2100000000000364
2002,335,0.0,2.680000000000007
2002,336,0.0,1.82000000000005
2002,337,0.0,1.2600000000000477
2002,338,0.0,-0.9099999999999682
2002,339,0.0,-1.7099999999999795
2002,340,0.0,-1.92999999999995
2002,341,0.0,-0.6499999999999773
2002,342,0.0,-1.8100000000000023
2002,343,0.0,-0.8700000000000045
2002,344,0.0,0.5500000000000114
2002,345,0.0,-0.40999999999996817
2002,346,0.0,-4.17999999999995
2002,347,0.0,-1.7299999999999613
2002,348,0.0,1.2200000000000273
2002,349,0.0,4.160000000000025
2002,350,0.0,1.4600000000000364
2002,351,0.0,0.4900000000000091
2002,352,0.16,-3.6200000000000045
2002,353,1.44,-7.569999999999993
2002,354,0.0,-7.019999999999982
2002,355,0.0,-5.9599999999999795
2002,356,0.0,-7.71999999999997
2002,357,0.85,-6.899999999999977
2002,358,0.0,-7.599999999999966
2002,359,0.0,-7.8799999999999955
2002,360,0.0,-9.109999999999957
2002,361,0.0,-3.5299999999999727
2002,362,0.0,2.730000000000018
2002,363,0.0,3.660000000000025
2002,364,0.0,-1.4399999999999977
2002,365,0.0,-0.23999999999995225
2003,1,2.91,-1.5699999999999932
2003,2,0.0,-3.7399999999999523
2003,3,0.0,1.7600000000000477
2003,4,0.0,3.420000000000016
2003,5,0.0,2.4700000000000273
2003,6,4.67,0.03000000000002956
2003,7,0.09,1.9700000000000273
2003,8,0.0,6.78000000000003
2003,9,0.0,0.7600000000000477
2003,10,0.0,-3.079999999999984
2003,11,0.36,-1.5600000000000023
2003,12,0.04,-2.6499999999999773
2003,13,0.0,1.0900000000000318
2003,14,0.0,2.6100000000000136
2003,15,0.0,1.75
2003,16,0.0,-4.42999999999995
2003,17,0.02,-5.669999999999959
2003,18,0.02,-4.819999999999993
2003,19,0.0,1.0100000000000477
2003,20,0.0,3.9600000000000364
2003,21,0.0,2.150000000000034
2003,22,0.0,1.1899999999999977
2003,23,0.0,1.9300000000000068
2003,24,0.16,2.6200000000000045
2003,25,0.0,1.3000000000000114
2003,26,0.0,0.17000000000001592
2003,27,0.0,4.939999999999998
2003,28,0.06,4.550000000000011
2003,29,0.04,0.9900000000000091
2003,30,0.0,2.840000000000032
2003,31,0.0,4.960000000000036
2003,32,0.0,6.760000000000048
2003,33,2.06,5.580000000000041
2003,34,5.92,-4.3799999999999955
2003,35,7.27,-6.409999999999968
2003,36,6.26,-7.4599999999999795
2003,37,1.24,-10.279999999999973
2003,38,0.0,-12.479999999999961
2003,39,0.16,-8.819999999999993
2003,40,0.0,-8.879999999999995
2003,41,0.0,-6.42999999999995
2003,42,0.0,-2.599999999999966
2003,43,0.0,0.7200000000000273
2003,44,0.0,4.920000000000016
2003,45,0.0,5.3700000000000045
2003,46,7.03,0.27000000000003865
2003,47,0.12,1.0500000000000114
2003,48,0.0,1.8900000000000432
2003,49,0.02,-1.3999999999999773
2003,50,0.87,-3.2899999999999636
2003,51,0.0,-3.019999999999982
2003,52,0.0,-1.5600000000000023
2003,53,0.32,-1.7299999999999613
2003,54,0.0,-5.0499999999999545
2003,55,0.34,-8.560000000000002
2003,56,2.08,-4.0
2003,57,1.61,-2.4799999999999613
2003,58,2.53,-1.9599999999999795
2003,59,2.43,-3.019999999999982
2003,60,6.47,-3.509999999999991
2003,61,1.44,-4.359999999999957
2003,62,0.0,-2.0399999999999636
2003,63,0.34,-1.1899999999999977
2003,64,0.66,-4.310000000000002
2003,65,0.0,-2.409999999999968
2003,66,0.0,1.0300000000000296
2003,67,0.0,3.1200000000000045
2003,68,0.0,3.4700000000000273
2003,69,0.0,4.25
2003,70,0.0,4.6299999999999955
2003,71,0.0,5.520000000000039
2003,72,0.0,7.6299999999999955
2003,73,0.0,9.200000000000045
2003,74,0.0,7.78000000000003
2003,75,0.0,6.25
2003,76,0.0,5.720000000000027
2003,77,67.51,1.6899999999999977
2003,78,30.6,0.5
2003,79,8.62,-1.079999999999984
2003,80,0.88,0.18999999999999773
2003,81,0.01,-1.1200000000000045
2003,82,0.0,2.580000000000041
2003,83,1.1,4.07000000000005
2003,84,0.19,1.6100000000000136
2003,85,0.0,3.0200000000000387
2003,86,4.98,0.7800000000000296
2003,87,2.1,-7.029999999999973
2003,88,0.12,-6.039999999999964
2003,89,0.01,-1.099999999999966
2003,90,0.03,4.730000000000018
2003,91,0.0,7.9500000000000455
2003,92,0.0,9.53000000000003
2003,93,0.0,6.180000000000007
2003,94,0.68,0.30000000000001137
2003,95,0.66,-0.6999999999999886
2003,96,0.55,-0.5799999999999841
2003,97,0.32,-2.4399999999999977
2003,98,2.04,-1.2699999999999818
2003,99,0.0,4.930000000000007
2003,100,0.0,9.680000000000007
2003,101,0.0,11.900000000000034
2003,102,0.0,10.140000000000043
2003,103,0.0,12.04000000000002
2003,104,0.0,12.53000000000003
2003,105,0.69,11.920000000000016
2003,106,1.86,7.330000000000041
2003,107,0.0,8.020000000000039
2003,108,0.05,7.590000000000032
2003,109,10.66,4.390000000000043
2003,110,3.26,3.330000000000041
2003,111,0.0,6.740000000000009
2003,112,0.22,8.560000000000002
2003,113,10.75,6.600000000000023
2003,114,6.47,3.330000000000041
2003,115,0.0,7.1200000000000045
2003,116,0.0,10.330000000000041
2003,117,0.0,10.120000000000005
2003,118,0.0,10.650000000000034
2003,119,1.22,9.680000000000007
2003,120,0.07,8.29000000000002
2003,121,0.02,6.2000000000000455
2003,122,0.01,5.720000000000027
2003,123,0.0,10.160000000000025
2003,124,0.02,9.400000000000034
2003,125,0.0,6.910000000000025
2003,126,0.0,6.510000000000048
2003,127,0.0,6.830000000000041
2003,128,0.16,8.390000000000043
2003,129,0.23,6.850000000000023
2003,130,9.98,4.5
2003,131,0.0,4.460000000000036
2003,132,0.0,8.020000000000039
2003,133,0.0,12.350000000000023
2003,134,0.0,12.330000000000041
2003,135,4.18,14.140000000000043
2003,136,4.11,12.700000000000045
2003,137,0.0,15.590000000000032
2003,138,1.1,16.27000000000004
2003,139,0.07,11.629999999999995
2003,140,2.16,6.03000000000003
2003,141,0.0,11.850000000000023
2003,142,0.0,15.080000000000041
2003,143,0.0,16.689999999999998
2003,144,0.32,16.890000000000043
2003,145,4.83,14.670000000000016
2003,146,0.25,15.78000000000003
2003,147,0.0,18.180000000000007
2003,148,0.22,18.54000000000002
2003,149,1.6,20.360000000000014
2003,150,2.89,20.5
2003,151,2.44,19.410000000000025
2003,152,5.7,15.990000000000009
2003,153,1.71,14.900000000000034
2003,154,0.0,14.610000000000014
2003,155,0.87,11.629999999999995
2003,156,15.5,9.600000000000023
2003,157,0.15,10.420000000000016
2003,158,9.24,10.490000000000009
2003,159,0.0,10.900000000000034
2003,160,0.64,15.770000000000039
2003,161,1.76,16.650000000000034
2003,162,1.88,17.189999999999998
2003,163,0.95,16.420000000000016
2003,164,0.28,15.379999999999995
2003,165,1.61,15.240000000000009
2003,166,0.02,16.680000000000007
2003,167,1.3,17.970000000000027
2003,168,1.73,16.850000000000023
2003,169,2.59,14.590000000000032
2003,170,11.74,14.100000000000023
2003,171,0.39,16.260000000000048
2003,172,1.01,16.07000000000005
2003,173,0.0,17.03000000000003
2003,174,0.0,17.28000000000003
2003,175,0.0,17.680000000000007
2003,176,0.67,14.310000000000002
2003,177,5.41,13.010000000000048
2003,178,0.0,15.180000000000007
2003,179,0.41,18.310000000000002
2003,180,3.13,18.29000000000002
2003,181,1.87,18.310000000000002
2003,182,0.22,21.27000000000004
2003,183,0.0,22.060000000000002
2003,184,0.0,22.870000000000005
2003,185,0.0,22.560000000000002
2003,186,0.0,22.400000000000034
2003,187,0.07,22.939999999999998
2003,188,0.0,22.310000000000002
2003,189,0.0,21.28000000000003
2003,190,0.0,21.170000000000016
2003,191,0.0,20.360000000000014
2003,192,0.0,22.060000000000002
2003,193,0.0,22.390000000000043
2003,194,0.03,23.439999999999998
2003,195,0.0,24.379999999999995
2003,196,0.36,23.560000000000002
2003,197,0.12,23.560000000000002
2003,198,0.02,24.629999999999995
2003,199,0.0,24.160000000000025
2003,200,4.19,23.79000000000002
2003,201,8.82,22.360000000000014
2003,202,0.0,22.379999999999995
2003,203,0.02,22.28000000000003
2003,204,0.72,22.650000000000034
2003,205,0.01,23.610000000000014
2003,206,0.28,24.74000000000001
2003,207,1.34,23.79000000000002
2003,208,2.63,22.480000000000018
2003,209,5.64,20.060000000000002
2003,210,1.87,18.980000000000018
2003,211,0.31,18.75
2003,212,0.0,20.83000000000004
2003,213,0.02,21.620000000000005
2003,214,0.58,21.950000000000045
2003,215,4.57,22.439999999999998
2003,216,2.1,20.560000000000002
2003,217,2.44,21.74000000000001
2003,218,0.14,22.360000000000014
2003,219,1.99,23.57000000000005
2003,220,0.0,21.350000000000023
2003,221,2.04,21.220000000000027
2003,222,1.15,21.620000000000005
2003,223,0.08,21.730000000000018
2003,224,3.65,21.29000000000002
2003,225,0.0,20.83000000000004
2003,226,0.0,19.24000000000001
2003,227,0.0,18.08000000000004
2003,228,0.06,19.210000000000036
2003,229,0.81,18.28000000000003
2003,230,3.19,17.950000000000045
2003,231,2.7,18.03000000000003
2003,232,3.84,20.29000000000002
2003,233,0.0,23.140000000000043
2003,234,2.96,21.939999999999998
2003,235,6.16,20.80000000000001
2003,236,0.64,19.720000000000027
2003,237,2.0,20.120000000000005
2003,238,0.06,19.850000000000023
2003,239,0.4,19.80000000000001
2003,240,0.58,19.32000000000005
2003,241,0.77,17.79000000000002
2003,242,10.99,14.680000000000007
2003,243,25.33,13.270000000000039
2003,244,0.0,14.900000000000034
2003,245,0.04,17.79000000000002
2003,246,4.06,17.0
2003,247,0.09,15.54000000000002
2003,248,0.01,18.180000000000007
2003,249,0.38,18.230000000000018
2003,250,4.53,15.54000000000002
2003,251,0.0,15.110000000000014
2003,252,0.72,17.03000000000003
2003,253,0.08,13.680000000000007
2003,254,0.0,9.430000000000007
2003,255,0.12,11.900000000000034
2003,256,0.51,9.740000000000009
2003,257,0.56,7.090000000000032
2003,258,0.0,12.900000000000034
2003,259,0.0,16.010000000000048
2003,260,0.0,16.54000000000002
2003,261,2.47,8.07000000000005
2003,262,0.0,9.439999999999998
2003,263,0.0,12.980000000000018
2003,264,0.0,12.510000000000048
2003,265,0.0,13.29000000000002
2003,266,0.0,15.990000000000009
2003,267,0.0,15.75
2003,268,0.0,14.79000000000002
2003,269,0.0,16.670000000000016
2003,270,0.0,13.960000000000036
2003,271,0.0,12.310000000000002
2003,272,0.0,13.0
2003,273,0.0,11.629999999999995
2003,274,0.04,12.300000000000011
2003,275,0.32,14.060000000000002
2003,276,1.39,11.590000000000032
2003,277,0.08,10.25
2003,278,0.0,12.600000000000023
2003,279,0.0,13.640000000000043
2003,280,0.0,13.57000000000005
2003,281,0.0,14.129999999999995
2003,282,0.0,15.100000000000023
2003,283,0.0,16.189999999999998
2003,284,0.03,11.370000000000005
2003,285,0.0,11.400000000000034
2003,286,0.0,10.920000000000016
2003,287,0.0,5.07000000000005
2003,288,0.0,9.82000000000005
2003,289,0.0,11.200000000000045
2003,290,0.0,12.900000000000034
2003,291,0.0,15.300000000000011
2003,292,0.0,15.550000000000011
2003,293,0.0,14.970000000000027
2003,294,0.0,15.490000000000009
2003,295,0.0,15.990000000000009
2003,296,0.0,16.220000000000027
2003,297,0.0,11.460000000000036
2003,298,1.08,2.990000000000009
2003,299,0.0,1.330000000000041
2003,300,0.0,8.360000000000014
2003,301,0.0,8.400000000000034
2003,302,0.65,10.980000000000018
2003,303,1.36,8.730000000000018
2003,304,0.44,1.9500000000000455
2003,305,0.0,6.090000000000032
2003,306,0.22,8.430000000000007
2003,307,1.98,7.680000000000007
2003,308,0.25,1.82000000000005
2003,309,0.0,-2.019999999999982
2003,310,0.0,-1.1299999999999955
2003,311,0.0,0.910000000000025
2003,312,0.0,3.2600000000000477
2003,313,0.0,3.6899999999999977
2003,314,0.0,6.350000000000023
2003,315,0.0,4.140000000000043
2003,316,0.0,3.1000000000000227
2003,317,0.36,4.939999999999998
2003,318,0.0,4.6299999999999955
2003,319,0.0,1.9399999999999977
2003,320,0.0,1.4300000000000068
2003,321,0.0,1.6899999999999977
2003,322,0.1,-0.9399999999999977
2003,323,0.0,4.689999999999998
2003,324,0.0,7.180000000000007
2003,325,0.0,5.28000000000003
2003,326,2.55,-0.7999999999999545
2003,327,1.49,-11.92999999999995
2003,328,0.01,-5.269999999999982
2003,329,0.0,-2.409999999999968
2003,330,0.0,-5.899999999999977
2003,331,0.24,-7.519999999999982
2003,332,0.0,-6.529999999999973
2003,333,0.0,2.2200000000000273
2003,334,0.0,6.240000000000009
2003,335,0.0,4.860000000000014
2003,336,0.0,5.3799999999999955
2003,337,0.0,0.8700000000000045
2003,338,0.0,1.2300000000000182
2003,339,0.0,-1.7999999999999545
2003,340,0.0,4.460000000000036
2003,341,0.0,4.990000000000009
2003,342,7.5,1.8100000000000023
2003,343,1.21,-5.599999999999966
2003,344,0.31,-5.979999999999961
2003,345,0.0,-5.139999999999986
2003,346,0.0,-6.060000000000002
2003,347,0.0,-5.289999999999964
2003,348,3.93,0.12999999999999545
2003,349,2.47,-2.0600000000000023
2003,350,0.0,-7.919999999999959
2003,351,0.0,-0.39999999999997726
2003,352,0.0,0.36000000000001364
2003,353,0.0,2.230000000000018
2003,354,0.0,4.9500000000000455
2003,355,0.0,4.3700000000000045
2003,356,4.19,-1.0399999999999636
2003,357,0.0,-2.2399999999999523
2003,358,0.0,2.090000000000032
2003,359,0.0,2.660000000000025
2003,360,0.63,1.9399999999999977
2003,361,0.0,-4.46999999999997
2003,362,0.0,-9.96999999999997
2003,363,0.0,-10.379999999999995
2003,364,0.0,-2.4599999999999795
2003,365,0.0,-0.2999999999999545
2004,1,0.0,-0.5600000000000023
2004,2,0.64,0.5900000000000318
2004,3,4.4,-2.569999999999993
2004,4,0.0,-8.120000000000005
2004,5,0.0,-13.319999999999993
2004,6,0.0,-10.819999999999993
2004,7,0.0,-0.9399999999999977
2004,8,0.0,-0.8599999999999568
2004,9,0.0,0.11000000000001364
2004,10,0.0,2.3799999999999955
2004,11,0.0,3.32000000000005
2004,12,0.0,2.670000000000016
2004,13,0.0,1.6299999999999955
2004,14,0.0,2.180000000000007
2004,15,0.0,2.680000000000007
2004,16,0.0,2.2700000000000387
2004,17,0.0,-1.6499999999999773
2004,18,0.0,-2.2099999999999795
2004,19,0.0,-2.069999999999993
2004,20,4.03,-2.4399999999999977
2004,21,0.31,-4.659999999999968
2004,22,0.0,-4.560000000000002
2004,23,0.0,-0.4199999999999591
2004,24,0.0,2.230000000000018
2004,25,0.1,-0.7399999999999523
2004,26,4.8,-9.96999999999997
2004,27,0.0,-9.839999999999975
2004,28,0.0,-3.919999999999959
2004,29,0.0,-2.109999999999957
2004,30,0.0,-0.3100000000000023
2004,31,3.5,-0.17999999999994998
2004,32,2.55,-6.1299999999999955
2004,33,0.0,-8.389999999999986
2004,34,0.0,-5.7099999999999795
2004,35,5.85,-4.25
2004,36,2.21,-6.989999999999952
2004,37,1.79,-8.659999999999968
2004,38,0.03,-5.739999999999952
2004,39,0.0,-4.199999999999989
2004,40,0.0,-8.729999999999961
2004,41,0.0,-6.039999999999964
2004,42,6.02,-6.639999999999986
2004,43,1.86,-13.009999999999991
2004,44,0.0,-9.609999999999957
2004,45,0.0,-3.089999999999975
2004,46,0.0,-1.2199999999999704
2004,47,0.0,-2.859999999999957
2004,48,0.0,-0.049999999999954525
2004,49,0.0,6.0
2004,50,4.42,4.890000000000043
2004,51,4.36,-1.0
2004,52,0.0,-0.5399999999999636
2004,53,0.87,0.410000000000025
2004,54,0.0,0.2300000000000182
2004,55,0.0,-0.6999999999999886
2004,56,0.0,1.32000000000005
2004,57,0.0,2.890000000000043
2004,58,0.0,4.640000000000043
2004,59,1.47,3.740000000000009
2004,60,3.39,-1.9799999999999613
2004,61,0.35,-2.839999999999975
2004,62,0.0,-1.919999999999959
2004,63,0.0,-0.18999999999999773
2004,64,0.0,1.2600000000000477
2004,65,12.26,-2.5499999999999545
2004,66,2.02,-1.5299999999999727
2004,67,0.0,0.9800000000000182
2004,68,0.0,5.32000000000005
2004,69,0.0,5.78000000000003
2004,70,0.0,6.439999999999998
2004,71,0.82,2.5600000000000023
2004,72,0.0,3.930000000000007
2004,73,0.0,5.170000000000016
2004,74,0.0,3.420000000000016
2004,75,0.0,2.9500000000000455
2004,76,0.0,2.400000000000034
2004,77,0.0,4.860000000000014
2004,78,0.0,6.470000000000027
2004,79,0.0,9.240000000000009
2004,80,0.0,10.970000000000027
2004,81,0.0,9.370000000000005
2004,82,0.0,11.689999999999998
2004,83,0.0,12.590000000000032
2004,84,0.08,12.010000000000048
2004,85,0.1,11.270000000000039
2004,86,0.0,11.270000000000039
2004,87,0.03,7.57000000000005
2004,88,0.36,0.05000000000001137
2004,89,0.23,0.660000000000025
2004,90,0.0,6.490000000000009
2004,91,0.0,9.960000000000036
2004,92,0.0,11.950000000000045
2004,93,0.0,10.990000000000009
2004,94,20.5,5.560000000000002
2004,95,0.8,6.160000000000025
2004,96,0.11,8.0
2004,97,0.0,8.32000000000005
2004,98,4.39,7.890000000000043
2004,99,8.85,7.090000000000032
2004,100,20.14,5.910000000000025
2004,101,7.48,-0.14999999999997726
2004,102,7.11,-2.019999999999982
2004,103,6.81,-0.8199999999999932
2004,104,0.0,3.910000000000025
2004,105,0.0,8.57000000000005
2004,106,0.0,8.79000000000002
2004,107,0.0,10.270000000000039
2004,108,0.0,11.53000000000003
2004,109,0.0,9.610000000000014
2004,110,0.0,6.470000000000027
2004,111,0.0,7.060000000000002
2004,112,1.65,5.600000000000023
2004,113,12.77,2.6899999999999977
2004,114,11.56,1.0500000000000114
2004,115,4.49,2.1299999999999955
2004,116,1.98,4.07000000000005
2004,117,0.0,6.6200000000000045
2004,118,0.0,10.670000000000016
2004,119,0.0,11.900000000000034
2004,120,0.5,8.670000000000016
2004,121,8.0,1.4500000000000455
2004,122,1.66,1.6100000000000136
2004,123,0.0,7.7000000000000455
2004,124,0.0,11.590000000000032
2004,125,0.0,13.740000000000009
2004,126,0.0,16.100000000000023
2004,127,0.0,16.49000000000001
2004,128,0.0,16.28000000000003
2004,129,0.0,15.689999999999998
2004,130,0.0,15.520000000000039
2004,131,0.0,15.82000000000005
2004,132,0.0,15.510000000000048
2004,133,6.39,10.379999999999995
2004,134,10.93,5.1200000000000045
2004,135,2.34,4.740000000000009
2004,136,0.24,9.620000000000005
2004,137,0.0,13.390000000000043
2004,138,0.09,14.439999999999998
2004,139,0.0,14.78000000000003
2004,140,0.29,16.660000000000025
2004,141,0.0,15.950000000000045
2004,142,0.0,16.28000000000003
2004,143,0.0,14.480000000000018
2004,144,0.0,11.900000000000034
2004,145,0.0,13.330000000000041
2004,146,0.0,11.010000000000048
2004,147,0.0,12.390000000000043
2004,148,0.0,13.300000000000011
2004,149,0.0,15.730000000000018
2004,150,0.23,15.07000000000005
2004,151,0.8,6.970000000000027
2004,152,0.0,7.6200000000000045
2004,153,0.0,12.310000000000002
2004,154,0.41,15.379999999999995
2004,155,0.52,15.640000000000043
2004,156,0.32,18.970000000000027
2004,157,0.02,17.660000000000025
2004,158,0.08,19.660000000000025
2004,159,0.0,21.510000000000048
2004,160,0.0,21.360000000000014
2004,161,4.86,19.220000000000027
2004,162,1.0,16.77000000000004
2004,163,0.0,12.129999999999995
2004,164,0.0,14.03000000000003
2004,165,0.0,15.620000000000005
2004,166,0.01,19.260000000000048
2004,167,0.1,20.600000000000023
2004,168,0.88,18.350000000000023
2004,169,11.21,14.720000000000027
2004,170,10.13,13.129999999999995
2004,171,4.13,14.189999999999998
2004,172,3.45,16.450000000000045
2004,173,18.15,13.390000000000043
2004,174,1.3,9.990000000000009
2004,175,0.46,14.189999999999998
2004,176,0.09,17.04000000000002
2004,177,3.38,15.890000000000043
2004,178,3.87,14.25
2004,179,13.99,13.960000000000036
2004,180,34.35,13.53000000000003
2004,181,18.44,15.78000000000003
2004,182,5.54,15.330000000000041
2004,183,0.98,15.379999999999995
2004,184,1.25,17.83000000000004
2004,185,0.0,18.379999999999995
2004,186,0.0,18.439999999999998
2004,187,0.0,17.010000000000048
2004,188,1.16,16.08000000000004
2004,189,0.0,18.57000000000005
2004,190,0.07,20.650000000000034
2004,191,0.0,21.25
2004,192,3.91,20.77000000000004
2004,193,1.32,20.590000000000032
2004,194,0.77,22.400000000000034
2004,195,0.0,22.720000000000027
2004,196,0.28,22.460000000000036
2004,197,4.21,22.5
2004,198,6.24,19.400000000000034
2004,199,11.6,17.55000000000001
2004,200,0.88,19.02000000000004
2004,201,1.81,20.390000000000043
2004,202,5.66,21.010000000000048
2004,203,1.41,20.27000000000004
2004,204,1.2,19.700000000000045
2004,205,15.74,14.730000000000018
2004,206,5.0,13.490000000000009
2004,207,3.42,14.160000000000025
2004,208,0.44,16.890000000000043
2004,209,0.87,17.54000000000002
2004,210,2.43,16.129999999999995
2004,211,0.63,16.25
2004,212,0.22,18.010000000000048
2004,213,0.07,19.379999999999995
2004,214,0.0,21.460000000000036
2004,215,0.52,21.910000000000025
2004,216,0.19,20.30000000000001
2004,217,0.12,20.05000000000001
2004,218,7.65,20.710000000000036
2004,219,3.65,18.360000000000014
2004,220,0.74,19.439999999999998
2004,221,0.0,18.480000000000018
2004,222,0.56,18.410000000000025
2004,223,0.0,18.760000000000048
2004,224,0.24,16.400000000000034
2004,225,0.0,15.560000000000002
2004,226,0.11,16.05000000000001
2004,227,0.07,16.680000000000007
2004,228,0.0,17.939999999999998
2004,229,0.52,18.30000000000001
2004,230,0.32,18.629999999999995
2004,231,6.55,17.100000000000023
2004,232,34.44,12.580000000000041
2004,233,3.17,13.53000000000003
2004,234,2.98,15.060000000000002
2004,235,3.93,16.730000000000018
2004,236,0.0,16.680000000000007
2004,237,2.33,16.360000000000014
2004,238,0.0,15.400000000000034
2004,239,0.0,16.939999999999998
2004,240,10.05,13.28000000000003
2004,241,3.46,10.610000000000014
2004,242,0.0,14.82000000000005
2004,243,1.84,16.870000000000005
2004,244,0.17,17.689999999999998
2004,245,1.25,17.060000000000002
2004,246,0.0,18.30000000000001
2004,247,0.0,18.600000000000023
2004,248,1.58,17.129999999999995
2004,249,0.34,12.57000000000005
2004,250,0.0,12.450000000000045
2004,251,0.0,15.110000000000014
2004,252,0.0,17.0
2004,253,0.0,18.110000000000014
2004,254,0.01,18.0
2004,255,0.02,17.129999999999995
2004,256,0.0,18.900000000000034
2004,257,0.0,18.78000000000003
2004,258,0.0,17.29000000000002
2004,259,0.0,12.890000000000043
2004,260,0.0,15.0
2004,261,0.0,17.670000000000016
2004,262,0.0,19.150000000000034
2004,263,1.13,17.08000000000004
2004,264,0.0,15.340000000000032
2004,265,6.57,10.670000000000016
2004,266,5.7,5.4500000000000455
2004,267,0.24,6.900000000000034
2004,268,0.0,10.420000000000016
2004,269,0.51,11.360000000000014
2004,270,1.17,12.310000000000002
2004,271,0.09,12.689999999999998
2004,272,15.08,10.710000000000036
2004,273,0.49,11.970000000000027
2004,274,4.81,11.689999999999998
2004,275,5.11,7.5400000000000205
2004,276,0.07,9.170000000000016
2004,277,0.0,10.930000000000007
2004,278,1.57,10.450000000000045
2004,279,0.03,10.270000000000039
2004,280,6.05,9.110000000000014
2004,281,1.5,9.629999999999995
2004,282,0.38,10.400000000000034
2004,283,0.0,11.480000000000018
2004,284,0.0,11.330000000000041
2004,285,0.0,8.230000000000018
2004,286,0.0,8.200000000000045
2004,287,15.01,5.720000000000027
2004,288,0.5,5.330000000000041
2004,289,0.25,9.140000000000043
2004,290,0.23,8.800000000000011
2004,291,0.0,11.330000000000041
2004,292,0.0,8.03000000000003
2004,293,0.04,8.080000000000041
2004,294,0.05,9.620000000000005
2004,295,0.28,11.390000000000043
2004,296,0.01,9.020000000000039
2004,297,0.0,5.230000000000018
2004,298,0.0,8.0
2004,299,0.0,6.430000000000007
2004,300,0.0,7.32000000000005
2004,301,0.0,9.260000000000048
2004,302,0.0,10.629999999999995
2004,303,0.21,5.8799999999999955
2004,304,0.0,1.82000000000005
2004,305,0.0,2.0
2004,306,15.19,-3.0
2004,307,0.92,-5.529999999999973
2004,308,0.66,2.590000000000032
2004,309,0.03,2.990000000000009
2004,310,0.0,6.560000000000002
2004,311,0.0,8.200000000000045
2004,312,0.0,8.32000000000005
2004,313,0.0,9.560000000000002
2004,314,0.0,10.260000000000048
2004,315,7.31,5.189999999999998
2004,316,0.13,0.32000000000005
2004,317,0.0,2.400000000000034
2004,318,0.03,0.4800000000000182
2004,319,0.0,0.5500000000000114
2004,320,0.0,2.4399999999999977
2004,321,0.0,5.730000000000018
2004,322,0.0,5.670000000000016
2004,323,0.45,3.1299999999999955
2004,324,0.03,2.5300000000000296
2004,325,1.85,-1.5399999999999636
2004,326,1.56,-2.2099999999999795
2004,327,1.02,1.1000000000000227
2004,328,0.35,0.1400000000000432
2004,329,0.06,-2.8999999999999773
2004,330,0.0,1.0900000000000318
2004,331,0.07,1.8100000000000023
2004,332,0.0,-3.5
2004,333,6.27,-3.1999999999999886
2004,334,0.22,-11.029999999999973
2004,335,0.7,-10.120000000000005
2004,336,0.0,-5.92999999999995
2004,337,0.03,-7.779999999999973
2004,338,0.0,-3.92999999999995
2004,339,0.0,0.37999999999999545
2004,340,0.0,-0.13999999999998636
2004,341,0.0,-3.2399999999999523
2004,342,0.0,-3.2799999999999727
2004,343,0.0,-1.3999999999999773
2004,344,0.0,0.6500000000000341
2004,345,0.0,2.07000000000005
2004,346,0.0,5.650000000000034
2004,347,0.0,5.75
2004,348,0.0,0.09000000000003183
2004,349,0.0,1.0600000000000023
2004,350,0.0,0.6400000000000432
2004,351,5.48,-2.349999999999966
2004,352,0.0,-0.6499999999999773
2004,353,0.0,-0.339999999999975
2004,354,0.0,0.5500000000000114
2004,355,0.0,2.7200000000000273
2004,356,0.0,-3.0399999999999636
2004,357,4.29,-9.019999999999982
2004,358,0.03,-13.599999999999966
2004,359,0.75,-11.019999999999982
2004,360,0.0,-1.2799999999999727
2004,361,0.0,0.7800000000000296
2004,362,0.0,3.0300000000000296
2004,363,0.0,2.0300000000000296
2004,364,0.0,2.4500000000000455
2004,365,0.27,2.6200000000000045
2004,366,0.0,0.8100000000000023
2005,1,0.0,1.8799999999999955
2005,2,0.0,-0.12999999999999545
2005,3,0.57,0.7900000000000205
2005,4,2.34,-0.03999999999996362
2005,5,0.91,-8.810000000000002
2005,6,1.56,-6.4599999999999795
2005,7,0.08,-7.769999999999982
2005,8,0.03,-1.839999999999975
2005,9,0.0,2.3700000000000045
2005,10,0.0,3.7900000000000205
2005,11,0.0,2.2800000000000296
2005,12,6.49,-0.38999999999998636
2005,13,0.48,-6.449999999999989
2005,14,0.41,-4.689999999999998
2005,15,0.12,-3.589999999999975
2005,16,0.02,-1.5299999999999727
2005,17,0.0,0.57000000000005
2005,18,0.0,1.5200000000000387
2005,19,0.0,4.53000000000003
2005,20,0.0,6.720000000000027
2005,21,0.0,7.0
2005,22,0.0,1.7300000000000182
2005,23,0.0,4.53000000000003
2005,24,0.0,6.439999999999998
2005,25,0.0,4.520000000000039
2005,26,0.0,2.5400000000000205
2005,27,0.05,2.5500000000000114
2005,28,0.02,2.07000000000005
2005,29,8.59,0.5400000000000205
2005,30,5.33,-1.1299999999999955
2005,31,4.45,-2.7999999999999545
2005,32,0.03,-4.599999999999966
2005,33,0.0,-5.229999999999961
2005,34,0.0,-1.5699999999999932
2005,35,0.0,1.2300000000000182
2005,36,0.0,2.07000000000005
2005,37,0.03,-0.07999999999998408
2005,38,0.0,-2.4699999999999704
2005,39,0.02,-4.109999999999957
2005,40,0.02,-6.399999999999977
2005,41,0.0,-2.569999999999993
2005,42,0.0,2.1899999999999977
2005,43,0.0,5.6200000000000045
2005,44,0.0,3.57000000000005
2005,45,0.0,2.910000000000025
2005,46,0.39,0.8000000000000114
2005,47,0.07,-2.6299999999999955
2005,48,0.09,-1.4399999999999977
2005,49,0.0,0.4800000000000182
2005,50,0.0,3.2800000000000296
2005,51,0.04,2.07000000000005
2005,52,0.0,1.5600000000000023
2005,53,0.58,2.1200000000000045
2005,54,0.5,0.09000000000003183
2005,55,0.0,-2.2299999999999613
2005,56,0.0,-0.7899999999999636
2005,57,0.18,-0.40999999999996817
2005,58,0.37,-1.0600000000000023
2005,59,0.0,-1.7199999999999704
2005,60,1.58,-1.0399999999999636
2005,61,1.84,-0.47999999999996135
2005,62,0.0,1.0900000000000318
2005,63,0.0,2.6299999999999955
2005,64,0.0,3.9700000000000273
2005,65,0.0,4.660000000000025
2005,66,0.0,2.670000000000016
2005,67,2.81,2.1899999999999977
2005,68,0.0,2.2800000000000296
2005,69,0.0,4.220000000000027
2005,70,0.0,3.7100000000000364
2005,71,0.0,6.490000000000009
2005,72,6.16,0.4399999999999977
2005,73,1.76,-5.669999999999959
2005,74,1.37,-6.739999999999952
2005,75,0.77,-4.329999999999984
2005,76,0.18,-0.8999999999999773
2005,77,0.0,-0.5600000000000023
2005,78,0.0,-0.2599999999999909
2005,79,0.0,3.9500000000000455
2005,80,5.42,2.160000000000025
2005,81,0.0,0.4700000000000273
2005,82,0.0,3.4399999999999977
2005,83,5.41,2.1000000000000227
2005,84,1.73,-1.5299999999999727
2005,85,0.68,-2.1399999999999864
2005,86,0.26,0.25
2005,87,0.0,7.170000000000016
2005,88,3.2,5.75
2005,89,10.38,-0.3299999999999841
2005,90,3.57,-2.2299999999999613
2005,91,0.26,-1.75
2005,92,0.0,5.080000000000041
2005,93,0.0,7.890000000000043
2005,94,0.0,8.480000000000018
2005,95,7.02,5.360000000000014
2005,96,0.0,3.6000000000000227
2005,97,0.0,7.350000000000023
2005,98,0.0,10.490000000000009
2005,99,0.0,5.960000000000036
2005,100,29.06,2.080000000000041
2005,101,12.32,-1.7199999999999704
2005,102,1.63,0.5500000000000114
2005,103,0.0,5.830000000000041
2005,104,0.0,9.370000000000005
2005,105,0.0,8.75
2005,106,0.0,9.430000000000007
2005,107,0.0,11.580000000000041
2005,108,0.0,11.180000000000007
2005,109,0.0,11.110000000000014
2005,110,0.0,9.03000000000003
2005,111,0.0,5.75
2005,112,0.0,4.53000000000003
2005,113,0.0,6.680000000000007
2005,114,14.4,7.560000000000002
2005,115,18.94,4.850000000000023
2005,116,0.38,5.090000000000032
2005,117,0.0,7.920000000000016
2005,118,3.13,6.5400000000000205
2005,119,0.85,0.6400000000000432
2005,120,2.2,0.25
2005,121,1.82,0.9700000000000273
2005,122,1.39,1.8400000000000318
2005,123,1.78,5.400000000000034
2005,124,0.41,8.080000000000041
2005,125,0.0,10.57000000000005
2005,126,0.02,13.060000000000002
2005,127,0.37,10.29000000000002
2005,128,0.0,8.550000000000011
2005,129,0.0,10.270000000000039
2005,130,1.62,13.410000000000025
2005,131,1.2,12.010000000000048
2005,132,0.02,7.78000000000003
2005,133,0.0,7.710000000000036
2005,134,0.02,9.470000000000027
2005,135,0.02,11.53000000000003
2005,136,0.02,13.840000000000032
2005,137,0.0,14.29000000000002
2005,138,0.0,11.5
2005,139,0.0,15.640000000000043
2005,140,0.0,19.010000000000048
2005,141,0.0,20.33000000000004
2005,142,0.0,19.74000000000001
2005,143,0.0,19.53000000000003
2005,144,0.03,18.460000000000036
2005,145,0.08,16.150000000000034
2005,146,0.0,11.110000000000014
2005,147,0.0,11.03000000000003
2005,148,0.23,13.330000000000041
2005,149,0.83,13.920000000000016
2005,150,9.17,12.310000000000002
2005,151,4.47,11.220000000000027
2005,152,0.0,13.310000000000002
2005,153,1.43,15.370000000000005
2005,154,4.74,13.32000000000005
2005,155,2.86,9.450000000000045
2005,156,0.0,11.600000000000023
2005,157,0.0,15.710000000000036
2005,158,0.0,15.689999999999998
2005,159,0.0,14.689999999999998
2005,160,0.03,14.57000000000005
2005,161,12.67,12.050000000000011
2005,162,0.29,10.770000000000039
2005,163,11.5,12.720000000000027
2005,164,0.01,10.410000000000025
2005,165,0.0,13.29000000000002
2005,166,0.78,17.680000000000007
2005,167,0.05,19.05000000000001
2005,168,0.0,19.200000000000045
2005,169,0.0,20.58000000000004
2005,170,0.0,21.620000000000005
2005,171,0.35,22.420000000000016
2005,172,3.52,22.29000000000002
2005,173,0.42,21.560000000000002
2005,174,1.17,21.170000000000016
2005,175,4.2,19.33000000000004
2005,176,2.76,19.100000000000023
2005,177,0.16,19.08000000000004
2005,178,1.3,18.890000000000043
2005,179,0.06,20.02000000000004
2005,180,0.2,18.80000000000001
2005,181,0.0,18.480000000000018
2005,182,0.0,19.150000000000034
2005,183,0.21,20.420000000000016
2005,184,0.43,20.410000000000025
2005,185,0.0,17.910000000000025
2005,186,0.06,19.32000000000005
2005,187,0.02,20.55000000000001
2005,188,0.0,21.560000000000002
2005,189,0.0,22.700000000000045
2005,190,0.0,22.260000000000048
2005,191,0.0,21.310000000000002
2005,192,0.0,21.510000000000048
2005,193,0.0,22.420000000000016
2005,194,0.0,22.680000000000007
2005,195,0.0,23.03000000000003
2005,196,1.69,23.170000000000016
2005,197,0.03,23.560000000000002
2005,198,0.71,24.379999999999995
2005,199,0.07,19.660000000000025
2005,200,0.0,22.260000000000048
2005,201,0.0,24.960000000000036
2005,202,0.02,26.360000000000014
2005,203,1.3,25.460000000000036
2005,204,1.1,24.700000000000045
2005,205,2.43,22.340000000000032
2005,206,3.48,20.760000000000048
2005,207,7.53,17.150000000000034
2005,208,1.24,15.57000000000005
2005,209,0.0,19.470000000000027
2005,210,0.0,21.600000000000023
2005,211,0.0,23.230000000000018
2005,212,0.03,23.590000000000032
2005,213,0.0,22.710000000000036
2005,214,0.0,22.879999999999995
2005,215,3.12,22.29000000000002
2005,216,36.78,15.07000000000005
2005,217,3.25,14.680000000000007
2005,218,0.89,18.49000000000001
2005,219,0.0,19.52000000000004
2005,220,0.0,20.590000000000032
2005,221,0.29,21.33000000000004
2005,222,4.66,19.980000000000018
2005,223,4.36,18.670000000000016
2005,224,2.0,17.140000000000043
2005,225,1.19,15.650000000000034
2005,226,1.86,14.580000000000041
2005,227,0.0,16.29000000000002
2005,228,3.07,18.110000000000014
2005,229,0.09,17.189999999999998
2005,230,0.17,17.950000000000045
2005,231,0.67,18.74000000000001
2005,232,3.73,18.910000000000025
2005,233,5.41,16.980000000000018
2005,234,1.33,17.340000000000032
2005,235,2.37,17.82000000000005
2005,236,0.13,18.29000000000002
2005,237,1.3,19.730000000000018
2005,238,1.32,19.060000000000002
2005,239,1.0,19.420000000000016
2005,240,0.28,18.210000000000036
2005,241,0.0,18.890000000000043
2005,242,0.0,20.140000000000043
2005,243,0.0,17.78000000000003
2005,244,0.07,16.54000000000002
2005,245,0.46,18.140000000000043
2005,246,0.95,19.200000000000045
2005,247,0.04,19.140000000000043
2005,248,0.17,19.600000000000023
2005,249,2.81,19.370000000000005
2005,250,1.93,18.230000000000018
2005,251,0.04,20.510000000000048
2005,252,1.36,19.730000000000018
2005,253,0.0,18.689999999999998
2005,254,0.0,17.910000000000025
2005,255,0.0,17.25
2005,256,0.01,14.360000000000014
2005,257,2.9,11.990000000000009
2005,258,0.11,11.520000000000039
2005,259,0.0,14.970000000000027
2005,260,0.0,16.060000000000002
2005,261,0.0,16.180000000000007
2005,262,0.0,15.910000000000025
2005,263,0.0,17.650000000000034
2005,264,0.0,20.03000000000003
2005,265,3.38,16.590000000000032
2005,266,0.14,15.350000000000023
2005,267,0.0,17.850000000000023
2005,268,0.0,16.49000000000001
2005,269,0.03,14.370000000000005
2005,270,0.25,17.350000000000023
2005,271,5.66,12.32000000000005
2005,272,0.0,11.129999999999995
2005,273,0.0,15.340000000000032
2005,274,0.0,16.370000000000005
2005,275,0.0,16.980000000000018
2005,276,0.0,16.58000000000004
2005,277,0.0,16.75
2005,278,2.77,10.03000000000003
2005,279,0.0,5.840000000000032
2005,280,0.0,9.900000000000034
2005,281,0.0,14.420000000000016
2005,282,9.51,12.010000000000048
2005,283,20.72,2.5400000000000205
2005,284,3.81,2.1100000000000136
2005,285,0.19,4.580000000000041
2005,286,0.37,7.5
2005,287,0.3,11.410000000000025
2005,288,0.0,10.960000000000036
2005,289,0.63,11.360000000000014
2005,290,0.68,11.740000000000009
2005,291,0.11,12.390000000000043
2005,292,1.27,10.03000000000003
2005,293,0.86,8.170000000000016
2005,294,0.0,8.590000000000032
2005,295,0.0,7.980000000000018
2005,296,0.0,5.590000000000032
2005,297,0.0,7.080000000000041
2005,298,0.0,9.28000000000003
2005,299,0.0,9.200000000000045
2005,300,0.0,7.7900000000000205
2005,301,0.0,9.600000000000023
2005,302,0.09,9.080000000000041
2005,303,2.69,5.890000000000043
2005,304,0.01,1.9700000000000273
2005,305,0.0,6.8799999999999955
2005,306,0.0,9.550000000000011
2005,307,0.0,9.53000000000003
2005,308,0.0,6.730000000000018
2005,309,1.76,2.830000000000041
2005,310,0.0,3.490000000000009
2005,311,0.0,8.480000000000018
2005,312,0.0,10.270000000000039
2005,313,0.0,9.32000000000005
2005,314,0.0,10.890000000000043
2005,315,0.0,11.189999999999998
2005,316,0.67,7.010000000000048
2005,317,0.0,2.8600000000000136
2005,318,0.65,3.330000000000041
2005,319,4.46,-4.729999999999961
2005,320,0.25,-4.839999999999975
2005,321,2.42,-1.009999999999991
2005,322,0.1,-1.7099999999999795
2005,323,0.03,0.5900000000000318
2005,324,0.0,-0.2599999999999909
2005,325,0.0,3.6899999999999977
2005,326,0.0,4.710000000000036
2005,327,0.0,5.400000000000034
2005,328,0.0,3.980000000000018
2005,329,0.0,1.8500000000000227
2005,330,0.0,3.1299999999999955
2005,331,0.0,-2.9899999999999523
2005,332,0.0,-7.449999999999989
2005,333,0.0,-7.67999999999995
2005,334,0.0,-2.7299999999999613
2005,335,0.0,-4.689999999999998
2005,336,0.0,2.170000000000016
2005,337,5.56,-0.42999999999995
2005,338,0.0,-9.5
2005,339,0.03,-11.46999999999997
2005,340,1.57,-9.259999999999991
2005,341,0.27,-15.769999999999982
2005,342,0.34,-13.129999999999995
2005,343,0.24,-5.159999999999968
2005,344,0.3,-3.1899999999999977
2005,345,0.0,-0.7699999999999818
2005,346,0.23,-0.45999999999997954
2005,347,0.0,-0.37999999999999545
2005,348,0.0,-6.009999999999991
2005,349,0.0,-10.649999999999977
2005,350,0.0,-9.049999999999955
2005,351,0.42,-10.899999999999977
2005,352,0.0,-9.729999999999961
2005,353,0.0,-4.319999999999993
2005,354,0.0,-1.4099999999999682
2005,355,0.0,2.0200000000000387
2005,356,0.0,4.670000000000016
2005,357,0.0,3.8799999999999955
2005,358,0.0,0.7400000000000091
2005,359,0.0,4.170000000000016
2005,360,0.0,4.960000000000036
2005,361,0.0,2.4500000000000455
2005,362,0.0,2.4500000000000455
2005,363,0.0,3.2800000000000296
2005,364,0.0,-2.7899999999999636
2005,365,0.0,2.650000000000034
2006,1,0.0,2.8100000000000023
2006,2,0.0,1.160000000000025
2006,3,0.0,3.82000000000005
2006,4,0.0,0.05000000000001137
2006,5,0.0,-2.5399999999999636
2006,6,0.0,3.150000000000034
2006,7,0.0,6.210000000000036
2006,8,0.01,1.3600000000000136
2006,9,0.0,-3.769999999999982
2006,10,0.0,-1.589999999999975
2006,11,0.0,2.430000000000007
2006,12,0.0,0.1400000000000432
2006,13,0.0,-3.4799999999999613
2006,14,0.0,4.590000000000032
2006,15,0.0,2.7900000000000205
2006,16,1.13,-3.4799999999999613
2006,17,0.7,-6.149999999999977
2006,18,0.08,0.4200000000000159
2006,19,8.45,-2.019999999999982
2006,20,0.59,-6.46999999999997
2006,21,0.35,-7.42999999999995
2006,22,0.13,-5.019999999999982
2006,23,0.0,-6.25
2006,24,0.0,-0.7699999999999818
2006,25,0.02,0.8300000000000409
2006,26,0.04,1.07000000000005
2006,27,0.0,-2.759999999999991
2006,28,0.0,-3.7199999999999704
2006,29,0.0,-3.3999999999999773
2006,30,0.0,-4.039999999999964
2006,31,0.0,2.5500000000000114
2006,32,0.0,1.4800000000000182
2006,33,0.02,0.57000000000005
2006,34,0.0,-3.3700000000000045
2006,35,0.0,-2.589999999999975
2006,36,0.07,-0.5099999999999909
2006,37,0.0,-5.2999999999999545
2006,38,0.0,-2.3100000000000023
2006,39,0.0,1.1800000000000068
2006,40,0.0,3.6200000000000045
2006,41,2.44,-6.21999999999997
2006,42,0.0,-10.75
2006,43,0.46,-3.7999999999999545
2006,44,0.0,-0.7299999999999613
2006,45,0.06,0.09000000000003183
2006,46,0.0,-0.48999999999995225
2006,47,2.12,-5.609999999999957
2006,48,0.05,-11.259999999999991
2006,49,0.07,-9.599999999999966
2006,50,0.04,-4.779999999999973
2006,51,0.04,-5.8700000000000045
2006,52,0.0,-6.759999999999991
2006,53,0.0,-6.42999999999995
2006,54,0.0,-3.349999999999966
2006,55,0.0,-0.7999999999999545
2006,56,0.0,-0.3499999999999659
2006,57,0.0,0.7200000000000273
2006,58,0.0,4.920000000000016
2006,59,0.0,6.7000000000000455
2006,60,0.0,6.150000000000034
2006,61,0.0,2.2700000000000387
2006,62,0.0,3.82000000000005
2006,63,0.0,5.920000000000016
2006,64,0.0,3.5200000000000387
2006,65,0.0,6.080000000000041
2006,66,0.0,7.140000000000043
2006,67,2.7,2.7200000000000273
2006,68,1.27,-2.8999999999999773
2006,69,0.5,-2.9399999999999977
2006,70,0.0,-5.1299999999999955
2006,71,3.57,-2.589999999999975
2006,72,0.1,-7.069999999999993
2006,73,0.08,-6.569999999999993
2006,74,0.01,1.2300000000000182
2006,75,0.0,-2.009999999999991
2006,76,0.0,2.640000000000043
2006,77,0.04,4.240000000000009
2006,78,5.17,2.0300000000000296
2006,79,4.56,-3.019999999999982
2006,80,0.93,-7.069999999999993
2006,81,0.91,-3.5299999999999727
2006,82,0.04,-3.5600000000000023
2006,83,0.0,-1.0600000000000023
2006,84,0.0,1.7700000000000387
2006,85,0.61,3.2000000000000455
2006,86,0.0,-1.5600000000000023
2006,87,0.0,2.590000000000032
2006,88,0.0,6.189999999999998
2006,89,0.0,4.2000000000000455
2006,90,0.0,2.0500000000000114
2006,91,0.0,6.430000000000007
2006,92,0.11,2.57000000000005
2006,93,0.0,2.7800000000000296
2006,94,0.0,7.270000000000039
2006,95,0.02,9.910000000000025
2006,96,0.6,5.4500000000000455
2006,97,3.07,1.6899999999999977
2006,98,0.67,4.720000000000027
2006,99,0.0,9.740000000000009
2006,100,0.0,11.100000000000023
2006,101,0.0,8.850000000000023
2006,102,0.0,8.660000000000025
2006,103,0.0,13.170000000000016
2006,104,0.0,13.010000000000048
2006,105,1.73,11.400000000000034
2006,106,0.0,9.379999999999995
2006,107,0.0,11.930000000000007
2006,108,0.0,5.2000000000000455
2006,109,0.0,1.8600000000000136
2006,110,0.0,5.640000000000043
2006,111,0.0,8.520000000000039
2006,112,0.0,13.050000000000011
2006,113,0.0,15.020000000000039
2006,114,0.72,8.370000000000005
2006,115,8.12,-0.5600000000000023
2006,116,0.32,3.670000000000016
2006,117,0.0,9.590000000000032
2006,118,3.7,6.57000000000005
2006,119,0.62,3.0300000000000296
2006,120,0.06,6.920000000000016
2006,121,1.1,8.740000000000009
2006,122,0.03,10.439999999999998
2006,123,1.04,10.129999999999995
2006,124,1.67,9.07000000000005
2006,125,1.26,7.7000000000000455
2006,126,2.77,8.400000000000034
2006,127,0.01,10.050000000000011
2006,128,0.04,11.07000000000005
2006,129,0.02,9.310000000000002
2006,130,3.86,5.2900000000000205
2006,131,0.0,5.760000000000048
2006,132,0.0,11.460000000000036
2006,133,0.0,14.150000000000034
2006,134,0.72,12.82000000000005
2006,135,0.0,11.100000000000023
2006,136,0.0,11.939999999999998
2006,137,0.05,14.220000000000027
2006,138,0.03,16.170000000000016
2006,139,0.6,17.810000000000002
2006,140,0.76,17.77000000000004
2006,141,0.0,18.30000000000001
2006,142,0.56,18.710000000000036
2006,143,3.62,14.760000000000048
2006,144,0.0,14.03000000000003
2006,145,0.0,17.879999999999995
2006,146,0.02,18.860000000000014
2006,147,0.03,17.720000000000027
2006,148,0.0,16.160000000000025
2006,149,0.0,12.260000000000048
2006,150,1.33,12.870000000000005
2006,151,2.68,13.360000000000014
2006,152,0.0,14.379999999999995
2006,153,0.09,17.82000000000005
2006,154,0.0,20.200000000000045
2006,155,0.0,19.890000000000043
2006,156,0.0,20.680000000000007
2006,157,1.53,21.470000000000027
2006,158,0.01,21.75
2006,159,0.04,20.75
2006,160,0.0,18.129999999999995
2006,161,0.0,18.230000000000018
2006,162,0.06,18.350000000000023
2006,163,0.4,20.08000000000004
2006,164,0.0,20.970000000000027
2006,165,0.0,22.220000000000027
2006,166,0.13,19.970000000000027
2006,167,1.99,15.910000000000025
2006,168,2.49,14.379999999999995
2006,169,0.12,17.939999999999998
2006,170,0.0,21.950000000000045
2006,171,0.0,22.160000000000025
2006,172,2.22,18.980000000000018
2006,173,4.5,18.0
2006,174,0.03,17.390000000000043
2006,175,0.14,18.200000000000045
2006,176,4.23,15.920000000000016
2006,177,1.25,14.450000000000045
2006,178,0.2,16.210000000000036
2006,179,2.27,17.74000000000001
2006,180,0.16,19.060000000000002
2006,181,0.0,20.939999999999998
2006,182,1.14,20.980000000000018
2006,183,12.27,19.680000000000007
2006,184,3.67,18.400000000000034
2006,185,1.23,17.680000000000007
2006,186,17.86,17.890000000000043
2006,187,8.12,17.340000000000032
2006,188,0.89,18.77000000000004
2006,189,22.61,17.720000000000027
2006,190,17.48,14.230000000000018
2006,191,1.9,15.240000000000009
2006,192,3.76,18.689999999999998
2006,193,0.16,19.350000000000023
2006,194,0.0,20.730000000000018
2006,195,0.0,21.32000000000005
2006,196,0.56,23.230000000000018
2006,197,0.0,23.980000000000018
2006,198,0.0,24.110000000000014
2006,199,4.48,22.49000000000001
2006,200,0.04,22.470000000000027
2006,201,7.28,22.460000000000036
2006,202,2.81,21.08000000000004
2006,203,0.0,19.870000000000005
2006,204,0.0,20.980000000000018
2006,205,0.0,22.710000000000036
2006,206,3.59,21.55000000000001
2006,207,5.17,20.5
2006,208,2.32,20.760000000000048
2006,209,0.0,21.02000000000004
2006,210,0.0,21.55000000000001
2006,211,0.0,22.660000000000025
2006,212,0.08,22.83000000000004
2006,213,0.32,18.230000000000018
2006,214,7.1,18.680000000000007
2006,215,2.34,17.620000000000005
2006,216,4.28,18.32000000000005
2006,217,1.72,19.77000000000004
2006,218,6.25,17.220000000000027
2006,219,5.7,19.350000000000023
2006,220,0.21,18.920000000000016
2006,221,1.49,21.75
2006,222,1.41,21.420000000000016
2006,223,0.24,20.600000000000023
2006,224,0.28,20.689999999999998
2006,225,7.56,18.470000000000027
2006,226,8.94,17.480000000000018
2006,227,0.24,18.25
2006,228,0.0,18.79000000000002
2006,229,0.74,19.58000000000004
2006,230,5.35,19.720000000000027
2006,231,10.28,16.370000000000005
2006,232,3.16,17.660000000000025
2006,233,1.65,18.83000000000004
2006,234,0.22,18.80000000000001
2006,235,0.03,20.450000000000045
2006,236,0.0,20.75
2006,237,7.4,18.78000000000003
2006,238,14.25,15.370000000000005
2006,239,1.87,14.5
2006,240,0.02,13.360000000000014
2006,241,1.44,14.730000000000018
2006,242,0.0,17.720000000000027
2006,243,0.95,19.02000000000004
2006,244,3.3,16.950000000000045
2006,245,0.29,12.220000000000027
2006,246,0.7,12.520000000000039
2006,247,0.0,13.82000000000005
2006,248,0.03,15.020000000000039
2006,249,0.21,16.30000000000001
2006,250,0.02,15.879999999999995
2006,251,7.66,14.03000000000003
2006,252,1.05,13.480000000000018
2006,253,0.73,13.170000000000016
2006,254,1.63,13.980000000000018
2006,255,7.62,13.830000000000041
2006,256,0.0,16.170000000000016
2006,257,0.05,17.28000000000003
2006,258,0.09,15.120000000000005
2006,259,0.0,13.04000000000002
2006,260,0.04,6.25
2006,261,0.0,6.689999999999998
2006,262,0.0,10.910000000000025
2006,263,0.0,13.560000000000002
2006,264,18.3,10.460000000000036
2006,265,2.83,5.990000000000009
2006,266,1.85,4.510000000000048
2006,267,0.0,6.32000000000005
2006,268,0.0,8.890000000000043
2006,269,0.0,10.450000000000045
2006,270,0.0,10.600000000000023
2006,271,0.0,10.270000000000039
2006,272,0.0,13.470000000000027
2006,273,0.0,13.830000000000041
2006,274,0.0,14.439999999999998
2006,275,0.0,14.700000000000045
2006,276,1.39,14.939999999999998
2006,277,1.66,11.850000000000023
2006,278,0.19,14.439999999999998
2006,279,0.07,15.470000000000027
2006,280,0.0,14.879999999999995
2006,281,2.75,10.53000000000003
2006,282,4.56,5.600000000000023
2006,283,1.63,4.800000000000011
2006,284,0.0,6.910000000000025
2006,285,0.0,7.490000000000009
2006,286,0.0,8.230000000000018
2006,287,0.01,9.29000000000002
2006,288,0.69,9.760000000000048
2006,289,1.1,9.57000000000005
2006,290,9.07,6.310000000000002
2006,291,4.99,-1.6200000000000045
2006,292,2.05,-1.0399999999999636
2006,293,2.28,2.8100000000000023
2006,294,4.6,-0.1099999999999568
2006,295,0.16,-1.759999999999991
2006,296,0.0,2.900000000000034
2006,297,0.0,6.6299999999999955
2006,298,0.0,6.730000000000018
2006,299,34.9,2.4399999999999977
2006,300,5.79,1.1100000000000136
2006,301,0.75,5.25
2006,302,0.07,6.710000000000036
2006,303,0.0,5.25
2006,304,0.0,1.3000000000000114
2006,305,0.0,-1.089999999999975
2006,306,0.0,-0.40999999999996817
2006,307,0.0,3.2800000000000296
2006,308,0.0,4.490000000000009
2006,309,0.03,2.890000000000043
2006,310,0.0,3.6200000000000045
2006,311,0.0,7.930000000000007
2006,312,0.0,10.350000000000023
2006,313,0.0,8.720000000000027
2006,314,0.0,0.7900000000000205
2006,315,0.0,1.670000000000016
2006,316,1.43,2.2800000000000296
2006,317,0.15,-1.6200000000000045
2006,318,0.04,0.8900000000000432
2006,319,0.0,-2.4799999999999613
2006,320,0.0,2.82000000000005
2006,321,0.0,3.180000000000007
2006,322,0.0,2.980000000000018
2006,323,0.0,1.670000000000016
2006,324,0.0,4.730000000000018
2006,325,0.0,7.5
2006,326,0.0,7.330000000000041
2006,327,0.0,7.160000000000025
2006,328,0.0,3.8600000000000136
2006,329,0.0,3.410000000000025
2006,330,0.0,2.430000000000007
2006,331,0.0,0.9800000000000182
2006,332,0.04,0.5100000000000477
2006,333,18.68,-7.159999999999968
2006,334,0.26,-12.729999999999961
2006,335,0.45,-4.8799999999999955
2006,336,0.79,-9.310000000000002
2006,337,0.31,-10.089999999999975
2006,338,0.78,-2.8100000000000023
2006,339,0.14,0.6899999999999977
2006,340,0.07,-0.8899999999999864
2006,341,0.0,-1.9899999999999523
2006,342,0.0,2.4500000000000455
2006,343,0.0,4.260000000000048
2006,344,0.0,2.0100000000000477
2006,345,0.25,1.1000000000000227
2006,346,0.0,0.03000000000002956
2006,347,0.0,1.1299999999999955
2006,348,0.0,4.150000000000034
2006,349,0.0,5.310000000000002
2006,350,0.0,5.57000000000005
2006,351,0.0,0.3300000000000409
2006,352,0.0,-2.1200000000000045
2006,353,0.0,-1.5699999999999932
2006,354,28.53,-2.019999999999982
2006,355,14.51,-5.889999999999986
2006,356,1.42,-3.4799999999999613
2006,357,1.0,-5.019999999999982
2006,358,1.9,-3.099999999999966
2006,359,0.68,-6.560000000000002
2006,360,0.9,0.5200000000000387
2006,361,0.41,0.75
2006,362,8.64,-0.7199999999999704
2006,363,15.55,-4.699999999999989
2006,364,1.41,-5.3700000000000045
2006,365,0.39,-4.810000000000002
2007,1,0.24,-4.449999999999989
2007,2,0.82,-2.859999999999957
2007,3,1.68,0.26000000000004775
2007,4,0.82,2.080000000000041
2007,5,2.72,-3.4899999999999523
2007,6,0.68,-9.199999999999989
2007,7,0.03,-8.95999999999998
2007,8,0.3,-1.5199999999999818
2007,9,0.04,-0.5699999999999932
2007,10,0.0,0.660000000000025
2007,11,0.02,0.3100000000000023
2007,12,0.03,-5.699999999999989
2007,13,1.31,-6.639999999999986
2007,14,0.69,-11.139999999999986
2007,15,0.16,-14.439999999999998
2007,16,0.12,-9.870000000000005
2007,17,0.0,-8.039999999999964
2007,18,0.0,-7.839999999999975
2007,19,0.0,-4.159999999999968
2007,20,1.09,-3.1399999999999864
2007,21,4.05,-5.46999999999997
2007,22,0.0,-8.71999999999997
2007,23,0.04,-3.9799999999999613
2007,24,0.0,-2.089999999999975
2007,25,0.22,-0.42999999999995
2007,26,0.03,0.12000000000000455
2007,27,0.32,-6.109999999999957
2007,28,0.03,-7.3799999999999955
2007,29,0.0,-4.560000000000002
2007,30,0.0,-7.849999999999966
2007,31,0.21,-7.539999999999964
2007,32,1.07,-11.70999999999998
2007,33,2.35,-14.729999999999961
2007,34,0.14,-8.549999999999955
2007,35,0.0,-2.1499999999999773
2007,36,0.0,1.0400000000000205
2007,37,0.0,4.410000000000025
2007,38,0.0,3.9399999999999977
2007,39,0.0,2.1299999999999955
2007,40,0.0,0.21000000000003638
2007,41,0.0,0.07000000000005002
2007,42,0.0,1.0400000000000205
2007,43,0.17,1.400000000000034
2007,44,0.49,-5.009999999999991
2007,45,1.3,-6.419999999999959
2007,46,0.59,-7.6200000000000045
2007,47,0.63,-1.7299999999999613
2007,48,2.84,-3.3999999999999773
2007,49,0.07,-0.8299999999999841
2007,50,0.0,1.32000000000005
2007,51,0.0,-0.8499999999999659
2007,52,0.0,0.4399999999999977
2007,53,0.0,1.6100000000000136
2007,54,0.23,1.920000000000016
2007,55,0.0,-2.839999999999975
2007,56,0.0,-4.729999999999961
2007,57,0.0,-2.4699999999999704
2007,58,0.52,-1.5499999999999545
2007,59,5.83,-2.17999999999995
2007,60,0.06,-8.109999999999957
2007,61,0.03,-10.149999999999977
2007,62,0.03,-10.060000000000002
2007,63,0.4,-3.5
2007,64,0.0,2.6899999999999977
2007,65,0.0,3.980000000000018
2007,66,0.0,3.7700000000000387
2007,67,0.0,3.490000000000009
2007,68,0.0,2.660000000000025
2007,69,0.06,4.670000000000016
2007,70,5.09,3.1100000000000136
2007,71,0.0,5.810000000000002
2007,72,0.0,7.210000000000036
2007,73,0.0,7.220000000000027
2007,74,0.0,4.430000000000007
2007,75,0.0,3.580000000000041
2007,76,0.0,7.3700000000000045
2007,77,0.0,8.260000000000048
2007,78,0.0,7.600000000000023
2007,79,0.0,7.900000000000034
2007,80,0.0,7.550000000000011
2007,81,0.0,7.180000000000007
2007,82,2.3,7.600000000000023
2007,83,10.91,5.710000000000036
2007,84,0.98,6.510000000000048
2007,85,0.0,7.7000000000000455
2007,86,0.0,7.890000000000043
2007,87,0.0,7.610000000000014
2007,88,3.57,-1.2899999999999636
2007,89,1.43,-4.439999999999998
2007,90,0.26,-0.9099999999999682
2007,91,0.0,2.75
2007,92,0.0,6.3799999999999955
2007,93,0.0,5.490000000000009
2007,94,0.0,6.270000000000039
2007,95,0.02,7.800000000000011
2007,96,0.89,3.340000000000032
2007,97,1.06,-1.5499999999999545
2007,98,2.77,0.7900000000000205
2007,99,0.1,6.25
2007,100,1.19,4.660000000000025
2007,101,0.0,-1.7099999999999795
2007,102,1.51,-0.21999999999997044
2007,103,0.51,-1.0499999999999545
2007,104,0.73,-1.3199999999999932
2007,105,0.0,5.439999999999998
2007,106,0.0,7.670000000000016
2007,107,13.41,4.860000000000014
2007,108,0.09,5.4500000000000455
2007,109,0.0,5.720000000000027
2007,110,0.0,6.439999999999998
2007,111,0.05,9.080000000000041
2007,112,1.59,6.07000000000005
2007,113,0.88,7.6200000000000045
2007,114,33.96,5.2000000000000455
2007,115,4.67,1.400000000000034
2007,116,0.12,4.840000000000032
2007,117,1.54,6.480000000000018
2007,118,0.0,9.680000000000007
2007,119,0.09,13.080000000000041
2007,120,0.03,13.850000000000023
2007,121,1.32,11.680000000000007
2007,122,0.59,10.120000000000005
2007,123,0.0,10.379999999999995
2007,124,0.42,8.800000000000011
2007,125,6.52,6.840000000000032
2007,126,4.17,4.210000000000036
2007,127,15.99,3.4500000000000455
2007,128,0.78,5.32000000000005
2007,129,0.05,8.170000000000016
2007,130,0.0,11.100000000000023
2007,131,0.0,13.32000000000005
2007,132,0.0,14.730000000000018
2007,133,0.0,15.28000000000003
2007,134,0.29,14.689999999999998
2007,135,7.27,9.850000000000023
2007,136,0.26,10.360000000000014
2007,137,2.69,11.670000000000016
2007,138,0.58,12.75
2007,139,0.0,13.970000000000027
2007,140,1.37,14.510000000000048
2007,141,0.46,13.920000000000016
2007,142,4.97,11.480000000000018
2007,143,5.95,6.6299999999999955
2007,144,8.95,5.640000000000043
2007,145,0.0,9.79000000000002
2007,146,0.63,12.310000000000002
2007,147,0.37,13.890000000000043
2007,148,0.45,15.510000000000048
2007,149,4.34,14.240000000000009
2007,150,0.84,8.770000000000039
2007,151,0.05,10.060000000000002
2007,152,0.0,11.07000000000005
2007,153,0.9,12.650000000000034
2007,154,1.65,13.480000000000018
2007,155,0.63,13.510000000000048
2007,156,0.22,15.230000000000018
2007,157,0.0,16.110000000000014
2007,158,0.11,8.210000000000036
2007,159,0.04,7.640000000000043
2007,160,0.0,14.270000000000039
2007,161,0.14,17.510000000000048
2007,162,0.0,18.33000000000004
2007,163,11.21,15.939999999999998
2007,164,1.29,12.490000000000009
2007,165,0.0,13.960000000000036
2007,166,0.0,17.140000000000043
2007,167,0.94,18.83000000000004
2007,168,0.21,19.79000000000002
2007,169,0.0,17.629999999999995
2007,170,0.0,17.30000000000001
2007,171,0.0,20.160000000000025
2007,172,0.0,21.439999999999998
2007,173,0.17,20.900000000000034
2007,174,0.04,18.960000000000036
2007,175,0.37,20.850000000000023
2007,176,3.02,21.900000000000034
2007,177,1.38,20.860000000000014
2007,178,2.57,17.74000000000001
2007,179,1.23,18.25
2007,180,0.55,18.670000000000016
2007,181,0.07,20.810000000000002
2007,182,0.0,21.33000000000004
2007,183,0.0,21.58000000000004
2007,184,0.0,22.360000000000014
2007,185,5.15,19.79000000000002
2007,186,3.34,18.80000000000001
2007,187,0.03,18.810000000000002
2007,188,1.11,20.28000000000003
2007,189,1.9,21.28000000000003
2007,190,0.2,19.650000000000034
2007,191,0.06,20.010000000000048
2007,192,3.76,20.04000000000002
2007,193,2.96,19.560000000000002
2007,194,1.25,17.960000000000036
2007,195,0.0,19.54000000000002
2007,196,0.56,20.370000000000005
2007,197,0.23,22.24000000000001
2007,198,0.67,23.28000000000003
2007,199,1.17,22.79000000000002
2007,200,1.8,21.660000000000025
2007,201,5.14,20.160000000000025
2007,202,3.32,21.24000000000001
2007,203,0.91,22.200000000000045
2007,204,0.0,21.920000000000016
2007,205,0.22,21.58000000000004
2007,206,2.07,21.860000000000014
2007,207,3.23,20.810000000000002
2007,208,1.75,19.470000000000027
2007,209,8.94,18.860000000000014
2007,210,1.53,19.04000000000002
2007,211,0.0,19.0
2007,212,1.5,20.32000000000005
2007,213,0.0,21.400000000000034
2007,214,2.43,19.310000000000002
2007,215,6.82,19.689999999999998
2007,216,3.86,20.970000000000027
2007,217,5.33,21.350000000000023
2007,218,13.57,20.24000000000001
2007,219,7.09,19.49000000000001
2007,220,4.17,18.82000000000005
2007,221,0.0,20.629999999999995
2007,222,0.01,21.870000000000005
2007,223,0.22,21.54000000000002
2007,224,1.17,21.640000000000043
2007,225,3.67,22.99000000000001
2007,226,0.85,23.29000000000002
2007,227,5.08,20.670000000000016
2007,228,0.41,20.05000000000001
2007,229,4.84,20.32000000000005
2007,230,7.33,20.58000000000004
2007,231,0.73,20.54000000000002
2007,232,1.04,21.060000000000002
2007,233,0.0,21.470000000000027
2007,234,1.09,22.05000000000001
2007,235,1.51,19.850000000000023
2007,236,3.83,16.79000000000002
2007,237,0.01,18.650000000000034
2007,238,0.47,21.230000000000018
2007,239,0.57,21.060000000000002
2007,240,2.64,17.379999999999995
2007,241,14.92,17.29000000000002
2007,242,0.5,17.860000000000014
2007,243,0.0,19.360000000000014
2007,244,0.52,19.950000000000045
2007,245,3.81,19.700000000000045
2007,246,0.76,19.82000000000005
2007,247,0.76,19.470000000000027
2007,248,3.19,19.54000000000002
2007,249,4.13,18.75
2007,250,0.06,16.5
2007,251,0.0,16.75
2007,252,1.86,15.240000000000009
2007,253,2.02,13.450000000000045
2007,254,0.36,13.800000000000011
2007,255,0.0,16.29000000000002
2007,256,0.0,16.970000000000027
2007,257,0.0,15.870000000000005
2007,258,0.0,17.220000000000027
2007,259,0.36,18.510000000000048
2007,260,1.83,16.680000000000007
2007,261,0.02,13.810000000000002
2007,262,0.0,14.520000000000039
2007,263,0.0,17.160000000000025
2007,264,0.0,17.350000000000023
2007,265,0.07,17.27000000000004
2007,266,0.0,18.010000000000048
2007,267,0.0,12.370000000000005
2007,268,0.1,8.430000000000007
2007,269,0.0,10.730000000000018
2007,270,0.0,11.82000000000005
2007,271,0.0,14.180000000000007
2007,272,0.02,15.410000000000025
2007,273,0.0,12.020000000000039
2007,274,0.0,14.310000000000002
2007,275,0.0,13.390000000000043
2007,276,0.0,12.930000000000007
2007,277,0.0,14.420000000000016
2007,278,0.0,15.840000000000032
2007,279,0.0,16.060000000000002
2007,280,0.0,8.770000000000039
2007,281,0.0,6.78000000000003
2007,282,0.0,12.360000000000014
2007,283,0.0,14.200000000000045
2007,284,0.0,14.360000000000014
2007,285,0.0,13.390000000000043
2007,286,0.62,12.129999999999995
2007,287,10.7,5.800000000000011
2007,288,1.41,4.5400000000000205
2007,289,0.0,7.160000000000025
2007,290,0.39,7.850000000000023
2007,291,0.04,3.2900000000000205
2007,292,0.0,6.1200000000000045
2007,293,0.0,11.080000000000041
2007,294,9.7,3.730000000000018
2007,295,0.56,-3.349999999999966
2007,296,0.6,4.180000000000007
2007,297,0.0,7.2900000000000205
2007,298,0.0,10.600000000000023
2007,299,0.0,9.390000000000043
2007,300,0.0,3.5500000000000114
2007,301,0.0,6.650000000000034
2007,302,0.0,7.800000000000011
2007,303,0.0,8.78000000000003
2007,304,0.2,4.600000000000023
2007,305,0.0,3.410000000000025
2007,306,0.0,3.1200000000000045
2007,307,0.1,3.3799999999999955
2007,308,0.1,6.300000000000011
2007,309,0.0,6.400000000000034
2007,310,0.0,4.7900000000000205
2007,311,0.0,6.4500000000000455
2007,312,0.0,6.689999999999998
2007,313,0.0,6.9500000000000455
2007,314,0.0,7.82000000000005
2007,315,0.0,6.939999999999998
2007,316,0.0,5.680000000000007
2007,317,0.0,6.4500000000000455
2007,318,0.0,4.240000000000009
2007,319,0.0,1.910000000000025
2007,320,0.0,6.550000000000011
2007,321,0.0,5.810000000000002
2007,322,0.0,6.170000000000016
2007,323,0.0,8.360000000000014
2007,324,0.0,7.230000000000018
2007,325,0.0,-5.079999999999984
2007,326,0.0,-8.299999999999955
2007,327,0.0,-6.659999999999968
2007,328,2.29,-7.399999999999977
2007,329,0.14,-0.8599999999999568
2007,330,0.13,-0.3299999999999841
2007,331,0.96,0.57000000000005
2007,332,0.35,-1.8100000000000023
2007,333,0.64,-3.7399999999999523
2007,334,0.0,-0.5499999999999545
2007,335,0.46,4.3700000000000045
2007,336,0.17,-1.7099999999999795
2007,337,0.0,0.5400000000000205
2007,338,0.0,6.920000000000016
2007,339,0.0,4.260000000000048
2007,340,1.02,2.4500000000000455
2007,341,1.24,2.140000000000043
2007,342,0.51,0.8100000000000023
2007,343,0.24,-5.810000000000002
2007,344,0.07,-3.599999999999966
2007,345,1.43,-5.979999999999961
2007,346,5.01,-6.3799999999999955
2007,347,0.42,-4.569999999999993
2007,348,3.65,-6.759999999999991
2007,349,0.23,-12.189999999999998
2007,350,1.1,-6.279999999999973
2007,351,0.0,-2.519999999999982
2007,352,0.86,-2.8899999999999864
2007,353,0.07,-1.349999999999966
2007,354,0.24,-1.1599999999999682
2007,355,0.05,-0.7999999999999545
2007,356,0.0,-9.609999999999957
2007,357,0.0,-5.819999999999993
2007,358,0.14,-5.060000000000002
2007,359,1.45,-2.589999999999975
2007,360,0.4,-10.329999999999984
2007,361,0.1,-9.889999999999986
2007,362,1.44,-14.029999999999973
2007,363,1.94,-12.349999999999966
2007,364,0.06,-9.060000000000002
2007,365,2.18,-9.519999999999982
2008,1,0.0,-13.810000000000002
2008,2,0.07,-4.839999999999975
2008,3,0.07,1.4300000000000068
2008,4,0.0,1.1100000000000136
2008,5,0.0,2.0500000000000114
2008,6,1.15,0.5300000000000296
2008,7,0.01,-3.6299999999999955
2008,8,6.6,-6.729999999999961
2008,9,1.05,-3.3700000000000045
2008,10,0.19,-5.529999999999973
2008,11,0.0,-3.8700000000000045
2008,12,0.0,-6.489999999999952
2008,13,0.0,-7.669999999999959
2008,14,0.0,-6.659999999999968
2008,15,1.47,-1.6499999999999773
2008,16,0.08,-9.259999999999991
2008,17,0.08,-15.039999999999964
2008,18,0.77,-10.779999999999973
2008,19,0.17,-10.92999999999995
2008,20,0.11,-5.810000000000002
2008,21,0.0,-6.0499999999999545
2008,22,0.03,-8.299999999999955
2008,23,0.0,-7.409999999999968
2008,24,0.0,-6.289999999999964
2008,25,0.0,-3.4399999999999977
2008,26,0.0,-3.569999999999993
2008,27,0.0,-0.46999999999997044
2008,28,0.0,2.430000000000007
2008,29,0.12,-6.909999999999968
2008,30,0.0,-7.579999999999984
2008,31,1.77,-10.95999999999998
2008,32,0.0,-3.859999999999957
2008,33,0.0,-7.0
2008,34,0.18,-6.489999999999952
2008,35,0.0,-3.609999999999957
2008,36,4.05,-8.419999999999959
2008,37,1.01,-8.509999999999991
2008,38,0.21,-8.5
2008,39,0.44,-4.3799999999999955
2008,40,0.31,-4.21999999999997
2008,41,0.0,-0.45999999999997954
2008,42,0.0,0.12999999999999545
2008,43,0.54,-3.2399999999999523
2008,44,0.0,-0.009999999999990905
2008,45,1.14,-1.4699999999999704
2008,46,1.02,-2.6200000000000045
2008,47,0.0,-1.3100000000000023
2008,48,0.86,-4.849999999999966
2008,49,0.11,-8.17999999999995
2008,50,0.0,-2.1299999999999955
2008,51,0.0,0.82000000000005
2008,52,0.0,-1.5199999999999818
2008,53,0.4,-1.67999999999995
2008,54,1.33,-0.5799999999999841
2008,55,0.0,0.660000000000025
2008,56,0.25,0.9700000000000273
2008,57,2.33,-2.759999999999991
2008,58,0.0,-0.009999999999990905
2008,59,0.0,2.8600000000000136
2008,60,0.0,2.2200000000000273
2008,61,0.0,5.3799999999999955
2008,62,1.5,2.7800000000000296
2008,63,1.55,-6.7099999999999795
2008,64,1.32,-2.009999999999991
2008,65,1.73,-5.8700000000000045
2008,66,0.2,-7.899999999999977
2008,67,0.47,-6.229999999999961
2008,68,0.01,-1.6200000000000045
2008,69,0.63,-0.6499999999999773
2008,70,0.0,-0.42999999999995
2008,71,0.0,1.7200000000000273
2008,72,0.0,3.330000000000041
2008,73,0.0,1.4500000000000455
2008,74,2.97,1.4600000000000364
2008,75,0.39,-1.8199999999999932
2008,76,0.5,-0.339999999999975
2008,77,7.18,-1.339999999999975
2008,78,0.12,-3.7199999999999704
2008,79,0.0,-0.5699999999999932
2008,80,0.0,3.32000000000005
2008,81,0.0,1.8100000000000023
2008,82,0.02,-0.5600000000000023
2008,83,0.86,-2.42999999999995
2008,84,0.0,2.6000000000000227
2008,85,0.0,5.260000000000048
2008,86,0.0,6.460000000000036
2008,87,0.0,5.390000000000043
2008,88,0.08,1.5600000000000023
2008,89,0.0,4.740000000000009
2008,90,0.05,4.7000000000000455
2008,91,0.86,3.670000000000016
2008,92,0.23,-1.3199999999999932
2008,93,0.0,2.8700000000000045
2008,94,1.66,3.230000000000018
2008,95,0.39,1.490000000000009
2008,96,0.0,4.510000000000048
2008,97,0.0,2.9500000000000455
2008,98,3.3,3.4600000000000364
2008,99,0.0,1.330000000000041
2008,100,0.21,4.600000000000023
2008,101,8.57,1.490000000000009
2008,102,0.5,-1.9799999999999613
2008,103,0.87,-2.7999999999999545
2008,104,0.0,0.5100000000000477
2008,105,0.0,6.189999999999998
2008,106,0.0,9.550000000000011
2008,107,3.73,6.810000000000002
2008,108,12.67,-1.6200000000000045
2008,109,0.0,1.0300000000000296
2008,110,0.02,7.100000000000023
2008,111,0.0,9.260000000000048
2008,112,0.0,6.1200000000000045
2008,113,0.0,5.5
2008,114,0.0,9.640000000000043
2008,115,0.0,9.270000000000039
2008,116,0.09,2.6200000000000045
2008,117,0.0,0.9700000000000273
2008,118,0.0,0.20000000000004547
2008,119,0.0,5.900000000000034
2008,120,0.0,9.910000000000025
2008,121,0.0,11.300000000000011
2008,122,6.21,5.82000000000005
2008,123,0.47,-0.48999999999995225
2008,124,0.0,0.8000000000000114
2008,125,0.0,5.680000000000007
2008,126,0.0,10.120000000000005
2008,127,0.0,12.090000000000032
2008,128,4.04,9.920000000000016
2008,129,1.65,9.140000000000043
2008,130,0.0,7.25
2008,131,2.67,6.689999999999998
2008,132,0.0,5.660000000000025
2008,133,0.0,11.450000000000045
2008,134,9.77,5.460000000000036
2008,135,1.98,5.2000000000000455
2008,136,10.0,5.8799999999999955
2008,137,0.03,6.020000000000039
2008,138,0.17,11.260000000000048
2008,139,0.0,13.28000000000003
2008,140,0.0,15.520000000000039
2008,141,0.0,15.720000000000027
2008,142,0.0,16.629999999999995
2008,143,0.14,13.439999999999998
2008,144,0.29,8.53000000000003
2008,145,0.0,7.57000000000005
2008,146,0.0,10.050000000000011
2008,147,1.66,12.490000000000009
2008,148,0.73,9.510000000000048
2008,149,0.13,11.970000000000027
2008,150,0.01,15.330000000000041
2008,151,0.0,12.689999999999998
2008,152,0.0,13.939999999999998
2008,153,0.0,16.180000000000007
2008,154,0.0,18.05000000000001
2008,155,0.0,16.30000000000001
2008,156,0.38,15.010000000000048
2008,157,7.11,10.960000000000036
2008,158,0.0,10.870000000000005
2008,159,0.0,15.870000000000005
2008,160,0.1,12.480000000000018
2008,161,0.01,10.590000000000032
2008,162,0.0,14.980000000000018
2008,163,0.0,15.420000000000016
2008,164,0.0,9.28000000000003
2008,165,0.0,10.78000000000003
2008,166,0.0,15.680000000000007
2008,167,0.0,18.460000000000036
2008,168,0.0,18.730000000000018
2008,169,0.4,18.720000000000027
2008,170,0.28,20.220000000000027
2008,171,0.01,18.210000000000036
2008,172,1.07,17.110000000000014
2008,173,0.76,16.620000000000005
2008,174,0.09,18.78000000000003
2008,175,0.42,19.07000000000005
2008,176,0.31,18.390000000000043
2008,177,0.06,20.230000000000018
2008,178,0.13,20.670000000000016
2008,179,0.06,19.670000000000016
2008,180,0.0,18.150000000000034
2008,181,0.22,16.950000000000045
2008,182,0.0,19.03000000000003
2008,183,0.0,20.600000000000023
2008,184,0.07,20.02000000000004
2008,185,0.48,19.0
2008,186,0.96,20.150000000000034
2008,187,0.24,22.210000000000036
2008,188,1.76,21.120000000000005
2008,189,0.83,17.610000000000014
2008,190,3.04,17.140000000000043
2008,191,0.02,18.150000000000034
2008,192,0.06,20.55000000000001
2008,193,0.0,22.260000000000048
2008,194,0.0,18.510000000000048
2008,195,0.0,18.200000000000045
2008,196,0.0,20.620000000000005
2008,197,0.0,21.260000000000048
2008,198,0.0,22.02000000000004
2008,199,0.76,21.410000000000025
2008,200,0.55,19.33000000000004
2008,201,3.38,20.620000000000005
2008,202,3.81,22.610000000000014
2008,203,0.0,22.189999999999998
2008,204,0.0,22.620000000000005
2008,205,2.8,22.640000000000043
2008,206,2.35,21.5
2008,207,3.15,21.840000000000032
2008,208,0.0,21.28000000000003
2008,209,0.0,21.760000000000048
2008,210,0.21,21.75
2008,211,0.0,20.53000000000003
2008,212,0.0,21.100000000000023
2008,213,0.0,22.400000000000034
2008,214,0.0,23.53000000000003
2008,215,0.11,24.03000000000003
2008,216,0.13,23.680000000000007
2008,217,0.1,21.600000000000023
2008,218,8.5,21.32000000000005
2008,219,0.2,19.430000000000007
2008,220,7.55,17.49000000000001
2008,221,1.41,17.25
2008,222,2.95,19.410000000000025
2008,223,1.92,18.710000000000036
2008,224,8.01,17.75
2008,225,0.5,19.210000000000036
2008,226,0.24,19.510000000000048
2008,227,0.44,17.950000000000045
2008,228,23.25,13.28000000000003
2008,229,31.67,10.330000000000041
2008,230,7.31,11.379999999999995
2008,231,0.0,13.379999999999995
2008,232,0.0,15.360000000000014
2008,233,1.05,18.08000000000004
2008,234,0.14,19.340000000000032
2008,235,0.02,21.05000000000001
2008,236,5.92,18.170000000000016
2008,237,0.01,19.730000000000018
2008,238,2.98,19.79000000000002
2008,239,0.01,19.5
2008,240,0.0,20.100000000000023
2008,241,0.0,19.02000000000004
2008,242,0.16,17.58000000000004
2008,243,0.08,19.02000000000004
2008,244,0.41,19.160000000000025
2008,245,0.28,17.600000000000023
2008,246,0.0,15.100000000000023
2008,247,0.0,12.590000000000032
2008,248,0.0,13.600000000000023
2008,249,0.0,13.080000000000041
2008,250,0.0,12.310000000000002
2008,251,0.5,13.710000000000036
2008,252,0.0,13.330000000000041
2008,253,0.05,14.370000000000005
2008,254,0.51,15.79000000000002
2008,255,0.66,13.810000000000002
2008,256,27.73,11.410000000000025
2008,257,0.0,11.650000000000034
2008,258,0.27,11.860000000000014
2008,259,0.0,12.32000000000005
2008,260,0.0,14.390000000000043
2008,261,0.0,15.860000000000014
2008,262,0.12,15.050000000000011
2008,263,0.92,14.020000000000039
2008,264,1.52,13.910000000000025
2008,265,0.09,15.629999999999995
2008,266,0.0,16.200000000000045
2008,267,0.0,14.680000000000007
2008,268,0.0,14.360000000000014
2008,269,0.0,16.28000000000003
2008,270,0.0,17.5
2008,271,4.09,16.160000000000025
2008,272,0.39,15.700000000000045
2008,273,0.02,14.82000000000005
2008,274,0.0,14.960000000000036
2008,275,0.0,15.210000000000036
2008,276,0.3,14.5
2008,277,0.05,14.07000000000005
2008,278,0.02,13.610000000000014
2008,279,0.04,12.110000000000014
2008,280,5.85,8.939999999999998
2008,281,0.02,8.460000000000036
2008,282,0.0,12.29000000000002
2008,283,0.0,12.990000000000009
2008,284,0.0,11.57000000000005
2008,285,1.81,8.730000000000018
2008,286,4.39,8.930000000000007
2008,287,0.0,3.2000000000000455
2008,288,0.0,5.210000000000036
2008,289,0.0,6.470000000000027
2008,290,0.0,8.270000000000039
2008,291,0.0,9.760000000000048
2008,292,0.0,12.360000000000014
2008,293,0.0,11.990000000000009
2008,294,0.64,8.990000000000009
2008,295,1.68,8.350000000000023
2008,296,4.76,1.0400000000000205
2008,297,0.31,-0.9399999999999977
2008,298,0.0,4.470000000000027
2008,299,0.0,7.1299999999999955
2008,300,0.0,8.700000000000045
2008,301,0.0,6.57000000000005
2008,302,0.0,9.480000000000018
2008,303,0.0,9.870000000000005
2008,304,0.0,9.850000000000023
2008,305,0.0,9.970000000000027
2008,306,0.0,10.520000000000039
2008,307,0.0,10.629999999999995
2008,308,0.0,9.950000000000045
2008,309,0.0,8.460000000000036
2008,310,0.54,2.8600000000000136
2008,311,0.0,-2.409999999999968
2008,312,0.0,-0.5499999999999545
2008,313,0.0,3.0500000000000114
2008,314,0.0,3.8700000000000045
2008,315,0.42,3.7900000000000205
2008,316,0.0,1.9600000000000364
2008,317,0.0,1.2200000000000273
2008,318,0.0,5.8700000000000045
2008,319,0.93,1.8700000000000045
2008,320,0.0,-4.019999999999982
2008,321,0.0,4.140000000000043
2008,322,0.0,6.0
2008,323,0.0,7.560000000000002
2008,324,0.0,6.930000000000007
2008,325,0.0,-0.42999999999995
2008,326,0.0,0.9900000000000091
2008,327,0.0,3.090000000000032
2008,328,0.0,3.7900000000000205
2008,329,0.0,1.4399999999999977
2008,330,0.0,5.28000000000003
2008,331,0.0,4.980000000000018
2008,332,0.0,4.439999999999998
2008,333,0.0,0.6700000000000159
2008,334,2.89,-2.519999999999982
2008,335,2.45,-2.359999999999957
2008,336,0.88,-1.4399999999999977
2008,337,0.09,4.28000000000003
2008,338,0.0,-0.6399999999999864
2008,339,0.28,-7.079999999999984
2008,340,0.1,-6.21999999999997
2008,341,0.14,2.490000000000009
2008,342,0.0,5.189999999999998
2008,343,0.06,3.2600000000000477
2008,344,3.44,-6.029999999999973
2008,345,0.68,-3.0
2008,346,0.1,-0.5499999999999545
2008,347,0.09,-0.8799999999999955
2008,348,0.0,1.2000000000000455
2008,349,0.33,-4.279999999999973
2008,350,0.0,-12.279999999999973
2008,351,0.0,-7.139999999999986
2008,352,0.0,-5.519999999999982
2008,353,0.21,-1.7799999999999727
2008,354,0.0,-3.7199999999999704
2008,355,0.09,-7.21999999999997
2008,356,0.0,-11.42999999999995
2008,357,0.0,-3.7299999999999613
2008,358,0.0,-4.2999999999999545
2008,359,0.0,-9.70999999999998
2008,360,0.0,-4.310000000000002
2008,361,0.12,-0.5099999999999909
2008,362,0.0,-9.310000000000002
2008,363,0.0,-3.7899999999999636
2008,364,0.0,1.07000000000005
2008,365,0.0,3.2200000000000273
2008,366,0.0,0.22000000000002728
2009,1,0.0,1.5100000000000477
2009,2,0.0,2.170000000000016
2009,3,0.21,1.1000000000000227
2009,4,0.87,-8.620000000000005
2009,5,0.08,-7.609999999999957
2009,6,0.0,-6.149999999999977
2009,7,0.0,-2.0600000000000023
2009,8,0.0,2.5100000000000477
2009,9,0.34,1.170000000000016
2009,10,0.37,-4.479999999999961
2009,11,0.27,-4.829999999999984
2009,12,2.11,-3.849999999999966
2009,13,1.34,-4.0499999999999545
2009,14,0.0,-1.669999999999959
2009,15,0.02,-2.069999999999993
2009,16,0.02,-1.17999999999995
2009,17,0.0,1.4500000000000455
2009,18,0.0,0.9300000000000068
2009,19,0.0,2.9500000000000455
2009,20,0.0,2.7000000000000455
2009,21,0.0,4.689999999999998
2009,22,0.0,4.760000000000048
2009,23,0.57,4.020000000000039
2009,24,0.0,-0.21999999999997044
2009,25,0.1,0.37999999999999545
2009,26,1.33,-5.159999999999968
2009,27,0.13,-10.779999999999973
2009,28,0.0,-7.019999999999982
2009,29,0.0,-6.389999999999986
2009,30,0.0,-0.7399999999999523
2009,31,0.0,2.0500000000000114
2009,32,0.0,0.27000000000003865
2009,33,0.0,-0.9399999999999977
2009,34,0.0,0.8100000000000023
2009,35,0.0,1.8500000000000227
2009,36,0.0,3.82000000000005
2009,37,0.0,3.980000000000018
2009,38,0.0,1.8700000000000045
2009,39,0.1,2.680000000000007
2009,40,0.99,0.25
2009,41,0.0,-2.319999999999993
2009,42,0.62,-4.67999999999995
2009,43,0.48,-4.349999999999966
2009,44,1.23,-4.769999999999982
2009,45,0.11,-5.42999999999995
2009,46,0.06,-6.7099999999999795
2009,47,0.0,-1.1299999999999955
2009,48,0.0,0.35000000000002274
2009,49,0.0,-2.419999999999959
2009,50,0.0,-3.5499999999999545
2009,51,0.09,-1.6099999999999568
2009,52,0.03,-2.4399999999999977
2009,53,0.0,2.6100000000000136
2009,54,0.0,5.160000000000025
2009,55,0.0,6.170000000000016
2009,56,0.0,5.180000000000007
2009,57,0.0,4.330000000000041
2009,58,0.0,1.6000000000000227
2009,59,0.0,-3.0399999999999636
2009,60,0.0,2.3700000000000045
2009,61,0.0,7.6299999999999955
2009,62,0.0,8.25
2009,63,0.0,7.53000000000003
2009,64,0.0,5.830000000000041
2009,65,0.0,2.990000000000009
2009,66,0.39,1.150000000000034
2009,67,0.03,0.18000000000000682
2009,68,0.0,3.3799999999999955
2009,69,0.43,-0.47999999999996135
2009,70,0.0,-0.9599999999999795
2009,71,0.0,1.830000000000041
2009,72,0.0,-0.3299999999999841
2009,73,0.0,0.22000000000002728
2009,74,0.0,3.090000000000032
2009,75,0.0,4.400000000000034
2009,76,0.0,7.150000000000034
2009,77,0.0,7.0400000000000205
2009,78,0.0,6.330000000000041
2009,79,0.0,8.360000000000014
2009,80,0.0,9.300000000000011
2009,81,0.0,10.110000000000014
2009,82,0.0,5.470000000000027
2009,83,0.0,0.8000000000000114
2009,84,0.67,0.4500000000000455
2009,85,9.67,-1.6999999999999886
2009,86,5.1,-9.46999999999997
2009,87,0.32,-3.769999999999982
2009,88,0.0,0.7600000000000477
2009,89,1.18,-0.2699999999999818
2009,90,0.0,-6.029999999999973
2009,91,1.63,-2.8999999999999773
2009,92,4.83,-3.2099999999999795
2009,93,0.32,2.390000000000043
2009,94,3.1,0.2300000000000182
2009,95,1.3,-6.849999999999966
2009,96,0.29,-4.069999999999993
2009,97,0.0,3.0600000000000023
2009,98,0.0,5.550000000000011
2009,99,0.0,4.1299999999999955
2009,100,0.0,2.1299999999999955
2009,101,0.23,5.590000000000032
2009,102,7.72,3.390000000000043
2009,103,1.12,3.5600000000000023
2009,104,0.0,6.900000000000034
2009,105,0.0,9.010000000000048
2009,106,4.28,6.53000000000003
2009,107,19.57,2.9500000000000455
2009,108,23.08,0.5800000000000409
2009,109,3.06,1.8000000000000114
2009,110,0.0,6.03000000000003
2009,111,0.0,8.75
2009,112,0.0,9.890000000000043
2009,113,0.0,10.760000000000048
2009,114,0.0,11.580000000000041
2009,115,0.0,9.110000000000014
2009,116,0.86,6.430000000000007
2009,117,11.63,2.2000000000000455
2009,118,0.16,6.189999999999998
2009,119,0.0,11.090000000000032
2009,120,0.0,10.29000000000002
2009,121,0.0,9.840000000000032
2009,122,0.87,9.170000000000016
2009,123,4.65,7.910000000000025
2009,124,0.18,9.150000000000034
2009,125,0.0,10.080000000000041
2009,126,0.02,11.220000000000027
2009,127,0.0,14.260000000000048
2009,128,0.0,12.090000000000032
2009,129,0.0,8.710000000000036
2009,130,1.3,10.210000000000036
2009,131,0.17,10.03000000000003
2009,132,0.0,14.200000000000045
2009,133,0.0,13.710000000000036
2009,134,0.0,11.020000000000039
2009,135,0.0,13.07000000000005
2009,136,2.93,10.220000000000027
2009,137,0.0,12.920000000000016
2009,138,0.0,16.430000000000007
2009,139,0.2,19.220000000000027
2009,140,0.94,17.180000000000007
2009,141,4.78,14.740000000000009
2009,142,6.33,11.800000000000011
2009,143,2.61,11.720000000000027
2009,144,7.48,12.620000000000005
2009,145,5.18,12.100000000000023
2009,146,11.55,9.29000000000002
2009,147,1.05,9.439999999999998
2009,148,0.09,12.950000000000045
2009,149,0.16,14.210000000000036
2009,150,2.27,15.03000000000003
2009,151,3.7,14.370000000000005
2009,152,7.17,13.620000000000005
2009,153,22.17,10.410000000000025
2009,154,4.07,9.340000000000032
2009,155,0.78,13.610000000000014
2009,156,0.23,16.210000000000036
2009,157,0.0,15.060000000000002
2009,158,0.22,13.29000000000002
2009,159,0.45,11.379999999999995
2009,160,0.2,13.220000000000027
2009,161,0.86,12.129999999999995
2009,162,3.35,11.629999999999995
2009,163,1.61,12.700000000000045
2009,164,1.5,14.760000000000048
2009,165,5.48,15.610000000000014
2009,166,3.07,14.450000000000045
2009,167,0.23,14.430000000000007
2009,168,0.02,17.220000000000027
2009,169,0.16,16.29000000000002
2009,170,1.13,15.460000000000036
2009,171,0.33,15.54000000000002
2009,172,0.01,15.180000000000007
2009,173,0.0,17.700000000000045
2009,174,4.96,20.04000000000002
2009,175,2.15,19.620000000000005
2009,176,2.26,20.120000000000005
2009,177,14.44,19.310000000000002
2009,178,0.34,16.930000000000007
2009,179,5.34,18.160000000000025
2009,180,0.47,18.79000000000002
2009,181,0.7,19.32000000000005
2009,182,0.0,19.840000000000032
2009,183,7.52,19.680000000000007
2009,184,8.29,19.200000000000045
2009,185,2.05,17.689999999999998
2009,186,10.32,16.180000000000007
2009,187,0.97,17.610000000000014
2009,188,0.79,19.400000000000034
2009,189,0.0,19.560000000000002
2009,190,0.0,20.610000000000014
2009,191,0.11,21.350000000000023
2009,192,3.61,22.410000000000025
2009,193,6.35,21.660000000000025
2009,194,6.82,21.27000000000004
2009,195,0.64,21.360000000000014
2009,196,0.0,20.110000000000014
2009,197,0.2,19.77000000000004
2009,198,0.2,19.379999999999995
2009,199,0.0,19.260000000000048
2009,200,0.1,20.58000000000004
2009,201,2.31,21.170000000000016
2009,202,6.16,18.0
2009,203,7.41,19.04000000000002
2009,204,0.94,20.350000000000023
2009,205,0.3,21.890000000000043
2009,206,0.43,21.230000000000018
2009,207,8.13,17.77000000000004
2009,208,3.07,18.05000000000001
2009,209,3.36,18.120000000000005
2009,210,7.05,16.640000000000043
2009,211,9.58,12.800000000000011
2009,212,1.75,16.400000000000034
2009,213,2.22,16.600000000000023
2009,214,0.47,19.140000000000043
2009,215,1.15,21.180000000000007
2009,216,2.08,21.04000000000002
2009,217,0.15,22.140000000000043
2009,218,3.68,21.80000000000001
2009,219,1.87,20.920000000000016
2009,220,0.0,18.850000000000023
2009,221,0.0,17.010000000000048
2009,222,1.48,17.77000000000004
2009,223,0.83,18.560000000000002
2009,224,0.05,20.090000000000032
2009,225,0.43,21.350000000000023
2009,226,1.01,19.83000000000004
2009,227,0.61,17.090000000000032
2009,228,0.54,16.670000000000016
2009,229,0.0,15.900000000000034
2009,230,3.44,16.370000000000005
2009,231,0.46,16.610000000000014
2009,232,0.0,16.24000000000001
2009,233,0.0,18.350000000000023
2009,234,0.0,20.920000000000016
2009,235,0.18,22.439999999999998
2009,236,0.11,20.75
2009,237,4.7,17.27000000000004
2009,238,5.1,16.660000000000025
2009,239,0.06,17.210000000000036
2009,240,0.0,17.850000000000023
2009,241,0.02,17.920000000000016
2009,242,0.56,16.920000000000016
2009,243,0.46,17.80000000000001
2009,244,0.09,19.52000000000004
2009,245,0.05,19.840000000000032
2009,246,0.34,18.720000000000027
2009,247,0.0,18.27000000000004
2009,248,0.88,17.810000000000002
2009,249,0.49,17.470000000000027
2009,250,0.28,17.02000000000004
2009,251,1.0,19.0
2009,252,0.5,17.610000000000014
2009,253,0.88,18.33000000000004
2009,254,0.07,17.07000000000005
2009,255,3.83,12.170000000000016
2009,256,14.54,13.400000000000034
2009,257,1.36,16.52000000000004
2009,258,2.3,16.939999999999998
2009,259,2.45,14.54000000000002
2009,260,1.27,13.550000000000011
2009,261,0.0,14.270000000000039
2009,262,0.0,14.189999999999998
2009,263,0.74,15.700000000000045
2009,264,8.96,9.020000000000039
2009,265,2.37,3.7700000000000387
2009,266,7.71,5.020000000000039
2009,267,2.11,6.230000000000018
2009,268,0.54,8.420000000000016
2009,269,0.0,12.890000000000043
2009,270,0.02,16.730000000000018
2009,271,0.0,12.860000000000014
2009,272,0.0,15.410000000000025
2009,273,0.0,16.010000000000048
2009,274,0.0,6.180000000000007
2009,275,0.0,3.7900000000000205
2009,276,0.0,7.110000000000014
2009,277,0.0,9.340000000000032
2009,278,1.03,9.560000000000002
2009,279,1.31,5.670000000000016
2009,280,0.06,8.680000000000007
2009,281,0.58,6.520000000000039
2009,282,1.54,3.6299999999999955
2009,283,0.88,2.090000000000032
2009,284,0.0,1.75
2009,285,0.03,6.850000000000023
2009,286,0.0,8.400000000000034
2009,287,0.15,10.629999999999995
2009,288,0.0,9.660000000000025
2009,289,0.0,7.730000000000018
2009,290,0.0,7.770000000000039
2009,291,0.0,12.470000000000027
2009,292,0.0,13.550000000000011
2009,293,0.0,11.720000000000027
2009,294,11.33,3.4700000000000273
2009,295,10.09,-0.6999999999999886
2009,296,1.19,2.650000000000034
2009,297,0.0,6.189999999999998
2009,298,1.62,3.1899999999999977
2009,299,4.06,-3.2399999999999523
2009,300,0.64,3.0200000000000387
2009,301,14.65,-1.1599999999999682
2009,302,9.07,-6.819999999999993
2009,303,2.97,-5.359999999999957
2009,304,1.35,2.5
2009,305,0.0,4.650000000000034
2009,306,0.0,3.740000000000009
2009,307,0.0,5.75
2009,308,0.0,7.680000000000007
2009,309,0.0,9.660000000000025
2009,310,0.0,9.490000000000009
2009,311,0.0,9.240000000000009
2009,312,0.0,8.210000000000036
2009,313,0.0,4.910000000000025
2009,314,0.0,5.8700000000000045
2009,315,0.0,7.720000000000027
2009,316,0.0,8.450000000000045
2009,317,0.0,6.260000000000048
2009,318,1.91,1.1899999999999977
2009,319,15.75,-3.8899999999999864
2009,320,0.43,-6.859999999999957
2009,321,2.14,0.12999999999999545
2009,322,0.28,3.230000000000018
2009,323,0.0,1.2300000000000182
2009,324,0.0,-0.13999999999998636
2009,325,0.0,2.7800000000000296
2009,326,0.0,0.5100000000000477
2009,327,0.0,-1.8799999999999955
2009,328,0.0,-5.039999999999964
2009,329,0.03,-0.25
2009,330,0.0,2.6299999999999955
2009,331,0.0,3.9600000000000364
2009,332,0.0,2.730000000000018
2009,333,0.0,-2.2799999999999727
2009,334,0.0,-0.75
2009,335,0.0,2.0400000000000205
2009,336,1.86,-7.029999999999973
2009,337,0.0,-13.71999999999997
2009,338,0.0,-14.319999999999993
2009,339,0.0,-5.849999999999966
2009,340,2.42,-11.379999999999995
2009,341,0.0,-13.089999999999975
2009,342,1.48,-9.95999999999998
2009,343,0.88,-15.92999999999995
2009,344,0.0,-13.370000000000005
2009,345,0.07,-7.989999999999952
2009,346,0.11,-4.019999999999982
2009,347,0.02,-1.579999999999984
2009,348,0.0,-2.849999999999966
2009,349,0.0,-4.169999999999959
2009,350,0.0,1.9399999999999977
2009,351,0.0,1.3000000000000114
2009,352,0.0,-3.009999999999991
2009,353,0.0,-4.6200000000000045
2009,354,0.0,0.0
2009,355,0.0,1.5200000000000387
2009,356,0.0,0.6500000000000341
2009,357,5.64,-3.0
2009,358,0.0,-10.159999999999968
2009,359,0.0,-12.699999999999989
2009,360,0.04,-10.239999999999952
2009,361,0.0,-7.329999999999984
2009,362,0.0,-7.529999999999973
2009,363,0.0,-4.310000000000002
2009,364,0.0,-5.439999999999998
2009,365,0.04,-8.689999999999998
2010,1,0.0,-5.029999999999973
2010,2,0.02,-1.6099999999999568
2010,3,0.0,-5.1299999999999955
2010,4,0.0,-6.479999999999961
2010,5,0.0,-3.7399999999999523
2010,6,0.0,-2.3700000000000045
2010,7,0.61,-13.779999999999973
2010,8,0.15,-11.419999999999959
2010,9,0.02,-3.849999999999966
2010,10,0.03,-1.9899999999999523
2010,11,0.0,-1.169999999999959
2010,12,0.0,1.4700000000000273
2010,13,0.0,1.5600000000000023
2010,14,0.0,0.1500000000000341
2010,15,0.0,-0.92999999999995
2010,16,0.0,0.11000000000001364
2010,17,0.0,2.5300000000000296
2010,18,0.0,0.8400000000000318
2010,19,0.1,0.11000000000001364
2010,20,0.0,-3.1299999999999955
2010,21,0.06,-3.579999999999984
2010,22,0.16,1.5300000000000296
2010,23,0.0,-3.42999999999995
2010,24,0.0,-5.96999999999997
2010,25,0.0,-7.060000000000002
2010,26,0.0,-4.8700000000000045
2010,27,0.12,-2.909999999999968
2010,28,0.81,-3.1999999999999886
2010,29,0.0,-5.5499999999999545
2010,30,0.14,-4.609999999999957
2010,31,0.15,-1.2799999999999727
2010,32,0.0,-5.849999999999966
2010,33,0.0,-5.8700000000000045
2010,34,0.0,-1.1299999999999955
2010,35,0.96,-0.7799999999999727
2010,36,0.0,-3.569999999999993
2010,37,0.0,-3.25
2010,38,1.45,-4.1299999999999955
2010,39,2.69,-5.819999999999993
2010,40,0.84,-10.189999999999998
2010,41,0.31,-6.509999999999991
2010,42,0.09,-6.099999999999966
2010,43,0.2,-6.019999999999982
2010,44,0.12,-3.089999999999975
2010,45,0.77,-6.169999999999959
2010,46,0.18,-9.819999999999993
2010,47,0.0,-7.659999999999968
2010,48,0.09,-4.819999999999993
2010,49,0.65,-1.6899999999999977
2010,50,1.98,-4.779999999999973
2010,51,0.89,-4.060000000000002
2010,52,1.76,-6.899999999999977
2010,53,2.07,-8.949999999999989
2010,54,0.48,-8.799999999999955
2010,55,0.22,-3.3700000000000045
2010,56,1.86,-0.6299999999999955
2010,57,4.6,-3.7899999999999636
2010,58,0.05,-2.1499999999999773
2010,59,0.18,1.0
2010,60,0.54,-3.019999999999982
2010,61,0.08,-2.5499999999999545
2010,62,0.0,0.9800000000000182
2010,63,0.0,2.0100000000000477
2010,64,0.0,1.1400000000000432
2010,65,0.0,0.37999999999999545
2010,66,0.04,2.6200000000000045
2010,67,0.82,3.5200000000000387
2010,68,0.99,1.0300000000000296
2010,69,1.99,0.4399999999999977
2010,70,1.4,-3.1499999999999773
2010,71,0.17,-1.6399999999999864
2010,72,0.05,1.8700000000000045
2010,73,0.73,1.990000000000009
2010,74,12.09,-0.17999999999994998
2010,75,0.26,2.0500000000000114
2010,76,0.0,5.230000000000018
2010,77,0.0,6.75
2010,78,9.01,-0.5799999999999841
2010,79,6.3,-8.279999999999973
2010,80,0.0,-2.069999999999993
2010,81,0.0,2.82000000000005
2010,82,1.53,2.670000000000016
2010,83,20.45,-2.0600000000000023
2010,84,0.0,-2.7399999999999523
2010,85,0.56,1.0500000000000114
2010,86,3.14,-1.1999999999999886
2010,87,0.53,-0.19999999999998863
2010,88,0.24,4.760000000000048
2010,89,0.0,8.240000000000009
2010,90,0.0,9.080000000000041
2010,91,0.0,6.390000000000043
2010,92,0.0,-2.3899999999999864
2010,93,0.0,-1.0600000000000023
2010,94,0.0,2.830000000000041
2010,95,0.0,5.850000000000023
2010,96,0.04,3.5100000000000477
2010,97,4.43,-2.509999999999991
2010,98,0.12,0.4200000000000159
2010,99,0.0,5.610000000000014
2010,100,0.0,6.9500000000000455
2010,101,0.0,8.340000000000032
2010,102,0.0,10.620000000000005
2010,103,1.1,10.230000000000018
2010,104,0.0,6.020000000000039
2010,105,0.04,9.120000000000005
2010,106,0.22,6.990000000000009
2010,107,0.37,6.28000000000003
2010,108,0.64,7.6299999999999955
2010,109,0.06,9.25
2010,110,0.11,10.129999999999995
2010,111,1.03,9.740000000000009
2010,112,22.65,9.360000000000014
2010,113,20.29,4.480000000000018
2010,114,4.98,2.82000000000005
2010,115,0.73,5.0400000000000205
2010,116,8.12,3.25
2010,117,0.26,5.1200000000000045
2010,118,0.0,10.760000000000048
2010,119,0.19,7.330000000000041
2010,120,0.72,0.3900000000000432
2010,121,0.06,1.0200000000000387
2010,122,0.55,3.1100000000000136
2010,123,0.94,3.730000000000018
2010,124,0.0,8.75
2010,125,0.0,9.230000000000018
2010,126,0.01,10.360000000000014
2010,127,0.43,3.5600000000000023
2010,128,0.0,4.3700000000000045
2010,129,0.0,10.170000000000016
2010,130,0.34,10.939999999999998
2010,131,0.0,7.390000000000043
2010,132,9.0,4.480000000000018
2010,133,4.71,2.0500000000000114
2010,134,8.57,6.160000000000025
2010,135,1.49,7.07000000000005
2010,136,1.59,7.580000000000041
2010,137,0.05,10.340000000000032
2010,138,0.34,12.700000000000045
2010,139,0.43,9.350000000000023
2010,140,0.46,10.0
2010,141,0.06,13.050000000000011
2010,142,0.0,16.03000000000003
2010,143,0.0,13.910000000000025
2010,144,0.0,12.650000000000034
2010,145,0.0,8.120000000000005
2010,146,0.0,12.650000000000034
2010,147,0.12,16.310000000000002
2010,148,0.0,18.950000000000045
2010,149,0.0,18.28000000000003
2010,150,0.0,11.840000000000032
2010,151,0.0,13.050000000000011
2010,152,0.0,16.100000000000023
2010,153,0.0,15.330000000000041
2010,154,0.23,16.090000000000032
2010,155,0.0,18.900000000000034
2010,156,0.0,21.04000000000002
2010,157,1.68,20.629999999999995
2010,158,0.01,22.560000000000002
2010,159,0.01,20.700000000000045
2010,160,2.76,19.49000000000001
2010,161,0.01,21.150000000000034
2010,162,1.25,18.100000000000023
2010,163,17.62,12.370000000000005
2010,164,9.68,9.830000000000041
2010,165,4.42,9.900000000000034
2010,166,0.6,13.050000000000011
2010,167,0.0,17.660000000000025
2010,168,0.0,17.920000000000016
2010,169,0.0,17.99000000000001
2010,170,0.0,19.54000000000002
2010,171,0.0,19.82000000000005
2010,172,0.0,18.930000000000007
2010,173,0.0,20.32000000000005
2010,174,0.0,18.460000000000036
2010,175,0.0,19.28000000000003
2010,176,0.02,21.980000000000018
2010,177,1.84,20.960000000000036
2010,178,2.91,18.420000000000016
2010,179,0.24,19.129999999999995
2010,180,0.1,20.060000000000002
2010,181,0.0,19.590000000000032
2010,182,0.02,20.150000000000034
2010,183,0.07,20.980000000000018
2010,184,1.07,21.49000000000001
2010,185,2.0,19.950000000000045
2010,186,9.23,16.689999999999998
2010,187,1.08,18.430000000000007
2010,188,2.56,16.910000000000025
2010,189,3.04,15.57000000000005
2010,190,0.26,16.30000000000001
2010,191,1.47,18.970000000000027
2010,192,1.09,18.730000000000018
2010,193,0.88,19.160000000000025
2010,194,0.0,21.760000000000048
2010,195,0.01,23.629999999999995
2010,196,0.11,22.220000000000027
2010,197,0.06,22.370000000000005
2010,198,0.0,23.5
2010,199,0.34,23.760000000000048
2010,200,1.15,23.180000000000007
2010,201,5.76,22.390000000000043
2010,202,14.64,20.33000000000004
2010,203,2.17,20.930000000000007
2010,204,1.09,21.33000000000004
2010,205,0.0,20.590000000000032
2010,206,0.0,19.350000000000023
2010,207,0.0,20.83000000000004
2010,208,0.0,22.439999999999998
2010,209,7.18,21.170000000000016
2010,210,1.48,21.210000000000036
2010,211,0.41,20.930000000000007
2010,212,6.12,20.600000000000023
2010,213,1.84,21.420000000000016
2010,214,5.56,20.129999999999995
2010,215,7.04,20.360000000000014
2010,216,2.28,19.730000000000018
2010,217,1.99,18.33000000000004
2010,218,1.7,18.970000000000027
2010,219,0.81,20.05000000000001
2010,220,3.06,20.360000000000014
2010,221,7.68,20.400000000000034
2010,222,6.11,18.590000000000032
2010,223,0.0,20.200000000000045
2010,224,1.87,20.870000000000005
2010,225,0.0,19.230000000000018
2010,226,0.0,19.33000000000004
2010,227,0.0,17.77000000000004
2010,228,3.47,19.870000000000005
2010,229,1.33,18.090000000000032
2010,230,0.0,20.560000000000002
2010,231,1.75,21.29000000000002
2010,232,4.19,18.260000000000048
2010,233,0.0,19.430000000000007
2010,234,0.18,21.590000000000032
2010,235,1.1,22.02000000000004
2010,236,1.22,16.850000000000023
2010,237,0.45,17.49000000000001
2010,238,0.0,19.689999999999998
2010,239,0.0,20.720000000000027
2010,240,0.0,20.370000000000005
2010,241,0.0,18.83000000000004
2010,242,0.05,18.450000000000045
2010,243,0.1,16.82000000000005
2010,244,0.24,16.75
2010,245,0.0,16.010000000000048
2010,246,0.0,13.590000000000032
2010,247,0.0,18.0
2010,248,0.0,19.680000000000007
2010,249,0.0,17.650000000000034
2010,250,0.0,13.360000000000014
2010,251,0.0,17.77000000000004
2010,252,0.0,17.340000000000032
2010,253,0.0,15.010000000000048
2010,254,0.0,13.050000000000011
2010,255,0.0,16.03000000000003
2010,256,0.0,17.560000000000002
2010,257,0.0,18.82000000000005
2010,258,0.0,18.02000000000004
2010,259,0.01,16.57000000000005
2010,260,0.0,18.350000000000023
2010,261,0.0,18.900000000000034
2010,262,0.0,19.33000000000004
2010,263,0.01,20.04000000000002
2010,264,1.16,18.150000000000034
2010,265,1.23,17.83000000000004
2010,266,0.46,14.740000000000009
2010,267,0.0,13.860000000000014
2010,268,0.0,15.53000000000003
2010,269,0.0,16.80000000000001
2010,270,0.0,18.900000000000034
2010,271,0.0,18.180000000000007
2010,272,0.0,19.07000000000005
2010,273,0.0,14.960000000000036
2010,274,0.0,16.189999999999998
2010,275,0.0,13.860000000000014
2010,276,0.0,15.0
2010,277,0.02,15.550000000000011
2010,278,0.05,15.220000000000027
2010,279,0.28,15.470000000000027
2010,280,2.25,14.520000000000039
2010,281,0.55,14.140000000000043
2010,282,0.02,7.939999999999998
2010,283,0.41,7.810000000000002
2010,284,2.35,8.810000000000002
2010,285,6.71,8.110000000000014
2010,286,1.05,7.090000000000032
2010,287,0.01,11.110000000000014
2010,288,0.0,12.960000000000036
2010,289,0.0,12.140000000000043
2010,290,0.0,11.490000000000009
2010,291,0.0,11.120000000000005
2010,292,0.53,8.420000000000016
2010,293,0.05,10.300000000000011
2010,294,0.02,10.620000000000005
2010,295,2.4,8.240000000000009
2010,296,0.27,7.6200000000000045
2010,297,0.05,7.480000000000018
2010,298,2.78,8.560000000000002
2010,299,1.51,-0.44999999999998863
2010,300,0.05,-2.25
2010,301,0.0,1.4800000000000182
2010,302,0.0,8.720000000000027
2010,303,0.06,10.03000000000003
2010,304,0.06,7.610000000000014
2010,305,0.38,4.939999999999998
2010,306,0.0,5.740000000000009
2010,307,0.0,7.150000000000034
2010,308,0.0,5.03000000000003
2010,309,0.0,7.850000000000023
2010,310,0.0,9.510000000000048
2010,311,0.0,9.920000000000016
2010,312,0.0,7.550000000000011
2010,313,3.6,6.28000000000003
2010,314,2.23,-1.2799999999999727
2010,315,0.53,-0.7999999999999545
2010,316,0.23,-3.8700000000000045
2010,317,0.0,-3.5399999999999636
2010,318,0.0,-3.599999999999966
2010,319,0.26,-2.259999999999991
2010,320,1.26,-0.6699999999999591
2010,321,0.31,-1.4599999999999795
2010,322,0.0,1.4700000000000273
2010,323,0.0,5.640000000000043
2010,324,0.0,5.260000000000048
2010,325,0.02,4.0400000000000205
2010,326,0.1,-0.7899999999999636
2010,327,0.0,-3.7999999999999545
2010,328,0.0,-2.349999999999966
2010,329,0.0,-10.079999999999984
2010,330,0.0,-4.67999999999995
2010,331,0.0,-0.18999999999999773
2010,332,0.38,0.4700000000000273
2010,333,1.3,-5.099999999999966
2010,334,0.04,-8.620000000000005
2010,335,0.05,-1.2799999999999727
2010,336,0.0,1.5100000000000477
2010,337,0.03,4.710000000000036
2010,338,0.12,1.5400000000000205
2010,339,0.0,0.7900000000000205
2010,340,0.0,1.3100000000000023
2010,341,0.08,0.5200000000000387
2010,342,0.0,0.9000000000000341
2010,343,0.0,3.3500000000000227
2010,344,0.0,1.830000000000041
2010,345,0.0,-1.8999999999999773
2010,346,0.04,-4.0499999999999545
2010,347,0.27,3.9399999999999977
2010,348,0.15,4.140000000000043
2010,349,0.09,3.8100000000000023
2010,350,0.7,-3.1499999999999773
2010,351,0.3,-6.17999999999995
2010,352,0.0,-5.579999999999984
2010,353,0.0,-0.2999999999999545
2010,354,0.0,4.600000000000023
2010,355,0.0,2.1299999999999955
2010,356,0.0,0.10000000000002274
2010,357,0.02,3.0500000000000114
2010,358,0.05,0.2400000000000091
2010,359,0.0,-1.089999999999975
2010,360,0.0,1.3900000000000432
2010,361,0.0,-0.2799999999999727
2010,362,0.0,-1.5699999999999932
2010,363,0.0,-0.8999999999999773
2010,364,3.31,-2.7899999999999636
2010,365,2.78,-14.659999999999968
2011,1,0.0,-17.069999999999993
2011,2,0.0,-10.109999999999957
2011,3,0.0,-5.96999999999997
2011,4,0.0,-6.569999999999993
2011,5,0.0,-5.42999999999995
2011,6,0.0,-2.569999999999993
2011,7,0.0,0.8900000000000432
2011,8,0.01,0.4800000000000182
2011,9,4.99,-1.2199999999999704
2011,10,3.74,-10.979999999999961
2011,11,0.0,-14.589999999999975
2011,12,0.0,-8.329999999999984
2011,13,0.0,-1.8100000000000023
2011,14,0.0,0.12999999999999545
2011,15,0.0,-0.3199999999999932
2011,16,0.0,-0.4399999999999977
2011,17,0.04,3.180000000000007
2011,18,0.08,-0.3100000000000023
2011,19,0.57,-1.2299999999999613
2011,20,1.48,-7.409999999999968
2011,21,0.0,-2.9599999999999795
2011,22,0.0,-2.9399999999999977
2011,23,0.11,-5.789999999999964
2011,24,0.43,-4.899999999999977
2011,25,0.32,-5.489999999999952
2011,26,0.04,-4.3700000000000045
2011,27,0.0,-1.3700000000000045
2011,28,0.0,2.2000000000000455
2011,29,0.0,3.7700000000000387
2011,30,0.0,1.490000000000009
2011,31,0.61,-2.359999999999957
2011,32,2.59,-16.839999999999975
2011,33,0.16,-21.909999999999968
2011,34,1.12,-14.169999999999959
2011,35,1.56,-4.329999999999984
2011,36,2.14,-2.4499999999999886
2011,37,7.14,-6.96999999999997
2011,38,4.62,-8.159999999999968
2011,39,4.43,-10.189999999999998
2011,40,0.28,-17.519999999999982
2011,41,0.0,-11.489999999999952
2011,42,0.02,-6.229999999999961
2011,43,0.04,-2.2099999999999795
2011,44,0.0,2.660000000000025
2011,45,0.0,3.490000000000009
2011,46,0.0,4.050000000000011
2011,47,0.0,4.8799999999999955
2011,48,0.0,3.2700000000000387
2011,49,0.0,0.8600000000000136
2011,50,0.18,3.4399999999999977
2011,51,2.39,2.0600000000000023
2011,52,0.0,-4.1299999999999955
2011,53,0.0,-2.25
2011,54,0.0,-0.40999999999996817
2011,55,0.22,-0.6999999999999886
2011,56,0.37,-2.1299999999999955
2011,57,0.09,0.5800000000000409
2011,58,0.2,1.6000000000000227
2011,59,0.0,0.4800000000000182
2011,60,0.0,3.8100000000000023
2011,61,0.0,4.600000000000023
2011,62,0.06,4.710000000000036
2011,63,0.77,0.9200000000000159
2011,64,0.31,-1.8599999999999568
2011,65,0.48,0.8700000000000045
2011,66,0.75,0.8900000000000432
2011,67,0.85,-1.7799999999999727
2011,68,0.17,-2.6299999999999955
2011,69,0.0,2.0600000000000023
2011,70,0.0,5.990000000000009
2011,71,0.08,5.220000000000027
2011,72,0.27,3.240000000000009
2011,73,0.0,3.3600000000000136
2011,74,0.0,4.930000000000007
2011,75,0.0,7.020000000000039
2011,76,0.32,9.390000000000043
2011,77,4.39,3.990000000000009
2011,78,0.13,6.420000000000016
2011,79,0.0,6.810000000000002
2011,80,0.0,8.220000000000027
2011,81,0.0,5.180000000000007
2011,82,0.0,0.5100000000000477
2011,83,0.0,2.660000000000025
2011,84,0.0,1.660000000000025
2011,85,0.09,1.2100000000000364
2011,86,0.75,2.0100000000000477
2011,87,1.01,2.2600000000000477
2011,88,0.98,1.0500000000000114
2011,89,0.2,0.7100000000000364
2011,90,0.0,5.430000000000007
2011,91,0.0,7.840000000000032
2011,92,0.0,10.04000000000002
2011,93,2.46,10.720000000000027
2011,94,3.58,-1.25
2011,95,0.12,5.460000000000036
2011,96,0.4,8.490000000000009
2011,97,1.46,6.590000000000032
2011,98,0.0,7.580000000000041
2011,99,0.0,9.189999999999998
2011,100,0.0,4.420000000000016
2011,101,0.0,2.490000000000009
2011,102,0.0,8.29000000000002
2011,103,0.66,7.080000000000041
2011,104,8.63,4.100000000000023
2011,105,0.0,0.6500000000000341
2011,106,0.0,4.060000000000002
2011,107,0.04,7.82000000000005
2011,108,0.45,10.620000000000005
2011,109,3.17,7.960000000000036
2011,110,0.17,5.850000000000023
2011,111,0.49,8.390000000000043
2011,112,0.42,7.1299999999999955
2011,113,0.53,4.090000000000032
2011,114,3.66,5.3799999999999955
2011,115,2.73,4.510000000000048
2011,116,1.2,3.980000000000018
2011,117,1.17,2.0400000000000205
2011,118,0.1,4.150000000000034
2011,119,0.24,9.020000000000039
2011,120,2.08,1.82000000000005
2011,121,2.07,-0.049999999999954525
2011,122,0.64,0.32000000000005
2011,123,0.26,3.82000000000005
2011,124,0.0,8.360000000000014
2011,125,0.0,6.6200000000000045
2011,126,0.0,11.010000000000048
2011,127,0.0,13.260000000000048
2011,128,0.0,14.610000000000014
2011,129,0.0,13.730000000000018
2011,130,0.0,10.300000000000011
2011,131,21.63,7.220000000000027
2011,132,3.2,4.160000000000025
2011,133,0.47,7.300000000000011
2011,134,2.64,8.03000000000003
2011,135,5.06,5.590000000000032
2011,136,0.42,9.200000000000045
2011,137,0.01,11.900000000000034
2011,138,2.95,8.470000000000027
2011,139,11.76,7.270000000000039
2011,140,4.21,5.53000000000003
2011,141,0.96,7.600000000000023
2011,142,0.05,10.720000000000027
2011,143,1.12,13.020000000000039
2011,144,4.42,10.760000000000048
2011,145,1.46,8.660000000000025
2011,146,0.0,11.850000000000023
2011,147,0.0,12.939999999999998
2011,148,0.06,13.53000000000003
2011,149,0.18,15.82000000000005
2011,150,0.0,14.700000000000045
2011,151,0.0,10.020000000000039
2011,152,0.0,17.400000000000034
2011,153,0.0,19.420000000000016
2011,154,0.0,16.950000000000045
2011,155,0.0,15.840000000000032
2011,156,0.0,19.04000000000002
2011,157,0.0,20.260000000000048
2011,158,0.0,18.58000000000004
2011,159,0.0,16.730000000000018
2011,160,0.05,15.590000000000032
2011,161,0.19,13.980000000000018
2011,162,1.27,16.480000000000018
2011,163,0.12,17.460000000000036
2011,164,0.04,17.450000000000045
2011,165,0.4,16.52000000000004
2011,166,0.0,16.379999999999995
2011,167,0.04,19.350000000000023
2011,168,2.58,17.379999999999995
2011,169,0.92,15.5
2011,170,3.81,16.79000000000002
2011,171,20.95,12.420000000000016
2011,172,1.34,12.470000000000027
2011,173,0.0,15.930000000000007
2011,174,0.0,19.100000000000023
2011,175,0.0,20.79000000000002
2011,176,0.0,20.660000000000025
2011,177,0.0,20.660000000000025
2011,178,0.27,18.060000000000002
2011,179,0.55,20.400000000000034
2011,180,0.08,23.24000000000001
2011,181,0.46,22.52000000000004
2011,182,5.33,18.910000000000025
2011,183,1.22,20.25
2011,184,0.76,21.640000000000043
2011,185,0.05,23.04000000000002
2011,186,0.07,21.879999999999995
2011,187,6.42,21.100000000000023
2011,188,13.36,20.370000000000005
2011,189,5.53,20.670000000000016
2011,190,3.01,21.150000000000034
2011,191,4.54,21.29000000000002
2011,192,13.2,20.620000000000005
2011,193,4.81,19.720000000000027
2011,194,9.54,20.160000000000025
2011,195,21.6,21.590000000000032
2011,196,3.1,21.52000000000004
2011,197,0.63,22.670000000000016
2011,198,0.91,23.480000000000018
2011,199,0.0,23.5
2011,200,3.31,23.590000000000032
2011,201,4.04,22.160000000000025
2011,202,2.98,21.939999999999998
2011,203,1.07,22.02000000000004
2011,204,0.14,23.05000000000001
2011,205,0.73,22.52000000000004
2011,206,1.03,22.460000000000036
2011,207,3.15,22.470000000000027
2011,208,4.74,20.600000000000023
2011,209,1.02,21.129999999999995
2011,210,0.85,20.840000000000032
2011,211,0.12,21.660000000000025
2011,212,0.0,22.620000000000005
2011,213,2.15,22.470000000000027
2011,214,10.45,21.170000000000016
2011,215,12.01,19.060000000000002
2011,216,7.27,20.129999999999995
2011,217,0.78,20.010000000000048
2011,218,1.24,20.99000000000001
2011,219,0.0,21.379999999999995
2011,220,0.0,20.5
2011,221,0.0,20.07000000000005
2011,222,0.0,19.640000000000043
2011,223,0.08,20.430000000000007
2011,224,0.14,20.710000000000036
2011,225,0.53,20.340000000000032
2011,226,1.22,21.439999999999998
2011,227,0.77,20.600000000000023
2011,228,3.6,21.010000000000048
2011,229,1.29,20.439999999999998
2011,230,0.0,22.170000000000016
2011,231,0.81,22.430000000000007
2011,232,1.1,19.970000000000027
2011,233,5.37,21.07000000000005
2011,234,0.23,21.52000000000004
2011,235,0.94,22.5
2011,236,0.78,23.860000000000014
2011,237,0.94,22.74000000000001
2011,238,0.9,22.310000000000002
2011,239,0.54,21.58000000000004
2011,240,1.62,22.360000000000014
2011,241,1.06,19.75
2011,242,0.45,20.350000000000023
2011,243,0.23,21.30000000000001
2011,244,0.2,21.910000000000025
2011,245,0.86,21.460000000000036
2011,246,2.9,18.25
2011,247,0.0,13.82000000000005
2011,248,0.0,16.260000000000048
2011,249,1.62,17.910000000000025
2011,250,5.55,11.990000000000009
2011,251,0.73,12.730000000000018
2011,252,0.35,13.980000000000018
2011,253,0.1,13.760000000000048
2011,254,0.0,15.110000000000014
2011,255,0.03,16.82000000000005
2011,256,0.72,16.27000000000004
2011,257,9.92,14.270000000000039
2011,258,20.92,11.220000000000027
2011,259,1.11,12.470000000000027
2011,260,1.02,13.5
2011,261,1.42,11.57000000000005
2011,262,0.0,13.879999999999995
2011,263,0.0,14.710000000000036
2011,264,0.03,11.870000000000005
2011,265,0.34,11.53000000000003
2011,266,0.0,14.890000000000043
2011,267,0.03,17.160000000000025
2011,268,0.37,16.890000000000043
2011,269,0.0,17.77000000000004
2011,270,0.0,17.07000000000005
2011,271,0.0,17.28000000000003
2011,272,0.0,14.730000000000018
2011,273,0.0,13.740000000000009
2011,274,0.03,16.54000000000002
2011,275,0.15,17.310000000000002
2011,276,0.04,16.720000000000027
2011,277,0.14,15.860000000000014
2011,278,0.88,12.900000000000034
2011,279,0.0,11.850000000000023
2011,280,0.05,6.550000000000011
2011,281,10.95,5.510000000000048
2011,282,0.99,3.340000000000032
2011,283,0.01,5.939999999999998
2011,284,0.0,8.200000000000045
2011,285,0.0,8.430000000000007
2011,286,0.0,10.310000000000002
2011,287,0.0,11.760000000000048
2011,288,0.0,12.640000000000043
2011,289,0.02,13.939999999999998
2011,290,0.18,9.870000000000005
2011,291,0.45,3.2700000000000387
2011,292,0.0,4.480000000000018
2011,293,0.0,8.430000000000007
2011,294,0.0,9.189999999999998
2011,295,0.0,8.950000000000045
2011,296,0.0,9.25
2011,297,0.0,11.170000000000016
2011,298,2.16,10.480000000000018
2011,299,12.75,2.390000000000043
2011,300,4.43,-4.0
2011,301,0.13,-3.2799999999999727
2011,302,0.12,2.3700000000000045
2011,303,0.0,3.2200000000000273
2011,304,0.0,5.560000000000002
2011,305,0.0,5.400000000000034
2011,306,19.65,-1.6999999999999886
2011,307,1.3,-3.3899999999999864
2011,308,0.0,3.480000000000018
2011,309,0.06,5.170000000000016
2011,310,0.51,-1.7099999999999795
2011,311,0.08,-2.2299999999999613
2011,312,0.23,-2.9399999999999977
2011,313,0.04,-4.979999999999961
2011,314,0.2,-1.75
2011,315,0.84,1.990000000000009
2011,316,0.35,3.410000000000025
2011,317,0.0,3.5400000000000205
2011,318,0.0,1.3900000000000432
2011,319,0.0,0.6299999999999955
2011,320,0.0,-1.6399999999999864
2011,321,0.0,-1.8599999999999568
2011,322,0.91,2.910000000000025
2011,323,0.5,3.340000000000032
2011,324,0.12,1.1299999999999955
2011,325,0.2,2.990000000000009
2011,326,0.0,2.07000000000005
2011,327,0.0,4.310000000000002
2011,328,0.0,6.260000000000048
2011,329,0.0,4.350000000000023
2011,330,0.0,-2.519999999999982
2011,331,0.0,-0.9599999999999795
2011,332,0.0,5.810000000000002
2011,333,0.0,2.6299999999999955
2011,334,0.0,3.830000000000041
2011,335,2.13,-1.6499999999999773
2011,336,0.24,-4.560000000000002
2011,337,0.21,-6.259999999999991
2011,338,0.43,-10.419999999999959
2011,339,1.49,-13.829999999999984
2011,340,0.0,-13.859999999999957
2011,341,0.03,-3.2399999999999523
2011,342,0.0,-2.9599999999999795
2011,343,0.0,-5.359999999999957
2011,344,0.0,-3.849999999999966
2011,345,0.0,-3.0
2011,346,0.0,-2.339999999999975
2011,347,0.03,-0.4199999999999591
2011,348,0.0,-1.1599999999999682
2011,349,0.0,-5.079999999999984
2011,350,0.0,-5.0499999999999545
2011,351,0.0,-0.5299999999999727
2011,352,0.0,3.2700000000000387
2011,353,1.57,-0.19999999999998863
2011,354,3.04,-4.159999999999968
2011,355,4.07,-2.3899999999999864
2011,356,11.45,-6.319999999999993
2011,357,1.48,-9.659999999999968
2011,358,0.07,-5.109999999999957
2011,359,0.08,-3.6399999999999864
2011,360,0.5,-0.7799999999999727
2011,361,0.0,-1.9799999999999613
2011,362,0.0,-0.7999999999999545
2011,363,0.46,3.2100000000000364
2011,364,1.19,2.0
2011,365,0.0,0.7800000000000296
2012,1,0.0,-3.819999999999993
2012,2,0.0,-0.45999999999997954
2012,3,0.0,3.390000000000043
2012,4,0.0,1.57000000000005
2012,5,0.0,4.050000000000011
2012,6,0.0,3.2100000000000364
2012,7,1.66,-1.509999999999991
2012,8,4.3,-4.849999999999966
2012,9,0.0,-3.7199999999999704
2012,10,0.0,0.4500000000000455
2012,11,2.27,-3.1399999999999864
2012,12,1.05,-10.019999999999982
2012,13,0.0,-6.509999999999991
2012,14,0.0,-1.9699999999999704
2012,15,0.0,1.2800000000000296
2012,16,0.67,-0.5
2012,17,0.78,-8.229999999999961
2012,18,0.0,-6.019999999999982
2012,19,0.0,1.910000000000025
2012,20,0.0,2.9600000000000364
2012,21,0.0,1.1299999999999955
2012,22,0.03,0.3100000000000023
2012,23,0.0,-2.8700000000000045
2012,24,0.0,-1.3599999999999568
2012,25,0.0,-1.8799999999999955
2012,26,0.03,1.2200000000000273
2012,27,0.03,-1.2699999999999818
2012,28,0.0,-6.519999999999982
2012,29,0.03,-0.92999999999995
2012,30,0.03,2.0400000000000205
2012,31,0.0,0.6000000000000227
2012,32,0.0,-0.9599999999999795
2012,33,4.69,-0.23999999999995225
2012,34,12.83,-3.8799999999999955
2012,35,4.12,-6.529999999999973
2012,36,0.0,-8.439999999999998
2012,37,2.52,-6.279999999999973
2012,38,1.48,-7.669999999999959
2012,39,0.03,-5.479999999999961
2012,40,0.03,-2.159999999999968
2012,41,0.0,-5.359999999999957
2012,42,0.0,-4.649999999999977
2012,43,0.16,-2.069999999999993
2012,44,0.14,-1.92999999999995
2012,45,0.0,-3.319999999999993
2012,46,0.0,-3.8100000000000023
2012,47,0.0,-4.2099999999999795
2012,48,0.0,-3.859999999999957
2012,49,0.0,-5.329999999999984
2012,50,0.0,-2.4499999999999886
2012,51,0.13,-4.389999999999986
2012,52,0.0,-4.789999999999964
2012,53,0.0,1.330000000000041
2012,54,5.14,-0.44999999999998863
2012,55,0.0,-8.049999999999955
2012,56,0.0,-1.329999999999984
2012,57,0.0,-3.1499999999999773
2012,58,0.0,-4.599999999999966
2012,59,0.15,0.22000000000002728
2012,60,0.0,-2.819999999999993
2012,61,0.15,-1.6499999999999773
2012,62,0.2,-5.949999999999989
2012,63,0.0,-8.169999999999959
2012,64,0.0,-0.3199999999999932
2012,65,0.0,3.1200000000000045
2012,66,0.0,4.0400000000000205
2012,67,0.0,3.07000000000005
2012,68,0.0,-2.0600000000000023
2012,69,0.0,0.22000000000002728
2012,70,0.0,3.25
2012,71,0.0,4.240000000000009
2012,72,0.0,4.910000000000025
2012,73,0.0,6.230000000000018
2012,74,0.0,6.610000000000014
2012,75,0.0,7.0
2012,76,0.0,8.379999999999995
2012,77,0.0,9.07000000000005
2012,78,0.0,8.0
2012,79,0.0,1.0100000000000477
2012,80,0.0,-1.3100000000000023
2012,81,0.0,0.8700000000000045
2012,82,0.0,4.960000000000036
2012,83,0.0,8.04000000000002
2012,84,0.0,10.980000000000018
2012,85,0.0,11.010000000000048
2012,86,0.0,11.700000000000045
2012,87,0.0,8.07000000000005
2012,88,0.0,9.82000000000005
2012,89,0.0,9.770000000000039
2012,90,0.0,9.610000000000014
2012,91,0.0,12.260000000000048
2012,92,0.0,13.680000000000007
2012,93,0.02,7.4500000000000455
2012,94,11.06,-1.4499999999999886
2012,95,3.28,2.3600000000000136
2012,96,0.0,7.8700000000000045
2012,97,0.0,9.29000000000002
2012,98,0.0,5.060000000000002
2012,99,0.0,7.300000000000011
2012,100,0.0,9.689999999999998
2012,101,0.0,11.689999999999998
2012,102,0.21,13.080000000000041
2012,103,1.34,10.260000000000048
2012,104,0.0,5.970000000000027
2012,105,4.64,7.610000000000014
2012,106,17.6,3.0300000000000296
2012,107,0.07,2.8600000000000136
2012,108,0.0,6.350000000000023
2012,109,0.0,9.770000000000039
2012,110,0.0,9.54000000000002
2012,111,0.0,7.710000000000036
2012,112,0.0,11.189999999999998
2012,113,0.0,12.590000000000032
2012,114,0.0,14.200000000000045
2012,115,0.0,16.420000000000016
2012,116,0.0,16.220000000000027
2012,117,0.58,15.830000000000041
2012,118,1.3,11.980000000000018
2012,119,0.0,6.770000000000039
2012,120,0.0,8.010000000000048
2012,121,0.0,10.100000000000023
2012,122,0.0,12.939999999999998
2012,123,0.0,13.740000000000009
2012,124,0.0,14.640000000000043
2012,125,0.0,16.24000000000001
2012,126,0.28,16.590000000000032
2012,127,2.8,11.939999999999998
2012,128,13.77,6.2000000000000455
2012,129,0.03,5.75
2012,130,0.0,10.510000000000048
2012,131,0.0,13.920000000000016
2012,132,2.87,9.480000000000018
2012,133,5.13,7.330000000000041
2012,134,10.48,9.310000000000002
2012,135,0.46,9.970000000000027
2012,136,0.0,13.910000000000025
2012,137,0.09,15.410000000000025
2012,138,0.01,14.900000000000034
2012,139,0.98,16.350000000000023
2012,140,6.87,11.640000000000043
2012,141,0.17,10.740000000000009
2012,142,0.01,15.430000000000007
2012,143,0.0,18.470000000000027
2012,144,2.95,17.30000000000001
2012,145,5.87,10.480000000000018
2012,146,0.0,12.230000000000018
2012,147,0.0,17.200000000000045
2012,148,0.0,13.400000000000034
2012,149,0.0,9.430000000000007
2012,150,0.0,13.160000000000025
2012,151,0.0,15.689999999999998
2012,152,0.0,14.07000000000005
2012,153,0.0,16.660000000000025
2012,154,0.57,18.340000000000032
2012,155,0.0,19.220000000000027
2012,156,0.18,20.640000000000043
2012,157,0.12,19.200000000000045
2012,158,0.46,19.100000000000023
2012,159,0.33,18.78000000000003
2012,160,0.07,18.700000000000045
2012,161,0.0,20.379999999999995
2012,162,0.06,17.52000000000004
2012,163,0.0,14.270000000000039
2012,164,0.0,16.760000000000048
2012,165,0.0,19.060000000000002
2012,166,0.0,20.52000000000004
2012,167,0.07,19.32000000000005
2012,168,0.78,18.260000000000048
2012,169,0.0,19.900000000000034
2012,170,0.0,22.230000000000018
2012,171,0.0,22.560000000000002
2012,172,0.0,19.220000000000027
2012,173,0.0,16.480000000000018
2012,174,0.0,21.980000000000018
2012,175,0.0,23.810000000000002
2012,176,0.0,25.379999999999995
2012,177,0.0,25.07000000000005
2012,178,0.83,25.07000000000005
2012,179,1.47,23.99000000000001
2012,180,2.49,23.32000000000005
2012,181,0.01,23.04000000000002
2012,182,0.0,23.310000000000002
2012,183,0.0,24.25
2012,184,0.0,24.100000000000023
2012,185,2.4,23.03000000000003
2012,186,0.17,22.54000000000002
2012,187,0.0,22.870000000000005
2012,188,3.3,21.55000000000001
2012,189,23.58,19.170000000000016
2012,190,13.55,18.760000000000048
2012,191,5.7,17.340000000000032
2012,192,3.25,17.74000000000001
2012,193,0.0,19.24000000000001
2012,194,0.32,21.120000000000005
2012,195,0.43,21.80000000000001
2012,196,0.0,22.0
2012,197,0.78,22.260000000000048
2012,198,0.26,21.600000000000023
2012,199,0.1,20.920000000000016
2012,200,1.09,21.810000000000002
2012,201,0.03,22.850000000000023
2012,202,0.09,23.629999999999995
2012,203,0.0,23.710000000000036
2012,204,0.01,23.430000000000007
2012,205,0.19,23.170000000000016
2012,206,0.03,23.110000000000014
2012,207,0.21,21.950000000000045
2012,208,0.0,20.600000000000023
2012,209,5.64,21.590000000000032
2012,210,3.97,21.260000000000048
2012,211,9.7,22.28000000000003
2012,212,10.7,20.970000000000027
2012,213,11.98,21.760000000000048
2012,214,1.26,22.54000000000002
2012,215,2.13,20.170000000000016
2012,216,0.95,20.960000000000036
2012,217,0.0,19.439999999999998
2012,218,0.55,19.310000000000002
2012,219,0.0,22.210000000000036
2012,220,4.96,21.5
2012,221,1.7,21.610000000000014
2012,222,0.0,22.510000000000048
2012,223,0.28,22.720000000000027
2012,224,0.29,21.99000000000001
2012,225,0.0,19.05000000000001
2012,226,1.38,19.560000000000002
2012,227,0.02,19.33000000000004
2012,228,0.0,21.200000000000045
2012,229,1.53,18.220000000000027
2012,230,0.34,19.670000000000016
2012,231,0.0,18.970000000000027
2012,232,0.0,17.350000000000023
2012,233,0.0,18.08000000000004
2012,234,0.0,18.610000000000014
2012,235,1.07,20.470000000000027
2012,236,3.16,19.920000000000016
2012,237,0.65,18.810000000000002
2012,238,0.06,18.55000000000001
2012,239,0.0,19.33000000000004
2012,240,0.0,21.810000000000002
2012,241,0.11,21.939999999999998
2012,242,0.0,22.24000000000001
2012,243,0.23,22.03000000000003
2012,244,0.03,20.210000000000036
2012,245,0.0,21.05000000000001
2012,246,0.07,21.160000000000025
2012,247,0.13,21.05000000000001
2012,248,0.0,19.650000000000034
2012,249,0.0,18.78000000000003
2012,250,0.65,18.870000000000005
2012,251,0.54,18.25
2012,252,0.0,13.620000000000005
2012,253,0.0,16.24000000000001
2012,254,0.0,19.129999999999995
2012,255,6.87,19.700000000000045
2012,256,32.03,13.590000000000032
2012,257,0.1,10.730000000000018
2012,258,0.0,12.480000000000018
2012,259,0.0,14.939999999999998
2012,260,0.0,17.0
2012,261,0.8,14.460000000000036
2012,262,0.0,12.720000000000027
2012,263,0.0,15.680000000000007
2012,264,0.0,15.960000000000036
2012,265,0.0,15.840000000000032
2012,266,0.0,15.650000000000034
2012,267,0.0,16.640000000000043
2012,268,0.0,16.870000000000005
2012,269,4.15,14.520000000000039
2012,270,2.74,11.620000000000005
2012,271,3.27,11.450000000000045
2012,272,0.0,11.390000000000043
2012,273,0.0,13.270000000000039
2012,274,1.54,13.82000000000005
2012,275,0.02,12.03000000000003
2012,276,0.0,13.300000000000011
2012,277,0.0,15.300000000000011
2012,278,1.19,7.970000000000027
2012,279,0.27,6.390000000000043
2012,280,0.0,0.9200000000000159
2012,281,0.0,1.0400000000000205
2012,282,0.0,7.180000000000007
2012,283,0.0,9.850000000000023
2012,284,0.0,9.580000000000041
2012,285,0.0,13.25
2012,286,3.55,11.939999999999998
2012,287,0.16,7.810000000000002
2012,288,0.0,8.610000000000014
2012,289,0.0,11.160000000000025
2012,290,0.0,12.220000000000027
2012,291,0.04,8.870000000000005
2012,292,0.0,5.360000000000014
2012,293,0.0,9.160000000000025
2012,294,0.0,12.28000000000003
2012,295,0.0,12.470000000000027
2012,296,0.0,10.850000000000023
2012,297,0.0,11.890000000000043
2012,298,0.23,9.900000000000034
2012,299,8.46,0.4200000000000159
2012,300,1.46,-2.0
2012,301,0.01,-0.37000000000000455
2012,302,0.0,3.640000000000043
2012,303,0.0,7.900000000000034
2012,304,0.0,9.340000000000032
2012,305,0.0,9.54000000000002
2012,306,0.0,10.110000000000014
2012,307,0.0,9.129999999999995
2012,308,0.0,6.32000000000005
2012,309,0.0,6.760000000000048
2012,310,0.0,6.689999999999998
2012,311,0.0,9.160000000000025
2012,312,0.0,10.260000000000048
2012,313,0.0,9.730000000000018
2012,314,0.01,8.800000000000011
2012,315,0.0,6.110000000000014
2012,316,0.01,-4.839999999999975
2012,317,0.0,-4.789999999999964
2012,318,0.0,1.6800000000000068
2012,319,0.0,2.480000000000018
2012,320,0.0,2.5600000000000023
2012,321,0.0,3.0600000000000023
2012,322,0.0,6.0400000000000205
2012,323,0.0,5.28000000000003
2012,324,0.0,4.410000000000025
2012,325,0.0,5.490000000000009
2012,326,0.0,8.150000000000034
2012,327,0.0,7.110000000000014
2012,328,0.0,2.9600000000000364
2012,329,0.0,6.610000000000014
2012,330,0.0,5.890000000000043
2012,331,0.0,1.1000000000000227
2012,332,0.0,2.340000000000032
2012,333,0.0,4.210000000000036
2012,334,0.0,4.900000000000034
2012,335,0.0,5.6200000000000045
2012,336,0.0,6.740000000000009
2012,337,0.0,6.32000000000005
2012,338,0.02,6.260000000000048
2012,339,0.0,2.5200000000000387
2012,340,0.02,6.580000000000041
2012,341,0.0,5.360000000000014
2012,342,0.0,1.410000000000025
2012,343,0.0,-1.0
2012,344,5.58,-6.279999999999973
2012,345,0.0,-10.0
2012,346,0.69,-6.439999999999998
2012,347,0.0,-1.1899999999999977
2012,348,0.78,1.8799999999999955
2012,349,0.28,1.5300000000000296
2012,350,0.0,-0.20999999999997954
2012,351,0.0,-3.5499999999999545
2012,352,0.13,-3.659999999999968
2012,353,0.56,-1.3799999999999955
2012,354,0.93,-6.039999999999964
2012,355,0.6,-9.370000000000005
2012,356,0.18,-1.2899999999999636
2012,357,0.06,0.8400000000000318
2012,358,0.22,-0.47999999999996135
2012,359,0.14,-2.509999999999991
2012,360,1.17,-6.899999999999977
2012,361,0.0,-6.479999999999961
2012,362,0.36,-6.779999999999973
2012,363,0.0,-9.689999999999998
2012,364,0.0,-9.349999999999966
2012,365,0.04,-3.2799999999999727
2012,366,0.0,-7.75
2013,1,0.0,-10.810000000000002
2013,2,0.0,-10.759999999999991
2013,3,0.0,-10.96999999999997
2013,4,0.0,-5.829999999999984
2013,5,0.0,-4.5
2013,6,0.15,-3.0399999999999636
2013,7,0.0,-0.3499999999999659
2013,8,0.0,-0.5600000000000023
2013,9,0.0,0.07000000000005002
2013,10,0.0,1.7900000000000205
2013,11,0.0,-1.919999999999959
2013,12,0.0,-12.829999999999984
2013,13,0.0,-15.819999999999993
2013,14,0.12,-14.620000000000005
2013,15,0.02,-13.75
2013,16,0.0,-4.229999999999961
2013,17,0.0,-2.1999999999999886
2013,18,0.0,-0.9399999999999977
2013,19,0.0,-0.2599999999999909
2013,20,0.0,0.6100000000000136
2013,21,0.0,-0.2699999999999818
2013,22,0.0,3.32000000000005
2013,23,0.0,5.550000000000011
2013,24,0.0,5.8799999999999955
2013,25,0.0,4.340000000000032
2013,26,0.01,4.140000000000043
2013,27,1.51,4.53000000000003
2013,28,0.56,2.75
2013,29,0.22,-5.819999999999993
2013,30,0.01,-8.509999999999991
2013,31,0.55,-3.4499999999999886
2013,32,0.0,-2.3799999999999955
2013,33,0.0,-1.3700000000000045
2013,34,0.0,1.1000000000000227
2013,35,0.0,0.7100000000000364
2013,36,0.0,1.0400000000000205
2013,37,0.19,3.1299999999999955
2013,38,0.89,-0.47999999999996135
2013,39,1.1,0.20000000000004547
2013,40,0.0,0.0
2013,41,0.67,-5.46999999999997
2013,42,0.64,-7.079999999999984
2013,43,0.06,-7.689999999999998
2013,44,0.0,-4.529999999999973
2013,45,0.06,-3.6999999999999886
2013,46,0.0,-7.239999999999952
2013,47,0.81,-2.4599999999999795
2013,48,0.0,1.0900000000000318
2013,49,0.67,-3.349999999999966
2013,50,0.0,-4.089999999999975
2013,51,0.07,-1.9899999999999523
2013,52,0.16,-5.029999999999973
2013,53,0.89,-7.139999999999986
2013,54,0.0,-6.109999999999957
2013,55,10.03,-5.009999999999991
2013,56,1.85,-7.589999999999975
2013,57,1.91,-4.839999999999975
2013,58,0.87,-7.319999999999993
2013,59,0.0,-6.699999999999989
2013,60,1.82,-3.9599999999999795
2013,61,1.26,0.6700000000000159
2013,62,0.63,3.640000000000043
2013,63,0.82,1.400000000000034
2013,64,0.71,-4.099999999999966
2013,65,0.01,2.7000000000000455
2013,66,0.0,4.510000000000048
2013,67,0.0,5.240000000000009
2013,68,5.88,1.3100000000000023
2013,69,1.66,-3.4799999999999613
2013,70,3.04,0.7700000000000387
2013,71,1.4,-0.15999999999996817
2013,72,0.02,4.1200000000000045
2013,73,0.0,6.990000000000009
2013,74,0.0,9.640000000000043
2013,75,0.11,7.689999999999998
2013,76,0.06,4.670000000000016
2013,77,0.0,0.37000000000000455
2013,78,0.0,0.6100000000000136
2013,79,0.0,1.7200000000000273
2013,80,0.0,4.520000000000039
2013,81,0.0,0.20000000000004547
2013,82,6.79,-5.21999999999997
2013,83,0.0,-9.71999999999997
2013,84,1.8,-9.989999999999952
2013,85,0.92,-2.7899999999999636
2013,86,0.0,3.4700000000000273
2013,87,0.0,5.2900000000000205
2013,88,0.0,6.340000000000032
2013,89,0.0,6.07000000000005
2013,90,0.0,5.390000000000043
2013,91,0.0,5.770000000000039
2013,92,1.34,2.900000000000034
2013,93,1.11,2.7200000000000273
2013,94,0.0,5.890000000000043
2013,95,0.0,8.939999999999998
2013,96,0.0,7.080000000000041
2013,97,0.0,6.9500000000000455
2013,98,0.0,7.420000000000016
2013,99,3.63,-1.25
2013,100,0.0,-7.519999999999982
2013,101,1.59,0.6800000000000068
2013,102,0.02,3.3600000000000136
2013,103,0.0,5.580000000000041
2013,104,1.45,5.050000000000011
2013,105,1.46,2.590000000000032
2013,106,2.25,1.240000000000009
2013,107,4.55,-0.47999999999996135
2013,108,0.45,-6.589999999999975
2013,109,0.52,-1.7899999999999636
2013,110,0.0,3.0200000000000387
2013,111,0.0,4.439999999999998
2013,112,1.86,6.110000000000014
2013,113,4.16,-3.8999999999999773
2013,114,3.33,-3.009999999999991
2013,115,0.43,3.1000000000000227
2013,116,0.0,7.050000000000011
2013,117,0.0,7.900000000000034
2013,118,0.0,10.720000000000027
2013,119,0.0,11.28000000000003
2013,120,0.02,12.370000000000005
2013,121,13.14,2.8100000000000023
2013,122,2.64,-4.389999999999986
2013,123,0.0,-0.049999999999954525
2013,124,0.48,4.080000000000041
2013,125,0.01,4.2900000000000205
2013,126,2.29,7.720000000000027
2013,127,0.33,9.990000000000009
2013,128,7.41,8.439999999999998
2013,129,30.36,6.32000000000005
2013,130,2.23,6.640000000000043
2013,131,0.11,8.330000000000041
2013,132,0.0,11.390000000000043
2013,133,0.0,14.890000000000043
2013,134,0.47,16.82000000000005
2013,135,0.99,16.430000000000007
2013,136,0.15,14.670000000000016
2013,137,0.04,15.970000000000027
2013,138,0.28,14.560000000000002
2013,139,0.02,9.879999999999995
2013,140,0.76,8.53000000000003
2013,141,0.26,8.340000000000032
2013,142,0.0,11.680000000000007
2013,143,0.55,13.120000000000005
2013,144,0.0,15.080000000000041
2013,145,0.0,16.470000000000027
2013,146,0.0,17.25
2013,147,0.0,16.480000000000018
2013,148,0.4,15.160000000000025
2013,149,5.36,12.629999999999995
2013,150,0.02,9.670000000000016
2013,151,0.02,9.730000000000018
2013,152,0.0,9.870000000000005
2013,153,0.0,13.460000000000036
2013,154,0.0,18.680000000000007
2013,155,0.6,16.920000000000016
2013,156,0.7,13.32000000000005
2013,157,0.0,13.260000000000048
2013,158,0.37,15.980000000000018
2013,159,0.0,17.49000000000001
2013,160,0.0,16.810000000000002
2013,161,0.01,22.110000000000014
2013,162,0.01,22.950000000000045
2013,163,0.0,20.83000000000004
2013,164,0.0,22.220000000000027
2013,165,0.0,21.57000000000005
2013,166,0.52,19.29000000000002
2013,167,0.63,19.230000000000018
2013,168,0.91,17.840000000000032
2013,169,1.13,18.480000000000018
2013,170,0.1,19.210000000000036
2013,171,0.0,20.58000000000004
2013,172,0.0,20.680000000000007
2013,173,0.0,19.75
2013,174,1.2,18.439999999999998
2013,175,0.44,19.170000000000016
2013,176,0.0,19.610000000000014
2013,177,0.0,21.430000000000007
2013,178,0.0,23.58000000000004
2013,179,0.0,23.650000000000034
2013,180,6.29,21.810000000000002
2013,181,0.97,19.930000000000007
2013,182,3.61,17.55000000000001
2013,183,6.42,16.470000000000027
2013,184,0.03,17.939999999999998
2013,185,1.12,20.02000000000004
2013,186,3.23,20.970000000000027
2013,187,2.52,21.140000000000043
2013,188,3.87,21.32000000000005
2013,189,2.04,21.920000000000016
2013,190,0.17,22.730000000000018
2013,191,0.33,22.5
2013,192,0.03,22.700000000000045
2013,193,5.25,22.960000000000036
2013,194,5.81,21.83000000000004
2013,195,0.31,20.03000000000003
2013,196,7.78,17.700000000000045
2013,197,0.0,16.420000000000016
2013,198,0.0,17.660000000000025
2013,199,0.0,21.03000000000003
2013,200,3.0,20.390000000000043
2013,201,0.15,20.150000000000034
2013,202,0.0,21.150000000000034
2013,203,0.0,22.140000000000043
2013,204,0.0,22.810000000000002
2013,205,17.32,20.810000000000002
2013,206,1.71,18.82000000000005
2013,207,1.12,17.30000000000001
2013,208,0.85,19.33000000000004
2013,209,7.9,16.120000000000005
2013,210,2.71,16.450000000000045
2013,211,1.59,17.840000000000032
2013,212,0.93,19.53000000000003
2013,213,3.46,19.75
2013,214,0.04,19.77000000000004
2013,215,11.32,20.02000000000004
2013,216,0.61,19.730000000000018
2013,217,0.38,20.260000000000048
2013,218,0.16,19.29000000000002
2013,219,4.44,16.04000000000002
2013,220,0.1,15.75
2013,221,9.09,14.980000000000018
2013,222,0.25,16.840000000000032
2013,223,1.02,17.430000000000007
2013,224,5.02,17.150000000000034
2013,225,3.81,16.170000000000016
2013,226,9.51,16.25
2013,227,0.3,17.920000000000016
2013,228,0.0,18.910000000000025
2013,229,0.0,20.49000000000001
2013,230,0.47,20.77000000000004
2013,231,0.0,20.32000000000005
2013,232,0.0,21.340000000000032
2013,233,0.21,21.80000000000001
2013,234,2.34,19.99000000000001
2013,235,28.13,19.680000000000007
2013,236,0.35,19.32000000000005
2013,237,0.25,19.49000000000001
2013,238,0.29,19.80000000000001
2013,239,1.43,21.30000000000001
2013,240,0.19,21.620000000000005
2013,241,0.07,21.620000000000005
2013,242,0.34,21.210000000000036
2013,243,0.46,21.230000000000018
2013,244,6.49,18.620000000000005
2013,245,0.93,19.650000000000034
2013,246,0.65,20.58000000000004
2013,247,0.25,21.810000000000002
2013,248,0.01,22.08000000000004
2013,249,0.03,21.920000000000016
2013,250,0.03,21.350000000000023
2013,251,1.1,20.870000000000005
2013,252,1.16,19.470000000000027
2013,253,9.0,15.53000000000003
2013,254,8.79,13.950000000000045
2013,255,6.99,12.689999999999998
2013,256,15.21,14.330000000000041
2013,257,3.78,15.020000000000039
2013,258,21.73,13.230000000000018
2013,259,7.08,13.160000000000025
2013,260,0.06,16.27000000000004
2013,261,0.13,17.74000000000001
2013,262,0.65,14.350000000000023
2013,263,0.02,11.950000000000045
2013,264,0.0,15.150000000000034
2013,265,0.12,16.54000000000002
2013,266,11.33,11.410000000000025
2013,267,0.0,11.04000000000002
2013,268,0.0,14.580000000000041
2013,269,0.0,14.770000000000039
2013,270,1.2,12.730000000000018
2013,271,0.39,7.110000000000014
2013,272,0.01,11.25
2013,273,0.0,14.140000000000043
2013,274,0.01,15.060000000000002
2013,275,0.0,14.170000000000016
2013,276,0.0,13.160000000000025
2013,277,2.81,6.480000000000018
2013,278,0.01,2.160000000000025
2013,279,0.0,7.160000000000025
2013,280,0.0,11.720000000000027
2013,281,0.0,14.600000000000023
2013,282,0.0,12.29000000000002
2013,283,0.42,10.189999999999998
2013,284,0.01,7.220000000000027
2013,285,0.01,6.390000000000043
2013,286,0.0,7.990000000000009
2013,287,2.24,8.879999999999995
2013,288,0.29,2.1100000000000136
2013,289,0.0,2.1200000000000045
2013,290,0.0,3.480000000000018
2013,291,5.02,0.4700000000000273
2013,292,0.0,2.5
2013,293,0.08,5.1200000000000045
2013,294,1.18,3.1000000000000227
2013,295,0.29,6.060000000000002
2013,296,0.01,8.600000000000023
2013,297,0.0,8.460000000000036
2013,298,0.0,8.900000000000034
2013,299,0.0,8.120000000000005
2013,300,0.0,8.129999999999995
2013,301,0.0,8.090000000000032
2013,302,0.0,4.6200000000000045
2013,303,0.98,4.100000000000023
2013,304,0.68,2.2200000000000273
2013,305,0.0,2.0300000000000296
2013,306,0.0,4.140000000000043
2013,307,0.0,7.9500000000000455
2013,308,0.0,2.25
2013,309,0.06,-0.3599999999999568
2013,310,0.0,-1.9599999999999795
2013,311,0.0,2.5400000000000205
2013,312,0.0,6.82000000000005
2013,313,0.0,6.800000000000011
2013,314,0.0,7.189999999999998
2013,315,0.0,6.910000000000025
2013,316,0.0,3.8100000000000023
2013,317,0.0,6.420000000000016
2013,318,0.0,5.860000000000014
2013,319,0.0,4.1299999999999955
2013,320,0.0,3.6200000000000045
2013,321,0.43,1.8799999999999955
2013,322,0.0,3.2100000000000364
2013,323,0.0,5.420000000000016
2013,324,0.0,4.260000000000048
2013,325,0.69,0.09000000000003183
2013,326,0.31,-6.759999999999991
2013,327,0.04,-3.659999999999968
2013,328,0.59,-1.079999999999984
2013,329,0.08,-1.4699999999999704
2013,330,0.0,-2.839999999999975
2013,331,0.0,-0.6699999999999591
2013,332,0.0,1.3600000000000136
2013,333,0.02,1.1899999999999977
2013,334,0.0,0.4500000000000455
2013,335,0.0,-0.44999999999998863
2013,336,0.0,1.900000000000034
2013,337,0.0,1.900000000000034
2013,338,1.28,-9.449999999999989
2013,339,0.3,-14.620000000000005
2013,340,0.14,-16.549999999999955
2013,341,0.36,-12.810000000000002
2013,342,0.0,-10.629999999999995
2013,343,0.18,-15.310000000000002
2013,344,0.25,-8.669999999999959
2013,345,0.0,-5.67999999999995
2013,346,0.53,-0.7099999999999795
2013,347,0.19,0.08000000000004093
2013,348,0.02,-4.399999999999977
2013,349,0.0,-0.8799999999999955
2013,350,0.0,3.1100000000000136
2013,351,0.0,3.0400000000000205
2013,352,0.0,5.090000000000032
2013,353,0.0,4.3799999999999955
2013,354,0.0,-0.6099999999999568
2013,355,0.0,-2.849999999999966
2013,356,1.06,-5.949999999999989
2013,357,0.0,-4.96999999999997
2013,358,0.0,0.410000000000025
2013,359,0.0,-4.199999999999989
2013,360,0.0,-0.06999999999999318
2013,361,0.0,1.5100000000000477
2013,362,0.0,3.330000000000041
2013,363,2.3,-4.339999999999975
2013,364,0.23,-3.4399999999999977
2013,365,0.13,-0.6499999999999773
2014,1,0.02,-1.1499999999999773
2014,2,0.02,-2.6399999999999864
2014,3,0.86,1.9500000000000455
2014,4,0.14,-2.4699999999999704
2014,5,0.0,-13.21999999999997
2014,6,0.9,-11.789999999999964
2014,7,0.27,-1.339999999999975
2014,8,0.06,-1.67999999999995
2014,9,0.0,-2.5600000000000023
2014,10,0.15,-5.149999999999977
2014,11,2.12,-2.329999999999984
2014,12,0.39,0.21000000000003638
2014,13,0.0,-5.639999999999986
2014,14,0.0,-3.7299999999999613
2014,15,0.13,-2.079999999999984
2014,16,0.0,-1.3599999999999568
2014,17,0.0,-3.6399999999999864
2014,18,0.0,-1.3100000000000023
2014,19,0.0,1.3900000000000432
2014,20,0.0,0.5
2014,21,0.0,-0.17999999999994998
2014,22,0.0,0.1500000000000341
2014,23,1.27,-6.519999999999982
2014,24,0.12,-3.7399999999999523
2014,25,0.0,2.2100000000000364
2014,26,0.0,2.8799999999999955
2014,27,0.0,-4.329999999999984
2014,28,3.92,-9.349999999999966
2014,29,1.47,-4.449999999999989
2014,30,0.13,1.6100000000000136
2014,31,1.89,-1.9599999999999795
2014,32,0.9,-5.329999999999984
2014,33,1.39,-9.479999999999961
2014,34,0.12,-6.669999999999959
2014,35,1.0,-8.21999999999997
2014,36,0.0,-14.649999999999977
2014,37,0.59,-12.549999999999955
2014,38,0.7,-5.3700000000000045
2014,39,0.92,-2.7199999999999704
2014,40,0.39,0.8700000000000045
2014,41,2.94,-0.3299999999999841
2014,42,0.45,-2.8899999999999864
2014,43,0.0,-2.6399999999999864
2014,44,0.0,2.1200000000000045
2014,45,0.02,1.7700000000000387
2014,46,0.0,4.990000000000009
2014,47,0.0,5.360000000000014
2014,48,0.0,3.340000000000032
2014,49,0.0,4.270000000000039
2014,50,0.0,3.6000000000000227
2014,51,0.99,-4.5499999999999545
2014,52,0.07,-4.159999999999968
2014,53,0.14,-1.6399999999999864
2014,54,0.0,-0.5299999999999727
2014,55,0.0,2.4600000000000364
2014,56,0.0,3.0100000000000477
2014,57,0.0,-1.7399999999999523
2014,58,0.0,2.5400000000000205
2014,59,0.0,3.4600000000000364
2014,60,0.08,3.680000000000007
2014,61,0.0,1.9700000000000273
2014,62,0.0,1.9800000000000182
2014,63,0.0,3.5
2014,64,6.44,0.8300000000000409
2014,65,0.0,2.9500000000000455
2014,66,2.64,3.7800000000000296
2014,67,2.07,-1.0
2014,68,0.04,3.430000000000007
2014,69,0.0,7.5400000000000205
2014,70,2.46,3.3799999999999955
2014,71,1.19,-4.6200000000000045
2014,72,0.0,0.6500000000000341
2014,73,0.0,1.8100000000000023
2014,74,0.0,1.1299999999999955
2014,75,0.0,0.21000000000003638
2014,76,0.0,5.3700000000000045
2014,77,0.22,-0.13999999999998636
2014,78,0.0,-1.5199999999999818
2014,79,0.0,3.2800000000000296
2014,80,0.0,3.75
2014,81,3.86,1.2000000000000455
2014,82,0.19,-0.08999999999997499
2014,83,0.0,0.3300000000000409
2014,84,0.0,2.4500000000000455
2014,85,0.0,6.640000000000043
2014,86,0.0,4.350000000000023
2014,87,0.0,1.7800000000000296
2014,88,0.0,1.5600000000000023
2014,89,0.0,6.300000000000011
2014,90,0.0,3.8600000000000136
2014,91,0.0,2.390000000000043
2014,92,0.0,4.2900000000000205
2014,93,11.47,-0.2799999999999727
2014,94,2.14,-2.2299999999999613
2014,95,0.27,2.6100000000000136
2014,96,0.49,2.910000000000025
2014,97,0.15,1.6299999999999955
2014,98,0.0,4.270000000000039
2014,99,0.0,9.420000000000016
2014,100,0.0,10.04000000000002
2014,101,0.0,9.990000000000009
2014,102,0.0,11.189999999999998
2014,103,4.6,5.110000000000014
2014,104,4.92,-6.279999999999973
2014,105,0.03,1.7000000000000455
2014,106,0.0,5.110000000000014
2014,107,2.48,4.110000000000014
2014,108,0.0,10.220000000000027
2014,109,0.33,11.260000000000048
2014,110,6.79,9.939999999999998
2014,111,0.83,10.260000000000048
2014,112,0.01,10.990000000000009
2014,113,0.0,12.100000000000023
2014,114,1.42,4.189999999999998
2014,115,0.0,8.990000000000009
2014,116,0.0,11.840000000000032
2014,117,1.31,6.680000000000007
2014,118,0.0,2.1000000000000227
2014,119,0.34,0.12000000000000455
2014,120,0.03,0.22000000000002728
2014,121,0.0,1.2100000000000364
2014,122,0.0,6.660000000000025
2014,123,0.0,12.300000000000011
2014,124,0.0,14.470000000000027
2014,125,0.0,14.260000000000048
2014,126,0.0,13.79000000000002
2014,127,0.0,11.740000000000009
2014,128,7.26,5.660000000000025
2014,129,0.79,6.020000000000039
2014,130,0.04,8.32000000000005
2014,131,16.18,6.689999999999998
2014,132,4.25,-2.0399999999999636
2014,133,1.32,-2.7099999999999795
2014,134,3.27,1.5300000000000296
2014,135,0.34,4.970000000000027
2014,136,0.04,9.310000000000002
2014,137,0.71,10.150000000000034
2014,138,0.0,14.28000000000003
2014,139,0.0,15.800000000000011
2014,140,0.0,14.54000000000002
2014,141,0.56,13.860000000000014
2014,142,3.66,13.54000000000002
2014,143,1.31,13.350000000000023
2014,144,15.55,13.020000000000039
2014,145,16.41,12.760000000000048
2014,146,0.77,12.340000000000032
2014,147,0.71,15.129999999999995
2014,148,0.14,17.310000000000002
2014,149,1.13,18.400000000000034
2014,150,3.55,16.710000000000036
2014,151,0.71,15.04000000000002
2014,152,0.01,17.30000000000001
2014,153,0.0,15.240000000000009
2014,154,0.0,18.730000000000018
2014,155,0.0,18.02000000000004
2014,156,0.21,16.30000000000001
2014,157,6.68,16.75
2014,158,1.54,14.860000000000014
2014,159,9.88,13.920000000000016
2014,160,3.01,9.090000000000032
2014,161,0.0,14.240000000000009
2014,162,0.54,17.0
2014,163,0.26,13.950000000000045
2014,164,2.61,17.140000000000043
2014,165,0.61,17.129999999999995
2014,166,0.0,12.480000000000018
2014,167,0.0,16.400000000000034
2014,168,0.0,17.420000000000016
2014,169,0.01,17.30000000000001
2014,170,1.28,14.54000000000002
2014,171,0.0,17.510000000000048
2014,172,0.0,19.120000000000005
2014,173,0.46,17.510000000000048
2014,174,2.95,16.29000000000002
2014,175,2.59,17.379999999999995
2014,176,0.66,18.600000000000023
2014,177,0.0,19.660000000000025
2014,178,0.59,18.379999999999995
2014,179,0.21,15.100000000000023
2014,180,0.0,18.57000000000005
2014,181,0.0,21.29000000000002
2014,182,0.0,15.689999999999998
2014,183,0.0,15.57000000000005
2014,184,0.0,18.760000000000048
2014,185,3.39,20.32000000000005
2014,186,0.2,20.150000000000034
2014,187,0.01,21.870000000000005
2014,188,0.29,22.170000000000016
2014,189,4.74,18.79000000000002
2014,190,0.71,20.33000000000004
2014,191,1.09,21.29000000000002
2014,192,11.2,21.689999999999998
2014,193,0.99,19.970000000000027
2014,194,21.01,18.920000000000016
2014,195,1.9,19.32000000000005
2014,196,4.6,18.140000000000043
2014,197,6.28,17.870000000000005
2014,198,12.47,15.04000000000002
2014,199,0.44,18.150000000000034
2014,200,1.82,20.28000000000003
2014,201,1.39,21.600000000000023
2014,202,0.01,22.150000000000034
2014,203,0.26,22.79000000000002
2014,204,3.1,22.680000000000007
2014,205,0.69,22.52000000000004
2014,206,4.15,21.910000000000025
2014,207,1.48,21.57000000000005
2014,208,5.88,20.110000000000014
2014,209,9.43,18.480000000000018
2014,210,3.32,17.230000000000018
2014,211,9.12,13.220000000000027
2014,212,11.72,13.450000000000045
2014,213,0.09,14.420000000000016
2014,214,0.13,15.080000000000041
2014,215,0.0,17.77000000000004
2014,216,0.09,19.360000000000014
2014,217,8.52,17.55000000000001
2014,218,0.47,17.879999999999995
2014,219,0.62,18.430000000000007
2014,220,1.54,18.0
2014,221,1.84,18.400000000000034
2014,222,2.6,16.05000000000001
2014,223,0.46,16.470000000000027
2014,224,0.0,18.660000000000025
2014,225,3.6,19.960000000000036
2014,226,11.39,19.58000000000004
2014,227,0.78,18.379999999999995
2014,228,3.34,19.29000000000002
2014,229,1.17,20.180000000000007
2014,230,0.4,20.689999999999998
2014,231,1.08,19.439999999999998
2014,232,0.2,18.83000000000004
2014,233,0.89,17.379999999999995
2014,234,1.98,17.28000000000003
2014,235,0.0,15.770000000000039
2014,236,0.0,15.650000000000034
2014,237,1.79,16.810000000000002
2014,238,0.61,17.439999999999998
2014,239,0.67,16.470000000000027
2014,240,6.34,14.140000000000043
2014,241,3.08,14.420000000000016
2014,242,2.43,16.32000000000005
2014,243,0.02,17.52000000000004
2014,244,0.0,15.300000000000011
2014,245,0.0,16.900000000000034
2014,246,0.0,19.49000000000001
2014,247,0.22,19.74000000000001
2014,248,24.69,13.379999999999995
2014,249,2.52,13.260000000000048
2014,250,6.16,16.0
2014,251,0.84,16.710000000000036
2014,252,2.88,15.57000000000005
2014,253,4.03,13.080000000000041
2014,254,0.02,13.5
2014,255,0.85,6.110000000000014
2014,256,0.0,11.080000000000041
2014,257,0.0,15.439999999999998
2014,258,0.02,16.25
2014,259,0.4,16.810000000000002
2014,260,0.0,18.03000000000003
2014,261,0.0,17.83000000000004
2014,262,0.0,18.810000000000002
2014,263,0.0,18.120000000000005
2014,264,2.84,15.100000000000023
2014,265,5.07,14.360000000000014
2014,266,0.27,15.160000000000025
2014,267,0.22,15.689999999999998
2014,268,0.0,17.129999999999995
2014,269,0.0,18.189999999999998
2014,270,0.0,18.210000000000036
2014,271,4.52,15.379999999999995
2014,272,7.56,13.350000000000023
2014,273,0.61,9.430000000000007
2014,274,0.24,9.160000000000025
2014,275,4.21,6.57000000000005
2014,276,0.0,6.28000000000003
2014,277,0.0,9.29000000000002
2014,278,0.0,10.78000000000003
2014,279,0.0,11.400000000000034
2014,280,0.0,13.5
2014,281,0.0,14.220000000000027
2014,282,11.87,12.200000000000045
2014,283,7.92,7.75
2014,284,0.0,8.890000000000043
2014,285,5.13,8.710000000000036
2014,286,3.35,3.420000000000016
2014,287,0.0,7.590000000000032
2014,288,0.0,13.340000000000032
2014,289,0.0,13.390000000000043
2014,290,0.0,10.939999999999998
2014,291,0.0,10.470000000000027
2014,292,0.0,12.460000000000036
2014,293,0.0,11.770000000000039
2014,294,0.32,12.340000000000032
2014,295,0.0,11.550000000000011
2014,296,0.0,10.450000000000045
2014,297,0.0,13.160000000000025
2014,298,0.0,13.710000000000036
2014,299,0.0,12.950000000000045
2014,300,0.0,8.550000000000011
2014,301,0.0,4.050000000000011
2014,302,0.0,6.670000000000016
2014,303,0.0,7.28000000000003
2014,304,0.0,6.830000000000041
2014,305,0.0,10.32000000000005
2014,306,0.41,9.970000000000027
2014,307,0.1,5.090000000000032
2014,308,0.0,1.5500000000000114
2014,309,0.0,5.720000000000027
2014,310,0.0,7.980000000000018
2014,311,0.0,10.060000000000002
2014,312,0.77,5.970000000000027
2014,313,0.01,8.800000000000011
2014,314,0.28,7.810000000000002
2014,315,0.11,-6.539999999999964
2014,316,0.41,-17.98999999999998
2014,317,0.41,-14.479999999999961
2014,318,0.41,-1.5600000000000023
2014,319,0.07,-1.6499999999999773
2014,320,3.29,-10.089999999999975
2014,321,0.32,-8.769999999999982
2014,322,0.0,-5.519999999999982
2014,323,0.0,-1.1599999999999682
2014,324,0.0,-0.060000000000002274
2014,325,0.0,1.5200000000000387
2014,326,0.0,2.3000000000000114
2014,327,0.02,0.6000000000000227
2014,328,0.13,-5.989999999999952
2014,329,0.0,-4.649999999999977
2014,330,0.26,0.4900000000000091
2014,331,0.0,4.360000000000014
2014,332,0.0,6.160000000000025
2014,333,0.0,5.930000000000007
2014,334,0.0,5.020000000000039
2014,335,0.0,-3.0600000000000023
2014,336,0.0,2.390000000000043
2014,337,0.0,3.4500000000000455
2014,338,0.0,3.730000000000018
2014,339,0.0,3.390000000000043
2014,340,0.0,2.900000000000034
2014,341,0.0,3.5400000000000205
2014,342,0.0,3.25
2014,343,0.0,4.5
2014,344,0.0,5.189999999999998
2014,345,0.0,4.830000000000041
2014,346,0.0,5.8799999999999955
2014,347,0.0,6.610000000000014
2014,348,1.47,2.160000000000025
2014,349,1.99,-2.6499999999999773
2014,350,0.42,-2.2899999999999636
2014,351,0.23,0.18999999999999773
2014,352,0.07,-1.2799999999999727
2014,353,0.96,-2.169999999999959
2014,354,0.04,-1.5399999999999636
2014,355,0.01,-0.009999999999990905
2014,356,2.08,-0.3599999999999568
2014,357,0.5,-5.919999999999959
2014,358,0.21,-4.67999999999995
2014,359,0.21,-0.16999999999995907
2014,360,1.43,-8.560000000000002
2014,361,0.68,-11.519999999999982
2014,362,0.01,-8.269999999999982
2014,363,1.09,-8.889999999999986
2014,364,0.0,-18.25999999999999
2014,365,0.17,-14.149999999999977
2015,1,0.87,-8.829999999999984
2015,2,1.09,-6.849999999999966
2015,3,0.09,-5.060000000000002
2015,4,0.67,-7.139999999999986
2015,5,0.17,-0.2799999999999727
2015,6,0.0,4.9500000000000455
2015,7,0.0,1.4700000000000273
2015,8,0.0,3.5400000000000205
2015,9,0.01,-4.0
2015,10,0.0,1.7200000000000273
2015,11,0.06,1.8000000000000114
2015,12,0.71,-0.9499999999999886
2015,13,0.25,-0.8799999999999955
2015,14,0.21,-2.3999999999999773
2015,15,0.0,-0.5099999999999909
2015,16,0.0,3.240000000000009
2015,17,0.0,2.5200000000000387
2015,18,0.0,2.2600000000000477
2015,19,0.0,3.3600000000000136
2015,20,0.0,0.37999999999999545
2015,21,6.41,-4.399999999999977
2015,22,0.6,-8.349999999999966
2015,23,0.0,-4.329999999999984
2015,24,0.0,-0.39999999999997726
2015,25,0.24,2.7200000000000273
2015,26,0.0,5.390000000000043
2015,27,0.0,7.730000000000018
2015,28,0.0,4.980000000000018
2015,29,0.0,1.3500000000000227
2015,30,0.0,2.2900000000000205
2015,31,1.0,1.830000000000041
2015,32,0.35,-2.2399999999999523
2015,33,0.0,-1.6899999999999977
2015,34,0.0,0.9500000000000455
2015,35,0.0,1.150000000000034
2015,36,0.0,1.7200000000000273
2015,37,0.0,6.110000000000014
2015,38,0.0,7.420000000000016
2015,39,0.0,6.460000000000036
2015,40,0.0,4.830000000000041
2015,41,0.0,5.510000000000048
2015,42,11.49,1.080000000000041
2015,43,0.0,2.7700000000000387
2015,44,0.0,4.770000000000039
2015,45,0.0,6.4500000000000455
2015,46,0.57,4.650000000000034
2015,47,2.42,-4.21999999999997
2015,48,0.03,-7.609999999999957
2015,49,0.0,-3.42999999999995
2015,50,0.0,1.75
2015,51,0.62,2.430000000000007
2015,52,7.89,-2.2999999999999545
2015,53,3.62,-8.609999999999957
2015,54,0.94,-10.859999999999957
2015,55,0.02,-5.239999999999952
2015,56,2.02,-2.0600000000000023
2015,57,9.54,-6.92999999999995
2015,58,0.94,-11.479999999999961
2015,59,0.17,-8.029999999999973
2015,60,0.3,-5.089999999999975
2015,61,4.83,-0.46999999999997044
2015,62,1.8,-0.48999999999995225
2015,63,0.55,-8.370000000000005
2015,64,0.58,-7.639999999999986
2015,65,0.0,-0.6699999999999591
2015,66,0.0,2.660000000000025
2015,67,0.0,1.5900000000000318
2015,68,0.0,2.0600000000000023
2015,69,0.0,3.5100000000000477
2015,70,0.0,4.720000000000027
2015,71,0.0,6.490000000000009
2015,72,0.27,4.390000000000043
2015,73,0.0,4.990000000000009
2015,74,0.0,8.330000000000041
2015,75,0.0,12.07000000000005
2015,76,0.0,7.0400000000000205
2015,77,0.15,8.879999999999995
2015,78,12.27,5.390000000000043
2015,79,0.06,3.400000000000034
2015,80,0.0,7.470000000000027
2015,81,0.0,8.210000000000036
2015,82,0.0,7.510000000000048
2015,83,0.51,4.930000000000007
2015,84,4.36,2.6200000000000045
2015,85,0.97,0.26000000000004775
2015,86,0.0,6.300000000000011
2015,87,0.0,9.629999999999995
2015,88,0.0,9.270000000000039
2015,89,0.0,9.740000000000009
2015,90,0.0,10.680000000000007
2015,91,0.0,11.460000000000036
2015,92,0.11,5.600000000000023
2015,93,4.24,-0.1099999999999568
2015,94,0.0,2.7600000000000477
2015,95,0.0,8.480000000000018
2015,96,0.0,10.050000000000011
2015,97,0.0,9.580000000000041
2015,98,0.0,8.75
2015,99,5.19,3.2100000000000364
2015,100,0.0,4.470000000000027
2015,101,0.0,8.260000000000048
2015,102,0.0,9.400000000000034
2015,103,0.0,7.82000000000005
2015,104,0.0,10.110000000000014
2015,105,0.0,9.910000000000025
2015,106,13.91,2.430000000000007
2015,107,26.32,1.7200000000000273
2015,108,8.58,-0.08999999999997499
2015,109,4.98,1.75
2015,110,0.01,2.1000000000000227
2015,111,0.02,5.490000000000009
2015,112,0.18,8.29000000000002
2015,113,0.26,9.890000000000043
2015,114,0.04,8.04000000000002
2015,115,0.13,7.840000000000032
2015,116,10.23,7.1299999999999955
2015,117,7.59,3.900000000000034
2015,118,0.08,3.0500000000000114
2015,119,0.0,9.080000000000041
2015,120,0.01,12.890000000000043
2015,121,5.26,11.810000000000002
2015,122,0.02,12.300000000000011
2015,123,2.08,13.510000000000048
2015,124,4.17,10.879999999999995
2015,125,9.03,8.79000000000002
2015,126,2.4,10.110000000000014
2015,127,0.62,10.020000000000039
2015,128,6.09,8.150000000000034
2015,129,27.53,7.810000000000002
2015,130,14.97,0.7700000000000387
2015,131,0.59,2.980000000000018
2015,132,0.0,9.020000000000039
2015,133,1.33,11.620000000000005
2015,134,2.38,10.980000000000018
2015,135,5.24,12.410000000000025
2015,136,1.56,8.920000000000016
2015,137,0.85,8.420000000000016
2015,138,10.96,8.840000000000032
2015,139,20.61,7.0400000000000205
2015,140,0.02,6.840000000000032
2015,141,0.36,8.100000000000023
2015,142,9.03,9.300000000000011
2015,143,3.34,10.050000000000011
2015,144,1.76,8.660000000000025
2015,145,3.84,8.920000000000016
2015,146,1.48,10.350000000000023
2015,147,1.63,12.460000000000036
2015,148,0.59,14.340000000000032
2015,149,0.15,11.590000000000032
2015,150,3.37,10.990000000000009
2015,151,0.01,15.700000000000045
2015,152,1.96,18.28000000000003
2015,153,0.08,18.140000000000043
2015,154,0.74,17.760000000000048
2015,155,0.0,16.870000000000005
2015,156,7.73,15.970000000000027
2015,157,5.95,15.79000000000002
2015,158,0.26,15.400000000000034
2015,159,0.54,15.82000000000005
2015,160,0.0,18.180000000000007
2015,161,6.76,17.75
2015,162,6.45,15.580000000000041
2015,163,14.67,13.170000000000016
2015,164,0.03,15.770000000000039
2015,165,3.42,16.78000000000003
2015,166,3.74,16.370000000000005
2015,167,2.79,17.110000000000014
2015,168,0.91,18.83000000000004
2015,169,2.82,19.99000000000001
2015,170,0.0,20.590000000000032
2015,171,0.0,21.689999999999998
2015,172,0.0,21.879999999999995
2015,173,0.0,22.27000000000004
2015,174,0.0,20.850000000000023
2015,175,5.77,22.420000000000016
2015,176,2.28,21.04000000000002
2015,177,1.13,19.77000000000004
2015,178,0.0,18.629999999999995
2015,179,0.67,20.660000000000025
2015,180,0.0,20.32000000000005
2015,181,0.06,20.670000000000016
2015,182,3.01,21.80000000000001
2015,183,3.02,19.010000000000048
2015,184,0.0,18.75
2015,185,0.93,20.930000000000007
2015,186,6.7,21.75
2015,187,3.05,17.640000000000043
2015,188,21.62,14.57000000000005
2015,189,2.89,14.5
2015,190,10.13,14.360000000000014
2015,191,13.55,17.27000000000004
2015,192,0.46,18.230000000000018
2015,193,0.0,19.660000000000025
2015,194,1.42,20.970000000000027
2015,195,1.15,20.03000000000003
2015,196,0.93,17.650000000000034
2015,197,2.08,18.370000000000005
2015,198,0.2,19.74000000000001
2015,199,0.94,19.53000000000003
2015,200,2.46,18.210000000000036
2015,201,2.29,17.99000000000001
2015,202,6.66,17.730000000000018
2015,203,0.13,17.77000000000004
2015,204,0.0,20.210000000000036
2015,205,0.0,21.77000000000004
2015,206,0.0,19.99000000000001
2015,207,0.54,21.090000000000032
2015,208,0.0,21.640000000000043
2015,209,0.0,20.82000000000005
2015,210,1.6,18.350000000000023
2015,211,0.06,19.420000000000016
2015,212,0.54,20.260000000000048
2015,213,0.0,20.08000000000004
2015,214,0.24,20.75
2015,215,1.13,20.03000000000003
2015,216,1.43,18.840000000000032
2015,217,0.0,19.960000000000036
2015,218,0.0,21.450000000000045
2015,219,0.0,20.910000000000025
2015,220,0.0,19.57000000000005
2015,221,0.0,19.08000000000004
2015,222,4.54,19.04000000000002
2015,223,20.54,18.710000000000036
2015,224,3.05,19.920000000000016
2015,225,0.71,21.400000000000034
2015,226,10.53,22.02000000000004
2015,227,4.3,22.350000000000023
2015,228,1.24,21.180000000000007
2015,229,2.28,19.77000000000004
2015,230,0.07,16.74000000000001
2015,231,1.78,11.760000000000048
2015,232,0.0,15.25
2015,233,0.0,18.730000000000018
2015,234,0.0,20.30000000000001
2015,235,0.0,16.200000000000045
2015,236,0.07,19.160000000000025
2015,237,2.68,20.660000000000025
2015,238,0.56,21.57000000000005
2015,239,0.33,19.57000000000005
2015,240,1.22,17.370000000000005
2015,241,0.0,18.53000000000003
2015,242,0.0,20.470000000000027
2015,243,0.78,20.460000000000036
2015,244,0.11,18.420000000000016
2015,245,0.5,19.850000000000023
2015,246,2.21,19.200000000000045
2015,247,0.04,18.27000000000004
2015,248,0.0,18.910000000000025
2015,249,0.0,17.930000000000007
2015,250,0.24,18.25
2015,251,0.0,17.150000000000034
2015,252,0.0,17.160000000000025
2015,253,0.0,18.360000000000014
2015,254,0.0,14.870000000000005
2015,255,0.0,16.54000000000002
2015,256,0.0,18.840000000000032
2015,257,0.0,19.04000000000002
2015,258,0.0,18.04000000000002
2015,259,0.0,17.24000000000001
2015,260,0.0,17.05000000000001
2015,261,0.0,14.32000000000005
2015,262,0.0,12.640000000000043
2015,263,0.0,14.910000000000025
2015,264,0.0,17.53000000000003
2015,265,0.0,18.99000000000001
2015,266,0.37,17.200000000000045
2015,267,0.0,16.80000000000001
2015,268,0.0,16.850000000000023
2015,269,0.0,17.629999999999995
2015,270,0.0,18.420000000000016
2015,271,0.0,18.53000000000003
2015,272,7.23,15.890000000000043
2015,273,2.03,16.52000000000004
2015,274,0.48,17.03000000000003
2015,275,0.92,17.230000000000018
2015,276,0.04,13.010000000000048
2015,277,0.82,11.610000000000014
2015,278,0.22,12.879999999999995
2015,279,9.31,13.850000000000023
2015,280,3.0,12.090000000000032
2015,281,0.2,13.420000000000016
2015,282,0.0,12.260000000000048
2015,283,0.0,15.370000000000005
2015,284,0.0,16.75
2015,285,0.0,14.800000000000011
2015,286,0.0,14.720000000000027
2015,287,0.0,15.180000000000007
2015,288,0.0,13.760000000000048
2015,289,0.0,10.270000000000039
2015,290,0.0,13.890000000000043
2015,291,1.64,14.180000000000007
2015,292,0.15,13.580000000000041
2015,293,0.0,12.150000000000034
2015,294,6.22,8.050000000000011
2015,295,12.44,5.460000000000036
2015,296,0.42,6.610000000000014
2015,297,1.09,6.360000000000014
2015,298,0.0,8.410000000000025
2015,299,0.02,9.830000000000041
2015,300,0.0,7.310000000000002
2015,301,0.0,4.660000000000025
2015,302,0.33,7.0
2015,303,0.26,5.770000000000039
2015,304,0.01,5.2000000000000455
2015,305,0.0,8.240000000000009
2015,306,0.0,9.860000000000014
2015,307,0.0,10.600000000000023
2015,308,0.0,8.980000000000018
2015,309,1.21,1.6100000000000136
2015,310,0.0,-0.6299999999999955
2015,311,0.0,-0.5299999999999727
2015,312,0.0,5.260000000000048
2015,313,0.0,5.930000000000007
2015,314,0.0,5.3799999999999955
2015,315,17.23,0.7300000000000182
2015,316,0.0,-1.4499999999999886
2015,317,1.1,1.8400000000000318
2015,318,0.3,5.140000000000043
2015,319,0.0,5.189999999999998
2015,320,4.9,4.5
2015,321,20.86,-1.8799999999999955
2015,322,0.18,-1.1399999999999864
2015,323,0.0,-2.419999999999959
2015,324,0.43,1.8600000000000136
2015,325,2.14,-5.1200000000000045
2015,326,0.0,0.6500000000000341
2015,327,0.0,3.9399999999999977
2015,328,0.01,2.4500000000000455
2015,329,0.0,2.2100000000000364
2015,330,0.0,-3.4399999999999977
2015,331,0.97,-8.689999999999998
2015,332,0.15,-6.67999999999995
2015,333,0.0,-6.949999999999989
2015,334,3.0,-7.409999999999968
2015,335,0.0,-8.060000000000002
2015,336,0.0,-3.5
2015,337,0.0,-1.419999999999959
2015,338,0.84,0.9000000000000341
2015,339,0.0,1.57000000000005
2015,340,0.0,0.09000000000003183
2015,341,0.0,4.660000000000025
2015,342,0.0,4.800000000000011
2015,343,0.0,5.5400000000000205
2015,344,0.0,5.9500000000000455
2015,345,0.0,5.270000000000039
2015,346,9.24,-0.7899999999999636
2015,347,0.03,-3.609999999999957
2015,348,0.49,0.3900000000000432
2015,349,0.89,-5.529999999999973
2015,350,1.02,-9.019999999999982
2015,351,0.14,-10.629999999999995
2015,352,0.35,-5.17999999999995
2015,353,0.08,1.7900000000000205
2015,354,0.33,3.3500000000000227
2015,355,0.14,-1.509999999999991
2015,356,0.0,0.22000000000002728
2015,357,0.0,-2.25
2015,358,0.0,-7.3799999999999955
2015,359,1.23,-4.6299999999999955
2015,360,0.1,-9.399999999999977
2015,361,0.11,-11.659999999999968
2015,362,0.25,-6.519999999999982
2015,363,0.03,-7.159999999999968
2015,364,0.0,-8.310000000000002
2015,365,0.0,-10.029999999999973
2016,1,0.0,-10.949999999999989
2016,2,0.0,-6.199999999999989
2016,3,0.0,-2.079999999999984
2016,4,0.0,-0.5499999999999545
2016,5,0.0,0.4200000000000159
2016,6,0.0,-1.42999999999995
2016,7,0.82,-0.5099999999999909
2016,8,0.33,-3.579999999999984
2016,9,0.0,-7.859999999999957
2016,10,0.0,-8.620000000000005
2016,11,0.27,-6.859999999999957
2016,12,0.0,-2.8100000000000023
2016,13,0.18,-1.2699999999999818
2016,14,0.0,-1.2799999999999727
2016,15,0.0,-5.4599999999999795
2016,16,0.0,-7.71999999999997
2016,17,0.0,-4.4599999999999795
2016,18,0.0,-2.3799999999999955
2016,19,0.81,-1.2399999999999523
2016,20,0.0,-1.7799999999999727
2016,21,0.0,-4.3799999999999955
2016,22,0.0,-2.009999999999991
2016,23,0.0,2.240000000000009
2016,24,0.0,1.830000000000041
2016,25,0.02,-3.509999999999991
2016,26,0.12,-6.149999999999977
2016,27,0.0,-1.6099999999999568
2016,28,0.0,1.2300000000000182
2016,29,0.0,2.240000000000009
2016,30,0.0,3.9600000000000364
2016,31,0.92,-1.0600000000000023
2016,32,6.31,-4.21999999999997
2016,33,4.07,-8.489999999999952
2016,34,0.04,-12.639999999999986
2016,35,0.43,-10.45999999999998
2016,36,0.4,-6.269999999999982
2016,37,0.0,-4.089999999999975
2016,38,0.0,-0.6999999999999886
2016,39,0.0,-1.8599999999999568
2016,40,0.0,0.5800000000000409
2016,41,0.0,3.4700000000000273
2016,42,0.0,5.5400000000000205
2016,43,0.0,4.330000000000041
2016,44,0.0,5.5400000000000205
2016,45,0.0,2.5100000000000477
2016,46,0.0,0.7400000000000091
2016,47,0.0,2.7100000000000364
2016,48,0.0,4.310000000000002
2016,49,0.0,6.6200000000000045
2016,50,0.0,5.210000000000036
2016,51,0.0,4.57000000000005
2016,52,0.0,1.2700000000000387
2016,53,2.24,-0.25
2016,54,9.47,-3.7899999999999636
2016,55,0.0,-4.589999999999975
2016,56,1.25,-2.919999999999959
2016,57,0.0,2.32000000000005
2016,58,0.0,4.7900000000000205
2016,59,0.0,4.240000000000009
2016,60,0.0,3.6000000000000227
2016,61,0.0,1.4399999999999977
2016,62,0.39,3.4600000000000364
2016,63,0.0,3.07000000000005
2016,64,0.0,5.2900000000000205
2016,65,0.0,5.420000000000016
2016,66,0.0,6.1299999999999955
2016,67,0.02,4.140000000000043
2016,68,0.0,-0.45999999999997954
2016,69,0.0,0.410000000000025
2016,70,0.0,2.6899999999999977
2016,71,0.01,7.430000000000007
2016,72,0.0,8.670000000000016
2016,73,0.26,6.590000000000032
2016,74,0.0,5.420000000000016
2016,75,0.0,0.5100000000000477
2016,76,0.25,-1.3999999999999773
2016,77,0.0,0.010000000000047748
2016,78,10.29,-4.6299999999999955
2016,79,0.07,-7.339999999999975
2016,80,0.21,-2.6200000000000045
2016,81,0.0,6.189999999999998
2016,82,0.0,7.7000000000000455
2016,83,26.61,1.3799999999999955
2016,84,7.99,-3.1299999999999955
2016,85,1.56,-0.7399999999999523
2016,86,5.02,-3.5600000000000023
2016,87,0.0,-3.9899999999999523
2016,88,0.0,2.4700000000000273
2016,89,0.0,6.1200000000000045
2016,90,2.48,1.3500000000000227
2016,91,4.97,-2.1499999999999773
2016,92,0.24,-2.1999999999999886
2016,93,0.0,1.400000000000034
2016,94,0.0,5.930000000000007
2016,95,0.0,8.150000000000034
2016,96,0.33,8.800000000000011
2016,97,0.0,4.670000000000016
2016,98,0.0,7.8799999999999955
2016,99,0.0,7.050000000000011
2016,100,0.13,8.75
2016,101,0.19,8.590000000000032
2016,102,1.13,5.740000000000009
2016,103,0.13,7.6200000000000045
2016,104,1.36,9.360000000000014
2016,105,0.24,10.460000000000036
2016,106,3.77,8.850000000000023
2016,107,16.38,1.0600000000000023
2016,108,10.9,-2.339999999999975
2016,109,3.44,-4.189999999999998
2016,110,8.04,-1.4699999999999704
2016,111,1.01,1.8000000000000114
2016,112,0.0,4.510000000000048
2016,113,0.0,8.020000000000039
2016,114,0.0,10.960000000000036
2016,115,0.0,5.689999999999998
2016,116,0.0,7.050000000000011
2016,117,3.45,5.400000000000034
2016,118,2.65,1.6200000000000045
2016,119,8.81,1.57000000000005
2016,120,10.26,1.0200000000000387
2016,121,3.25,0.30000000000001137
2016,122,2.05,-1.6499999999999773
2016,123,0.11,0.8700000000000045
2016,124,0.0,4.1200000000000045
2016,125,0.0,8.890000000000043
2016,126,0.0,10.830000000000041
2016,127,0.0,13.360000000000014
2016,128,1.76,11.300000000000011
2016,129,0.08,4.939999999999998
2016,130,0.2,6.28000000000003
2016,131,0.34,9.850000000000023
2016,132,0.0,6.1200000000000045
2016,133,0.0,7.4500000000000455
2016,134,0.0,11.04000000000002
2016,135,0.0,9.180000000000007
2016,136,0.36,8.75
2016,137,3.27,7.430000000000007
2016,138,4.56,3.8799999999999955
2016,139,0.37,4.100000000000023
2016,140,0.03,8.28000000000003
2016,141,0.0,11.78000000000003
2016,142,0.0,14.120000000000005
2016,143,0.0,13.75
2016,144,0.0,10.810000000000002
2016,145,0.0,11.580000000000041
2016,146,0.0,10.879999999999995
2016,147,5.44,10.970000000000027
2016,148,8.7,7.410000000000025
2016,149,0.02,8.580000000000041
2016,150,0.74,11.990000000000009
2016,151,0.01,13.710000000000036
2016,152,2.42,11.939999999999998
2016,153,3.36,11.080000000000041
2016,154,1.96,13.650000000000034
2016,155,0.0,15.270000000000039
2016,156,0.0,15.020000000000039
2016,157,0.0,15.800000000000011
2016,158,1.34,17.189999999999998
2016,159,3.51,17.390000000000043
2016,160,1.33,17.99000000000001
2016,161,0.0,18.25
2016,162,1.27,20.860000000000014
2016,163,0.01,20.950000000000045
2016,164,4.05,19.57000000000005
2016,165,5.09,16.910000000000025
2016,166,3.93,14.939999999999998
2016,167,0.0,17.689999999999998
2016,168,0.0,19.75
2016,169,0.0,20.120000000000005
2016,170,0.0,20.189999999999998
2016,171,0.0,22.510000000000048
2016,172,1.3,22.54000000000002
2016,173,4.22,23.30000000000001
2016,174,0.58,22.24000000000001
2016,175,5.33,20.460000000000036
2016,176,0.23,20.53000000000003
2016,177,5.01,20.590000000000032
2016,178,0.08,19.410000000000025
2016,179,2.26,20.220000000000027
2016,180,1.01,20.610000000000014
2016,181,1.54,20.650000000000034
2016,182,0.19,19.230000000000018
2016,183,4.12,17.30000000000001
2016,184,5.99,16.410000000000025
2016,185,0.52,17.189999999999998
2016,186,0.34,18.840000000000032
2016,187,0.05,20.090000000000032
2016,188,0.02,20.54000000000002
2016,189,0.0,20.32000000000005
2016,190,0.14,20.090000000000032
2016,191,0.0,21.010000000000048
2016,192,0.0,21.900000000000034
2016,193,0.0,20.700000000000045
2016,194,0.0,18.510000000000048
2016,195,0.0,19.950000000000045
2016,196,0.0,19.629999999999995
2016,197,0.0,20.200000000000045
2016,198,0.0,20.710000000000036
2016,199,0.0,21.660000000000025
2016,200,4.64,21.360000000000014
2016,201,3.59,21.670000000000016
2016,202,5.47,22.150000000000034
2016,203,0.93,21.870000000000005
2016,204,0.6,23.05000000000001
2016,205,0.14,22.52000000000004
2016,206,0.02,21.99000000000001
2016,207,0.0,21.610000000000014
2016,208,0.0,22.110000000000014
2016,209,0.0,21.49000000000001
2016,210,0.0,21.610000000000014
2016,211,0.02,19.25
2016,212,0.07,20.939999999999998
2016,213,2.46,22.08000000000004
2016,214,0.22,20.75
2016,215,0.0,22.150000000000034
2016,216,0.01,21.410000000000025
2016,217,0.0,20.33000000000004
2016,218,0.26,15.5
2016,219,2.1,18.120000000000005
2016,220,1.55,19.390000000000043
2016,221,4.0,20.210000000000036
2016,222,0.01,21.200000000000045
2016,223,1.74,21.200000000000045
2016,224,0.04,20.930000000000007
2016,225,0.78,17.390000000000043
2016,226,1.06,17.730000000000018
2016,227,0.0,18.210000000000036
2016,228,0.0,19.689999999999998
2016,229,0.01,19.410000000000025
2016,230,4.06,18.980000000000018
2016,231,0.18,18.75
2016,232,0.53,16.55000000000001
2016,233,4.41,13.629999999999995
2016,234,0.05,16.650000000000034
2016,235,2.63,19.710000000000036
2016,236,1.14,18.53000000000003
2016,237,2.96,15.54000000000002
2016,238,0.35,13.140000000000043
2016,239,0.02,13.910000000000025
2016,240,0.0,15.350000000000023
2016,241,0.03,16.890000000000043
2016,242,9.25,16.58000000000004
2016,243,0.27,15.370000000000005
2016,244,0.02,16.27000000000004
2016,245,0.0,17.24000000000001
2016,246,0.0,18.110000000000014
2016,247,0.0,18.170000000000016
2016,248,0.15,18.220000000000027
2016,249,0.0,17.939999999999998
2016,250,0.0,18.189999999999998
2016,251,0.0,17.840000000000032
2016,252,0.0,17.80000000000001
2016,253,0.0,16.850000000000023
2016,254,0.0,11.700000000000045
2016,255,0.0,17.27000000000004
2016,256,0.0,17.610000000000014
2016,257,2.78,13.020000000000039
2016,258,0.32,14.32000000000005
2016,259,0.33,14.189999999999998
2016,260,0.0,11.700000000000045
2016,261,0.06,12.350000000000023
2016,262,0.0,14.960000000000036
2016,263,0.0,18.370000000000005
2016,264,0.0,19.470000000000027
2016,265,0.0,18.670000000000016
2016,266,0.0,17.75
2016,267,0.0,17.400000000000034
2016,268,0.0,11.100000000000023
2016,269,0.0,8.57000000000005
2016,270,0.0,11.370000000000005
2016,271,0.0,14.580000000000041
2016,272,0.0,16.470000000000027
2016,273,0.0,16.180000000000007
2016,274,0.12,15.860000000000014
2016,275,1.62,13.950000000000045
2016,276,0.0,15.32000000000005
2016,277,0.01,15.129999999999995
2016,278,0.0,7.170000000000016
2016,279,0.0,6.020000000000039
2016,280,3.87,6.800000000000011
2016,281,0.01,4.670000000000016
2016,282,0.0,9.730000000000018
2016,283,0.0,11.910000000000025
2016,284,0.0,12.730000000000018
2016,285,0.06,13.060000000000002
2016,286,0.0,10.300000000000011
2016,287,0.0,11.060000000000002
2016,288,0.0,13.680000000000007
2016,289,0.0,15.390000000000043
2016,290,0.0,15.460000000000036
2016,291,0.0,14.78000000000003
2016,292,0.0,9.420000000000016
2016,293,0.0,6.310000000000002
2016,294,0.0,3.9600000000000364
2016,295,0.0,9.990000000000009
2016,296,0.0,12.720000000000027
2016,297,0.0,13.110000000000014
2016,298,0.0,13.07000000000005
2016,299,0.03,13.180000000000007
2016,300,0.0,10.510000000000048
2016,301,0.0,12.689999999999998
2016,302,0.0,15.129999999999995
2016,303,0.0,13.950000000000045
2016,304,0.0,12.220000000000027
2016,305,0.0,12.990000000000009
2016,306,0.0,10.240000000000009
2016,307,0.02,7.78000000000003
2016,308,0.0,7.57000000000005
2016,309,0.0,8.560000000000002
2016,310,0.08,9.430000000000007
2016,311,0.0,8.32000000000005
2016,312,0.0,7.57000000000005
2016,313,0.0,6.6200000000000045
2016,314,0.0,8.710000000000036
2016,315,0.0,10.010000000000048
2016,316,0.0,5.980000000000018
2016,317,0.0,7.350000000000023
2016,318,0.0,7.140000000000043
2016,319,0.0,7.270000000000039
2016,320,0.0,10.620000000000005
2016,321,0.0,11.79000000000002
2016,322,2.74,5.470000000000027
2016,323,0.75,-4.259999999999991
2016,324,0.0,1.5600000000000023
2016,325,0.0,7.82000000000005
2016,326,0.0,8.180000000000007
2016,327,3.63,3.910000000000025
2016,328,0.0,0.1400000000000432
2016,329,0.0,0.6899999999999977
2016,330,0.0,0.4500000000000455
2016,331,0.0,2.6000000000000227
2016,332,0.17,2.140000000000043
2016,333,0.0,-2.7799999999999727
2016,334,0.0,-4.989999999999952
2016,335,0.0,-6.399999999999977
2016,336,0.0,-6.109999999999957
2016,337,0.0,-4.519999999999982
2016,338,0.03,-4.7999999999999545
2016,339,0.0,-3.829999999999984
2016,340,0.0,0.4000000000000341
2016,341,0.01,-7.589999999999975
2016,342,0.03,-9.779999999999973
2016,343,0.0,-14.5
2016,344,1.12,-3.6499999999999773
2016,345,0.04,1.1299999999999955
2016,346,0.51,2.1100000000000136
2016,347,0.0,-1.9099999999999682
2016,348,0.0,-3.419999999999959
2016,349,0.0,-2.7899999999999636
2016,350,0.0,2.57000000000005
2016,351,0.0,4.610000000000014
2016,352,0.49,-8.370000000000005
2016,353,0.0,-13.199999999999989
2016,354,0.0,-6.599999999999966
2016,355,0.0,1.32000000000005
2016,356,0.0,2.730000000000018
2016,357,0.0,-2.1399999999999864
2016,358,0.0,2.150000000000034
2016,359,0.0,1.7200000000000273
2016,360,0.15,1.0500000000000114
2016,361,0.0,-5.5
2016,362,0.0,-2.1200000000000045
2016,363,0.0,0.9600000000000364
2016,364,0.0,-2.2299999999999613
2016,365,0.0,1.4600000000000364
2016,366,0.0,-0.01999999999998181
2017,1,0.0,-1.7799999999999727
2017,2,0.0,-2.079999999999984
2017,3,0.0,-5.92999999999995
2017,4,0.12,-3.3799999999999955
2017,5,3.11,-12.149999999999977
2017,6,0.0,-15.139999999999986
2017,7,0.0,-10.149999999999977
2017,8,0.0,-1.1599999999999682
2017,9,0.1,5.360000000000014
2017,10,0.15,1.0100000000000477
2017,11,0.0,1.5600000000000023
2017,12,0.0,-1.2199999999999704
2017,13,0.0,0.040000000000020464
2017,14,0.0,0.4500000000000455
2017,15,0.2,-0.67999999999995
2017,16,0.41,-1.1099999999999568
2017,17,0.01,-1.6299999999999955
2017,18,0.01,-0.46999999999997044
2017,19,0.0,1.0
2017,20,1.07,0.160000000000025
2017,21,0.0,-3.9599999999999795
2017,22,0.0,-3.7099999999999795
2017,23,0.0,-1.0
2017,24,0.02,-3.2099999999999795
2017,25,0.0,-9.949999999999989
2017,26,0.0,-12.049999999999955
2017,27,0.0,-10.919999999999959
2017,28,0.0,-5.1200000000000045
2017,29,0.0,-0.67999999999995
2017,30,0.0,1.7200000000000273
2017,31,0.0,3.2600000000000477
2017,32,0.0,2.2700000000000387
2017,33,0.0,-3.0299999999999727
2017,34,0.0,-1.5299999999999727
2017,35,0.0,1.3900000000000432
2017,36,0.0,1.4800000000000182
2017,37,0.0,2.7800000000000296
2017,38,0.0,3.150000000000034
2017,39,0.01,3.5
2017,40,0.0,3.890000000000043
2017,41,0.0,8.360000000000014
2017,42,0.0,7.560000000000002
2017,43,3.16,1.900000000000034
2017,44,0.1,1.330000000000041
2017,45,0.0,-2.75
2017,46,0.0,-1.0699999999999932
2017,47,0.0,4.160000000000025
2017,48,0.0,5.260000000000048
2017,49,0.0,3.990000000000009
2017,50,0.0,4.930000000000007
2017,51,0.0,3.2700000000000387
2017,52,0.0,5.82000000000005
2017,53,0.0,5.980000000000018
2017,54,0.04,-0.7199999999999704
2017,55,0.0,-7.919999999999959
2017,56,0.74,-9.449999999999989
2017,57,0.0,-7.899999999999977
2017,58,0.0,-4.769999999999982
2017,59,0.11,-0.029999999999972715
2017,60,0.0,-5.479999999999961
2017,61,0.0,-1.5299999999999727
2017,62,0.0,0.12999999999999545
2017,63,0.0,3.3799999999999955
2017,64,0.0,4.740000000000009
2017,65,0.0,1.2600000000000477
2017,66,0.0,-4.789999999999964
2017,67,0.0,1.3400000000000318
2017,68,0.0,5.07000000000005
2017,69,0.0,5.7900000000000205
2017,70,0.0,4.740000000000009
2017,71,0.0,3.3500000000000227
2017,72,0.0,0.5900000000000318
2017,73,0.0,6.210000000000036
2017,74,0.0,8.930000000000007
2017,75,0.0,8.730000000000018
2017,76,0.0,8.160000000000025
2017,77,0.0,10.200000000000045
2017,78,0.0,10.800000000000011
2017,79,0.0,10.810000000000002
2017,80,0.0,9.670000000000016
2017,81,0.0,9.410000000000025
2017,82,0.0,10.480000000000018
2017,83,18.8,3.0200000000000387
2017,84,0.01,2.6299999999999955
2017,85,0.28,4.400000000000034
2017,86,0.15,2.680000000000007
2017,87,1.97,4.420000000000016
2017,88,1.14,2.4500000000000455
2017,89,0.0,4.020000000000039
2017,90,1.12,5.420000000000016
2017,91,3.37,0.6299999999999955
2017,92,2.14,2.9600000000000364
2017,93,0.05,2.890000000000043
2017,94,12.51,-1.67999999999995
2017,95,0.3,-2.3100000000000023
2017,96,0.0,2.640000000000043
2017,97,0.0,7.430000000000007
2017,98,0.0,9.930000000000007
2017,99,0.0,6.760000000000048
2017,100,0.0,3.0400000000000205
2017,101,0.0,4.670000000000016
2017,102,0.0,9.07000000000005
2017,103,0.0,10.660000000000025
2017,104,0.0,11.900000000000034
2017,105,0.0,10.080000000000041
2017,106,0.0,7.680000000000007
2017,107,0.0,9.28000000000003
2017,108,0.0,10.560000000000002
2017,109,0.0,10.760000000000048
2017,110,0.41,5.53000000000003
2017,111,1.54,3.650000000000034
2017,112,0.18,0.6000000000000227
2017,113,0.0,6.340000000000032
2017,114,0.0,11.090000000000032
2017,115,0.85,6.680000000000007
2017,116,0.88,1.5500000000000114
2017,117,0.07,2.9600000000000364
2017,118,0.82,0.6000000000000227
2017,119,8.18,-2.609999999999957
2017,120,0.0,-2.42999999999995
2017,121,0.0,3.5400000000000205
2017,122,1.03,4.939999999999998
2017,123,1.29,4.140000000000043
2017,124,0.0,5.840000000000032
2017,125,0.0,11.560000000000002
2017,126,0.0,14.439999999999998
2017,127,0.73,15.879999999999995
2017,128,1.76,13.170000000000016
2017,129,5.13,11.350000000000023
2017,130,0.07,9.629999999999995
2017,131,7.37,7.310000000000002
2017,132,0.0,10.310000000000002
2017,133,0.0,13.32000000000005
2017,134,0.0,13.330000000000041
2017,135,0.0,14.04000000000002
2017,136,0.0,12.520000000000039
2017,137,0.0,8.670000000000016
2017,138,22.28,5.840000000000032
2017,139,3.26,1.580000000000041
2017,140,0.04,1.3500000000000227
2017,141,0.0,6.6200000000000045
2017,142,11.44,8.490000000000009
2017,143,6.03,5.560000000000002
2017,144,0.0,9.340000000000032
2017,145,0.02,14.860000000000014
2017,146,0.21,12.360000000000014
2017,147,2.46,9.879999999999995
2017,148,0.07,8.53000000000003
2017,149,0.16,11.150000000000034
2017,150,0.35,12.29000000000002
2017,151,0.39,14.520000000000039
2017,152,0.15,15.930000000000007
2017,153,0.87,14.850000000000023
2017,154,0.46,14.07000000000005
2017,155,0.0,15.080000000000041
2017,156,1.01,17.930000000000007
2017,157,0.09,17.33000000000004
2017,158,1.27,16.03000000000003
2017,159,0.05,17.900000000000034
2017,160,0.01,19.32000000000005
2017,161,0.0,20.629999999999995
2017,162,0.0,19.850000000000023
2017,163,0.0,18.150000000000034
2017,164,0.0,16.189999999999998
2017,165,0.0,14.410000000000025
2017,166,0.0,18.170000000000016
2017,167,0.0,19.75
2017,168,0.0,20.82000000000005
2017,169,0.0,16.53000000000003
2017,170,0.0,18.430000000000007
2017,171,0.0,20.83000000000004
2017,172,0.01,22.75
2017,173,0.1,22.910000000000025
2017,174,0.04,16.860000000000014
2017,175,0.0,13.390000000000043
2017,176,0.0,15.620000000000005
2017,177,0.0,17.060000000000002
2017,178,0.0,20.870000000000005
2017,179,0.0,20.400000000000034
2017,180,0.0,19.650000000000034
2017,181,0.18,15.29000000000002
2017,182,0.0,16.510000000000048
2017,183,0.54,20.450000000000045
2017,184,0.47,20.470000000000027
2017,185,0.01,20.710000000000036
2017,186,0.0,21.52000000000004
2017,187,0.0,23.660000000000025
2017,188,0.0,22.710000000000036
2017,189,0.2,20.390000000000043
2017,190,0.0,20.54000000000002
2017,191,0.36,22.720000000000027
2017,192,1.65,22.79000000000002
2017,193,4.52,19.650000000000034
2017,194,7.25,17.680000000000007
2017,195,1.6,18.160000000000025
2017,196,0.82,16.78000000000003
2017,197,0.0,17.420000000000016
2017,198,0.0,20.950000000000045
2017,199,0.95,22.189999999999998
2017,200,2.36,22.470000000000027
2017,201,1.12,22.670000000000016
2017,202,3.5,22.08000000000004
2017,203,0.79,20.02000000000004
2017,204,3.77,20.710000000000036
2017,205,0.0,21.170000000000016
2017,206,1.21,21.650000000000034
2017,207,0.8,19.180000000000007
2017,208,15.74,19.25
2017,209,20.04,20.58000000000004
2017,210,1.42,19.689999999999998
2017,211,9.35,17.30000000000001
2017,212,4.82,17.52000000000004
2017,213,0.02,18.150000000000034
2017,214,0.18,18.79000000000002
2017,215,7.69,17.189999999999998
2017,216,0.72,17.560000000000002
2017,217,0.01,19.52000000000004
2017,218,9.12,16.950000000000045
2017,219,5.09,14.350000000000023
2017,220,12.43,13.300000000000011
2017,221,3.84,15.439999999999998
2017,222,9.49,17.05000000000001
2017,223,1.26,16.32000000000005
2017,224,1.28,18.120000000000005
2017,225,0.15,17.890000000000043
2017,226,0.13,18.410000000000025
2017,227,0.25,18.650000000000034
2017,228,0.47,15.980000000000018
2017,229,1.02,16.24000000000001
2017,230,0.0,18.400000000000034
2017,231,0.87,20.02000000000004
2017,232,0.17,20.930000000000007
2017,233,0.0,20.180000000000007
2017,234,0.33,18.150000000000034
2017,235,0.14,18.80000000000001
2017,236,0.46,18.140000000000043
2017,237,0.02,18.010000000000048
2017,238,0.0,19.420000000000016
2017,239,0.0,19.460000000000036
2017,240,0.0,18.53000000000003
2017,241,0.0,19.590000000000032
2017,242,3.0,19.910000000000025
2017,243,0.8,19.700000000000045
2017,244,0.01,18.620000000000005
2017,245,0.0,18.760000000000048
2017,246,0.14,20.720000000000027
2017,247,0.0,21.480000000000018
2017,248,0.0,15.210000000000036
2017,249,0.0,14.670000000000016
2017,250,0.0,17.870000000000005
2017,251,0.0,19.060000000000002
2017,252,0.0,19.610000000000014
2017,253,0.13,20.28000000000003
2017,254,1.85,19.410000000000025
2017,255,0.94,19.390000000000043
2017,256,0.29,19.55000000000001
2017,257,4.51,18.439999999999998
2017,258,0.56,16.140000000000043
2017,259,0.0,13.340000000000032
2017,260,1.96,13.170000000000016
2017,261,0.0,14.220000000000027
2017,262,0.0,16.04000000000002
2017,263,0.0,14.490000000000009
2017,264,0.0,16.560000000000002
2017,265,0.07,16.930000000000007
2017,266,4.71,13.840000000000032
2017,267,8.66,8.830000000000041
2017,268,0.89,7.390000000000043
2017,269,0.34,7.32000000000005
2017,270,1.02,8.600000000000023
2017,271,12.46,8.439999999999998
2017,272,0.36,9.920000000000016
2017,273,0.91,11.590000000000032
2017,274,0.12,11.490000000000009
2017,275,0.63,8.330000000000041
2017,276,1.68,7.3700000000000045
2017,277,0.0,11.25
2017,278,1.16,14.680000000000007
2017,279,0.0,12.129999999999995
2017,280,0.0,9.360000000000014
2017,281,0.0,12.54000000000002
2017,282,8.32,2.1200000000000045
2017,283,0.06,0.4800000000000182
2017,284,0.0,9.160000000000025
2017,285,0.0,12.439999999999998
2017,286,0.0,10.100000000000023
2017,287,0.0,9.470000000000027
2017,288,0.0,6.439999999999998
2017,289,0.0,10.310000000000002
2017,290,0.0,11.160000000000025
2017,291,0.0,12.420000000000016
2017,292,0.0,12.860000000000014
2017,293,0.0,12.490000000000009
2017,294,0.0,7.310000000000002
2017,295,0.0,5.1200000000000045
2017,296,0.0,8.75
2017,297,0.0,4.53000000000003
2017,298,0.0,10.090000000000032
2017,299,0.65,8.730000000000018
2017,300,0.43,-0.9699999999999704
2017,301,0.0,3.3700000000000045
2017,302,0.09,7.890000000000043
2017,303,0.0,1.2200000000000273
2017,304,0.08,1.75
2017,305,0.0,7.590000000000032
2017,306,0.0,8.900000000000034
2017,307,0.0,8.860000000000014
2017,308,0.0,9.310000000000002
2017,309,0.0,7.340000000000032
2017,310,0.0,5.270000000000039
2017,311,2.44,1.4500000000000455
2017,312,0.0,1.5600000000000023
2017,313,0.0,4.830000000000041
2017,314,0.0,6.400000000000034
2017,315,0.0,6.580000000000041
2017,316,0.0,3.430000000000007
2017,317,0.0,7.78000000000003
2017,318,0.0,9.010000000000048
2017,319,0.0,5.600000000000023
2017,320,0.0,7.3700000000000045
2017,321,0.04,9.28000000000003
2017,322,8.17,0.3100000000000023
2017,323,0.0,0.4500000000000455
2017,324,0.0,3.4700000000000273
2017,325,1.92,3.830000000000041
2017,326,0.01,5.640000000000043
2017,327,0.0,8.25
2017,328,0.0,9.430000000000007
2017,329,0.0,6.1299999999999955
2017,330,0.0,7.990000000000009
2017,331,0.0,10.060000000000002
2017,332,0.0,4.090000000000032
2017,333,0.0,4.330000000000041
2017,334,0.0,3.4500000000000455
2017,335,0.0,5.28000000000003
2017,336,0.0,4.990000000000009
2017,337,0.0,6.230000000000018
2017,338,0.35,1.1800000000000068
2017,339,0.0,-4.729999999999961
2017,340,0.0,-4.3799999999999955
2017,341,0.0,-7.909999999999968
2017,342,0.59,-0.7999999999999545
2017,343,0.0,2.0400000000000205
2017,344,0.0,1.8600000000000136
2017,345,0.0,3.9500000000000455
2017,346,0.0,3.6000000000000227
2017,347,0.0,4.110000000000014
2017,348,2.91,-1.9099999999999682
2017,349,0.01,-1.259999999999991
2017,350,0.0,3.5400000000000205
2017,351,0.0,-1.0399999999999636
2017,352,0.0,1.1800000000000068
2017,353,0.0,2.8600000000000136
2017,354,0.8,3.3100000000000023
2017,355,1.25,-2.0
2017,356,0.0,-6.199999999999989
2017,357,0.0,-2.25
2017,358,1.63,-5.689999999999998
2017,359,0.0,-1.3199999999999932
2017,360,0.0,-1.17999999999995
2017,361,0.0,-0.7899999999999636
2017,362,0.0,1.670000000000016
2017,363,0.0,3.9700000000000273
2017,364,0.0,5.460000000000036
2017,365,0.0,-2.6200000000000045
2018,1,0.0,-2.919999999999959
2018,2,0.0,-3.419999999999959
2018,3,0.0,-0.7899999999999636
2018,4,0.0,1.0600000000000023
2018,5,0.0,2.25
2018,6,0.0,3.490000000000009
2018,7,0.0,3.3600000000000136
2018,8,0.0,4.1299999999999955
2018,9,0.0,7.270000000000039
2018,10,0.07,6.180000000000007
2018,11,0.24,-1.669999999999959
2018,12,0.0,-1.4699999999999704
2018,13,0.0,-1.6399999999999864
2018,14,0.18,0.3100000000000023
2018,15,0.69,-2.3100000000000023
2018,16,0.0,-8.310000000000002
2018,17,0.0,-1.589999999999975
2018,18,0.0,2.1100000000000136
2018,19,0.0,7.03000000000003
2018,20,0.0,6.210000000000036
2018,21,11.51,-2.1899999999999977
2018,22,0.0,-6.389999999999986
2018,23,0.0,-5.7099999999999795
2018,24,0.0,-2.8999999999999773
2018,25,0.0,1.7600000000000477
2018,26,0.0,-1.079999999999984
2018,27,0.0,-5.92999999999995
2018,28,0.0,-2.269999999999982
2018,29,0.0,0.18999999999999773
2018,30,0.0,4.420000000000016
2018,31,0.0,4.7900000000000205
2018,32,0.0,-0.2799999999999727
2018,33,0.0,1.3799999999999955
2018,34,0.09,3.5100000000000477
2018,35,0.08,3.390000000000043
2018,36,0.07,3.7200000000000273
2018,37,0.0,0.27000000000003865
2018,38,0.0,-0.0999999999999659
2018,39,0.0,3.3100000000000023
2018,40,0.0,4.640000000000043
2018,41,4.19,-1.8700000000000045
2018,42,0.0,-5.419999999999959
2018,43,0.0,-2.2899999999999636
2018,44,0.0,1.160000000000025
2018,45,0.0,3.1899999999999977
2018,46,0.09,2.980000000000018
2018,47,0.76,-1.839999999999975
2018,48,0.0,0.5600000000000023
2018,49,0.0,4.240000000000009
2018,50,0.44,1.8500000000000227
2018,51,6.08,-6.269999999999982
2018,52,0.05,-7.569999999999993
2018,53,0.08,-4.519999999999982
2018,54,0.0,-4.739999999999952
2018,55,0.0,-5.919999999999959
2018,56,0.0,-7.560000000000002
2018,57,0.0,-2.4899999999999523
2018,58,0.0,1.4600000000000364
2018,59,0.0,1.1200000000000045
2018,60,0.0,-0.5399999999999636
2018,61,0.0,4.010000000000048
2018,62,0.0,6.480000000000018
2018,63,0.0,6.080000000000041
2018,64,0.0,-2.6200000000000045
2018,65,0.0,-4.149999999999977
2018,66,0.0,-0.5099999999999909
2018,67,0.0,2.9500000000000455
2018,68,0.0,4.7000000000000455
2018,69,0.0,3.8500000000000227
2018,70,0.0,-0.2799999999999727
2018,71,0.0,2.5400000000000205
2018,72,0.0,2.82000000000005
2018,73,0.0,5.6299999999999955
2018,74,0.05,8.439999999999998
2018,75,0.55,3.5
2018,76,0.0,3.090000000000032
2018,77,0.31,4.930000000000007
2018,78,4.89,-1.1200000000000045
2018,79,0.0,-1.329999999999984
2018,80,0.0,2.5300000000000296
2018,81,0.0,7.53000000000003
2018,82,0.0,10.800000000000011
2018,83,0.0,6.28000000000003
2018,84,0.0,7.860000000000014
2018,85,0.56,4.710000000000036
2018,86,15.95,-0.2799999999999727
2018,87,1.16,1.9500000000000455
2018,88,0.49,0.6400000000000432
2018,89,0.0,2.32000000000005
2018,90,0.0,6.9500000000000455
2018,91,0.0,6.060000000000002
2018,92,0.0,9.210000000000036
2018,93,0.05,4.32000000000005
2018,94,0.0,3.9399999999999977
2018,95,0.0,7.650000000000034
2018,96,2.17,7.160000000000025
2018,97,0.35,4.580000000000041
2018,98,0.55,9.100000000000023
2018,99,0.0,4.740000000000009
2018,100,0.0,6.4500000000000455
2018,101,0.0,11.640000000000043
2018,102,0.0,13.129999999999995
2018,103,2.61,3.660000000000025
2018,104,0.01,-0.6699999999999591
2018,105,0.0,3.670000000000016
2018,106,0.0,10.300000000000011
2018,107,0.0,10.720000000000027
2018,108,0.0,0.8300000000000409
2018,109,0.0,4.28000000000003
2018,110,4.56,7.5
2018,111,2.2,2.25
2018,112,0.01,5.720000000000027
2018,113,0.02,10.410000000000025
2018,114,4.22,5.510000000000048
2018,115,1.07,2.490000000000009
2018,116,0.0,7.07000000000005
2018,117,0.0,8.390000000000043
2018,118,0.0,12.640000000000043
2018,119,0.0,14.180000000000007
2018,120,0.0,13.120000000000005
2018,121,0.0,9.560000000000002
2018,122,2.23,7.930000000000007
2018,123,18.95,5.6200000000000045
2018,124,0.58,6.7900000000000205
2018,125,0.0,11.5
2018,126,0.0,14.03000000000003
2018,127,0.0,15.939999999999998
2018,128,0.0,16.120000000000005
2018,129,0.0,15.840000000000032
2018,130,0.0,17.470000000000027
2018,131,0.0,15.730000000000018
2018,132,0.04,14.930000000000007
2018,133,0.0,14.200000000000045
2018,134,0.8,11.970000000000027
2018,135,0.05,12.080000000000041
2018,136,0.0,15.03000000000003
2018,137,0.0,17.100000000000023
2018,138,1.59,15.160000000000025
2018,139,2.71,10.650000000000034
2018,140,5.16,8.57000000000005
2018,141,0.38,14.25
2018,142,0.05,15.910000000000025
2018,143,0.59,15.800000000000011
2018,144,0.0,16.890000000000043
2018,145,0.0,18.210000000000036
2018,146,0.0,19.99000000000001
2018,147,0.0,20.210000000000036
2018,148,1.16,15.879999999999995
2018,149,0.67,14.590000000000032
2018,150,0.27,16.07000000000005
2018,151,0.01,17.840000000000032
2018,152,0.0,19.57000000000005
2018,153,0.0,16.470000000000027
2018,154,0.0,17.090000000000032
2018,155,0.4,18.360000000000014
2018,156,0.0,21.03000000000003
2018,157,0.0,21.850000000000023
2018,158,0.02,21.140000000000043
2018,159,0.0,21.360000000000014
2018,160,0.0,21.760000000000048
2018,161,0.0,21.439999999999998
2018,162,0.0,19.700000000000045
2018,163,0.0,19.57000000000005
2018,164,0.0,21.510000000000048
2018,165,0.0,22.99000000000001
2018,166,0.0,22.260000000000048
2018,167,0.0,21.52000000000004
2018,168,10.9,18.29000000000002
2018,169,6.06,16.960000000000036
2018,170,0.02,18.27000000000004
2018,171,0.02,15.970000000000027
2018,172,0.0,17.610000000000014
2018,173,0.14,19.33000000000004
2018,174,0.0,18.060000000000002
2018,175,2.41,16.710000000000036
2018,176,0.01,14.240000000000009
2018,177,0.0,20.78000000000003
2018,178,0.0,24.100000000000023
2018,179,0.0,24.810000000000002
2018,180,0.0,23.29000000000002
2018,181,0.0,20.08000000000004
2018,182,0.0,17.379999999999995
2018,183,0.0,21.02000000000004
2018,184,0.02,23.120000000000005
2018,185,0.05,23.220000000000027
2018,186,82.15,21.55000000000001
2018,187,1.86,19.970000000000027
2018,188,0.0,22.430000000000007
2018,189,0.84,22.74000000000001
2018,190,0.68,22.629999999999995
2018,191,0.0,22.27000000000004
2018,192,0.0,22.810000000000002
2018,193,1.29,21.08000000000004
2018,194,0.06,20.24000000000001
2018,195,0.05,21.79000000000002
2018,196,1.97,21.090000000000032
2018,197,5.26,18.83000000000004
2018,198,2.56,21.090000000000032
2018,199,0.28,21.930000000000007
2018,200,0.0,23.090000000000032
2018,201,0.0,24.28000000000003
2018,202,2.41,23.840000000000032
2018,203,0.73,23.640000000000043
2018,204,15.34,19.840000000000032
2018,205,4.92,20.660000000000025
2018,206,4.38,22.02000000000004
2018,207,1.71,18.390000000000043
2018,208,4.1,18.650000000000034
2018,209,6.71,19.77000000000004
2018,210,0.26,19.54000000000002
2018,211,0.0,16.189999999999998
2018,212,0.0,16.720000000000027
2018,213,0.0,19.590000000000032
2018,214,0.0,20.28000000000003
2018,215,2.45,20.720000000000027
2018,216,0.2,20.620000000000005
2018,217,2.19,21.660000000000025
2018,218,1.39,19.75
2018,219,1.05,18.620000000000005
2018,220,0.16,19.29000000000002
2018,221,0.0,19.110000000000014
2018,222,0.0,19.670000000000016
2018,223,0.0,18.960000000000036
2018,224,0.0,19.55000000000001
2018,225,0.0,19.730000000000018
2018,226,0.11,19.590000000000032
2018,227,2.21,20.140000000000043
2018,228,0.28,20.970000000000027
2018,229,6.12,20.74000000000001
2018,230,0.06,19.470000000000027
2018,231,0.05,15.970000000000027
2018,232,0.0,14.980000000000018
2018,233,9.17,17.620000000000005
2018,234,4.34,16.700000000000045
2018,235,0.07,18.430000000000007
2018,236,0.0,18.52000000000004
2018,237,0.02,20.610000000000014
2018,238,0.5,20.79000000000002
2018,239,0.01,20.100000000000023
2018,240,0.0,18.160000000000025
2018,241,0.0,17.480000000000018
2018,242,0.0,20.160000000000025
2018,243,0.36,20.950000000000045
2018,244,0.32,19.370000000000005
2018,245,0.2,17.730000000000018
2018,246,0.0,16.29000000000002
2018,247,0.84,16.920000000000016
2018,248,1.47,15.629999999999995
2018,249,9.28,14.950000000000045
2018,250,3.95,15.260000000000048
2018,251,0.0,15.900000000000034
2018,252,0.0,17.910000000000025
2018,253,0.03,18.939999999999998
2018,254,0.0,20.379999999999995
2018,255,0.0,20.220000000000027
2018,256,0.0,20.360000000000014
2018,257,0.0,20.200000000000045
2018,258,0.0,20.430000000000007
2018,259,0.0,20.80000000000001
2018,260,0.0,21.04000000000002
2018,261,0.0,20.950000000000045
2018,262,0.17,20.99000000000001
2018,263,0.2,17.54000000000002
2018,264,0.0,14.050000000000011
2018,265,0.0,16.120000000000005
2018,266,0.0,17.08000000000004
2018,267,0.25,16.99000000000001
2018,268,0.01,11.879999999999995
2018,269,0.0,9.82000000000005
2018,270,0.0,13.010000000000048
2018,271,0.0,13.710000000000036
2018,272,0.0,15.54000000000002
2018,273,0.0,17.33000000000004
2018,274,0.04,16.52000000000004
2018,275,0.16,16.220000000000027
2018,276,0.0,17.410000000000025
2018,277,0.72,13.730000000000018
2018,278,0.0,12.610000000000014
2018,279,7.27,7.310000000000002
2018,280,0.0,9.03000000000003
2018,281,6.04,5.57000000000005
2018,282,2.35,2.7000000000000455
2018,283,1.37,1.1800000000000068
2018,284,0.05,3.340000000000032
2018,285,0.0,6.160000000000025
2018,286,0.0,8.360000000000014
2018,287,0.94,-1.1399999999999864
2018,288,0.0,-4.839999999999975
2018,289,0.0,0.4900000000000091
2018,290,0.0,2.930000000000007
2018,291,0.0,6.520000000000039
2018,292,0.02,7.82000000000005
2018,293,0.0,8.28000000000003
2018,294,0.0,10.050000000000011
2018,295,0.0,11.490000000000009
2018,296,0.0,10.710000000000036
2018,297,0.2,9.400000000000034
2018,298,0.0,7.800000000000011
2018,299,0.0,8.230000000000018
2018,300,0.0,9.650000000000034
2018,301,0.0,11.200000000000045
2018,302,0.0,12.03000000000003
2018,303,10.2,5.310000000000002
2018,304,2.78,0.0
2018,305,0.0,0.17000000000001592
2018,306,0.0,3.900000000000034
2018,307,0.89,3.3000000000000114
2018,308,0.26,1.32000000000005
2018,309,0.03,2.910000000000025
2018,310,0.0,0.18999999999999773
2018,311,0.0,-1.2699999999999818
2018,312,0.0,-3.079999999999984
2018,313,0.0,-3.1299999999999955
2018,314,0.19,0.7400000000000091
2018,315,7.23,-3.159999999999968
2018,316,0.05,-7.889999999999986
2018,317,0.04,-5.639999999999986
2018,318,0.0,0.37999999999999545
2018,319,0.0,4.2000000000000455
2018,320,0.0,4.800000000000011
2018,321,0.0,0.5100000000000477
2018,322,0.6,-2.159999999999968
2018,323,0.0,0.1400000000000432
2018,324,0.0,0.5500000000000114
2018,325,0.0,2.740000000000009
2018,326,0.0,4.189999999999998
2018,327,0.01,2.0400000000000205
2018,328,0.94,2.1200000000000045
2018,329,0.0,-4.069999999999993
2018,330,0.0,-3.2799999999999727
2018,331,0.0,1.9700000000000273
2018,332,0.0,4.28000000000003
2018,333,0.0,3.2100000000000364
2018,334,0.0,2.3000000000000114
2018,335,0.0,-1.089999999999975
2018,336,0.23,-5.859999999999957
2018,337,0.72,-6.099999999999966
2018,338,0.0,-8.029999999999973
2018,339,0.0,-3.909999999999968
2018,340,0.1,-4.560000000000002
2018,341,0.0,-1.4599999999999795
2018,342,0.0,-1.8700000000000045
2018,343,0.0,-3.0600000000000023
2018,344,0.0,-1.4399999999999977
2018,345,0.0,2.480000000000018
2018,346,0.0,1.170000000000016
2018,347,0.05,-3.1499999999999773
2018,348,0.03,-0.6099999999999568
2018,349,0.35,3.3799999999999955
2018,350,0.0,3.2200000000000273
2018,351,0.0,3.840000000000032
2018,352,0.0,3.3000000000000114
2018,353,0.11,0.7000000000000455
2018,354,0.0,-2.1399999999999864
2018,355,0.0,2.5200000000000387
2018,356,0.43,0.07000000000005002
2018,357,0.0,-3.6899999999999977
2018,358,0.02,-0.589999999999975
2018,359,0.0,-1.339999999999975
2018,360,0.15,0.21000000000003638
2018,361,0.46,-6.029999999999973
2018,362,0.11,-10.729999999999961
2018,363,1.27,-9.21999999999997
2018,364,0.0,-1.7699999999999818
2018,365,2.63,-5.689999999999998
2019,1,0.0,-13.370000000000005
2019,2,0.0,-7.6299999999999955
2019,3,0.0,-3.009999999999991
2019,4,0.0,2.4399999999999977
2019,5,0.0,4.2900000000000205
2019,6,0.0,3.730000000000018
2019,7,0.0,-0.2599999999999909
2019,8,0.0,0.3300000000000409
2019,9,0.0,2.2600000000000477
2019,10,0.0,4.970000000000027
2019,11,17.5,1.2300000000000182
2019,12,6.32,-2.4799999999999613
2019,13,0.0,-4.169999999999959
2019,14,0.0,-4.5
2019,15,0.0,-2.2099999999999795
2019,16,0.0,0.5600000000000023
2019,17,0.0,-0.5499999999999545
2019,18,9.39,-0.25
2019,19,0.0,-4.199999999999989
2019,20,0.0,0.4200000000000159
2019,21,0.0,1.740000000000009
2019,22,6.96,-5.529999999999973
2019,23,0.0,-7.659999999999968
2019,24,2.48,-6.810000000000002
2019,25,0.01,-7.569999999999993
2019,26,0.0,-5.849999999999966
2019,27,0.1,-2.349999999999966
2019,28,2.81,-3.5299999999999727
2019,29,0.0,-7.609999999999957
2019,30,0.0,-5.029999999999973
2019,31,0.0,-2.3899999999999864
2019,32,0.0,0.4000000000000341
2019,33,0.0,2.150000000000034
2019,34,0.0,3.590000000000032
2019,35,0.0,1.580000000000041
2019,36,0.04,1.9300000000000068
2019,37,1.07,-0.9599999999999795
2019,38,0.93,-10.549999999999955
2019,39,0.0,-9.0
2019,40,0.0,-3.079999999999984
2019,41,0.0,-2.6899999999999977
2019,42,0.0,-3.3100000000000023
2019,43,0.0,-5.25
2019,44,0.0,-0.5399999999999636
2019,45,0.0,3.9399999999999977
2019,46,0.37,3.330000000000041
2019,47,0.2,0.4399999999999977
2019,48,0.2,-7.189999999999998
2019,49,3.51,-9.049999999999955
2019,50,0.0,-9.519999999999982
2019,51,1.86,-10.569999999999993
2019,52,0.13,-7.509999999999991
2019,53,2.84,-4.4599999999999795
2019,54,7.37,-4.539999999999964
2019,55,0.0,-6.579999999999984
2019,56,0.0,-2.42999999999995
2019,57,0.0,1.2700000000000387
2019,58,0.0,3.5500000000000114
2019,59,0.0,3.3600000000000136
2019,60,0.01,2.1299999999999955
2019,61,0.07,-0.12000000000000455
2019,62,4.92,-7.449999999999989
2019,63,0.01,-8.389999999999986
2019,64,0.01,-5.579999999999984
2019,65,0.0,1.8100000000000023
2019,66,2.94,4.8799999999999955
2019,67,0.0,2.420000000000016
2019,68,0.35,0.32000000000005
2019,69,0.0,-0.9099999999999682
2019,70,1.01,1.5200000000000387
2019,71,0.22,4.840000000000032
2019,72,37.76,4.32000000000005
2019,73,0.42,-4.319999999999993
2019,74,0.0,-3.8799999999999955
2019,75,0.0,-0.7299999999999613
2019,76,0.0,0.0
2019,77,0.0,-0.0999999999999659
2019,78,0.0,1.3100000000000023
2019,79,0.0,-0.029999999999972715
2019,80,0.0,3.57000000000005
2019,81,0.0,4.520000000000039
2019,82,3.41,1.5200000000000387
2019,83,0.09,2.400000000000034
2019,84,0.02,2.9700000000000273
2019,85,0.0,5.230000000000018
2019,86,0.0,9.53000000000003
2019,87,0.0,10.910000000000025
2019,88,0.18,5.930000000000007
2019,89,4.04,-1.349999999999966
2019,90,0.06,-1.3799999999999955
2019,91,0.0,1.4700000000000273
2019,92,0.0,3.25
2019,93,0.01,5.740000000000009
2019,94,0.01,6.590000000000032
2019,95,0.0,9.060000000000002
2019,96,0.0,8.840000000000032
2019,97,0.0,8.680000000000007
2019,98,0.0,9.920000000000016
2019,99,0.0,12.5
2019,100,6.96,8.890000000000043
2019,101,0.0,-3.0299999999999727
2019,102,0.59,-1.7899999999999636
2019,103,3.34,-0.3100000000000023
2019,104,0.05,2.8000000000000114
2019,105,0.0,8.740000000000009
2019,106,0.0,10.400000000000034
2019,107,0.0,8.460000000000036
2019,108,0.0,6.0400000000000205
2019,109,0.0,8.300000000000011
2019,110,0.0,12.950000000000045
2019,111,0.47,11.879999999999995
2019,112,0.05,7.050000000000011
2019,113,0.03,6.800000000000011
2019,114,0.0,9.860000000000014
2019,115,0.0,10.020000000000039
2019,116,0.01,11.150000000000034
2019,117,0.05,11.920000000000016
2019,118,0.0,12.5
2019,119,0.26,6.2900000000000205
2019,120,11.49,5.050000000000011
2019,121,0.8,6.110000000000014
2019,122,0.08,4.610000000000014
2019,123,0.0,6.970000000000027
2019,124,0.0,9.360000000000014
2019,125,0.0,10.850000000000023
2019,126,0.03,13.090000000000032
2019,127,1.35,10.879999999999995
2019,128,6.06,6.800000000000011
2019,129,6.32,0.21000000000003638
2019,130,1.92,2.6100000000000136
2019,131,2.83,6.75
2019,132,0.0,8.200000000000045
2019,133,0.0,12.75
2019,134,0.0,14.860000000000014
2019,135,0.01,15.760000000000048
2019,136,0.0,16.879999999999995
2019,137,0.0,15.080000000000041
2019,138,0.03,7.610000000000014
2019,139,0.04,6.600000000000023
2019,140,4.88,7.470000000000027
2019,141,12.97,2.6000000000000227
2019,142,1.23,3.640000000000043
2019,143,2.61,4.340000000000032
2019,144,0.16,7.350000000000023
2019,145,0.0,11.29000000000002
2019,146,0.0,14.28000000000003
2019,147,0.02,12.75
2019,148,0.67,9.010000000000048
2019,149,1.11,6.6299999999999955
2019,150,0.72,9.300000000000011
2019,151,5.0,12.890000000000043
2019,152,0.86,14.770000000000039
2019,153,0.17,15.970000000000027
2019,154,0.19,16.970000000000027
2019,155,0.02,16.629999999999995
2019,156,2.26,15.720000000000027
2019,157,0.44,15.879999999999995
2019,158,0.15,17.970000000000027
2019,159,0.0,18.110000000000014
2019,160,0.09,10.970000000000027
2019,161,0.0,10.300000000000011
2019,162,0.0,14.860000000000014
2019,163,0.0,12.340000000000032
2019,164,0.03,16.260000000000048
2019,165,0.0,18.120000000000005
2019,166,0.21,15.350000000000023
2019,167,3.8,15.600000000000023
2019,168,12.34,15.550000000000011
2019,169,7.61,14.04000000000002
2019,170,4.3,14.860000000000014
2019,171,0.0,17.760000000000048
2019,172,1.22,16.360000000000014
2019,173,3.01,10.78000000000003
2019,174,1.91,9.650000000000034
2019,175,0.0,12.100000000000023
2019,176,0.0,17.170000000000016
2019,177,0.0,19.689999999999998
2019,178,0.0,20.53000000000003
2019,179,0.0,22.02000000000004
2019,180,0.1,22.5
2019,181,12.22,22.610000000000014
2019,182,0.31,20.379999999999995
2019,183,2.95,19.24000000000001
2019,184,0.6,19.83000000000004
2019,185,4.46,21.03000000000003
2019,186,1.8,19.80000000000001
2019,187,2.85,19.400000000000034
2019,188,0.24,19.010000000000048
2019,189,0.85,19.100000000000023
2019,190,0.01,18.680000000000007
2019,191,0.0,19.610000000000014
2019,192,0.29,22.060000000000002
2019,193,0.0,22.939999999999998
2019,194,2.43,22.560000000000002
2019,195,1.23,22.160000000000025
2019,196,1.4,21.79000000000002
2019,197,1.08,21.710000000000036
2019,198,0.0,23.610000000000014
2019,199,0.0,23.100000000000023
2019,200,0.0,24.08000000000004
2019,201,4.42,24.230000000000018
2019,202,0.26,20.310000000000002
2019,203,29.62,19.590000000000032
2019,204,0.15,19.689999999999998
2019,205,0.08,21.49000000000001
2019,206,2.15,21.900000000000034
2019,207,0.62,21.170000000000016
2019,208,2.42,20.840000000000032
2019,209,1.53,19.700000000000045
2019,210,2.19,20.560000000000002
2019,211,0.19,22.370000000000005
2019,212,0.02,22.439999999999998
2019,213,1.97,21.200000000000045
2019,214,2.07,20.29000000000002
2019,215,1.48,21.170000000000016
2019,216,0.79,21.79000000000002
2019,217,0.09,21.360000000000014
2019,218,0.0,21.58000000000004
2019,219,0.05,22.850000000000023
2019,220,4.37,20.650000000000034
2019,221,4.59,20.560000000000002
2019,222,0.05,20.910000000000025
2019,223,5.29,20.32000000000005
2019,224,0.0,19.5
2019,225,0.43,20.410000000000025
2019,226,0.0,19.890000000000043
2019,227,0.0,20.980000000000018
2019,228,0.22,21.560000000000002
2019,229,0.0,20.870000000000005
2019,230,0.0,20.689999999999998
2019,231,0.0,22.57000000000005
2019,232,0.0,23.620000000000005
2019,233,0.63,21.340000000000032
2019,234,1.12,19.939999999999998
2019,235,0.0,20.350000000000023
2019,236,0.0,19.25
2019,237,0.0,20.840000000000032
2019,238,0.0,20.129999999999995
2019,239,0.0,16.910000000000025
2019,240,0.0,17.760000000000048
2019,241,0.0,21.150000000000034
2019,242,0.0,20.33000000000004
2019,243,0.0,20.53000000000003
2019,244,0.0,21.83000000000004
2019,245,0.0,23.189999999999998
2019,246,0.0,22.010000000000048
2019,247,12.17,20.350000000000023
2019,248,0.18,22.200000000000045
2019,249,2.96,21.720000000000027
2019,250,0.32,20.340000000000032
2019,251,3.01,18.879999999999995
2019,252,0.11,17.160000000000025
2019,253,0.0,17.920000000000016
2019,254,0.0,18.08000000000004
2019,255,0.0,13.82000000000005
2019,256,0.0,14.080000000000041
2019,257,0.0,17.460000000000036
2019,258,0.0,19.129999999999995
2019,259,0.0,19.05000000000001
2019,260,0.0,18.160000000000025
2019,261,0.16,17.460000000000036
2019,262,0.06,17.840000000000032
2019,263,0.0,18.140000000000043
2019,264,0.0,15.0
2019,265,0.0,12.170000000000016
2019,266,0.0,15.020000000000039
2019,267,0.0,16.74000000000001
2019,268,0.0,17.07000000000005
2019,269,0.0,17.30000000000001
2019,270,0.0,17.100000000000023
2019,271,0.29,12.680000000000007
2019,272,0.0,16.850000000000023
2019,273,0.0,17.200000000000045
2019,274,0.0,12.860000000000014
2019,275,0.14,11.050000000000011
2019,276,0.0,9.629999999999995
2019,277,0.0,13.900000000000034
2019,278,0.0,12.760000000000048
2019,279,0.0,8.310000000000002
2019,280,0.0,9.430000000000007
2019,281,0.0,12.950000000000045
2019,282,0.0,13.650000000000034
2019,283,4.17,0.6100000000000136
2019,284,0.01,-5.039999999999964
2019,285,0.0,3.490000000000009
2019,286,0.0,7.480000000000018
2019,287,0.0,9.810000000000002
2019,288,0.0,9.170000000000016
2019,289,0.0,11.230000000000018
2019,290,0.0,13.740000000000009
2019,291,0.01,11.640000000000043
2019,292,0.0,4.560000000000002
2019,293,0.0,3.2700000000000387
2019,294,0.0,-0.6999999999999886
2019,295,0.0,2.150000000000034
2019,296,0.48,5.300000000000011
2019,297,13.16,-2.859999999999957
2019,298,0.0,-0.4199999999999591
2019,299,0.09,7.25
2019,300,0.0,-0.6699999999999591
2019,301,7.3,-7.419999999999959
2019,302,1.48,-8.489999999999952
2019,303,4.82,-13.839999999999975
2019,304,0.05,-5.060000000000002
2019,305,0.0,-0.39999999999997726
2019,306,0.41,-1.0699999999999932
2019,307,0.0,3.2800000000000296
2019,308,0.0,2.5200000000000387
2019,309,0.0,3.3799999999999955
2019,310,0.33,4.439999999999998
2019,311,0.0,0.8799999999999955
2019,312,0.0,4.390000000000043
2019,313,0.0,8.0
2019,314,0.0,8.939999999999998
2019,315,0.62,-0.37000000000000455
2019,316,0.0,0.1500000000000341
2019,317,0.0,4.960000000000036
2019,318,0.0,1.420000000000016
2019,319,0.0,6.560000000000002
2019,320,0.06,7.510000000000048
2019,321,0.14,3.150000000000034
2019,322,0.0,6.75
2019,323,0.0,7.5
2019,324,1.56,7.810000000000002
2019,325,1.06,-0.67999999999995
2019,326,9.99,-2.829999999999984
2019,327,0.25,-0.46999999999997044
2019,328,0.0,2.4500000000000455
2019,329,0.64,-0.38999999999998636
2019,330,13.21,-5.939999999999998
2019,331,0.5,-10.75
2019,332,0.0,-0.6999999999999886
2019,333,1.47,1.990000000000009
2019,334,0.01,-3.569999999999993
2019,335,0.01,-4.489999999999952
2019,336,0.06,1.3500000000000227
2019,337,0.03,1.5900000000000318
2019,338,0.0,-0.03999999999996362
2019,339,2.67,0.7200000000000273
2019,340,0.0,-1.6899999999999977
2019,341,0.0,1.6800000000000068
2019,342,0.0,2.0
2019,343,0.0,-2.2799999999999727
2019,344,0.0,-4.359999999999957
2019,345,0.0,-1.349999999999966
2019,346,0.0,-0.15999999999996817
2019,347,0.04,0.2400000000000091
2019,348,0.23,-1.7999999999999545
2019,349,6.31,-4.839999999999975
2019,350,0.07,-8.379999999999995
2019,351,0.0,-9.839999999999975
2019,352,0.0,-2.669999999999959
2019,353,0.0,0.0
2019,354,0.0,-2.819999999999993
2019,355,0.0,1.32000000000005
2019,356,0.0,3.8799999999999955
2019,357,0.0,4.800000000000011
2019,358,0.0,3.890000000000043
2019,359,0.0,1.1899999999999977
2019,360,0.0,-3.089999999999975
2019,361,0.0,-3.0499999999999545
2019,362,7.4,-4.21999999999997
2019,363,0.16,-10.289999999999964
2019,364,0.0,-10.339999999999975
2019,365,0.0,-7.2099999999999795
