1992,1,0.06,-5.67999999999995
1992,2,0.0,-3.9399999999999977
1992,3,0.0,-1.1099999999999568
1992,4,0.0,-0.5699999999999932
1992,5,0.0,-2.6899999999999977
1992,6,0.2,-1.2699999999999818
1992,7,2.67,-2.2299999999999613
1992,8,0.2,-5.71999999999997
1992,9,0.0,-6.399999999999977
1992,10,0.0,-3.1200000000000045
1992,11,0.0,0.36000000000001364
1992,12,3.55,-3.5299999999999727
1992,13,0.73,-8.229999999999961
1992,14,0.07,-8.269999999999982
1992,15,0.95,-10.009999999999991
1992,16,0.0,-3.569999999999993
1992,17,0.0,-4.1299999999999955
1992,18,0.33,-7.069999999999993
1992,19,0.0,-5.579999999999984
1992,20,0.0,-2.069999999999993
1992,21,0.0,-1.42999999999995
1992,22,0.0,-5.1200000000000045
1992,23,0.0,-6.589999999999975
1992,24,0.0,-1.3899999999999864
1992,25,0.0,-0.5099999999999909
1992,26,0.0,1.4500000000000455
1992,27,0.0,-0.38999999999998636
1992,28,0.0,0.18999999999999773
1992,29,0.0,1.5600000000000023
1992,30,0.0,1.1200000000000045
1992,31,0.0,3.1299999999999955
1992,32,0.0,3.6200000000000045
1992,33,0.0,2.140000000000043
1992,34,0.69,-0.7799999999999727
1992,35,0.0,-3.8100000000000023
1992,36,0.0,-4.729999999999961
1992,37,0.0,-3.0600000000000023
1992,38,0.0,-1.9099999999999682
1992,39,0.0,-1.089999999999975
1992,40,0.0,-1.169999999999959
1992,41,0.0,-2.009999999999991
1992,42,0.0,-0.6299999999999955
1992,43,0.0,-0.5999999999999659
1992,44,0.0,-0.8100000000000023
1992,45,0.0,0.9700000000000273
1992,46,0.0,-2.259999999999991
1992,47,0.05,-1.5499999999999545
1992,48,0.04,-2.92999999999995
1992,49,0.0,-5.46999999999997
1992,50,0.0,-3.0600000000000023
1992,51,0.0,-0.01999999999998181
1992,52,0.0,1.2600000000000477
1992,53,0.0,0.4399999999999977
1992,54,1.06,0.6299999999999955
1992,55,1.02,-3.3100000000000023
1992,56,0.0,-2.4599999999999795
1992,57,0.0,-3.2299999999999613
1992,58,0.0,-0.19999999999998863
1992,59,0.0,2.420000000000016
1992,60,0.0,2.920000000000016
1992,61,0.0,3.4700000000000273
1992,62,0.0,4.840000000000032
1992,63,0.0,4.210000000000036
1992,64,22.21,2.75
1992,65,1.52,-0.08999999999997499
1992,66,0.0,1.2600000000000477
1992,67,0.0,2.8600000000000136
1992,68,2.46,3.4700000000000273
1992,69,13.99,-3.8899999999999864
1992,70,1.16,-5.819999999999993
1992,71,0.0,-2.92999999999995
1992,72,0.0,0.11000000000001364
1992,73,0.0,1.650000000000034
1992,74,0.0,2.3700000000000045
1992,75,0.0,3.1000000000000227
1992,76,0.0,3.75
1992,77,0.15,3.7200000000000273
1992,78,0.08,1.670000000000016
1992,79,0.52,-0.2599999999999909
1992,80,0.0,0.34000000000003183
1992,81,0.87,1.6400000000000432
1992,82,7.63,-1.4899999999999523
1992,83,0.4,1.4500000000000455
1992,84,0.49,2.170000000000016
1992,85,0.33,1.5
1992,86,0.07,2.2900000000000205
1992,87,0.07,5.7900000000000205
1992,88,9.6,4.5
1992,89,1.21,1.5500000000000114
1992,90,0.13,2.980000000000018
1992,91,1.25,3.5200000000000387
1992,92,0.43,1.3700000000000045
1992,93,0.0,2.1100000000000136
1992,94,0.0,4.360000000000014
1992,95,0.0,6.7000000000000455
1992,96,0.0,8.350000000000023
1992,97,0.0,7.890000000000043
1992,98,0.0,7.3799999999999955
1992,99,0.0,7.6200000000000045
1992,100,0.0,8.650000000000034
1992,101,0.0,9.730000000000018
1992,102,0.0,10.200000000000045
1992,103,0.0,10.670000000000016
1992,104,0.0,12.810000000000002
1992,105,2.6,13.390000000000043
1992,106,2.51,10.120000000000005
1992,107,8.25,8.050000000000011
1992,108,0.82,7.260000000000048
1992,109,0.02,7.170000000000016
1992,110,0.0,1.150000000000034
1992,111,0.0,1.4399999999999977
1992,112,0.0,3.5300000000000296
1992,113,0.2,7.9500000000000455
1992,114,0.14,7.460000000000036
1992,115,0.0,6.470000000000027
1992,116,0.0,7.160000000000025
1992,117,0.0,8.57000000000005
1992,118,0.0,11.900000000000034
1992,119,0.0,13.390000000000043
1992,120,0.0,13.560000000000002
1992,121,0.0,15.939999999999998
1992,122,0.0,15.07000000000005
1992,123,0.0,10.78000000000003
1992,124,0.0,10.53000000000003
1992,125,0.0,11.910000000000025
1992,126,0.0,12.370000000000005
1992,127,0.0,13.170000000000016
1992,128,0.61,14.75
1992,129,0.45,14.470000000000027
1992,130,0.44,13.370000000000005
1992,131,0.51,9.210000000000036
1992,132,1.89,8.75
1992,133,0.0,12.57000000000005
1992,134,2.24,13.629999999999995
1992,135,0.68,13.230000000000018
1992,136,0.0,14.600000000000023
1992,137,0.0,15.080000000000041
1992,138,0.29,14.680000000000007
1992,139,0.15,15.75
1992,140,0.13,16.689999999999998
1992,141,0.06,15.490000000000009
1992,142,0.24,14.550000000000011
1992,143,0.54,13.300000000000011
1992,144,0.87,10.75
1992,145,0.53,10.400000000000034
1992,146,1.82,10.629999999999995
1992,147,3.55,10.220000000000027
1992,148,12.27,10.450000000000045
1992,149,2.21,7.680000000000007
1992,150,0.55,9.050000000000011
1992,151,1.84,9.939999999999998
1992,152,4.32,10.07000000000005
1992,153,10.95,7.410000000000025
1992,154,0.83,9.090000000000032
1992,155,0.0,13.420000000000016
1992,156,1.08,14.590000000000032
1992,157,1.39,15.170000000000016
1992,158,0.92,12.5
1992,159,2.05,14.670000000000016
1992,160,2.32,13.600000000000023
1992,161,2.84,11.770000000000039
1992,162,2.99,13.180000000000007
1992,163,4.13,15.390000000000043
1992,164,2.9,15.430000000000007
1992,165,0.0,16.180000000000007
1992,166,0.07,15.800000000000011
1992,167,0.0,14.680000000000007
1992,168,0.0,12.600000000000023
1992,169,0.0,11.32000000000005
1992,170,0.0,15.629999999999995
1992,171,0.0,17.720000000000027
1992,172,3.28,17.0
1992,173,1.97,17.120000000000005
1992,174,0.26,17.610000000000014
1992,175,3.04,18.700000000000045
1992,176,2.51,19.29000000000002
1992,177,10.88,17.230000000000018
1992,178,4.4,15.560000000000002
1992,179,5.74,15.610000000000014
1992,180,2.13,15.54000000000002
1992,181,2.02,17.55000000000001
1992,182,0.31,18.340000000000032
1992,183,0.6,16.850000000000023
1992,184,0.95,13.650000000000034
1992,185,0.14,13.760000000000048
1992,186,0.0,17.83000000000004
1992,187,0.0,19.650000000000034
1992,188,0.0,20.840000000000032
1992,189,0.13,20.55000000000001
1992,190,0.58,17.720000000000027
1992,191,0.44,17.99000000000001
1992,192,0.44,18.07000000000005
1992,193,0.78,17.930000000000007
1992,194,2.19,16.590000000000032
1992,195,3.26,15.510000000000048
1992,196,0.58,15.830000000000041
1992,197,0.67,17.400000000000034
1992,198,1.95,16.060000000000002
1992,199,6.5,15.600000000000023
1992,200,2.68,16.850000000000023
1992,201,0.59,18.230000000000018
1992,202,3.62,17.090000000000032
1992,203,5.09,17.810000000000002
1992,204,3.8,18.629999999999995
1992,205,2.89,18.430000000000007
1992,206,1.89,18.710000000000036
1992,207,2.25,17.710000000000036
1992,208,2.7,16.400000000000034
1992,209,0.22,17.480000000000018
1992,210,1.19,19.100000000000023
1992,211,0.14,19.160000000000025
1992,212,0.32,17.54000000000002
1992,213,0.6,17.420000000000016
1992,214,0.1,18.850000000000023
1992,215,0.29,19.220000000000027
1992,216,1.13,19.670000000000016
1992,217,3.36,19.439999999999998
1992,218,0.64,19.180000000000007
1992,219,1.78,18.210000000000036
1992,220,1.14,17.160000000000025
1992,221,1.09,18.950000000000045
1992,222,1.72,20.170000000000016
1992,223,0.79,20.700000000000045
1992,224,3.82,19.129999999999995
1992,225,8.6,17.480000000000018
1992,226,2.97,17.700000000000045
1992,227,0.9,17.980000000000018
1992,228,1.35,18.5
1992,229,0.63,18.700000000000045
1992,230,5.85,16.400000000000034
1992,231,1.53,14.590000000000032
1992,232,0.0,16.950000000000045
1992,233,0.07,18.450000000000045
1992,234,0.93,19.010000000000048
1992,235,0.55,18.960000000000036
1992,236,0.88,16.720000000000027
1992,237,38.07,12.740000000000009
1992,238,4.76,10.75
1992,239,1.88,12.03000000000003
1992,240,0.06,11.180000000000007
1992,241,0.0,14.020000000000039
1992,242,0.11,15.490000000000009
1992,243,0.13,15.510000000000048
1992,244,1.28,14.5
1992,245,0.3,13.82000000000005
1992,246,0.23,13.640000000000043
1992,247,0.0,14.689999999999998
1992,248,0.07,16.650000000000034
1992,249,0.0,13.220000000000027
1992,250,0.0,13.760000000000048
1992,251,0.0,15.180000000000007
1992,252,0.0,14.650000000000034
1992,253,0.0,15.82000000000005
1992,254,0.0,14.54000000000002
1992,255,0.0,15.520000000000039
1992,256,0.0,17.58000000000004
1992,257,0.0,16.54000000000002
1992,258,0.02,16.120000000000005
1992,259,0.09,16.730000000000018
1992,260,0.26,16.74000000000001
1992,261,0.0,16.410000000000025
1992,262,0.0,14.650000000000034
1992,263,0.9,14.710000000000036
1992,264,2.58,13.32000000000005
1992,265,0.0,11.860000000000014
1992,266,0.0,12.050000000000011
1992,267,0.0,15.600000000000023
1992,268,0.0,16.610000000000014
1992,269,0.0,14.860000000000014
1992,270,0.0,8.170000000000016
1992,271,0.0,11.720000000000027
1992,272,0.0,11.680000000000007
1992,273,0.0,13.189999999999998
1992,274,0.0,14.189999999999998
1992,275,0.0,14.340000000000032
1992,276,0.0,14.620000000000005
1992,277,0.0,13.950000000000045
1992,278,0.0,13.54000000000002
1992,279,0.0,11.730000000000018
1992,280,4.86,9.800000000000011
1992,281,3.93,4.310000000000002
1992,282,0.0,-0.16999999999995907
1992,283,0.0,5.170000000000016
1992,284,0.0,5.640000000000043
1992,285,0.0,9.610000000000014
1992,286,0.0,11.580000000000041
1992,287,0.0,12.770000000000039
1992,288,0.0,11.740000000000009
1992,289,0.0,10.050000000000011
1992,290,0.0,6.680000000000007
1992,291,0.0,7.960000000000036
1992,292,0.0,7.800000000000011
1992,293,0.0,10.470000000000027
1992,294,0.0,10.830000000000041
1992,295,0.0,11.610000000000014
1992,296,0.0,11.020000000000039
1992,297,0.0,12.100000000000023
1992,298,0.0,10.390000000000043
1992,299,1.59,10.939999999999998
1992,300,6.3,8.910000000000025
1992,301,0.0,7.740000000000009
1992,302,0.25,7.32000000000005
1992,303,0.36,5.560000000000002
1992,304,0.52,5.850000000000023
1992,305,6.69,6.810000000000002
1992,306,5.58,0.8300000000000409
1992,307,1.55,0.18000000000000682
1992,308,1.68,-4.71999999999997
1992,309,0.26,-7.259999999999991
1992,310,0.1,-6.829999999999984
1992,311,0.12,-3.3700000000000045
1992,312,0.0,-1.9399999999999977
1992,313,0.0,0.75
1992,314,0.0,0.9000000000000341
1992,315,0.07,-0.5399999999999636
1992,316,2.06,-2.2299999999999613
1992,317,0.0,-1.6899999999999977
1992,318,0.0,-1.2299999999999613
1992,319,0.0,1.6100000000000136
1992,320,0.0,3.340000000000032
1992,321,0.0,3.5100000000000477
1992,322,0.44,3.400000000000034
1992,323,0.52,3.590000000000032
1992,324,3.15,0.12999999999999545
1992,325,2.7,-0.37999999999999545
1992,326,7.49,-4.019999999999982
1992,327,1.14,-4.5499999999999545
1992,328,3.94,-3.0499999999999545
1992,329,1.29,-10.779999999999973
1992,330,0.43,-10.269999999999982
1992,331,0.0,-6.419999999999959
1992,332,0.97,-5.2099999999999795
1992,333,0.0,-4.149999999999977
1992,334,1.95,-5.7099999999999795
1992,335,0.0,-6.75
1992,336,0.0,-3.5499999999999545
1992,337,0.0,-3.8899999999999864
1992,338,0.0,-1.0299999999999727
1992,339,0.27,-10.829999999999984
1992,340,0.54,-7.5
1992,341,0.29,-5.339999999999975
1992,342,0.0,-4.889999999999986
1992,343,0.0,-1.3700000000000045
1992,344,0.0,-1.7699999999999818
1992,345,0.0,-0.5799999999999841
1992,346,0.0,1.9800000000000182
1992,347,0.04,-0.3100000000000023
1992,348,2.8,-7.92999999999995
1992,349,0.58,-10.120000000000005
1992,350,0.34,-6.569999999999993
1992,351,5.15,-7.189999999999998
1992,352,0.02,-8.019999999999982
1992,353,0.1,-5.789999999999964
1992,354,0.07,-8.149999999999977
1992,355,0.0,-8.089999999999975
1992,356,0.0,-4.729999999999961
1992,357,0.0,-5.069999999999993
1992,358,0.0,-5.359999999999957
1992,359,0.0,-2.669999999999959
1992,360,0.0,-5.199999999999989
1992,361,0.0,-4.109999999999957
1992,362,0.0,-3.019999999999982
1992,363,0.0,-1.0199999999999818
1992,364,0.0,1.0
1992,365,0.0,-0.45999999999997954
1992,366,0.0,-4.67999999999995
1993,1,0.0,-2.2899999999999636
1993,2,0.0,-0.47999999999996135
1993,3,0.0,-3.1299999999999955
1993,4,2.45,-8.70999999999998
1993,5,0.0,-6.039999999999964
1993,6,0.0,-5.079999999999984
1993,7,0.02,-3.009999999999991
1993,8,1.12,-3.92999999999995
1993,9,1.91,-9.399999999999977
1993,10,0.0,-8.060000000000002
1993,11,0.0,-3.859999999999957
1993,12,0.0,-8.739999999999952
1993,13,0.0,-7.96999999999997
1993,14,0.0,-3.3100000000000023
1993,15,0.0,-3.2399999999999523
1993,16,0.05,-3.2799999999999727
1993,17,0.28,-2.669999999999959
1993,18,0.01,-3.7899999999999636
1993,19,0.44,-2.8799999999999955
1993,20,0.06,-2.609999999999957
1993,21,0.0,-0.42999999999995
1993,22,0.0,-0.7599999999999909
1993,23,0.05,-5.2099999999999795
1993,24,0.0,-8.159999999999968
1993,25,0.0,-4.889999999999986
1993,26,0.0,-0.07999999999998408
1993,27,0.0,0.4000000000000341
1993,28,0.0,-0.8499999999999659
1993,29,0.0,-4.519999999999982
1993,30,0.0,-1.7099999999999795
1993,31,0.0,-0.06999999999999318
1993,32,0.09,-0.14999999999997726
1993,33,0.05,-3.109999999999957
1993,34,0.25,-3.9699999999999704
1993,35,0.98,-5.42999999999995
1993,36,0.0,-5.909999999999968
1993,37,0.0,-0.5499999999999545
1993,38,0.0,0.35000000000002274
1993,39,0.04,0.5600000000000023
1993,40,0.44,2.6000000000000227
1993,41,6.14,-0.45999999999997954
1993,42,0.25,-5.319999999999993
1993,43,0.0,-4.67999999999995
1993,44,0.0,-5.7099999999999795
1993,45,0.07,-6.149999999999977
1993,46,2.17,-7.339999999999975
1993,47,0.06,-10.810000000000002
1993,48,0.0,-6.729999999999961
1993,49,0.0,-3.009999999999991
1993,50,0.56,0.8400000000000318
1993,51,0.26,1.7700000000000387
1993,52,0.02,-5.310000000000002
1993,53,0.0,-7.859999999999957
1993,54,0.0,-6.25
1993,55,0.01,-1.0
1993,56,0.11,-3.819999999999993
1993,57,0.0,-4.409999999999968
1993,58,0.0,-2.509999999999991
1993,59,0.01,-0.45999999999997954
1993,60,0.18,-0.9099999999999682
1993,61,0.08,-2.4499999999999886
1993,62,0.25,-2.8799999999999955
1993,63,0.0,-4.46999999999997
1993,64,0.0,-1.579999999999984
1993,65,0.0,-0.009999999999990905
1993,66,0.0,1.3100000000000023
1993,67,0.0,3.650000000000034
1993,68,0.0,2.8500000000000227
1993,69,0.01,0.6800000000000068
1993,70,1.06,-0.67999999999995
1993,71,2.05,-9.889999999999986
1993,72,0.0,-9.579999999999984
1993,73,0.0,-3.829999999999984
1993,74,0.0,1.580000000000041
1993,75,0.0,2.160000000000025
1993,76,0.0,1.920000000000016
1993,77,0.0,3.910000000000025
1993,78,0.0,1.150000000000034
1993,79,0.0,1.2300000000000182
1993,80,0.0,3.090000000000032
1993,81,0.49,-1.1899999999999977
1993,82,0.0,3.0300000000000296
1993,83,0.0,6.28000000000003
1993,84,0.0,7.710000000000036
1993,85,0.38,7.640000000000043
1993,86,1.47,6.7900000000000205
1993,87,5.11,1.4399999999999977
1993,88,3.56,2.230000000000018
1993,89,8.57,-0.029999999999972715
1993,90,5.52,-0.23999999999995225
1993,91,0.16,-1.0
1993,92,1.11,3.1100000000000136
1993,93,7.25,0.6800000000000068
1993,94,0.06,0.25
1993,95,0.09,5.490000000000009
1993,96,4.22,4.25
1993,97,4.28,-1.089999999999975
1993,98,0.99,-1.6499999999999773
1993,99,0.0,3.2800000000000296
1993,100,0.0,4.53000000000003
1993,101,0.0,3.4399999999999977
1993,102,0.37,3.0400000000000205
1993,103,3.43,1.5900000000000318
1993,104,0.07,-1.589999999999975
1993,105,0.66,-1.599999999999966
1993,106,0.0,2.07000000000005
1993,107,0.0,2.0
1993,108,0.0,5.260000000000048
1993,109,0.57,1.2100000000000364
1993,110,0.0,-1.6899999999999977
1993,111,0.0,2.9399999999999977
1993,112,0.0,9.490000000000009
1993,113,0.22,9.620000000000005
1993,114,2.57,4.140000000000043
1993,115,0.35,1.8400000000000318
1993,116,0.0,6.920000000000016
1993,117,0.0,9.730000000000018
1993,118,0.36,8.25
1993,119,0.0,7.650000000000034
1993,120,0.92,8.010000000000048
1993,121,2.16,2.080000000000041
1993,122,0.0,1.8000000000000114
1993,123,0.0,7.720000000000027
1993,124,0.04,10.420000000000016
1993,125,0.0,11.150000000000034
1993,126,0.0,5.82000000000005
1993,127,0.23,8.060000000000002
1993,128,0.1,5.4500000000000455
1993,129,0.55,2.990000000000009
1993,130,0.0,5.350000000000023
1993,131,0.0,6.9500000000000455
1993,132,0.02,8.189999999999998
1993,133,0.1,11.470000000000027
1993,134,0.94,13.680000000000007
1993,135,0.57,13.430000000000007
1993,136,8.36,12.260000000000048
1993,137,9.15,11.330000000000041
1993,138,2.65,9.379999999999995
1993,139,1.78,11.270000000000039
1993,140,1.73,12.510000000000048
1993,141,1.04,14.980000000000018
1993,142,0.1,14.520000000000039
1993,143,0.02,11.460000000000036
1993,144,1.8,12.650000000000034
1993,145,2.08,12.689999999999998
1993,146,0.47,15.03000000000003
1993,147,0.5,16.08000000000004
1993,148,1.87,15.32000000000005
1993,149,2.88,14.270000000000039
1993,150,0.0,13.79000000000002
1993,151,0.66,15.330000000000041
1993,152,0.25,16.210000000000036
1993,153,0.13,14.230000000000018
1993,154,1.97,11.950000000000045
1993,155,2.89,7.970000000000027
1993,156,0.0,12.379999999999995
1993,157,0.0,15.29000000000002
1993,158,0.12,10.610000000000014
1993,159,3.69,8.230000000000018
1993,160,2.74,9.810000000000002
1993,161,0.41,11.180000000000007
1993,162,0.0,14.980000000000018
1993,163,0.24,16.879999999999995
1993,164,0.0,16.620000000000005
1993,165,0.0,16.79000000000002
1993,166,0.05,19.220000000000027
1993,167,0.38,18.590000000000032
1993,168,7.16,15.270000000000039
1993,169,14.78,11.730000000000018
1993,170,2.19,12.29000000000002
1993,171,0.24,15.670000000000016
1993,172,0.99,17.79000000000002
1993,173,0.04,17.090000000000032
1993,174,0.0,17.129999999999995
1993,175,0.0,13.78000000000003
1993,176,0.0,14.140000000000043
1993,177,0.0,16.890000000000043
1993,178,0.0,19.110000000000014
1993,179,0.0,19.600000000000023
1993,180,0.0,19.660000000000025
1993,181,0.0,19.090000000000032
1993,182,0.0,18.610000000000014
1993,183,0.0,19.510000000000048
1993,184,0.33,19.24000000000001
1993,185,0.0,14.580000000000041
1993,186,0.31,13.520000000000039
1993,187,0.0,14.580000000000041
1993,188,0.0,16.53000000000003
1993,189,0.0,19.29000000000002
1993,190,0.0,18.05000000000001
1993,191,0.24,19.08000000000004
1993,192,2.11,18.439999999999998
1993,193,2.22,18.170000000000016
1993,194,3.47,18.410000000000025
1993,195,2.98,17.52000000000004
1993,196,0.13,17.910000000000025
1993,197,0.02,19.25
1993,198,2.11,19.25
1993,199,3.73,17.07000000000005
1993,200,1.48,17.660000000000025
1993,201,1.28,18.180000000000007
1993,202,0.4,17.960000000000036
1993,203,0.02,17.30000000000001
1993,204,0.0,17.340000000000032
1993,205,0.0,16.090000000000032
1993,206,0.0,15.629999999999995
1993,207,0.52,19.140000000000043
1993,208,0.0,17.75
1993,209,0.0,18.010000000000048
1993,210,0.16,20.610000000000014
1993,211,0.58,20.890000000000043
1993,212,0.26,20.760000000000048
1993,213,0.92,20.02000000000004
1993,214,2.74,18.29000000000002
1993,215,1.1,14.5
1993,216,0.38,15.180000000000007
1993,217,1.55,16.100000000000023
1993,218,1.97,15.140000000000043
1993,219,0.0,17.370000000000005
1993,220,1.42,18.57000000000005
1993,221,1.08,18.160000000000025
1993,222,3.05,19.29000000000002
1993,223,4.36,17.650000000000034
1993,224,3.09,18.57000000000005
1993,225,2.95,18.49000000000001
1993,226,0.76,18.52000000000004
1993,227,0.42,17.160000000000025
1993,228,0.12,17.900000000000034
1993,229,0.0,19.060000000000002
1993,230,0.36,19.0
1993,231,2.68,16.79000000000002
1993,232,2.13,16.83000000000004
1993,233,11.03,17.410000000000025
1993,234,1.81,16.30000000000001
1993,235,0.15,15.110000000000014
1993,236,0.0,17.590000000000032
1993,237,0.0,19.200000000000045
1993,238,1.27,17.189999999999998
1993,239,3.35,14.060000000000002
1993,240,2.04,14.080000000000041
1993,241,0.49,15.879999999999995
1993,242,6.93,13.480000000000018
1993,243,0.81,10.629999999999995
1993,244,1.07,14.660000000000025
1993,245,3.67,13.830000000000041
1993,246,0.0,11.939999999999998
1993,247,0.0,15.990000000000009
1993,248,0.22,15.900000000000034
1993,249,3.0,13.610000000000014
1993,250,4.46,14.150000000000034
1993,251,2.66,12.180000000000007
1993,252,0.0,14.5
1993,253,0.0,15.25
1993,254,0.31,16.730000000000018
1993,255,0.0,16.980000000000018
1993,256,12.86,9.560000000000002
1993,257,2.93,3.7200000000000273
1993,258,0.79,10.680000000000007
1993,259,0.0,12.990000000000009
1993,260,0.09,12.850000000000023
1993,261,0.45,10.980000000000018
1993,262,0.01,8.710000000000036
1993,263,0.0,10.460000000000036
1993,264,0.0,14.200000000000045
1993,265,0.0,14.689999999999998
1993,266,0.0,13.189999999999998
1993,267,0.0,12.660000000000025
1993,268,0.0,9.800000000000011
1993,269,0.0,9.450000000000045
1993,270,0.0,11.810000000000002
1993,271,0.0,13.970000000000027
1993,272,0.0,12.420000000000016
1993,273,0.0,14.04000000000002
1993,274,0.0,12.5
1993,275,0.0,11.470000000000027
1993,276,0.0,11.810000000000002
1993,277,0.0,13.980000000000018
1993,278,0.0,14.550000000000011
1993,279,0.0,14.82000000000005
1993,280,2.46,12.629999999999995
1993,281,2.5,8.129999999999995
1993,282,0.83,3.5200000000000387
1993,283,0.87,6.360000000000014
1993,284,0.0,7.1299999999999955
1993,285,0.19,8.910000000000025
1993,286,0.12,8.57000000000005
1993,287,0.0,8.980000000000018
1993,288,0.0,7.760000000000048
1993,289,9.78,6.800000000000011
1993,290,4.14,6.0400000000000205
1993,291,9.07,4.82000000000005
1993,292,0.38,4.140000000000043
1993,293,0.69,3.840000000000032
1993,294,0.0,5.189999999999998
1993,295,0.0,8.330000000000041
1993,296,0.0,9.080000000000041
1993,297,0.22,7.939999999999998
1993,298,1.25,7.330000000000041
1993,299,1.44,1.0900000000000318
1993,300,0.0,0.26000000000004775
1993,301,0.0,5.2000000000000455
1993,302,7.07,-4.259999999999991
1993,303,0.0,-7.259999999999991
1993,304,0.0,2.840000000000032
1993,305,0.0,5.25
1993,306,2.44,-0.9199999999999591
1993,307,0.0,2.5600000000000023
1993,308,1.55,2.2600000000000477
1993,309,3.54,-4.819999999999993
1993,310,0.0,-5.039999999999964
1993,311,0.0,-3.1200000000000045
1993,312,0.0,-2.609999999999957
1993,313,0.0,-1.329999999999984
1993,314,0.0,0.5500000000000114
1993,315,0.0,3.8500000000000227
1993,316,5.73,1.7100000000000364
1993,317,0.17,-1.5399999999999636
1993,318,6.67,-3.019999999999982
1993,319,0.0,-5.489999999999952
1993,320,0.0,-2.6200000000000045
1993,321,0.0,-1.0699999999999932
1993,322,0.0,2.1100000000000136
1993,323,0.0,-1.4799999999999613
1993,324,0.0,-1.1899999999999977
1993,325,0.0,0.57000000000005
1993,326,0.0,3.2800000000000296
1993,327,0.35,3.660000000000025
1993,328,1.69,-6.889999999999986
1993,329,0.0,-12.879999999999995
1993,330,0.0,-11.75
1993,331,0.0,-6.169999999999959
1993,332,0.0,-0.38999999999998636
1993,333,0.0,1.6400000000000432
1993,334,0.0,0.6700000000000159
1993,335,0.0,-0.25
1993,336,0.0,-0.6699999999999591
1993,337,0.04,-3.3100000000000023
1993,338,0.0,-1.5399999999999636
1993,339,0.0,-2.329999999999984
1993,340,0.0,-3.009999999999991
1993,341,0.03,-2.3799999999999955
1993,342,0.0,0.36000000000001364
1993,343,0.0,2.07000000000005
1993,344,0.0,0.9900000000000091
1993,345,0.0,3.740000000000009
1993,346,1.01,2.740000000000009
1993,347,2.27,-3.2299999999999613
1993,348,0.0,-3.1899999999999977
1993,349,0.0,-1.829999999999984
1993,350,1.62,-4.8799999999999955
1993,351,0.03,-6.2099999999999795
1993,352,0.0,-4.229999999999961
1993,353,0.28,-3.0499999999999545
1993,354,1.48,-7.419999999999959
1993,355,0.13,-5.989999999999952
1993,356,3.19,-10.359999999999957
1993,357,1.48,-9.239999999999952
1993,358,0.07,-8.5
1993,359,0.0,-2.67999999999995
1993,360,0.0,0.7100000000000364
1993,361,0.0,-0.12999999999999545
1993,362,0.0,-1.8700000000000045
1993,363,0.0,-3.4699999999999704
1993,364,0.0,-1.7199999999999704
1993,365,0.0,-0.6399999999999864
1994,1,0.03,-3.079999999999984
1994,2,0.09,-1.9099999999999682
1994,3,0.0,-3.0600000000000023
1994,4,0.0,-1.5399999999999636
1994,5,0.0,1.7900000000000205
1994,6,0.19,-4.639999999999986
1994,7,0.0,-8.42999999999995
1994,8,0.0,-4.529999999999973
1994,9,0.0,-2.75
1994,10,0.2,-4.9599999999999795
1994,11,0.0,-4.769999999999982
1994,12,0.0,-2.9699999999999704
1994,13,0.0,-3.2399999999999523
1994,14,0.0,-1.599999999999966
1994,15,0.0,-0.8899999999999864
1994,16,0.0,-2.109999999999957
1994,17,0.0,-5.449999999999989
1994,18,0.0,-1.259999999999991
1994,19,0.0,0.6200000000000045
1994,20,0.0,-0.6999999999999886
1994,21,0.0,-0.5999999999999659
1994,22,0.0,0.4200000000000159
1994,23,0.0,0.5900000000000318
1994,24,0.0,1.0900000000000318
1994,25,0.0,-0.2599999999999909
1994,26,5.46,-2.339999999999975
1994,27,1.17,-5.229999999999961
1994,28,0.86,-8.779999999999973
1994,29,0.45,-7.899999999999977
1994,30,3.69,-11.310000000000002
1994,31,0.0,-12.049999999999955
1994,32,0.0,-12.0
1994,33,0.0,-7.0
1994,34,0.0,-4.149999999999977
1994,35,0.0,-4.079999999999984
1994,36,0.0,-3.569999999999993
1994,37,0.0,-4.569999999999993
1994,38,0.0,-1.259999999999991
1994,39,0.02,0.8500000000000227
1994,40,0.2,-3.7999999999999545
1994,41,0.61,-2.7799999999999727
1994,42,0.29,-2.349999999999966
1994,43,1.66,-7.649999999999977
1994,44,0.0,-6.419999999999959
1994,45,0.0,-0.8999999999999773
1994,46,0.0,-1.2999999999999545
1994,47,0.0,1.170000000000016
1994,48,0.0,3.090000000000032
1994,49,0.0,2.5300000000000296
1994,50,0.0,-3.1999999999999886
1994,51,0.0,-5.269999999999982
1994,52,0.0,-2.9699999999999704
1994,53,3.47,-4.829999999999984
1994,54,0.2,-8.349999999999966
1994,55,0.0,-3.2899999999999636
1994,56,0.0,1.1400000000000432
1994,57,0.0,1.910000000000025
1994,58,0.0,2.4700000000000273
1994,59,1.26,0.6100000000000136
1994,60,3.3,-0.9499999999999886
1994,61,0.0,1.2700000000000387
1994,62,0.0,4.160000000000025
1994,63,0.0,4.910000000000025
1994,64,0.0,4.28000000000003
1994,65,0.26,4.260000000000048
1994,66,0.61,3.0200000000000387
1994,67,1.53,-2.2099999999999795
1994,68,0.34,-4.149999999999977
1994,69,0.0,-0.40999999999996817
1994,70,0.0,3.680000000000007
1994,71,2.23,0.9399999999999977
1994,72,0.0,1.1200000000000045
1994,73,0.0,5.53000000000003
1994,74,0.0,5.590000000000032
1994,75,0.0,7.610000000000014
1994,76,0.0,7.830000000000041
1994,77,0.0,6.210000000000036
1994,78,0.0,7.6299999999999955
1994,79,0.28,5.800000000000011
1994,80,0.02,0.8900000000000432
1994,81,0.0,5.590000000000032
1994,82,0.14,4.260000000000048
1994,83,0.01,1.3900000000000432
1994,84,1.38,0.8600000000000136
1994,85,1.95,0.1500000000000341
1994,86,5.16,-6.279999999999973
1994,87,0.38,-5.229999999999961
1994,88,4.33,-3.75
1994,89,0.01,-3.4499999999999886
1994,90,0.0,1.2600000000000477
1994,91,0.0,4.340000000000032
1994,92,3.82,2.840000000000032
1994,93,0.0,2.150000000000034
1994,94,0.95,5.1200000000000045
1994,95,9.36,-3.409999999999968
1994,96,0.03,-1.6499999999999773
1994,97,0.0,3.080000000000041
1994,98,0.21,1.240000000000009
1994,99,2.61,2.0500000000000114
1994,100,7.63,-1.0
1994,101,1.56,-2.2899999999999636
1994,102,0.02,0.30000000000001137
1994,103,0.0,4.8799999999999955
1994,104,0.02,6.310000000000002
1994,105,0.0,4.6200000000000045
1994,106,0.0,7.710000000000036
1994,107,0.0,10.810000000000002
1994,108,0.33,11.629999999999995
1994,109,0.39,11.870000000000005
1994,110,0.11,11.710000000000036
1994,111,0.13,12.270000000000039
1994,112,4.34,12.04000000000002
1994,113,0.17,12.980000000000018
1994,114,0.0,12.120000000000005
1994,115,4.4,8.700000000000045
1994,116,3.61,2.8700000000000045
1994,117,8.19,-2.2899999999999636
1994,118,1.97,-0.37999999999999545
1994,119,2.91,1.1200000000000045
1994,120,0.63,1.1800000000000068
1994,121,0.89,6.1200000000000045
1994,122,1.08,6.490000000000009
1994,123,0.48,7.100000000000023
1994,124,0.0,8.730000000000018
1994,125,0.0,13.170000000000016
1994,126,0.07,14.390000000000043
1994,127,0.07,12.370000000000005
1994,128,4.3,11.5
1994,129,15.23,8.420000000000016
1994,130,11.69,9.379999999999995
1994,131,0.0,11.480000000000018
1994,132,0.51,11.930000000000007
1994,133,1.09,11.28000000000003
1994,134,1.39,10.160000000000025
1994,135,0.33,12.770000000000039
1994,136,0.14,15.180000000000007
1994,137,0.0,15.180000000000007
1994,138,0.0,15.960000000000036
1994,139,0.17,15.939999999999998
1994,140,0.49,13.910000000000025
1994,141,0.0,11.660000000000025
1994,142,0.0,13.900000000000034
1994,143,0.0,15.460000000000036
1994,144,2.01,14.710000000000036
1994,145,11.23,12.740000000000009
1994,146,17.47,9.700000000000045
1994,147,0.97,11.610000000000014
1994,148,0.24,14.090000000000032
1994,149,0.42,13.840000000000032
1994,150,0.0,16.890000000000043
1994,151,0.25,18.680000000000007
1994,152,2.56,16.79000000000002
1994,153,5.13,16.30000000000001
1994,154,3.71,16.160000000000025
1994,155,0.04,17.730000000000018
1994,156,0.0,17.360000000000014
1994,157,0.0,18.010000000000048
1994,158,0.0,17.430000000000007
1994,159,0.0,15.960000000000036
1994,160,0.0,14.32000000000005
1994,161,0.0,14.629999999999995
1994,162,0.0,16.760000000000048
1994,163,0.0,18.77000000000004
1994,164,0.0,19.82000000000005
1994,165,0.0,19.629999999999995
1994,166,0.0,19.04000000000002
1994,167,0.0,18.900000000000034
1994,168,0.7,19.879999999999995
1994,169,0.54,20.32000000000005
1994,170,0.57,19.25
1994,171,3.91,17.05000000000001
1994,172,6.51,17.24000000000001
1994,173,7.5,18.180000000000007
1994,174,0.73,16.510000000000048
1994,175,0.0,19.110000000000014
1994,176,0.0,21.510000000000048
1994,177,0.0,22.189999999999998
1994,178,0.0,22.189999999999998
1994,179,0.0,20.510000000000048
1994,180,0.08,20.260000000000048
1994,181,0.78,20.260000000000048
1994,182,0.03,21.620000000000005
1994,183,0.04,20.79000000000002
1994,184,0.45,19.710000000000036
1994,185,0.72,18.900000000000034
1994,186,0.0,19.100000000000023
1994,187,0.0,19.439999999999998
1994,188,0.0,14.100000000000023
1994,189,0.0,12.910000000000025
1994,190,0.0,17.700000000000045
1994,191,0.0,20.05000000000001
1994,192,0.0,20.590000000000032
1994,193,2.92,19.480000000000018
1994,194,0.58,18.920000000000016
1994,195,1.41,17.689999999999998
1994,196,3.81,18.99000000000001
1994,197,0.63,19.420000000000016
1994,198,0.72,19.25
1994,199,0.0,20.110000000000014
1994,200,0.11,20.33000000000004
1994,201,2.84,15.970000000000027
1994,202,0.98,14.75
1994,203,0.71,18.600000000000023
1994,204,0.1,20.629999999999995
1994,205,2.73,20.400000000000034
1994,206,2.07,19.54000000000002
1994,207,0.65,18.78000000000003
1994,208,0.27,17.890000000000043
1994,209,0.19,17.960000000000036
1994,210,0.95,18.480000000000018
1994,211,0.37,18.58000000000004
1994,212,0.05,20.24000000000001
1994,213,6.62,17.900000000000034
1994,214,10.11,17.870000000000005
1994,215,3.62,17.57000000000005
1994,216,1.39,17.610000000000014
1994,217,1.76,17.010000000000048
1994,218,0.61,19.450000000000045
1994,219,0.0,20.160000000000025
1994,220,0.0,19.140000000000043
1994,221,0.71,18.58000000000004
1994,222,0.29,17.920000000000016
1994,223,4.56,17.760000000000048
1994,224,7.7,19.27000000000004
1994,225,0.71,19.32000000000005
1994,226,5.26,16.180000000000007
1994,227,2.32,16.79000000000002
1994,228,0.14,19.060000000000002
1994,229,0.42,20.54000000000002
1994,230,2.05,21.30000000000001
1994,231,1.82,18.660000000000025
1994,232,4.17,17.110000000000014
1994,233,0.11,17.55000000000001
1994,234,2.4,19.02000000000004
1994,235,0.0,19.0
1994,236,0.0,19.689999999999998
1994,237,0.05,20.170000000000016
1994,238,3.61,20.140000000000043
1994,239,0.0,21.08000000000004
1994,240,3.23,19.180000000000007
1994,241,7.58,17.939999999999998
1994,242,0.03,16.939999999999998
1994,243,7.36,13.580000000000041
1994,244,8.17,13.210000000000036
1994,245,3.16,15.710000000000036
1994,246,5.78,16.010000000000048
1994,247,0.2,16.110000000000014
1994,248,0.81,16.200000000000045
1994,249,0.0,15.879999999999995
1994,250,0.63,16.32000000000005
1994,251,0.0,16.310000000000002
1994,252,0.0,17.420000000000016
1994,253,0.0,17.870000000000005
1994,254,0.0,18.210000000000036
1994,255,0.57,17.160000000000025
1994,256,0.47,17.460000000000036
1994,257,1.08,15.410000000000025
1994,258,0.02,10.360000000000014
1994,259,0.7,10.920000000000016
1994,260,0.0,12.900000000000034
1994,261,0.64,14.650000000000034
1994,262,0.09,14.960000000000036
1994,263,2.82,12.760000000000048
1994,264,1.89,11.060000000000002
1994,265,1.83,5.6299999999999955
1994,266,0.0,10.650000000000034
1994,267,0.0,11.140000000000043
1994,268,0.0,11.520000000000039
1994,269,0.0,13.430000000000007
1994,270,0.0,14.340000000000032
1994,271,0.0,15.980000000000018
1994,272,0.0,16.260000000000048
1994,273,1.24,14.830000000000041
1994,274,0.12,10.910000000000025
1994,275,0.85,9.230000000000018
1994,276,0.06,9.300000000000011
1994,277,1.31,9.78000000000003
1994,278,1.36,12.150000000000034
1994,279,4.55,8.900000000000034
1994,280,0.09,6.32000000000005
1994,281,9.77,4.680000000000007
1994,282,0.0,7.480000000000018
1994,283,0.11,10.420000000000016
1994,284,0.13,11.590000000000032
1994,285,0.0,10.830000000000041
1994,286,0.0,8.260000000000048
1994,287,0.0,8.410000000000025
1994,288,0.86,7.010000000000048
1994,289,0.82,5.07000000000005
1994,290,9.56,3.7200000000000273
1994,291,0.18,3.0400000000000205
1994,292,0.03,5.330000000000041
1994,293,0.0,5.6299999999999955
1994,294,0.0,5.410000000000025
1994,295,0.0,6.6200000000000045
1994,296,0.0,6.210000000000036
1994,297,0.0,5.860000000000014
1994,298,0.0,4.600000000000023
1994,299,0.0,6.080000000000041
1994,300,0.0,7.2000000000000455
1994,301,0.0,10.340000000000032
1994,302,0.11,7.53000000000003
1994,303,0.13,3.8700000000000045
1994,304,2.48,-0.37999999999999545
1994,305,0.08,5.810000000000002
1994,306,0.14,7.7000000000000455
1994,307,1.12,3.6299999999999955
1994,308,3.92,-0.3299999999999841
1994,309,0.0,1.1899999999999977
1994,310,0.0,4.710000000000036
1994,311,0.0,7.82000000000005
1994,312,2.76,3.7000000000000455
1994,313,0.45,-0.12999999999999545
1994,314,0.0,4.800000000000011
1994,315,0.0,7.28000000000003
1994,316,0.07,7.939999999999998
1994,317,0.03,2.1899999999999977
1994,318,0.21,-3.659999999999968
1994,319,0.0,-3.2199999999999704
1994,320,0.08,3.140000000000043
1994,321,0.39,-0.37000000000000455
1994,322,0.04,-4.3700000000000045
1994,323,0.12,-2.339999999999975
1994,324,5.74,-1.2899999999999636
1994,325,0.16,-2.359999999999957
1994,326,0.23,-4.239999999999952
1994,327,0.0,-1.5399999999999636
1994,328,0.0,0.6400000000000432
1994,329,0.0,0.7900000000000205
1994,330,0.01,0.36000000000001364
1994,331,0.56,-6.3799999999999955
1994,332,0.0,-9.370000000000005
1994,333,0.0,-10.159999999999968
1994,334,0.0,-0.2999999999999545
1994,335,0.0,3.920000000000016
1994,336,0.0,2.7600000000000477
1994,337,0.0,1.0100000000000477
1994,338,0.0,2.3700000000000045
1994,339,0.01,1.3000000000000114
1994,340,0.61,1.740000000000009
1994,341,0.13,0.07000000000005002
1994,342,0.43,-4.589999999999975
1994,343,2.26,-8.870000000000005
1994,344,0.0,-8.810000000000002
1994,345,0.0,-1.6999999999999886
1994,346,0.0,-4.189999999999998
1994,347,0.0,-1.2899999999999636
1994,348,0.03,-4.229999999999961
1994,349,0.0,-5.7999999999999545
1994,350,0.0,-4.939999999999998
1994,351,0.0,-0.8299999999999841
1994,352,0.0,0.9600000000000364
1994,353,0.0,-0.16999999999995907
1994,354,0.0,-3.2099999999999795
1994,355,0.0,0.5600000000000023
1994,356,0.0,2.410000000000025
1994,357,0.0,1.9399999999999977
1994,358,0.0,1.8600000000000136
1994,359,0.0,0.8799999999999955
1994,360,0.0,1.1299999999999955
1994,361,0.0,-0.12999999999999545
1994,362,0.0,0.5400000000000205
1994,363,0.0,1.1899999999999977
1994,364,1.01,-0.2699999999999818
1994,365,2.49,-7.6200000000000045
1995,1,0.0,-9.939999999999998
1995,2,0.0,-5.7999999999999545
1995,3,0.0,-7.3700000000000045
1995,4,0.0,-7.189999999999998
1995,5,0.08,-4.2099999999999795
1995,6,0.15,-3.6499999999999773
1995,7,0.0,-4.539999999999964
1995,8,0.0,-1.329999999999984
1995,9,0.0,0.03000000000002956
1995,10,0.0,1.9600000000000364
1995,11,0.0,2.1299999999999955
1995,12,0.0,-1.669999999999959
1995,13,0.0,-3.3700000000000045
1995,14,0.0,-1.2299999999999613
1995,15,0.04,1.4800000000000182
1995,16,0.21,-0.7399999999999523
1995,17,0.0,-6.569999999999993
1995,18,0.0,-7.5
1995,19,0.0,-5.42999999999995
1995,20,0.0,-4.269999999999982
1995,21,0.0,-5.039999999999964
1995,22,0.0,-8.299999999999955
1995,23,0.0,-6.419999999999959
1995,24,0.0,-3.009999999999991
1995,25,0.0,0.5900000000000318
1995,26,0.12,1.5200000000000387
1995,27,0.63,-0.2899999999999636
1995,28,0.59,-1.9699999999999704
1995,29,2.08,-4.349999999999966
1995,30,0.0,-3.8700000000000045
1995,31,0.0,0.1400000000000432
1995,32,0.0,2.7900000000000205
1995,33,0.0,2.1899999999999977
1995,34,0.0,-1.75
1995,35,0.0,0.6100000000000136
1995,36,0.0,0.7300000000000182
1995,37,0.0,0.7800000000000296
1995,38,0.41,0.18999999999999773
1995,39,0.0,0.8600000000000136
1995,40,3.08,-0.1099999999999568
1995,41,0.12,-1.6399999999999864
1995,42,4.89,-8.349999999999966
1995,43,3.77,-12.129999999999995
1995,44,0.55,-6.649999999999977
1995,45,0.75,-0.06999999999999318
1995,46,1.07,-1.4499999999999886
1995,47,0.0,-3.6899999999999977
1995,48,0.0,-0.9899999999999523
1995,49,0.0,0.3300000000000409
1995,50,0.0,-0.25
1995,51,0.0,4.020000000000039
1995,52,0.0,4.57000000000005
1995,53,0.0,5.57000000000005
1995,54,0.0,3.090000000000032
1995,55,0.0,3.0300000000000296
1995,56,0.0,4.9500000000000455
1995,57,0.0,3.5200000000000387
1995,58,0.04,2.2200000000000273
1995,59,0.16,1.0500000000000114
1995,60,1.18,-3.25
1995,61,0.97,-4.019999999999982
1995,62,0.08,-0.1099999999999568
1995,63,0.0,0.8900000000000432
1995,64,0.0,-0.6399999999999864
1995,65,7.76,-1.259999999999991
1995,66,0.18,-7.46999999999997
1995,67,0.0,-3.8999999999999773
1995,68,0.0,0.9500000000000455
1995,69,0.0,3.8500000000000227
1995,70,0.0,5.400000000000034
1995,71,0.0,4.600000000000023
1995,72,0.0,1.4600000000000364
1995,73,0.0,3.1000000000000227
1995,74,0.0,5.5400000000000205
1995,75,1.38,7.78000000000003
1995,76,6.95,6.240000000000009
1995,77,0.0,6.6299999999999955
1995,78,0.0,6.600000000000023
1995,79,0.04,1.6100000000000136
1995,80,0.0,6.590000000000032
1995,81,0.0,5.150000000000034
1995,82,0.0,2.7000000000000455
1995,83,0.0,4.960000000000036
1995,84,0.0,0.6899999999999977
1995,85,7.39,-2.8999999999999773
1995,86,0.11,-3.3100000000000023
1995,87,10.37,-3.7099999999999795
1995,88,0.77,-4.909999999999968
1995,89,0.44,-4.6299999999999955
1995,90,0.0,-3.1299999999999955
1995,91,0.0,-0.20999999999997954
1995,92,0.0,2.3700000000000045
1995,93,0.0,2.150000000000034
1995,94,0.0,4.0
1995,95,0.0,6.720000000000027
1995,96,0.0,6.910000000000025
1995,97,0.0,7.2000000000000455
1995,98,5.93,7.220000000000027
1995,99,2.3,3.900000000000034
1995,100,14.54,-4.139999999999986
1995,101,0.19,-5.560000000000002
1995,102,0.0,2.8700000000000045
1995,103,0.0,6.5400000000000205
1995,104,0.0,6.840000000000032
1995,105,0.0,2.9600000000000364
1995,106,0.21,4.240000000000009
1995,107,5.0,2.2100000000000364
1995,108,3.01,0.5900000000000318
1995,109,8.74,0.4300000000000068
1995,110,1.21,-0.5799999999999841
1995,111,6.45,-0.2899999999999636
1995,112,2.64,-1.3100000000000023
1995,113,1.86,-1.8199999999999932
1995,114,4.41,-0.4399999999999977
1995,115,0.38,2.82000000000005
1995,116,13.15,2.2100000000000364
1995,117,0.0,3.140000000000043
1995,118,0.06,8.5
1995,119,0.36,7.770000000000039
1995,120,1.02,8.53000000000003
1995,121,0.11,4.330000000000041
1995,122,0.08,6.640000000000043
1995,123,2.24,5.860000000000014
1995,124,3.25,3.930000000000007
1995,125,0.64,7.82000000000005
1995,126,1.64,5.960000000000036
1995,127,0.51,6.840000000000032
1995,128,1.83,4.420000000000016
1995,129,0.58,4.010000000000048
1995,130,0.15,3.5300000000000296
1995,131,1.18,6.32000000000005
1995,132,0.07,8.050000000000011
1995,133,0.18,4.420000000000016
1995,134,0.16,8.25
1995,135,0.2,11.620000000000005
1995,136,2.24,13.370000000000005
1995,137,37.49,7.350000000000023
1995,138,1.48,5.78000000000003
1995,139,0.16,6.220000000000027
1995,140,0.56,7.890000000000043
1995,141,0.17,10.330000000000041
1995,142,0.18,12.760000000000048
1995,143,2.35,10.080000000000041
1995,144,2.39,5.7000000000000455
1995,145,2.85,6.6200000000000045
1995,146,1.51,8.970000000000027
1995,147,5.31,7.740000000000009
1995,148,0.87,6.080000000000041
1995,149,4.09,6.75
1995,150,5.0,7.260000000000048
1995,151,1.28,8.82000000000005
1995,152,0.19,11.020000000000039
1995,153,0.43,13.210000000000036
1995,154,3.43,13.490000000000009
1995,155,3.07,12.129999999999995
1995,156,1.43,12.060000000000002
1995,157,0.0,14.79000000000002
1995,158,0.0,12.800000000000011
1995,159,2.94,12.270000000000039
1995,160,7.67,9.270000000000039
1995,161,0.58,9.580000000000041
1995,162,0.0,10.04000000000002
1995,163,0.0,15.370000000000005
1995,164,0.0,18.110000000000014
1995,165,0.0,19.02000000000004
1995,166,0.14,19.07000000000005
1995,167,1.05,17.55000000000001
1995,168,7.29,14.870000000000005
1995,169,9.45,14.0
1995,170,0.0,15.650000000000034
1995,171,0.0,17.140000000000043
1995,172,0.0,17.350000000000023
1995,173,0.0,16.28000000000003
1995,174,1.25,13.580000000000041
1995,175,2.92,12.900000000000034
1995,176,3.03,12.390000000000043
1995,177,1.03,14.189999999999998
1995,178,0.52,15.990000000000009
1995,179,5.35,15.879999999999995
1995,180,21.62,11.939999999999998
1995,181,9.1,9.410000000000025
1995,182,6.99,11.629999999999995
1995,183,3.01,13.220000000000027
1995,184,2.02,13.0
1995,185,1.06,10.57000000000005
1995,186,0.04,11.710000000000036
1995,187,0.0,16.05000000000001
1995,188,0.0,18.980000000000018
1995,189,0.11,19.920000000000016
1995,190,1.26,19.860000000000014
1995,191,2.26,20.510000000000048
1995,192,0.0,20.720000000000027
1995,193,0.0,20.950000000000045
1995,194,0.82,19.420000000000016
1995,195,6.63,17.640000000000043
1995,196,5.62,15.560000000000002
1995,197,2.11,16.560000000000002
1995,198,3.55,16.650000000000034
1995,199,4.93,14.950000000000045
1995,200,5.08,16.590000000000032
1995,201,1.25,14.910000000000025
1995,202,0.21,16.52000000000004
1995,203,1.23,16.460000000000036
1995,204,0.07,15.870000000000005
1995,205,1.79,15.939999999999998
1995,206,0.0,17.210000000000036
1995,207,0.0,19.170000000000016
1995,208,0.0,20.25
1995,209,0.0,21.180000000000007
1995,210,0.0,22.160000000000025
1995,211,0.0,21.53000000000003
1995,212,2.22,17.850000000000023
1995,213,0.06,15.810000000000002
1995,214,0.0,17.960000000000036
1995,215,0.02,19.200000000000045
1995,216,1.3,18.600000000000023
1995,217,0.36,18.460000000000036
1995,218,0.0,19.210000000000036
1995,219,0.9,21.650000000000034
1995,220,0.16,21.640000000000043
1995,221,2.0,20.879999999999995
1995,222,0.93,21.010000000000048
1995,223,0.93,21.840000000000032
1995,224,3.46,20.710000000000036
1995,225,1.62,19.220000000000027
1995,226,0.72,17.960000000000036
1995,227,0.85,17.25
1995,228,0.0,19.25
1995,229,0.32,19.99000000000001
1995,230,0.0,20.629999999999995
1995,231,19.12,18.55000000000001
1995,232,1.05,17.910000000000025
1995,233,5.47,18.74000000000001
1995,234,5.53,19.28000000000003
1995,235,2.6,19.220000000000027
1995,236,1.94,18.870000000000005
1995,237,2.17,17.840000000000032
1995,238,3.57,16.710000000000036
1995,239,1.2,18.629999999999995
1995,240,3.68,19.30000000000001
1995,241,1.71,19.680000000000007
1995,242,0.26,19.970000000000027
1995,243,0.35,19.910000000000025
1995,244,0.44,20.25
1995,245,0.52,21.410000000000025
1995,246,2.7,20.80000000000001
1995,247,0.07,20.660000000000025
1995,248,0.17,20.610000000000014
1995,249,6.86,18.870000000000005
1995,250,3.1,14.939999999999998
1995,251,3.41,14.03000000000003
1995,252,5.83,14.020000000000039
1995,253,3.37,13.28000000000003
1995,254,0.71,14.150000000000034
1995,255,0.0,12.78000000000003
1995,256,0.21,14.310000000000002
1995,257,0.57,14.890000000000043
1995,258,0.0,15.080000000000041
1995,259,1.21,15.840000000000032
1995,260,0.97,15.840000000000032
1995,261,0.76,15.629999999999995
1995,262,2.93,11.0
1995,263,2.25,11.610000000000014
1995,264,4.08,0.6700000000000159
1995,265,0.19,1.2100000000000364
1995,266,0.25,6.770000000000039
1995,267,0.68,5.710000000000036
1995,268,0.56,5.920000000000016
1995,269,0.0,9.939999999999998
1995,270,0.0,12.240000000000009
1995,271,0.45,12.670000000000016
1995,272,0.55,10.720000000000027
1995,273,0.99,7.510000000000048
1995,274,0.0,8.04000000000002
1995,275,0.34,7.430000000000007
1995,276,0.06,7.420000000000016
1995,277,1.38,7.800000000000011
1995,278,0.08,1.650000000000034
1995,279,0.0,2.640000000000043
1995,280,0.0,8.120000000000005
1995,281,0.0,8.03000000000003
1995,282,0.0,8.110000000000014
1995,283,0.27,6.990000000000009
1995,284,0.26,11.07000000000005
1995,285,0.0,13.170000000000016
1995,286,0.25,6.900000000000034
1995,287,0.0,5.810000000000002
1995,288,0.0,9.79000000000002
1995,289,0.0,11.980000000000018
1995,290,0.0,10.04000000000002
1995,291,0.0,10.129999999999995
1995,292,0.0,8.020000000000039
1995,293,0.0,4.730000000000018
1995,294,0.0,8.930000000000007
1995,295,3.2,5.310000000000002
1995,296,2.08,-3.2999999999999545
1995,297,0.0,1.1400000000000432
1995,298,0.0,3.5200000000000387
1995,299,0.0,5.2900000000000205
1995,300,0.0,4.840000000000032
1995,301,0.0,4.910000000000025
1995,302,0.0,7.740000000000009
1995,303,0.04,8.420000000000016
1995,304,0.1,8.060000000000002
1995,305,0.31,6.390000000000043
1995,306,0.23,-1.4599999999999795
1995,307,0.0,-4.989999999999952
1995,308,0.0,-2.909999999999968
1995,309,0.0,-0.5299999999999727
1995,310,0.24,2.5500000000000114
1995,311,0.0,1.2000000000000455
1995,312,0.5,3.25
1995,313,1.26,5.4500000000000455
1995,314,1.13,0.7600000000000477
1995,315,0.0,-0.8499999999999659
1995,316,0.0,5.350000000000023
1995,317,0.0,4.840000000000032
1995,318,0.0,5.470000000000027
1995,319,0.0,5.57000000000005
1995,320,0.0,6.7900000000000205
1995,321,0.0,5.25
1995,322,0.0,7.2000000000000455
1995,323,0.0,6.760000000000048
1995,324,0.0,4.28000000000003
1995,325,0.0,3.7900000000000205
1995,326,0.0,4.810000000000002
1995,327,0.0,2.0600000000000023
1995,328,0.0,4.050000000000011
1995,329,0.0,6.32000000000005
1995,330,1.23,6.260000000000048
1995,331,4.47,-2.509999999999991
1995,332,1.01,-5.589999999999975
1995,333,0.0,0.5100000000000477
1995,334,0.0,4.939999999999998
1995,335,0.0,6.610000000000014
1995,336,0.0,5.560000000000002
1995,337,0.0,1.9300000000000068
1995,338,0.0,2.9700000000000273
1995,339,0.0,3.670000000000016
1995,340,0.38,3.1200000000000045
1995,341,0.0,0.4700000000000273
1995,342,0.0,-0.6899999999999977
1995,343,0.0,-3.419999999999959
1995,344,0.0,0.12000000000000455
1995,345,0.0,1.660000000000025
1995,346,0.0,3.390000000000043
1995,347,0.0,4.1200000000000045
1995,348,0.0,1.0100000000000477
1995,349,0.0,-0.7099999999999795
1995,350,0.0,0.5
1995,351,0.1,-3.1499999999999773
1995,352,2.18,-6.8700000000000045
1995,353,0.0,-5.989999999999952
1995,354,0.0,-6.3700000000000045
1995,355,0.0,-7.75
1995,356,1.53,-8.46999999999997
1995,357,0.0,-10.159999999999968
1995,358,0.0,-7.479999999999961
1995,359,0.0,-5.3700000000000045
1995,360,0.0,-3.009999999999991
1995,361,0.0,-3.9899999999999523
1995,362,0.0,-4.42999999999995
1995,363,0.0,-4.67999999999995
1995,364,0.23,-5.0499999999999545
1995,365,2.08,-2.569999999999993
1996,1,5.1,-6.269999999999982
1996,2,2.06,-11.159999999999968
1996,3,1.53,-5.5
1996,4,1.37,-3.1499999999999773
1996,5,1.09,-5.989999999999952
1996,6,0.26,-9.079999999999984
1996,7,0.0,-4.949999999999989
1996,8,0.0,0.82000000000005
1996,9,0.0,0.410000000000025
1996,10,0.0,1.0100000000000477
1996,11,0.0,-2.919999999999959
1996,12,0.0,1.5100000000000477
1996,13,0.0,3.400000000000034
1996,14,0.0,2.680000000000007
1996,15,0.0,1.9700000000000273
1996,16,0.02,2.5400000000000205
1996,17,1.25,1.4700000000000273
1996,18,0.88,-9.439999999999998
1996,19,0.0,-6.269999999999982
1996,20,0.0,-5.729999999999961
1996,21,0.0,-4.42999999999995
1996,22,0.02,-2.3999999999999773
1996,23,0.12,-7.419999999999959
1996,24,0.85,-8.589999999999975
1996,25,1.8,-4.779999999999973
1996,26,0.65,-10.109999999999957
1996,27,0.05,-10.67999999999995
1996,28,0.0,-2.7999999999999545
1996,29,0.0,-4.229999999999961
1996,30,0.32,-1.2099999999999795
1996,31,0.25,-2.3700000000000045
1996,32,0.08,-6.319999999999993
1996,33,0.28,-12.489999999999952
1996,34,0.0,-11.519999999999982
1996,35,0.0,-7.089999999999975
1996,36,0.0,-0.17999999999994998
1996,37,0.0,0.8600000000000136
1996,38,0.0,2.340000000000032
1996,39,0.0,3.3000000000000114
1996,40,0.0,4.260000000000048
1996,41,0.0,4.5400000000000205
1996,42,0.0,1.5400000000000205
1996,43,0.0,2.82000000000005
1996,44,0.0,4.230000000000018
1996,45,0.0,5.07000000000005
1996,46,0.0,1.5100000000000477
1996,47,0.0,2.080000000000041
1996,48,0.0,4.07000000000005
1996,49,0.58,3.420000000000016
1996,50,0.0,2.2700000000000387
1996,51,0.32,1.6200000000000045
1996,52,1.68,3.7800000000000296
1996,53,0.0,4.740000000000009
1996,54,0.02,-0.839999999999975
1996,55,0.0,1.2700000000000387
1996,56,0.0,2.4600000000000364
1996,57,0.0,0.18999999999999773
1996,58,0.33,-7.509999999999991
1996,59,0.95,-9.20999999999998
1996,60,0.0,-7.8799999999999955
1996,61,0.24,-7.729999999999961
1996,62,0.43,-4.8700000000000045
1996,63,0.0,-2.8700000000000045
1996,64,0.0,0.6100000000000136
1996,65,1.4,0.09000000000003183
1996,66,8.23,-4.489999999999952
1996,67,0.93,-6.3799999999999955
1996,68,0.0,-4.289999999999964
1996,69,0.0,-0.9699999999999704
1996,70,0.0,5.4500000000000455
1996,71,0.0,6.460000000000036
1996,72,0.0,4.78000000000003
1996,73,0.01,3.5100000000000477
1996,74,6.18,0.9200000000000159
1996,75,0.21,-1.7699999999999818
1996,76,0.0,0.8000000000000114
1996,77,1.43,-1.1200000000000045
1996,78,2.94,-5.3799999999999955
1996,79,0.05,-5.859999999999957
1996,80,0.0,-2.1999999999999886
1996,81,0.0,3.8700000000000045
1996,82,0.0,4.7000000000000455
1996,83,0.12,5.150000000000034
1996,84,3.28,-3.2899999999999636
1996,85,0.32,-7.5499999999999545
1996,86,0.18,-4.1299999999999955
1996,87,0.0,0.8700000000000045
1996,88,0.27,2.5
1996,89,0.02,3.990000000000009
1996,90,2.51,2.5300000000000296
1996,91,0.0,3.2200000000000273
1996,92,0.0,6.020000000000039
1996,93,0.0,8.07000000000005
1996,94,2.97,5.7900000000000205
1996,95,7.27,1.6899999999999977
1996,96,6.31,-0.5600000000000023
1996,97,0.0,3.0200000000000387
1996,98,0.0,6.720000000000027
1996,99,0.0,9.04000000000002
1996,100,0.0,10.710000000000036
1996,101,0.0,12.060000000000002
1996,102,0.0,9.310000000000002
1996,103,1.76,5.400000000000034
1996,104,8.09,4.910000000000025
1996,105,4.67,-1.599999999999966
1996,106,0.01,0.32000000000005
1996,107,0.0,6.78000000000003
1996,108,0.0,7.860000000000014
1996,109,0.13,5.2000000000000455
1996,110,0.28,2.0
1996,111,0.0,0.410000000000025
1996,112,0.44,1.07000000000005
1996,113,4.28,0.32000000000005
1996,114,0.0,5.390000000000043
1996,115,0.0,10.660000000000025
1996,116,0.0,9.870000000000005
1996,117,0.0,7.170000000000016
1996,118,0.0,8.660000000000025
1996,119,7.65,1.1299999999999955
1996,120,0.0,-1.829999999999984
1996,121,0.49,4.32000000000005
1996,122,0.0,6.090000000000032
1996,123,0.0,8.450000000000045
1996,124,0.0,10.75
1996,125,0.0,11.129999999999995
1996,126,0.0,11.150000000000034
1996,127,0.0,12.460000000000036
1996,128,0.0,8.210000000000036
1996,129,0.0,11.930000000000007
1996,130,0.22,11.760000000000048
1996,131,3.71,9.480000000000018
1996,132,0.0,10.629999999999995
1996,133,0.0,13.450000000000045
1996,134,0.0,14.960000000000036
1996,135,0.0,16.680000000000007
1996,136,0.0,16.189999999999998
1996,137,0.0,16.700000000000045
1996,138,0.19,15.0
1996,139,0.0,15.170000000000016
1996,140,0.0,11.110000000000014
1996,141,0.0,11.180000000000007
1996,142,0.0,11.550000000000011
1996,143,0.0,14.28000000000003
1996,144,0.11,10.689999999999998
1996,145,2.13,9.970000000000027
1996,146,26.96,9.560000000000002
1996,147,26.48,6.590000000000032
1996,148,1.82,7.020000000000039
1996,149,1.69,7.28000000000003
1996,150,1.02,7.060000000000002
1996,151,0.0,9.890000000000043
1996,152,0.71,11.240000000000009
1996,153,0.0,10.25
1996,154,0.0,10.110000000000014
1996,155,0.0,12.260000000000048
1996,156,0.0,14.75
1996,157,0.0,16.33000000000004
1996,158,0.0,14.310000000000002
1996,159,0.0,12.090000000000032
1996,160,0.0,15.510000000000048
1996,161,0.0,17.850000000000023
1996,162,0.94,17.390000000000043
1996,163,2.54,17.33000000000004
1996,164,5.81,17.03000000000003
1996,165,6.44,16.100000000000023
1996,166,5.28,16.28000000000003
1996,167,7.09,14.770000000000039
1996,168,2.05,13.060000000000002
1996,169,0.75,16.960000000000036
1996,170,0.0,17.730000000000018
1996,171,0.0,18.28000000000003
1996,172,0.0,18.83000000000004
1996,173,3.55,18.660000000000025
1996,174,5.93,17.610000000000014
1996,175,0.68,16.410000000000025
1996,176,0.05,17.58000000000004
1996,177,0.1,17.629999999999995
1996,178,0.27,18.29000000000002
1996,179,1.71,17.939999999999998
1996,180,0.63,17.480000000000018
1996,181,0.89,16.660000000000025
1996,182,0.1,17.600000000000023
1996,183,0.0,18.32000000000005
1996,184,0.0,19.910000000000025
1996,185,0.0,20.79000000000002
1996,186,0.05,21.650000000000034
1996,187,1.61,20.920000000000016
1996,188,2.14,20.379999999999995
1996,189,1.68,20.629999999999995
1996,190,1.22,14.310000000000002
1996,191,8.32,16.340000000000032
1996,192,6.95,15.360000000000014
1996,193,6.36,18.350000000000023
1996,194,2.65,18.30000000000001
1996,195,4.71,18.120000000000005
1996,196,0.39,16.80000000000001
1996,197,0.5,18.230000000000018
1996,198,0.07,18.760000000000048
1996,199,1.92,18.77000000000004
1996,200,8.7,19.560000000000002
1996,201,0.67,17.930000000000007
1996,202,0.16,20.29000000000002
1996,203,0.53,19.960000000000036
1996,204,0.78,19.32000000000005
1996,205,1.7,17.939999999999998
1996,206,0.18,16.910000000000025
1996,207,4.74,17.100000000000023
1996,208,1.61,17.910000000000025
1996,209,1.42,17.439999999999998
1996,210,1.61,19.160000000000025
1996,211,2.95,17.590000000000032
1996,212,1.38,15.640000000000043
1996,213,0.83,17.950000000000045
1996,214,0.22,19.30000000000001
1996,215,2.1,17.400000000000034
1996,216,1.09,18.860000000000014
1996,217,0.13,18.379999999999995
1996,218,0.0,16.55000000000001
1996,219,1.26,17.960000000000036
1996,220,2.52,16.620000000000005
1996,221,3.54,16.30000000000001
1996,222,0.94,16.29000000000002
1996,223,0.0,16.879999999999995
1996,224,0.0,17.689999999999998
1996,225,0.0,19.640000000000043
1996,226,0.0,21.30000000000001
1996,227,0.14,20.760000000000048
1996,228,0.43,19.010000000000048
1996,229,0.8,17.420000000000016
1996,230,0.1,16.939999999999998
1996,231,7.1,18.260000000000048
1996,232,2.48,17.04000000000002
1996,233,6.33,16.910000000000025
1996,234,3.75,18.470000000000027
1996,235,3.95,15.110000000000014
1996,236,11.64,13.79000000000002
1996,237,2.64,14.900000000000034
1996,238,0.36,16.79000000000002
1996,239,3.49,16.100000000000023
1996,240,4.42,15.460000000000036
1996,241,4.04,16.010000000000048
1996,242,2.76,17.25
1996,243,1.08,15.32000000000005
1996,244,0.05,15.550000000000011
1996,245,0.0,17.950000000000045
1996,246,0.0,18.5
1996,247,0.0,17.840000000000032
1996,248,0.0,18.5
1996,249,0.67,18.29000000000002
1996,250,7.63,15.900000000000034
1996,251,3.46,12.160000000000025
1996,252,0.0,13.629999999999995
1996,253,0.01,15.960000000000036
1996,254,0.72,16.970000000000027
1996,255,0.39,16.5
1996,256,9.94,13.370000000000005
1996,257,9.0,12.340000000000032
1996,258,2.7,12.439999999999998
1996,259,4.27,11.610000000000014
1996,260,0.02,11.79000000000002
1996,261,1.51,12.350000000000023
1996,262,5.18,8.990000000000009
1996,263,4.25,5.670000000000016
1996,264,0.0,6.2000000000000455
1996,265,0.0,8.850000000000023
1996,266,0.25,12.550000000000011
1996,267,1.43,12.700000000000045
1996,268,1.45,11.730000000000018
1996,269,2.54,11.770000000000039
1996,270,7.79,3.7900000000000205
1996,271,0.07,-0.4199999999999591
1996,272,0.0,5.810000000000002
1996,273,0.0,10.54000000000002
1996,274,0.0,12.920000000000016
1996,275,0.0,12.950000000000045
1996,276,0.0,12.53000000000003
1996,277,0.06,12.129999999999995
1996,278,0.03,11.310000000000002
1996,279,0.0,11.32000000000005
1996,280,0.0,12.090000000000032
1996,281,0.0,11.57000000000005
1996,282,0.0,11.410000000000025
1996,283,0.0,11.760000000000048
1996,284,0.0,12.260000000000048
1996,285,0.0,13.700000000000045
1996,286,0.0,13.75
1996,287,0.0,13.240000000000009
1996,288,0.0,11.79000000000002
1996,289,0.99,9.430000000000007
1996,290,1.06,8.520000000000039
1996,291,0.91,1.3600000000000136
1996,292,0.0,0.020000000000038654
1996,293,0.01,7.460000000000036
1996,294,4.77,4.240000000000009
1996,295,0.29,-3.2799999999999727
1996,296,0.0,-2.6299999999999955
1996,297,0.0,2.0500000000000114
1996,298,0.0,2.75
1996,299,0.0,3.2800000000000296
1996,300,7.59,0.4399999999999977
1996,301,0.0,-0.7199999999999704
1996,302,0.21,3.900000000000034
1996,303,0.06,2.0200000000000387
1996,304,0.0,-0.3599999999999568
1996,305,3.08,-1.4399999999999977
1996,306,0.03,-0.339999999999975
1996,307,0.0,1.400000000000034
1996,308,0.0,3.8600000000000136
1996,309,1.96,3.6200000000000045
1996,310,0.0,3.4399999999999977
1996,311,0.0,0.35000000000002274
1996,312,0.0,-2.569999999999993
1996,313,0.0,-0.22999999999996135
1996,314,0.0,3.6299999999999955
1996,315,0.0,5.430000000000007
1996,316,0.0,5.8799999999999955
1996,317,0.0,6.420000000000016
1996,318,0.0,7.640000000000043
1996,319,0.0,7.240000000000009
1996,320,0.73,3.3600000000000136
1996,321,4.62,-1.099999999999966
1996,322,0.0,-5.069999999999993
1996,323,0.0,1.1299999999999955
1996,324,0.0,4.140000000000043
1996,325,0.0,6.060000000000002
1996,326,0.0,4.420000000000016
1996,327,0.24,5.930000000000007
1996,328,0.49,3.140000000000043
1996,329,0.0,-0.7099999999999795
1996,330,0.0,0.5500000000000114
1996,331,0.0,-1.099999999999966
1996,332,4.03,-4.92999999999995
1996,333,0.13,-3.839999999999975
1996,334,3.36,-3.269999999999982
1996,335,0.0,-5.339999999999975
1996,336,0.0,-5.939999999999998
1996,337,0.0,-5.17999999999995
1996,338,0.0,-8.819999999999993
1996,339,0.0,-7.2999999999999545
1996,340,1.0,-4.909999999999968
1996,341,0.4,-2.349999999999966
1996,342,0.0,-6.169999999999959
1996,343,0.0,-1.5600000000000023
1996,344,0.0,4.230000000000018
1996,345,0.0,3.8100000000000023
1996,346,0.0,1.920000000000016
1996,347,0.0,1.2100000000000364
1996,348,0.0,1.1299999999999955
1996,349,0.0,-1.2399999999999523
1996,350,0.0,-8.519999999999982
1996,351,4.69,-5.8700000000000045
1996,352,0.0,-14.319999999999993
1996,353,0.0,-18.549999999999983
1996,354,0.0,-12.0
1996,355,0.0,-6.479999999999961
1996,356,0.0,-2.9899999999999523
1996,357,0.05,-2.6399999999999864
1996,358,0.23,-4.859999999999957
1996,359,0.0,-8.049999999999955
1996,360,0.0,-3.849999999999966
1996,361,0.0,-2.2999999999999545
1996,362,0.0,-0.12999999999999545
1996,363,0.0,-1.9899999999999523
1996,364,0.0,-1.0600000000000023
1996,365,0.0,3.980000000000018
1996,366,0.0,4.2000000000000455
1997,1,0.0,5.810000000000002
1997,2,0.0,6.920000000000016
1997,3,0.76,6.0
1997,4,0.04,-1.8199999999999932
1997,5,0.0,-7.489999999999952
1997,6,2.65,-10.319999999999993
1997,7,0.19,-10.649999999999977
1997,8,0.12,-7.259999999999991
1997,9,0.06,-7.159999999999968
1997,10,0.04,-6.3799999999999955
1997,11,0.81,-9.339999999999975
1997,12,0.08,-21.70999999999998
1997,13,0.36,-12.109999999999957
1997,14,0.0,-4.949999999999989
1997,15,0.22,-6.159999999999968
1997,16,0.0,-8.609999999999957
1997,17,0.0,-6.109999999999957
1997,18,0.0,-0.4199999999999591
1997,19,0.0,1.740000000000009
1997,20,0.0,2.400000000000034
1997,21,0.0,-0.9799999999999613
1997,22,0.75,-5.239999999999952
1997,23,0.33,-2.0499999999999545
1997,24,0.0,-5.109999999999957
1997,25,1.17,-5.899999999999977
1997,26,0.05,-0.15999999999996817
1997,27,0.0,-1.7099999999999795
1997,28,0.3,-2.9499999999999886
1997,29,0.03,-1.5499999999999545
1997,30,0.34,-1.089999999999975
1997,31,0.0,3.07000000000005
1997,32,0.0,3.57000000000005
1997,33,0.0,1.6100000000000136
1997,34,0.0,-0.42999999999995
1997,35,0.05,-7.099999999999966
1997,36,0.34,-6.639999999999986
1997,37,1.26,-6.060000000000002
1997,38,0.0,-7.96999999999997
1997,39,0.0,-8.579999999999984
1997,40,0.0,-6.199999999999989
1997,41,0.0,-5.109999999999957
1997,42,0.08,-2.599999999999966
1997,43,0.0,-4.289999999999964
1997,44,3.57,-3.2099999999999795
1997,45,0.0,-5.889999999999986
1997,46,0.0,-3.5
1997,47,0.0,-1.009999999999991
1997,48,0.0,1.6100000000000136
1997,49,2.58,2.180000000000007
1997,50,0.18,-1.1599999999999682
1997,51,8.47,-1.169999999999959
1997,52,0.44,-6.2999999999999545
1997,53,0.0,-8.870000000000005
1997,54,3.18,-7.789999999999964
1997,55,0.0,-9.359999999999957
1997,56,0.0,-7.25
1997,57,2.4,-5.1299999999999955
1997,58,0.38,-5.069999999999993
1997,59,2.6,-3.7999999999999545
1997,60,2.65,-6.739999999999952
1997,61,0.0,-3.1399999999999864
1997,62,0.09,-1.3700000000000045
1997,63,1.21,-4.439999999999998
1997,64,0.0,-7.269999999999982
1997,65,0.0,-1.6200000000000045
1997,66,0.0,-0.20999999999997954
1997,67,0.0,0.35000000000002274
1997,68,0.0,0.7100000000000364
1997,69,0.0,3.82000000000005
1997,70,0.0,5.910000000000025
1997,71,0.0,6.720000000000027
1997,72,0.15,5.550000000000011
1997,73,0.0,-2.0499999999999545
1997,74,0.04,-0.75
1997,75,0.17,4.080000000000041
1997,76,0.0,6.230000000000018
1997,77,0.0,4.160000000000025
1997,78,0.0,6.580000000000041
1997,79,0.0,9.580000000000041
1997,80,0.0,9.939999999999998
1997,81,0.0,7.730000000000018
1997,82,0.32,7.640000000000043
1997,83,4.94,5.640000000000043
1997,84,1.79,-2.009999999999991
1997,85,0.01,1.4300000000000068
1997,86,0.0,5.0
1997,87,0.09,3.7600000000000477
1997,88,2.55,2.5400000000000205
1997,89,0.12,1.6400000000000432
1997,90,0.27,6.0
1997,91,1.53,5.4500000000000455
1997,92,10.06,0.17000000000001592
1997,93,4.36,1.8100000000000023
1997,94,9.96,1.8900000000000432
1997,95,2.7,-2.079999999999984
1997,96,0.42,-6.389999999999986
1997,97,0.28,-2.9699999999999704
1997,98,0.25,1.410000000000025
1997,99,0.71,-0.339999999999975
1997,100,1.43,-4.2999999999999545
1997,101,2.16,-10.509999999999991
1997,102,0.38,-10.189999999999998
1997,103,0.06,-5.949999999999989
1997,104,0.0,-0.67999999999995
1997,105,0.02,2.240000000000009
1997,106,0.0,4.260000000000048
1997,107,0.0,7.020000000000039
1997,108,0.0,8.54000000000002
1997,109,0.0,9.129999999999995
1997,110,0.39,8.170000000000016
1997,111,1.46,7.830000000000041
1997,112,0.61,4.1299999999999955
1997,113,1.86,3.410000000000025
1997,114,12.63,1.8700000000000045
1997,115,6.22,-0.18999999999999773
1997,116,0.36,1.830000000000041
1997,117,0.0,-0.0999999999999659
1997,118,0.26,6.75
1997,119,0.09,7.6299999999999955
1997,120,0.0,3.3799999999999955
1997,121,0.01,5.050000000000011
1997,122,0.01,0.8000000000000114
1997,123,0.0,3.4600000000000364
1997,124,0.0,8.689999999999998
1997,125,0.0,10.660000000000025
1997,126,0.17,12.550000000000011
1997,127,0.07,12.260000000000048
1997,128,0.18,9.629999999999995
1997,129,0.0,7.590000000000032
1997,130,1.55,10.680000000000007
1997,131,2.71,10.680000000000007
1997,132,4.3,7.830000000000041
1997,133,0.01,10.610000000000014
1997,134,0.34,11.310000000000002
1997,135,0.39,12.120000000000005
1997,136,1.22,10.629999999999995
1997,137,0.01,13.25
1997,138,0.8,13.230000000000018
1997,139,0.0,10.990000000000009
1997,140,0.0,11.590000000000032
1997,141,2.11,11.990000000000009
1997,142,6.76,10.930000000000007
1997,143,7.43,10.180000000000007
1997,144,1.11,11.080000000000041
1997,145,2.39,9.340000000000032
1997,146,0.47,6.890000000000043
1997,147,0.1,6.0400000000000205
1997,148,0.14,8.390000000000043
1997,149,0.88,10.82000000000005
1997,150,0.52,6.090000000000032
1997,151,0.03,12.020000000000039
1997,152,0.14,16.28000000000003
1997,153,0.24,15.730000000000018
1997,154,0.24,14.670000000000016
1997,155,0.15,14.990000000000009
1997,156,0.9,17.08000000000004
1997,157,2.46,15.470000000000027
1997,158,26.0,12.930000000000007
1997,159,2.3,11.480000000000018
1997,160,9.73,9.800000000000011
1997,161,2.57,10.600000000000023
1997,162,0.43,13.890000000000043
1997,163,0.59,14.720000000000027
1997,164,4.82,12.879999999999995
1997,165,2.18,13.75
1997,166,0.07,13.660000000000025
1997,167,4.92,12.170000000000016
1997,168,0.91,13.620000000000005
1997,169,0.53,16.379999999999995
1997,170,0.03,18.24000000000001
1997,171,0.0,19.32000000000005
1997,172,0.59,18.129999999999995
1997,173,0.96,19.0
1997,174,1.13,19.060000000000002
1997,175,2.41,17.74000000000001
1997,176,0.47,15.760000000000048
1997,177,0.0,16.650000000000034
1997,178,0.0,17.629999999999995
1997,179,0.0,17.52000000000004
1997,180,0.04,17.220000000000027
1997,181,0.0,17.180000000000007
1997,182,0.0,17.25
1997,183,0.0,15.430000000000007
1997,184,0.0,15.480000000000018
1997,185,1.5,13.360000000000014
1997,186,0.0,15.840000000000032
1997,187,0.0,16.07000000000005
1997,188,0.0,18.32000000000005
1997,189,0.84,18.939999999999998
1997,190,0.0,18.05000000000001
1997,191,0.61,18.689999999999998
1997,192,0.39,18.57000000000005
1997,193,0.04,16.220000000000027
1997,194,0.0,16.910000000000025
1997,195,0.0,17.180000000000007
1997,196,0.0,19.470000000000027
1997,197,0.0,21.04000000000002
1997,198,0.29,20.960000000000036
1997,199,4.53,20.220000000000027
1997,200,3.0,18.760000000000048
1997,201,3.31,16.83000000000004
1997,202,0.03,14.400000000000034
1997,203,0.37,18.420000000000016
1997,204,2.51,19.660000000000025
1997,205,4.26,19.29000000000002
1997,206,2.53,20.05000000000001
1997,207,4.76,19.629999999999995
1997,208,2.78,18.75
1997,209,4.97,16.77000000000004
1997,210,4.7,17.370000000000005
1997,211,5.68,13.210000000000036
1997,212,3.17,16.150000000000034
1997,213,6.3,16.57000000000005
1997,214,0.61,16.110000000000014
1997,215,4.18,18.75
1997,216,8.9,16.810000000000002
1997,217,19.28,15.580000000000041
1997,218,8.28,12.270000000000039
1997,219,0.8,12.450000000000045
1997,220,0.43,15.600000000000023
1997,221,2.47,17.590000000000032
1997,222,2.87,14.620000000000005
1997,223,0.17,14.740000000000009
1997,224,0.82,14.460000000000036
1997,225,9.15,15.330000000000041
1997,226,0.0,15.010000000000048
1997,227,0.0,15.610000000000014
1997,228,0.26,17.939999999999998
1997,229,1.43,16.75
1997,230,0.37,16.620000000000005
1997,231,5.12,16.5
1997,232,0.26,17.08000000000004
1997,233,1.02,18.100000000000023
1997,234,0.14,18.260000000000048
1997,235,1.85,18.160000000000025
1997,236,0.32,19.200000000000045
1997,237,10.66,19.420000000000016
1997,238,8.0,18.80000000000001
1997,239,6.01,17.83000000000004
1997,240,3.34,18.560000000000002
1997,241,0.88,18.860000000000014
1997,242,2.62,17.77000000000004
1997,243,1.39,16.660000000000025
1997,244,1.06,16.700000000000045
1997,245,5.34,16.510000000000048
1997,246,0.46,17.30000000000001
1997,247,1.11,17.680000000000007
1997,248,4.08,17.08000000000004
1997,249,0.76,16.810000000000002
1997,250,0.28,16.340000000000032
1997,251,0.82,16.340000000000032
1997,252,0.11,16.260000000000048
1997,253,0.0,16.090000000000032
1997,254,0.77,16.600000000000023
1997,255,0.13,16.170000000000016
1997,256,0.0,16.220000000000027
1997,257,1.46,16.650000000000034
1997,258,0.82,16.54000000000002
1997,259,0.78,15.560000000000002
1997,260,0.02,14.050000000000011
1997,261,0.4,16.650000000000034
1997,262,1.7,15.82000000000005
1997,263,0.93,10.230000000000018
1997,264,3.85,12.650000000000034
1997,265,0.6,11.629999999999995
1997,266,5.95,8.340000000000032
1997,267,0.86,8.760000000000048
1997,268,0.09,12.730000000000018
1997,269,0.54,15.610000000000014
1997,270,0.0,14.600000000000023
1997,271,0.0,12.450000000000045
1997,272,0.0,13.650000000000034
1997,273,0.0,14.57000000000005
1997,274,0.0,15.78000000000003
1997,275,1.19,15.480000000000018
1997,276,0.0,14.080000000000041
1997,277,0.0,13.330000000000041
1997,278,0.0,14.920000000000016
1997,279,0.0,14.010000000000048
1997,280,0.11,12.689999999999998
1997,281,1.76,9.32000000000005
1997,282,0.0,6.0400000000000205
1997,283,0.0,10.720000000000027
1997,284,4.4,13.050000000000011
1997,285,3.95,5.100000000000023
1997,286,0.0,-2.7299999999999613
1997,287,0.0,2.670000000000016
1997,288,0.0,6.810000000000002
1997,289,0.0,7.350000000000023
1997,290,0.0,9.420000000000016
1997,291,0.0,10.010000000000048
1997,292,0.0,7.830000000000041
1997,293,0.05,6.5400000000000205
1997,294,1.68,4.400000000000034
1997,295,0.0,6.050000000000011
1997,296,0.0,4.090000000000032
1997,297,26.49,1.900000000000034
1997,298,7.78,-7.409999999999968
1997,299,3.71,-5.0499999999999545
1997,300,1.5,0.07000000000005002
1997,301,0.03,1.5600000000000023
1997,302,0.0,1.0600000000000023
1997,303,0.0,1.8600000000000136
1997,304,0.14,3.330000000000041
1997,305,0.0,0.020000000000038654
1997,306,0.0,-3.359999999999957
1997,307,0.0,-0.6099999999999568
1997,308,0.0,3.0600000000000023
1997,309,0.0,0.8700000000000045
1997,310,0.0,3.2700000000000387
1997,311,0.0,4.189999999999998
1997,312,0.03,3.1100000000000136
1997,313,5.65,-1.4099999999999682
1997,314,0.66,-3.7799999999999727
1997,315,0.05,-1.8799999999999955
1997,316,6.08,-4.060000000000002
1997,317,2.05,-2.659999999999968
1997,318,0.0,-7.5
1997,319,0.0,-11.759999999999991
1997,320,0.05,-7.099999999999966
1997,321,0.0,-4.399999999999977
1997,322,0.0,-3.6299999999999955
1997,323,0.04,-2.2399999999999523
1997,324,0.04,0.03000000000002956
1997,325,0.02,-2.4799999999999613
1997,326,0.0,-3.7299999999999613
1997,327,0.0,-1.919999999999959
1997,328,0.0,1.0300000000000296
1997,329,0.0,3.090000000000032
1997,330,0.12,2.2600000000000477
1997,331,4.16,3.5
1997,332,10.58,-0.5999999999999659
1997,333,0.63,-2.2199999999999704
1997,334,0.7,-3.839999999999975
1997,335,2.87,-1.8700000000000045
1997,336,2.83,-4.539999999999964
1997,337,0.19,-6.759999999999991
1997,338,0.08,-4.489999999999952
1997,339,0.02,-4.029999999999973
1997,340,0.82,-1.839999999999975
1997,341,1.07,-0.22999999999996135
1997,342,1.47,-2.069999999999993
1997,343,1.94,-3.829999999999984
1997,344,0.01,-7.1299999999999955
1997,345,1.8,-9.689999999999998
1997,346,0.24,-8.099999999999966
1997,347,0.11,-2.859999999999957
1997,348,0.18,0.6200000000000045
1997,349,0.43,0.8500000000000227
1997,350,0.12,-2.5
1997,351,1.01,-0.6999999999999886
1997,352,0.27,0.20000000000004547
1997,353,0.16,-1.419999999999959
1997,354,0.0,-4.46999999999997
1997,355,0.0,-2.769999999999982
1997,356,0.0,-5.239999999999952
1997,357,0.33,-5.729999999999961
1997,358,0.28,-6.519999999999982
1997,359,1.76,-10.089999999999975
1997,360,0.22,-10.20999999999998
1997,361,0.34,-6.149999999999977
1997,362,0.0,-9.919999999999959
1997,363,0.0,-4.099999999999966
1997,364,0.0,-1.0600000000000023
1997,365,0.0,-1.1899999999999977
1998,1,0.0,0.9800000000000182
1998,2,0.0,1.3799999999999955
1998,3,0.0,1.3500000000000227
1998,4,0.0,-0.6699999999999591
1998,5,4.26,-2.419999999999959
1998,6,0.26,-3.8899999999999864
1998,7,0.15,-6.589999999999975
1998,8,0.0,-5.079999999999984
1998,9,0.18,-5.589999999999975
1998,10,0.35,-3.9799999999999613
1998,11,0.14,-2.569999999999993
1998,12,0.03,-2.0299999999999727
1998,13,0.14,-1.849999999999966
1998,14,0.0,-3.6299999999999955
1998,15,0.0,-3.7899999999999636
1998,16,0.0,-2.169999999999959
1998,17,0.0,-1.849999999999966
1998,18,0.75,-1.8899999999999864
1998,19,0.0,-0.9199999999999591
1998,20,0.0,-3.409999999999968
1998,21,0.0,-7.75
1998,22,0.0,-8.560000000000002
1998,23,0.0,-6.560000000000002
1998,24,0.0,-3.839999999999975
1998,25,0.0,-4.069999999999993
1998,26,0.0,-6.4599999999999795
1998,27,0.0,-2.319999999999993
1998,28,0.0,-2.2099999999999795
1998,29,0.0,-3.659999999999968
1998,30,0.0,-2.6499999999999773
1998,31,1.49,-2.7299999999999613
1998,32,0.32,-6.149999999999977
1998,33,0.0,-4.669999999999959
1998,34,0.0,-3.0
1998,35,0.0,-0.46999999999997044
1998,36,0.0,-0.9599999999999795
1998,37,0.0,-0.5399999999999636
1998,38,0.98,-1.6499999999999773
1998,39,0.0,-2.2299999999999613
1998,40,0.64,-1.669999999999959
1998,41,0.0,-5.3799999999999955
1998,42,0.0,-6.810000000000002
1998,43,0.0,-5.279999999999973
1998,44,0.0,-3.919999999999959
1998,45,0.61,-1.4099999999999682
1998,46,2.39,-1.0399999999999636
1998,47,1.62,-1.2999999999999545
1998,48,2.61,-2.349999999999966
1998,49,2.58,-3.349999999999966
1998,50,0.35,-3.339999999999975
1998,51,0.0,-4.3700000000000045
1998,52,0.0,-3.1399999999999864
1998,53,0.06,-1.6999999999999886
1998,54,0.13,-1.4499999999999886
1998,55,0.0,0.03000000000002956
1998,56,0.61,-0.9799999999999613
1998,57,0.0,-7.649999999999977
1998,58,0.0,-9.96999999999997
1998,59,0.0,-11.20999999999998
1998,60,0.0,-10.649999999999977
1998,61,0.28,-8.109999999999957
1998,62,0.0,-4.539999999999964
1998,63,1.15,-2.2399999999999523
1998,64,0.69,-4.029999999999973
1998,65,0.0,-1.75
1998,66,5.24,-4.919999999999959
1998,67,1.05,-10.069999999999993
1998,68,0.23,-6.669999999999959
1998,69,0.0,-5.989999999999952
1998,70,0.05,-3.909999999999968
1998,71,0.0,-1.3700000000000045
1998,72,0.0,0.9399999999999977
1998,73,0.0,2.2600000000000477
1998,74,0.0,2.1299999999999955
1998,75,0.0,2.7000000000000455
1998,76,0.0,1.07000000000005
1998,77,17.44,0.6400000000000432
1998,78,6.13,-4.779999999999973
1998,79,0.38,-4.759999999999991
1998,80,0.44,-1.8100000000000023
1998,81,0.0,1.0500000000000114
1998,82,0.0,3.490000000000009
1998,83,0.0,4.900000000000034
1998,84,0.27,5.3799999999999955
1998,85,0.0,4.860000000000014
1998,86,6.73,3.57000000000005
1998,87,0.0,2.410000000000025
1998,88,4.83,1.670000000000016
1998,89,4.81,-3.1200000000000045
1998,90,0.68,-3.349999999999966
1998,91,1.69,0.7000000000000455
1998,92,8.21,2.330000000000041
1998,93,4.56,-0.15999999999996817
1998,94,0.0,1.170000000000016
1998,95,0.55,1.8500000000000227
1998,96,0.82,1.7800000000000296
1998,97,4.87,-0.6899999999999977
1998,98,1.22,-1.2899999999999636
1998,99,0.53,-0.9499999999999886
1998,100,0.0,0.4700000000000273
1998,101,0.0,5.590000000000032
1998,102,0.0,5.210000000000036
1998,103,0.3,0.6100000000000136
1998,104,1.58,0.27000000000003865
1998,105,9.39,-0.0999999999999659
1998,106,1.69,-2.259999999999991
1998,107,5.4,-2.2099999999999795
1998,108,0.9,-2.109999999999957
1998,109,1.05,-1.67999999999995
1998,110,0.32,1.0500000000000114
1998,111,1.74,2.1000000000000227
1998,112,0.0,4.580000000000041
1998,113,0.0,9.189999999999998
1998,114,0.0,10.430000000000007
1998,115,0.94,7.300000000000011
1998,116,8.58,3.640000000000043
1998,117,1.13,3.660000000000025
1998,118,0.0,3.7000000000000455
1998,119,0.0,5.080000000000041
1998,120,0.0,8.770000000000039
1998,121,0.43,7.080000000000041
1998,122,0.09,6.580000000000041
1998,123,0.03,8.100000000000023
1998,124,0.13,8.160000000000025
1998,125,6.28,7.770000000000039
1998,126,0.74,5.7000000000000455
1998,127,7.39,5.400000000000034
1998,128,0.38,5.240000000000009
1998,129,1.33,5.930000000000007
1998,130,0.37,7.6299999999999955
1998,131,0.0,8.140000000000043
1998,132,0.0,6.340000000000032
1998,133,0.0,9.25
1998,134,0.0,9.629999999999995
1998,135,0.0,5.53000000000003
1998,136,0.0,9.189999999999998
1998,137,0.0,12.189999999999998
1998,138,0.0,13.930000000000007
1998,139,0.0,15.020000000000039
1998,140,0.8,15.100000000000023
1998,141,0.0,14.32000000000005
1998,142,0.11,11.740000000000009
1998,143,0.0,8.960000000000036
1998,144,0.46,10.550000000000011
1998,145,0.21,10.350000000000023
1998,146,3.8,13.020000000000039
1998,147,0.0,14.510000000000048
1998,148,0.0,15.810000000000002
1998,149,0.0,16.420000000000016
1998,150,0.0,16.24000000000001
1998,151,0.0,14.840000000000032
1998,152,0.0,15.670000000000016
1998,153,0.35,16.77000000000004
1998,154,0.25,15.950000000000045
1998,155,1.04,12.100000000000023
1998,156,6.62,7.090000000000032
1998,157,1.32,7.7900000000000205
1998,158,0.0,13.020000000000039
1998,159,0.85,11.140000000000043
1998,160,1.79,10.860000000000014
1998,161,0.0,12.53000000000003
1998,162,0.98,11.810000000000002
1998,163,0.0,12.120000000000005
1998,164,0.02,14.090000000000032
1998,165,1.06,10.760000000000048
1998,166,5.06,9.79000000000002
1998,167,0.0,12.660000000000025
1998,168,0.24,14.100000000000023
1998,169,0.02,8.939999999999998
1998,170,0.0,14.0
1998,171,0.0,16.58000000000004
1998,172,1.22,16.670000000000016
1998,173,2.36,16.160000000000025
1998,174,0.0,15.910000000000025
1998,175,0.0,16.370000000000005
1998,176,0.0,16.670000000000016
1998,177,0.0,18.49000000000001
1998,178,0.0,18.370000000000005
1998,179,0.0,19.620000000000005
1998,180,0.0,20.650000000000034
1998,181,0.7,20.379999999999995
1998,182,0.0,19.689999999999998
1998,183,0.47,20.730000000000018
1998,184,1.26,20.060000000000002
1998,185,5.39,18.49000000000001
1998,186,2.05,19.610000000000014
1998,187,2.18,20.140000000000043
1998,188,0.4,18.77000000000004
1998,189,0.36,17.210000000000036
1998,190,16.25,17.460000000000036
1998,191,11.49,17.08000000000004
1998,192,3.85,18.510000000000048
1998,193,0.04,19.129999999999995
1998,194,0.2,20.110000000000014
1998,195,0.86,20.53000000000003
1998,196,1.32,20.33000000000004
1998,197,0.9,18.78000000000003
1998,198,0.0,19.439999999999998
1998,199,0.0,20.810000000000002
1998,200,0.32,22.700000000000045
1998,201,0.0,22.480000000000018
1998,202,0.18,21.74000000000001
1998,203,15.75,19.010000000000048
1998,204,9.23,17.629999999999995
1998,205,2.61,16.939999999999998
1998,206,3.88,17.140000000000043
1998,207,12.75,16.680000000000007
1998,208,0.26,16.450000000000045
1998,209,0.46,16.560000000000002
1998,210,15.67,16.810000000000002
1998,211,6.58,16.629999999999995
1998,212,3.02,16.060000000000002
1998,213,5.74,17.629999999999995
1998,214,1.06,15.460000000000036
1998,215,3.37,15.78000000000003
1998,216,7.26,12.680000000000007
1998,217,2.93,13.210000000000036
1998,218,0.05,15.770000000000039
1998,219,0.0,17.620000000000005
1998,220,3.07,19.189999999999998
1998,221,1.57,19.30000000000001
1998,222,3.9,17.77000000000004
1998,223,1.09,17.100000000000023
1998,224,0.14,16.55000000000001
1998,225,0.33,16.350000000000023
1998,226,0.11,17.05000000000001
1998,227,0.71,17.75
1998,228,0.2,18.260000000000048
1998,229,0.58,18.470000000000027
1998,230,3.0,18.83000000000004
1998,231,1.02,18.07000000000005
1998,232,2.35,17.090000000000032
1998,233,1.1,17.180000000000007
1998,234,1.58,18.060000000000002
1998,235,2.13,18.950000000000045
1998,236,2.57,20.32000000000005
1998,237,5.08,18.360000000000014
1998,238,0.55,17.930000000000007
1998,239,0.43,18.629999999999995
1998,240,0.0,16.25
1998,241,0.0,17.07000000000005
1998,242,0.59,18.80000000000001
1998,243,0.0,18.430000000000007
1998,244,17.26,15.210000000000036
1998,245,0.1,15.29000000000002
1998,246,0.0,18.210000000000036
1998,247,0.0,18.730000000000018
1998,248,0.0,19.27000000000004
1998,249,0.0,19.24000000000001
1998,250,0.0,18.83000000000004
1998,251,0.0,17.83000000000004
1998,252,0.0,18.060000000000002
1998,253,0.0,17.640000000000043
1998,254,1.68,17.730000000000018
1998,255,2.78,17.5
1998,256,0.26,15.689999999999998
1998,257,1.65,13.330000000000041
1998,258,0.0,13.100000000000023
1998,259,1.02,14.840000000000032
1998,260,1.51,15.310000000000002
1998,261,0.0,16.30000000000001
1998,262,0.0,16.110000000000014
1998,263,0.97,13.470000000000027
1998,264,0.17,13.120000000000005
1998,265,0.05,11.879999999999995
1998,266,0.06,14.100000000000023
1998,267,0.72,14.090000000000032
1998,268,0.0,15.740000000000009
1998,269,0.0,14.460000000000036
1998,270,0.0,13.879999999999995
1998,271,0.05,15.25
1998,272,0.0,16.629999999999995
1998,273,1.7,14.910000000000025
1998,274,2.25,11.260000000000048
1998,275,1.37,10.330000000000041
1998,276,0.0,10.590000000000032
1998,277,1.5,8.950000000000045
1998,278,0.0,2.07000000000005
1998,279,0.0,3.490000000000009
1998,280,0.0,8.550000000000011
1998,281,0.0,12.240000000000009
1998,282,0.0,11.82000000000005
1998,283,0.0,11.260000000000048
1998,284,0.0,10.330000000000041
1998,285,0.0,11.350000000000023
1998,286,0.0,12.110000000000014
1998,287,0.0,12.720000000000027
1998,288,0.0,10.740000000000009
1998,289,0.97,8.080000000000041
1998,290,0.0,3.160000000000025
1998,291,0.0,3.4700000000000273
1998,292,0.0,5.3799999999999955
1998,293,0.0,6.2900000000000205
1998,294,0.0,4.189999999999998
1998,295,0.4,8.5
1998,296,0.5,10.580000000000041
1998,297,0.0,7.3700000000000045
1998,298,0.0,7.1200000000000045
1998,299,2.88,9.57000000000005
1998,300,2.27,9.100000000000023
1998,301,5.79,6.75
1998,302,0.0,4.6200000000000045
1998,303,0.28,5.0
1998,304,2.09,2.660000000000025
1998,305,3.36,1.82000000000005
1998,306,2.43,2.6200000000000045
1998,307,1.95,2.0200000000000387
1998,308,0.12,-0.339999999999975
1998,309,0.0,-1.8199999999999932
1998,310,0.0,-0.5999999999999659
1998,311,2.11,-1.75
1998,312,3.46,-1.339999999999975
1998,313,2.77,-1.419999999999959
1998,314,0.68,-7.639999999999986
1998,315,0.23,-4.659999999999968
1998,316,0.01,0.7600000000000477
1998,317,0.0,2.2200000000000273
1998,318,0.0,4.970000000000027
1998,319,0.0,6.360000000000014
1998,320,0.0,4.75
1998,321,0.0,4.5
1998,322,0.0,2.6000000000000227
1998,323,0.0,-1.2099999999999795
1998,324,0.0,-3.579999999999984
1998,325,0.0,0.060000000000002274
1998,326,0.0,4.57000000000005
1998,327,0.0,3.4700000000000273
1998,328,0.0,4.230000000000018
1998,329,0.0,3.230000000000018
1998,330,0.0,5.720000000000027
1998,331,0.0,7.330000000000041
1998,332,0.15,7.4500000000000455
1998,333,0.16,5.830000000000041
1998,334,0.0,3.480000000000018
1998,335,0.0,6.300000000000011
1998,336,0.0,6.28000000000003
1998,337,0.0,5.830000000000041
1998,338,0.0,5.439999999999998
1998,339,0.44,2.1100000000000136
1998,340,0.74,-3.42999999999995
1998,341,0.02,-8.049999999999955
1998,342,0.97,-7.609999999999957
1998,343,0.88,-5.889999999999986
1998,344,1.05,-9.20999999999998
1998,345,0.0,-4.819999999999993
1998,346,0.0,-1.9099999999999682
1998,347,0.0,-0.8199999999999932
1998,348,0.0,1.8900000000000432
1998,349,0.0,1.160000000000025
1998,350,0.0,1.900000000000034
1998,351,0.0,2.930000000000007
1998,352,0.0,3.0500000000000114
1998,353,0.0,-9.5
1998,354,0.0,-6.939999999999998
1998,355,4.34,-13.649999999999977
1998,356,0.0,-12.560000000000002
1998,357,0.14,-12.71999999999997
1998,358,0.05,-10.829999999999984
1998,359,0.31,-7.25
1998,360,0.2,-3.319999999999993
1998,361,0.22,-4.349999999999966
1998,362,0.0,-3.6899999999999977
1998,363,0.0,-1.5299999999999727
1998,364,0.0,1.0200000000000387
1998,365,0.0,0.18000000000000682
1999,1,0.0,1.0500000000000114
1999,2,0.67,-6.060000000000002
1999,3,0.36,-9.109999999999957
1999,4,0.0,-8.019999999999982
1999,5,0.0,-2.759999999999991
1999,6,0.0,-1.6200000000000045
1999,7,0.0,-0.5
1999,8,0.0,-3.9899999999999523
1999,9,0.0,-6.310000000000002
1999,10,0.0,-3.419999999999959
1999,11,0.0,0.4300000000000068
1999,12,0.0,0.9800000000000182
1999,13,0.0,-3.0
1999,14,0.0,-3.2799999999999727
1999,15,0.0,0.8100000000000023
1999,16,0.1,-1.4899999999999523
1999,17,0.15,-3.25
1999,18,0.0,-2.6499999999999773
1999,19,0.0,0.12999999999999545
1999,20,0.0,-0.589999999999975
1999,21,0.37,-2.089999999999975
1999,22,1.79,-4.779999999999973
1999,23,1.84,-4.979999999999961
1999,24,0.16,0.22000000000002728
1999,25,0.0,1.7300000000000182
1999,26,0.0,1.6000000000000227
1999,27,0.11,-5.699999999999989
1999,28,0.09,-4.96999999999997
1999,29,0.0,-5.849999999999966
1999,30,0.0,-3.2199999999999704
1999,31,0.0,-2.3899999999999864
1999,32,0.26,-2.329999999999984
1999,33,0.0,-5.909999999999968
1999,34,0.0,-2.3899999999999864
1999,35,0.0,-0.5600000000000023
1999,36,0.0,0.8500000000000227
1999,37,0.0,-1.7299999999999613
1999,38,0.0,-0.9499999999999886
1999,39,0.0,1.7100000000000364
1999,40,0.0,0.6700000000000159
1999,41,0.0,2.6100000000000136
1999,42,3.25,-8.079999999999984
1999,43,0.54,-7.310000000000002
1999,44,0.0,0.22000000000002728
1999,45,0.25,0.9700000000000273
1999,46,0.11,-1.0
1999,47,1.82,-5.7999999999999545
1999,48,0.44,-3.4799999999999613
1999,49,0.0,-5.0499999999999545
1999,50,0.0,-2.8100000000000023
1999,51,0.0,-5.889999999999986
1999,52,0.0,-5.639999999999986
1999,53,0.3,-3.2899999999999636
1999,54,0.0,-5.669999999999959
1999,55,0.0,-0.7999999999999545
1999,56,0.0,0.7200000000000273
1999,57,0.0,-0.37000000000000455
1999,58,0.04,-2.7299999999999613
1999,59,0.22,2.3799999999999955
1999,60,0.14,4.230000000000018
1999,61,0.14,0.8400000000000318
1999,62,0.26,-0.13999999999998636
1999,63,0.0,3.7600000000000477
1999,64,6.24,-1.2799999999999727
1999,65,0.45,-2.9699999999999704
1999,66,0.16,-0.6099999999999568
1999,67,0.0,-0.22999999999996135
1999,68,0.0,-1.6599999999999682
1999,69,0.0,0.03000000000002956
1999,70,0.0,0.4900000000000091
1999,71,3.15,-2.099999999999966
1999,72,1.27,-2.659999999999968
1999,73,0.0,1.650000000000034
1999,74,0.0,3.900000000000034
1999,75,0.08,4.430000000000007
1999,76,0.16,2.240000000000009
1999,77,0.1,0.4500000000000455
1999,78,0.26,2.740000000000009
1999,79,0.33,4.689999999999998
1999,80,0.0,7.07000000000005
1999,81,0.12,5.330000000000041
1999,82,0.69,3.2800000000000296
1999,83,0.0,5.6200000000000045
1999,84,0.0,6.03000000000003
1999,85,0.0,7.8700000000000045
1999,86,0.65,7.160000000000025
1999,87,0.0,3.240000000000009
1999,88,0.0,3.4700000000000273
1999,89,0.0,7.760000000000048
1999,90,0.0,7.680000000000007
1999,91,0.03,4.890000000000043
1999,92,5.71,-0.92999999999995
1999,93,1.76,-3.6399999999999864
1999,94,1.65,-3.099999999999966
1999,95,0.82,-1.1899999999999977
1999,96,0.0,2.8000000000000114
1999,97,0.16,3.4600000000000364
1999,98,0.0,4.939999999999998
1999,99,0.0,3.7800000000000296
1999,100,0.0,-0.9399999999999977
1999,101,0.0,1.160000000000025
1999,102,0.0,6.689999999999998
1999,103,0.0,8.920000000000016
1999,104,10.95,3.7000000000000455
1999,105,1.3,-4.1299999999999955
1999,106,1.13,-5.8799999999999955
1999,107,3.93,-3.6499999999999773
1999,108,0.0,5.080000000000041
1999,109,0.0,7.960000000000036
1999,110,0.0,10.03000000000003
1999,111,4.4,8.490000000000009
1999,112,20.29,3.1899999999999977
1999,113,7.31,-0.42999999999995
1999,114,3.47,-0.06999999999999318
1999,115,1.08,4.090000000000032
1999,116,0.0,2.5
1999,117,0.08,6.980000000000018
1999,118,2.18,10.170000000000016
1999,119,21.83,7.640000000000043
1999,120,24.87,6.0
1999,121,7.56,5.150000000000034
1999,122,1.09,4.720000000000027
1999,123,0.21,6.850000000000023
1999,124,0.0,3.9399999999999977
1999,125,0.0,0.6899999999999977
1999,126,0.0,0.9700000000000273
1999,127,0.0,5.75
1999,128,0.02,10.370000000000005
1999,129,0.0,12.370000000000005
1999,130,0.13,7.740000000000009
1999,131,0.23,2.75
1999,132,0.0,4.240000000000009
1999,133,0.0,11.54000000000002
1999,134,0.0,12.170000000000016
1999,135,0.0,10.170000000000016
1999,136,0.77,10.580000000000041
1999,137,0.21,6.03000000000003
1999,138,0.0,10.020000000000039
1999,139,0.0,14.400000000000034
1999,140,0.81,13.330000000000041
1999,141,0.32,12.020000000000039
1999,142,0.12,15.939999999999998
1999,143,2.8,14.100000000000023
1999,144,3.21,13.689999999999998
1999,145,30.49,9.82000000000005
1999,146,0.3,10.510000000000048
1999,147,2.2,10.379999999999995
1999,148,5.6,11.379999999999995
1999,149,0.41,12.260000000000048
1999,150,0.01,13.710000000000036
1999,151,0.01,13.580000000000041
1999,152,0.0,11.260000000000048
1999,153,0.02,14.050000000000011
1999,154,0.04,13.200000000000045
1999,155,0.0,14.470000000000027
1999,156,0.0,10.770000000000039
1999,157,0.0,8.230000000000018
1999,158,0.0,14.300000000000011
1999,159,0.02,16.5
1999,160,0.03,15.230000000000018
1999,161,5.48,14.080000000000041
1999,162,5.46,13.379999999999995
1999,163,9.06,13.640000000000043
1999,164,0.21,11.390000000000043
1999,165,3.08,12.830000000000041
1999,166,4.32,13.04000000000002
1999,167,2.05,11.400000000000034
1999,168,3.76,13.370000000000005
1999,169,1.79,14.640000000000043
1999,170,0.0,16.629999999999995
1999,171,1.53,17.460000000000036
1999,172,0.47,17.180000000000007
1999,173,0.21,16.890000000000043
1999,174,0.0,17.439999999999998
1999,175,2.43,18.870000000000005
1999,176,0.64,19.260000000000048
1999,177,0.0,19.620000000000005
1999,178,0.0,19.07000000000005
1999,179,0.0,18.439999999999998
1999,180,0.0,17.689999999999998
1999,181,0.0,17.210000000000036
1999,182,0.0,18.07000000000005
1999,183,0.0,21.49000000000001
1999,184,0.2,20.900000000000034
1999,185,0.0,20.170000000000016
1999,186,0.0,21.120000000000005
1999,187,3.24,19.600000000000023
1999,188,0.0,19.55000000000001
1999,189,3.02,19.870000000000005
1999,190,2.06,18.160000000000025
1999,191,0.02,16.189999999999998
1999,192,1.83,17.160000000000025
1999,193,0.29,17.04000000000002
1999,194,0.81,18.640000000000043
1999,195,0.59,20.400000000000034
1999,196,1.77,18.110000000000014
1999,197,3.67,16.77000000000004
1999,198,7.53,15.700000000000045
1999,199,1.29,18.590000000000032
1999,200,7.85,16.680000000000007
1999,201,0.13,17.25
1999,202,0.72,18.420000000000016
1999,203,2.75,19.04000000000002
1999,204,0.95,18.970000000000027
1999,205,0.1,19.600000000000023
1999,206,2.08,19.340000000000032
1999,207,0.05,19.99000000000001
1999,208,0.2,19.620000000000005
1999,209,4.72,21.04000000000002
1999,210,0.59,19.5
1999,211,5.37,19.100000000000023
1999,212,5.71,16.870000000000005
1999,213,10.4,15.640000000000043
1999,214,1.31,14.970000000000027
1999,215,0.0,15.840000000000032
1999,216,5.41,15.610000000000014
1999,217,21.68,14.629999999999995
1999,218,6.15,16.640000000000043
1999,219,1.55,16.840000000000032
1999,220,4.91,17.930000000000007
1999,221,4.46,18.650000000000034
1999,222,3.22,17.129999999999995
1999,223,0.34,16.79000000000002
1999,224,0.0,15.879999999999995
1999,225,0.0,16.010000000000048
1999,226,0.0,17.470000000000027
1999,227,0.0,17.77000000000004
1999,228,3.37,16.83000000000004
1999,229,1.02,18.360000000000014
1999,230,0.55,17.390000000000043
1999,231,0.85,17.360000000000014
1999,232,0.09,17.730000000000018
1999,233,5.07,17.25
1999,234,1.86,17.160000000000025
1999,235,0.23,16.29000000000002
1999,236,0.18,18.210000000000036
1999,237,1.24,19.220000000000027
1999,238,1.83,18.150000000000034
1999,239,2.63,19.220000000000027
1999,240,3.14,18.720000000000027
1999,241,1.67,17.950000000000045
1999,242,1.81,18.390000000000043
1999,243,0.75,18.850000000000023
1999,244,1.51,17.75
1999,245,0.06,17.100000000000023
1999,246,0.24,15.439999999999998
1999,247,0.0,13.53000000000003
1999,248,0.05,13.200000000000045
1999,249,0.0,15.080000000000041
1999,250,0.0,16.200000000000045
1999,251,0.0,14.480000000000018
1999,252,0.0,14.090000000000032
1999,253,0.06,15.53000000000003
1999,254,0.19,13.870000000000005
1999,255,0.07,11.970000000000027
1999,256,0.03,9.930000000000007
1999,257,0.26,12.400000000000034
1999,258,1.8,11.160000000000025
1999,259,0.14,11.210000000000036
1999,260,0.96,12.680000000000007
1999,261,0.0,13.200000000000045
1999,262,5.51,12.020000000000039
1999,263,2.49,9.210000000000036
1999,264,0.0,8.510000000000048
1999,265,0.02,11.689999999999998
1999,266,0.0,13.760000000000048
1999,267,0.47,14.160000000000025
1999,268,0.04,13.520000000000039
1999,269,0.0,14.75
1999,270,1.53,7.960000000000036
1999,271,0.74,2.400000000000034
1999,272,0.17,3.3700000000000045
1999,273,0.0,10.770000000000039
1999,274,0.0,11.879999999999995
1999,275,0.0,8.330000000000041
1999,276,0.0,10.060000000000002
1999,277,0.0,9.890000000000043
1999,278,0.0,11.720000000000027
1999,279,0.0,13.810000000000002
1999,280,10.35,11.07000000000005
1999,281,1.4,8.140000000000043
1999,282,0.0,11.610000000000014
1999,283,0.0,13.360000000000014
1999,284,0.0,13.28000000000003
1999,285,0.0,13.150000000000034
1999,286,0.0,12.740000000000009
1999,287,0.0,12.740000000000009
1999,288,0.02,11.080000000000041
1999,289,4.42,1.8799999999999955
1999,290,1.19,-3.4399999999999977
1999,291,0.85,-0.1099999999999568
1999,292,4.25,-0.45999999999997954
1999,293,0.01,4.1200000000000045
1999,294,0.03,7.490000000000009
1999,295,0.0,8.57000000000005
1999,296,0.0,8.560000000000002
1999,297,0.0,9.460000000000036
1999,298,0.0,9.640000000000043
1999,299,0.0,10.140000000000043
1999,300,0.4,6.850000000000023
1999,301,0.0,7.360000000000014
1999,302,0.55,5.32000000000005
1999,303,0.0,2.0600000000000023
1999,304,0.0,6.910000000000025
1999,305,0.0,7.340000000000032
1999,306,0.0,1.6299999999999955
1999,307,0.0,6.03000000000003
1999,308,0.0,7.150000000000034
1999,309,0.0,8.760000000000048
1999,310,0.0,8.800000000000011
1999,311,0.0,7.400000000000034
1999,312,3.44,8.07000000000005
1999,313,0.0,6.140000000000043
1999,314,0.0,5.0400000000000205
1999,315,0.0,7.510000000000048
1999,316,0.0,7.990000000000009
1999,317,0.0,8.140000000000043
1999,318,0.0,7.82000000000005
1999,319,0.0,7.720000000000027
1999,320,0.0,7.360000000000014
1999,321,0.0,7.240000000000009
1999,322,0.0,3.7800000000000296
1999,323,0.0,-0.2799999999999727
1999,324,0.0,4.189999999999998
1999,325,0.0,0.10000000000002274
1999,326,14.43,-1.7099999999999795
1999,327,0.0,-7.069999999999993
1999,328,0.0,-6.489999999999952
1999,329,0.0,-5.259999999999991
1999,330,0.12,2.07000000000005
1999,331,0.0,2.9600000000000364
1999,332,0.0,3.090000000000032
1999,333,0.0,3.8799999999999955
1999,334,0.0,6.020000000000039
1999,335,0.08,5.430000000000007
1999,336,0.17,1.990000000000009
1999,337,8.46,-1.349999999999966
1999,338,4.07,-5.979999999999961
1999,339,0.0,-5.399999999999977
1999,340,0.0,-1.579999999999984
1999,341,3.82,-2.569999999999993
1999,342,1.76,-4.759999999999991
1999,343,0.02,-7.159999999999968
1999,344,0.0,-2.2799999999999727
1999,345,0.0,-4.099999999999966
1999,346,0.0,-5.810000000000002
1999,347,0.36,-2.2299999999999613
1999,348,0.0,-6.579999999999984
1999,349,0.0,-8.939999999999998
1999,350,0.49,-3.0600000000000023
1999,351,0.6,-1.7699999999999818
1999,352,0.63,-3.1499999999999773
1999,353,0.0,-5.579999999999984
1999,354,0.01,-7.289999999999964
1999,355,0.32,-8.079999999999984
1999,356,2.4,-8.92999999999995
1999,357,0.04,-5.419999999999959
1999,358,0.0,-1.4499999999999886
1999,359,0.04,-0.40999999999996817
1999,360,0.0,-0.7899999999999636
1999,361,0.0,-0.7099999999999795
1999,362,0.0,1.7300000000000182
1999,363,0.0,2.4700000000000273
1999,364,0.0,-0.7699999999999818
1999,365,0.0,-1.5699999999999932
2000,1,0.0,-1.349999999999966
2000,2,3.74,-4.599999999999966
2000,3,3.19,-8.529999999999973
2000,4,0.1,-9.789999999999964
2000,5,0.28,-4.42999999999995
2000,6,0.08,-10.049999999999955
2000,7,0.0,-6.229999999999961
2000,8,0.0,-4.689999999999998
2000,9,0.15,-7.2099999999999795
2000,10,0.0,-5.96999999999997
2000,11,0.0,-1.9499999999999886
2000,12,0.0,0.160000000000025
2000,13,0.0,-3.2999999999999545
2000,14,0.0,0.020000000000038654
2000,15,0.0,1.5600000000000023
2000,16,2.33,1.9800000000000182
2000,17,0.93,1.920000000000016
2000,18,0.0,1.6100000000000136
2000,19,0.0,2.7000000000000455
2000,20,0.0,1.1299999999999955
2000,21,0.0,2.180000000000007
2000,22,0.0,0.12000000000000455
2000,23,0.04,-3.0399999999999636
2000,24,0.0,-0.6599999999999682
2000,25,0.0,1.5200000000000387
2000,26,0.32,2.5
2000,27,3.76,-1.259999999999991
2000,28,2.1,-6.2999999999999545
2000,29,0.0,-9.079999999999984
2000,30,0.0,-7.92999999999995
2000,31,0.0,-6.2999999999999545
2000,32,0.0,-4.539999999999964
2000,33,0.0,1.660000000000025
2000,34,0.0,4.840000000000032
2000,35,0.0,-2.8700000000000045
2000,36,0.0,1.5900000000000318
2000,37,0.0,1.9399999999999977
2000,38,0.0,1.2000000000000455
2000,39,0.0,3.4700000000000273
2000,40,0.0,5.0400000000000205
2000,41,0.1,2.3100000000000023
2000,42,0.02,1.7000000000000455
2000,43,0.0,1.1800000000000068
2000,44,0.02,-0.39999999999997726
2000,45,0.0,1.3900000000000432
2000,46,0.02,3.5300000000000296
2000,47,0.0,2.3700000000000045
2000,48,6.64,2.8100000000000023
2000,49,1.98,-3.0600000000000023
2000,50,0.14,-1.7299999999999613
2000,51,0.0,2.0100000000000477
2000,52,0.0,5.300000000000011
2000,53,2.13,5.1200000000000045
2000,54,0.15,2.82000000000005
2000,55,0.0,3.7100000000000364
2000,56,0.0,-0.7299999999999613
2000,57,0.0,-2.7299999999999613
2000,58,0.0,1.7600000000000477
2000,59,0.79,5.490000000000009
2000,60,0.32,1.990000000000009
2000,61,0.24,2.910000000000025
2000,62,1.38,2.480000000000018
2000,63,1.0,1.4300000000000068
2000,64,0.0,5.6200000000000045
2000,65,0.0,7.3700000000000045
2000,66,0.66,4.2000000000000455
2000,67,0.21,6.020000000000039
2000,68,0.97,2.8500000000000227
2000,69,0.0,1.75
2000,70,0.04,-1.599999999999966
2000,71,0.14,-1.0600000000000023
2000,72,1.42,0.4000000000000341
2000,73,0.0,0.8400000000000318
2000,74,0.0,3.0600000000000023
2000,75,11.42,3.7000000000000455
2000,76,21.2,-2.599999999999966
2000,77,1.64,0.9600000000000364
2000,78,1.86,-1.1299999999999955
2000,79,0.24,0.4000000000000341
2000,80,1.53,3.090000000000032
2000,81,7.05,-2.4699999999999704
2000,82,0.94,1.9700000000000273
2000,83,0.25,3.7700000000000387
2000,84,0.0,5.0400000000000205
2000,85,0.0,6.140000000000043
2000,86,0.0,6.8799999999999955
2000,87,0.0,7.1200000000000045
2000,88,0.19,8.129999999999995
2000,89,3.84,5.680000000000007
2000,90,3.26,3.75
2000,91,9.24,-1.7399999999999523
2000,92,1.9,-3.25
2000,93,5.34,-0.14999999999997726
2000,94,1.38,-2.3799999999999955
2000,95,0.13,5.860000000000014
2000,96,0.0,9.870000000000005
2000,97,0.0,10.220000000000027
2000,98,0.0,7.140000000000043
2000,99,0.0,5.2000000000000455
2000,100,0.0,10.050000000000011
2000,101,0.0,8.970000000000027
2000,102,4.63,5.020000000000039
2000,103,0.0,7.3700000000000045
2000,104,0.0,7.480000000000018
2000,105,0.31,7.4500000000000455
2000,106,6.11,4.230000000000018
2000,107,3.17,1.9800000000000182
2000,108,0.0,6.210000000000036
2000,109,0.0,8.370000000000005
2000,110,0.03,1.8000000000000114
2000,111,0.0,3.4500000000000455
2000,112,0.0,7.050000000000011
2000,113,6.52,9.629999999999995
2000,114,4.6,7.240000000000009
2000,115,1.54,6.760000000000048
2000,116,0.0,3.5600000000000023
2000,117,0.0,7.810000000000002
2000,118,0.0,8.980000000000018
2000,119,0.03,9.770000000000039
2000,120,0.0,11.28000000000003
2000,121,9.48,5.5
2000,122,0.09,2.7000000000000455
2000,123,0.0,7.910000000000025
2000,124,0.0,13.29000000000002
2000,125,0.0,15.370000000000005
2000,126,0.0,16.75
2000,127,0.0,15.930000000000007
2000,128,0.0,14.680000000000007
2000,129,15.67,10.340000000000032
2000,130,2.7,6.910000000000025
2000,131,0.0,12.470000000000027
2000,132,0.0,13.960000000000036
2000,133,0.0,4.78000000000003
2000,134,0.0,3.590000000000032
2000,135,0.0,9.560000000000002
2000,136,0.0,13.140000000000043
2000,137,0.0,16.410000000000025
2000,138,3.83,12.010000000000048
2000,139,3.73,4.6299999999999955
2000,140,0.96,7.610000000000014
2000,141,0.05,10.810000000000002
2000,142,0.07,11.510000000000048
2000,143,0.0,14.54000000000002
2000,144,0.0,17.010000000000048
2000,145,0.25,17.75
2000,146,0.91,15.420000000000016
2000,147,0.36,13.950000000000045
2000,148,0.0,12.400000000000034
2000,149,0.01,16.510000000000048
2000,150,0.01,19.730000000000018
2000,151,0.0,20.450000000000045
2000,152,0.0,19.08000000000004
2000,153,0.0,16.180000000000007
2000,154,0.05,15.140000000000043
2000,155,0.0,17.379999999999995
2000,156,0.05,15.160000000000025
2000,157,0.0,14.830000000000041
2000,158,0.81,17.24000000000001
2000,159,0.0,18.600000000000023
2000,160,0.17,19.57000000000005
2000,161,0.02,17.950000000000045
2000,162,0.19,15.160000000000025
2000,163,0.46,16.180000000000007
2000,164,0.0,17.400000000000034
2000,165,0.0,16.700000000000045
2000,166,0.0,12.730000000000018
2000,167,0.0,17.07000000000005
2000,168,0.0,13.57000000000005
2000,169,4.15,9.82000000000005
2000,170,0.48,13.210000000000036
2000,171,1.4,16.54000000000002
2000,172,0.62,14.660000000000025
2000,173,0.0,15.210000000000036
2000,174,0.0,17.700000000000045
2000,175,0.0,19.560000000000002
2000,176,0.28,18.450000000000045
2000,177,1.9,17.960000000000036
2000,178,18.63,14.510000000000048
2000,179,6.82,13.920000000000016
2000,180,2.44,15.129999999999995
2000,181,0.3,16.400000000000034
2000,182,1.0,17.930000000000007
2000,183,0.14,18.900000000000034
2000,184,1.57,19.450000000000045
2000,185,1.16,19.360000000000014
2000,186,0.0,18.75
2000,187,0.0,19.05000000000001
2000,188,0.0,20.439999999999998
2000,189,0.12,21.480000000000018
2000,190,0.94,20.629999999999995
2000,191,1.61,19.960000000000036
2000,192,1.08,19.57000000000005
2000,193,0.6,20.08000000000004
2000,194,27.46,20.210000000000036
2000,195,0.89,19.950000000000045
2000,196,3.88,20.260000000000048
2000,197,2.71,21.25
2000,198,2.47,19.75
2000,199,32.01,17.77000000000004
2000,200,1.86,18.32000000000005
2000,201,2.57,20.25
2000,202,0.0,19.400000000000034
2000,203,0.0,18.689999999999998
2000,204,0.0,18.920000000000016
2000,205,0.0,19.430000000000007
2000,206,0.27,20.900000000000034
2000,207,0.37,20.310000000000002
2000,208,0.81,20.340000000000032
2000,209,4.06,20.610000000000014
2000,210,0.05,20.670000000000016
2000,211,3.05,18.970000000000027
2000,212,0.0,18.560000000000002
2000,213,0.0,18.100000000000023
2000,214,0.0,19.590000000000032
2000,215,0.1,21.090000000000032
2000,216,0.16,21.420000000000016
2000,217,2.5,21.07000000000005
2000,218,2.07,20.370000000000005
2000,219,1.17,19.29000000000002
2000,220,0.0,19.860000000000014
2000,221,0.0,20.980000000000018
2000,222,0.0,21.340000000000032
2000,223,0.03,19.850000000000023
2000,224,1.18,20.25
2000,225,0.1,20.730000000000018
2000,226,0.16,19.610000000000014
2000,227,4.04,20.160000000000025
2000,228,5.07,21.57000000000005
2000,229,3.81,20.180000000000007
2000,230,1.65,16.04000000000002
2000,231,16.36,16.410000000000025
2000,232,0.0,17.379999999999995
2000,233,4.93,17.970000000000027
2000,234,4.72,18.52000000000004
2000,235,1.59,18.350000000000023
2000,236,3.43,17.29000000000002
2000,237,2.88,18.5
2000,238,1.69,19.200000000000045
2000,239,6.12,18.129999999999995
2000,240,0.26,17.58000000000004
2000,241,2.49,18.860000000000014
2000,242,13.66,18.439999999999998
2000,243,5.87,18.129999999999995
2000,244,1.89,16.53000000000003
2000,245,9.42,15.900000000000034
2000,246,0.0,16.220000000000027
2000,247,0.03,15.810000000000002
2000,248,1.11,17.53000000000003
2000,249,0.03,19.930000000000007
2000,250,1.39,19.02000000000004
2000,251,0.07,16.900000000000034
2000,252,0.15,16.860000000000014
2000,253,0.01,15.370000000000005
2000,254,0.0,15.930000000000007
2000,255,0.0,16.07000000000005
2000,256,0.0,15.78000000000003
2000,257,0.0,17.07000000000005
2000,258,0.0,18.400000000000034
2000,259,0.0,18.08000000000004
2000,260,0.0,19.189999999999998
2000,261,0.0,19.24000000000001
2000,262,0.08,17.640000000000043
2000,263,0.0,15.129999999999995
2000,264,5.02,11.020000000000039
2000,265,0.42,11.590000000000032
2000,266,6.25,12.730000000000018
2000,267,3.62,6.840000000000032
2000,268,9.88,0.5600000000000023
2000,269,0.86,3.390000000000043
2000,270,0.0,10.480000000000018
2000,271,0.0,11.360000000000014
2000,272,0.0,12.840000000000032
2000,273,0.06,14.460000000000036
2000,274,0.31,13.860000000000014
2000,275,0.0,14.28000000000003
2000,276,0.0,15.0
2000,277,0.0,14.54000000000002
2000,278,0.0,12.640000000000043
2000,279,0.36,10.810000000000002
2000,280,0.99,6.660000000000025
2000,281,0.4,0.5300000000000296
2000,282,0.33,1.75
2000,283,0.0,6.460000000000036
2000,284,0.0,9.370000000000005
2000,285,0.0,10.390000000000043
2000,286,0.0,11.270000000000039
2000,287,0.0,6.57000000000005
2000,288,0.0,4.300000000000011
2000,289,0.0,5.520000000000039
2000,290,0.0,6.5400000000000205
2000,291,0.0,7.660000000000025
2000,292,0.0,9.5
2000,293,0.0,10.390000000000043
2000,294,0.0,9.230000000000018
2000,295,0.0,8.710000000000036
2000,296,1.8,7.470000000000027
2000,297,3.45,6.1299999999999955
2000,298,1.45,7.990000000000009
2000,299,0.04,5.3700000000000045
2000,300,0.0,4.939999999999998
2000,301,0.0,5.850000000000023
2000,302,0.32,7.7900000000000205
2000,303,2.59,6.960000000000036
2000,304,0.0,6.300000000000011
2000,305,1.4,5.180000000000007
2000,306,0.0,1.2800000000000296
2000,307,0.4,-0.9599999999999795
2000,308,0.0,-0.03999999999996362
2000,309,0.0,2.640000000000043
2000,310,4.21,2.0
2000,311,0.52,-5.389999999999986
2000,312,0.0,-8.239999999999952
2000,313,0.0,-3.5299999999999727
2000,314,0.0,-1.6899999999999977
2000,315,0.0,-1.6200000000000045
2000,316,5.67,-3.2399999999999523
2000,317,0.97,-9.129999999999995
2000,318,0.0,-11.409999999999968
2000,319,0.0,-7.149999999999977
2000,320,0.0,-4.0
2000,321,0.0,-10.379999999999995
2000,322,2.67,-10.229999999999961
2000,323,0.52,-9.259999999999991
2000,324,0.0,-5.6200000000000045
2000,325,0.0,-4.989999999999952
2000,326,0.0,-1.9899999999999523
2000,327,0.0,0.2400000000000091
2000,328,0.0,-1.6099999999999568
2000,329,0.08,-2.859999999999957
2000,330,0.0,-4.739999999999952
2000,331,0.0,-2.9699999999999704
2000,332,0.0,-1.4099999999999682
2000,333,0.0,-1.7699999999999818
2000,334,0.0,-2.4599999999999795
2000,335,0.0,0.36000000000001364
2000,336,0.0,-4.409999999999968
2000,337,0.0,-2.4699999999999704
2000,338,0.0,0.18999999999999773
2000,339,0.0,-1.079999999999984
2000,340,0.0,-0.13999999999998636
2000,341,3.98,-1.6599999999999682
2000,342,0.0,3.4500000000000455
2000,343,0.0,-0.19999999999998863
2000,344,0.0,0.6100000000000136
2000,345,0.0,-1.0699999999999932
2000,346,6.36,-5.5
2000,347,0.0,-7.239999999999952
2000,348,0.0,-4.649999999999977
2000,349,0.0,-5.229999999999961
2000,350,0.0,-4.919999999999959
2000,351,2.0,-7.509999999999991
2000,352,0.53,-2.5499999999999545
2000,353,0.0,-8.899999999999977
2000,354,0.0,-5.7999999999999545
2000,355,0.0,-4.479999999999961
2000,356,0.0,-9.45999999999998
2000,357,0.0,-3.349999999999966
2000,358,0.0,-4.519999999999982
2000,359,0.25,-4.2099999999999795
2000,360,4.16,-4.17999999999995
2000,361,0.0,-7.149999999999977
2000,362,0.0,-3.2899999999999636
2000,363,0.0,-1.0299999999999727
2000,364,0.0,-6.329999999999984
2000,365,0.0,-4.75
2000,366,0.0,-4.529999999999973
2001,1,0.0,-4.819999999999993
2001,2,0.0,-6.0
2001,3,0.0,-2.3100000000000023
2001,4,0.0,1.2000000000000455
2001,5,0.0,2.080000000000041
2001,6,0.07,2.2700000000000387
2001,7,0.11,-4.71999999999997
2001,8,0.01,-4.339999999999975
2001,9,0.0,-1.8199999999999932
2001,10,0.0,-0.14999999999997726
2001,11,0.0,-2.67999999999995
2001,12,0.12,-0.6999999999999886
2001,13,0.02,-2.069999999999993
2001,14,3.23,-7.229999999999961
2001,15,0.0,-9.049999999999955
2001,16,8.05,-8.439999999999998
2001,17,0.68,-11.810000000000002
2001,18,0.0,-9.539999999999964
2001,19,0.0,-8.799999999999955
2001,20,0.0,-5.229999999999961
2001,21,0.0,-6.67999999999995
2001,22,0.0,-1.759999999999991
2001,23,0.0,-3.099999999999966
2001,24,0.0,-3.92999999999995
2001,25,0.0,-3.7899999999999636
2001,26,0.03,-5.4599999999999795
2001,27,2.24,-5.409999999999968
2001,28,1.95,-5.359999999999957
2001,29,1.18,-6.399999999999977
2001,30,0.15,-6.560000000000002
2001,31,0.0,-8.20999999999998
2001,32,0.0,-9.659999999999968
2001,33,0.0,-4.0
2001,34,0.0,-0.9899999999999523
2001,35,0.0,-2.8999999999999773
2001,36,0.0,0.4600000000000364
2001,37,0.0,-1.4599999999999795
2001,38,0.35,0.25
2001,39,0.7,-3.589999999999975
2001,40,10.23,-12.20999999999998
2001,41,0.62,-5.269999999999982
2001,42,0.0,-3.5600000000000023
2001,43,0.0,-5.060000000000002
2001,44,0.04,-2.6499999999999773
2001,45,12.26,-2.8700000000000045
2001,46,0.18,-4.759999999999991
2001,47,0.0,-4.009999999999991
2001,48,0.0,-1.579999999999984
2001,49,0.0,0.040000000000020464
2001,50,0.0,-0.16999999999995907
2001,51,0.0,-0.5299999999999727
2001,52,0.0,-0.6200000000000045
2001,53,0.0,-1.2899999999999636
2001,54,0.67,1.07000000000005
2001,55,0.0,-2.1399999999999864
2001,56,0.0,-5.560000000000002
2001,57,2.52,-2.609999999999957
2001,58,0.72,-3.5299999999999727
2001,59,2.66,-4.7099999999999795
2001,60,1.74,-2.0499999999999545
2001,61,0.22,-2.009999999999991
2001,62,0.98,-2.0499999999999545
2001,63,0.12,-1.9799999999999613
2001,64,0.0,0.29000000000002046
2001,65,0.0,2.7600000000000477
2001,66,4.48,2.5
2001,67,0.63,2.5100000000000477
2001,68,0.07,0.9200000000000159
2001,69,6.79,1.6899999999999977
2001,70,8.95,-2.4599999999999795
2001,71,0.37,-3.67999999999995
2001,72,0.07,-1.849999999999966
2001,73,0.58,-1.509999999999991
2001,74,0.0,-5.92999999999995
2001,75,0.0,-5.560000000000002
2001,76,1.79,-3.099999999999966
2001,77,0.88,-3.519999999999982
2001,78,0.0,-1.839999999999975
2001,79,0.0,2.830000000000041
2001,80,0.0,4.460000000000036
2001,81,0.27,3.3500000000000227
2001,82,0.91,3.57000000000005
2001,83,6.36,2.7100000000000364
2001,84,0.0,2.8799999999999955
2001,85,1.46,1.7700000000000387
2001,86,1.6,2.910000000000025
2001,87,0.02,1.6100000000000136
2001,88,0.06,2.0300000000000296
2001,89,4.5,1.0400000000000205
2001,90,0.42,0.7800000000000296
2001,91,0.0,4.430000000000007
2001,92,0.0,6.960000000000036
2001,93,0.0,7.910000000000025
2001,94,0.0,9.5
2001,95,0.0,9.25
2001,96,0.18,8.330000000000041
2001,97,0.44,3.670000000000016
2001,98,0.0,4.8700000000000045
2001,99,0.0,3.420000000000016
2001,100,13.97,4.689999999999998
2001,101,2.69,0.10000000000002274
2001,102,0.67,0.5500000000000114
2001,103,0.0,1.8900000000000432
2001,104,0.06,3.8700000000000045
2001,105,0.0,4.410000000000025
2001,106,0.0,6.0400000000000205
2001,107,0.0,5.930000000000007
2001,108,0.0,10.54000000000002
2001,109,0.0,11.25
2001,110,0.04,8.740000000000009
2001,111,0.0,5.53000000000003
2001,112,12.3,4.160000000000025
2001,113,2.83,0.6200000000000045
2001,114,0.0,2.7000000000000455
2001,115,0.0,6.3700000000000045
2001,116,0.0,8.020000000000039
2001,117,0.0,9.370000000000005
2001,118,0.0,10.050000000000011
2001,119,0.03,9.210000000000036
2001,120,0.0,8.120000000000005
2001,121,0.0,10.170000000000016
2001,122,0.15,6.840000000000032
2001,123,10.99,0.08000000000004093
2001,124,15.16,0.29000000000002046
2001,125,10.2,2.0400000000000205
2001,126,4.69,5.310000000000002
2001,127,0.0,5.6299999999999955
2001,128,0.0,8.240000000000009
2001,129,0.0,11.150000000000034
2001,130,0.0,12.120000000000005
2001,131,0.04,11.53000000000003
2001,132,0.2,12.590000000000032
2001,133,0.07,14.28000000000003
2001,134,0.13,14.400000000000034
2001,135,0.03,13.550000000000011
2001,136,0.18,14.740000000000009
2001,137,2.61,13.460000000000036
2001,138,5.32,11.400000000000034
2001,139,6.29,12.260000000000048
2001,140,0.11,11.270000000000039
2001,141,8.0,4.210000000000036
2001,142,0.08,7.400000000000034
2001,143,0.0,11.620000000000005
2001,144,0.0,11.980000000000018
2001,145,0.07,12.650000000000034
2001,146,0.18,14.620000000000005
2001,147,0.13,15.310000000000002
2001,148,0.0,14.900000000000034
2001,149,2.76,14.710000000000036
2001,150,0.98,13.200000000000045
2001,151,0.31,12.82000000000005
2001,152,0.06,14.640000000000043
2001,153,0.0,16.870000000000005
2001,154,0.0,16.53000000000003
2001,155,0.02,13.960000000000036
2001,156,0.0,12.240000000000009
2001,157,0.0,15.07000000000005
2001,158,4.7,17.54000000000002
2001,159,2.63,17.910000000000025
2001,160,3.29,18.83000000000004
2001,161,0.16,19.110000000000014
2001,162,0.0,19.55000000000001
2001,163,0.02,18.439999999999998
2001,164,8.43,13.830000000000041
2001,165,4.9,6.990000000000009
2001,166,0.0,10.210000000000036
2001,167,0.0,15.689999999999998
2001,168,0.0,18.340000000000032
2001,169,0.0,18.700000000000045
2001,170,1.81,17.010000000000048
2001,171,0.23,16.360000000000014
2001,172,0.0,15.740000000000009
2001,173,0.72,17.74000000000001
2001,174,1.55,19.120000000000005
2001,175,0.37,20.220000000000027
2001,176,0.98,19.82000000000005
2001,177,6.6,19.620000000000005
2001,178,1.45,17.939999999999998
2001,179,0.18,19.129999999999995
2001,180,0.3,20.910000000000025
2001,181,0.06,21.120000000000005
2001,182,0.23,21.860000000000014
2001,183,0.17,21.879999999999995
2001,184,0.14,20.890000000000043
2001,185,0.61,21.04000000000002
2001,186,0.0,21.610000000000014
2001,187,1.84,22.560000000000002
2001,188,0.93,21.920000000000016
2001,189,5.3,22.05000000000001
2001,190,5.11,21.879999999999995
2001,191,4.94,20.54000000000002
2001,192,1.09,19.810000000000002
2001,193,5.7,19.5
2001,194,14.41,18.939999999999998
2001,195,7.77,18.420000000000016
2001,196,0.92,17.410000000000025
2001,197,0.0,18.370000000000005
2001,198,0.06,18.78000000000003
2001,199,0.0,18.810000000000002
2001,200,0.06,19.590000000000032
2001,201,0.85,19.75
2001,202,0.64,21.29000000000002
2001,203,0.11,20.420000000000016
2001,204,2.33,21.170000000000016
2001,205,6.02,19.460000000000036
2001,206,1.58,19.129999999999995
2001,207,4.12,18.900000000000034
2001,208,0.78,17.230000000000018
2001,209,0.08,18.610000000000014
2001,210,0.04,20.230000000000018
2001,211,0.03,21.5
2001,212,0.93,20.49000000000001
2001,213,2.55,19.33000000000004
2001,214,10.65,19.57000000000005
2001,215,0.08,19.58000000000004
2001,216,2.98,19.890000000000043
2001,217,4.22,20.450000000000045
2001,218,0.21,20.629999999999995
2001,219,6.09,19.710000000000036
2001,220,2.71,19.07000000000005
2001,221,4.89,15.920000000000016
2001,222,0.76,14.960000000000036
2001,223,7.55,16.920000000000016
2001,224,2.53,18.090000000000032
2001,225,0.49,18.460000000000036
2001,226,6.13,16.439999999999998
2001,227,7.53,15.180000000000007
2001,228,5.07,15.050000000000011
2001,229,1.78,16.420000000000016
2001,230,0.02,17.200000000000045
2001,231,0.35,19.730000000000018
2001,232,0.13,19.390000000000043
2001,233,0.81,17.010000000000048
2001,234,6.21,17.390000000000043
2001,235,0.11,15.930000000000007
2001,236,0.05,17.410000000000025
2001,237,0.96,18.350000000000023
2001,238,0.07,17.32000000000005
2001,239,0.0,18.890000000000043
2001,240,0.26,18.930000000000007
2001,241,0.0,18.180000000000007
2001,242,3.55,16.870000000000005
2001,243,2.18,15.82000000000005
2001,244,0.33,16.010000000000048
2001,245,0.98,16.910000000000025
2001,246,0.0,18.03000000000003
2001,247,0.0,18.150000000000034
2001,248,0.53,17.160000000000025
2001,249,0.07,17.310000000000002
2001,250,2.59,11.020000000000039
2001,251,8.02,6.080000000000041
2001,252,0.27,7.050000000000011
2001,253,0.0,13.620000000000005
2001,254,0.0,16.150000000000034
2001,255,0.0,17.129999999999995
2001,256,0.02,17.80000000000001
2001,257,3.02,16.950000000000045
2001,258,1.98,14.79000000000002
2001,259,1.09,14.470000000000027
2001,260,1.38,13.760000000000048
2001,261,0.21,11.660000000000025
2001,262,0.0,12.850000000000023
2001,263,0.04,14.890000000000043
2001,264,0.0,15.5
2001,265,0.0,16.060000000000002
2001,266,0.0,13.629999999999995
2001,267,0.0,14.82000000000005
2001,268,0.0,16.54000000000002
2001,269,0.0,16.33000000000004
2001,270,0.0,17.140000000000043
2001,271,0.15,17.180000000000007
2001,272,0.1,16.32000000000005
2001,273,0.59,14.860000000000014
2001,274,0.22,14.129999999999995
2001,275,0.0,14.580000000000041
2001,276,0.0,13.900000000000034
2001,277,0.0,13.129999999999995
2001,278,0.43,6.740000000000009
2001,279,0.4,8.710000000000036
2001,280,0.0,11.82000000000005
2001,281,0.0,11.53000000000003
2001,282,0.0,10.610000000000014
2001,283,0.0,4.0400000000000205
2001,284,0.2,5.150000000000034
2001,285,0.0,4.8700000000000045
2001,286,0.0,2.910000000000025
2001,287,0.34,5.560000000000002
2001,288,0.03,5.650000000000034
2001,289,0.07,7.439999999999998
2001,290,0.0,10.830000000000041
2001,291,0.0,10.420000000000016
2001,292,0.0,8.220000000000027
2001,293,0.0,10.160000000000025
2001,294,0.0,9.830000000000041
2001,295,0.02,9.78000000000003
2001,296,0.11,7.420000000000016
2001,297,0.03,3.8000000000000114
2001,298,0.06,2.1200000000000045
2001,299,0.0,4.850000000000023
2001,300,0.0,8.150000000000034
2001,301,0.0,10.78000000000003
2001,302,0.0,10.980000000000018
2001,303,0.0,11.370000000000005
2001,304,0.0,10.800000000000011
2001,305,0.0,5.600000000000023
2001,306,0.0,5.7000000000000455
2001,307,0.0,7.110000000000014
2001,308,0.0,7.270000000000039
2001,309,0.0,8.520000000000039
2001,310,0.0,9.240000000000009
2001,311,0.3,8.900000000000034
2001,312,7.42,3.330000000000041
2001,313,0.0,2.920000000000016
2001,314,0.0,5.0400000000000205
2001,315,0.0,4.350000000000023
2001,316,0.0,4.230000000000018
2001,317,0.0,5.310000000000002
2001,318,0.0,6.180000000000007
2001,319,0.0,4.5400000000000205
2001,320,0.0,4.730000000000018
2001,321,0.0,4.57000000000005
2001,322,2.68,3.490000000000009
2001,323,0.11,0.29000000000002046
2001,324,0.0,3.8799999999999955
2001,325,0.0,3.8100000000000023
2001,326,0.04,3.650000000000034
2001,327,1.06,1.6400000000000432
2001,328,0.58,-2.4899999999999523
2001,329,1.6,-0.339999999999975
2001,330,3.04,-4.729999999999961
2001,331,0.84,-8.329999999999984
2001,332,0.29,-10.389999999999986
2001,333,0.24,-4.599999999999966
2001,334,0.0,-4.0
2001,335,0.0,-4.769999999999982
2001,336,0.0,0.21000000000003638
2001,337,0.0,3.6299999999999955
2001,338,0.0,1.1400000000000432
2001,339,0.0,-1.6499999999999773
2001,340,0.0,-3.7299999999999613
2001,341,0.35,-2.9799999999999613
2001,342,0.0,-6.689999999999998
2001,343,0.0,-1.5399999999999636
2001,344,0.0,-1.3999999999999773
2001,345,0.36,-4.46999999999997
2001,346,2.08,-5.859999999999957
2001,347,0.02,-7.699999999999989
2001,348,0.0,-3.9499999999999886
2001,349,2.32,-2.859999999999957
2001,350,0.03,-6.149999999999977
2001,351,0.0,-2.2399999999999523
2001,352,0.0,-1.6999999999999886
2001,353,0.0,-4.989999999999952
2001,354,0.0,-1.6099999999999568
2001,355,0.72,-0.37999999999999545
2001,356,1.68,-5.859999999999957
2001,357,0.0,-7.729999999999961
2001,358,0.0,-7.5
2001,359,0.0,-7.199999999999989
2001,360,0.0,-5.029999999999973
2001,361,0.0,-3.9799999999999613
2001,362,0.0,-4.0499999999999545
2001,363,0.32,-4.779999999999973
2001,364,0.0,-6.609999999999957
2001,365,0.58,-7.139999999999986
2002,1,0.79,-7.0
2002,2,0.72,-10.589999999999975
2002,3,0.0,-4.2099999999999795
2002,4,0.0,-1.8100000000000023
2002,5,1.89,-6.939999999999998
2002,6,0.08,-5.419999999999959
2002,7,0.0,-0.9599999999999795
2002,8,0.0,3.5500000000000114
2002,9,3.94,3.5600000000000023
2002,10,0.68,-1.079999999999984
2002,11,0.07,-3.1299999999999955
2002,12,0.01,-3.0299999999999727
2002,13,0.0,-2.6499999999999773
2002,14,0.0,-8.639999999999986
2002,15,0.0,-5.25
2002,16,0.0,-5.7099999999999795
2002,17,0.02,-6.289999999999964
2002,18,0.0,-9.17999999999995
2002,19,0.0,-10.009999999999991
2002,20,0.0,-8.239999999999952
2002,21,0.0,-6.729999999999961
2002,22,1.7,-2.5399999999999636
2002,23,4.74,-7.019999999999982
2002,24,0.3,-10.569999999999993
2002,25,0.01,-2.75
2002,26,0.0,0.6400000000000432
2002,27,0.0,0.03000000000002956
2002,28,0.0,-1.759999999999991
2002,29,0.31,-3.409999999999968
2002,30,0.53,-7.1200000000000045
2002,31,1.85,-12.349999999999966
2002,32,0.0,-10.099999999999966
2002,33,0.0,-5.269999999999982
2002,34,0.0,-6.2999999999999545
2002,35,0.52,-5.409999999999968
2002,36,0.13,-7.989999999999952
2002,37,0.0,-5.789999999999964
2002,38,0.0,-3.3100000000000023
2002,39,0.0,-2.1200000000000045
2002,40,0.95,-7.6299999999999955
2002,41,0.03,-9.159999999999968
2002,42,0.0,0.20000000000004547
2002,43,0.0,-2.9399999999999977
2002,44,0.0,-8.21999999999997
2002,45,0.26,-2.7899999999999636
2002,46,5.63,-5.599999999999966
2002,47,0.15,-2.509999999999991
2002,48,0.0,-0.7899999999999636
2002,49,0.0,-0.38999999999998636
2002,50,0.68,-2.319999999999993
2002,51,0.15,-3.6999999999999886
2002,52,0.29,-3.8999999999999773
2002,53,0.02,-1.6899999999999977
2002,54,0.0,2.8700000000000045
2002,55,0.6,0.7100000000000364
2002,56,0.51,-6.609999999999957
2002,57,0.19,-13.729999999999961
2002,58,0.0,-7.909999999999968
2002,59,3.49,-6.399999999999977
2002,60,3.2,-9.449999999999989
2002,61,0.0,-17.49999999999997
2002,62,0.24,-15.629999999999995
2002,63,0.06,-7.149999999999977
2002,64,0.0,-2.349999999999966
2002,65,0.0,-1.1099999999999568
2002,66,0.0,0.7100000000000364
2002,67,0.3,-0.47999999999996135
2002,68,0.03,-7.639999999999986
2002,69,0.01,-0.8199999999999932
2002,70,0.0,0.7000000000000455
2002,71,0.0,2.9600000000000364
2002,72,1.74,4.680000000000007
2002,73,4.63,1.0100000000000477
2002,74,3.95,-5.849999999999966
2002,75,0.26,-5.509999999999991
2002,76,0.03,-6.149999999999977
2002,77,1.03,-3.8100000000000023
2002,78,1.52,-3.599999999999966
2002,79,0.02,-0.839999999999975
2002,80,0.0,2.480000000000018
2002,81,0.0,4.57000000000005
2002,82,0.0,6.0400000000000205
2002,83,1.77,3.160000000000025
2002,84,5.83,-1.6299999999999955
2002,85,0.06,-0.7999999999999545
2002,86,0.0,1.6800000000000068
2002,87,0.0,3.3000000000000114
2002,88,0.0,2.930000000000007
2002,89,0.0,2.8799999999999955
2002,90,0.0,2.9600000000000364
2002,91,0.0,5.580000000000041
2002,92,0.0,2.5600000000000023
2002,93,0.0,-3.4699999999999704
2002,94,0.0,4.189999999999998
2002,95,0.0,5.980000000000018
2002,96,0.0,8.629999999999995
2002,97,0.31,8.350000000000023
2002,98,0.29,6.07000000000005
2002,99,0.2,6.710000000000036
2002,100,0.0,8.920000000000016
2002,101,0.08,7.57000000000005
2002,102,0.23,7.439999999999998
2002,103,0.82,8.850000000000023
2002,104,0.0,10.300000000000011
2002,105,0.0,12.010000000000048
2002,106,0.17,8.230000000000018
2002,107,0.0,5.810000000000002
2002,108,0.0,8.210000000000036
2002,109,0.0,4.300000000000011
2002,110,0.0,3.8500000000000227
2002,111,0.0,1.2900000000000205
2002,112,0.0,3.6899999999999977
2002,113,0.0,7.53000000000003
2002,114,0.0,8.850000000000023
2002,115,0.0,8.439999999999998
2002,116,0.3,9.129999999999995
2002,117,0.0,7.480000000000018
2002,118,0.12,5.740000000000009
2002,119,0.0,8.860000000000014
2002,120,0.0,10.970000000000027
2002,121,0.02,8.79000000000002
2002,122,0.34,3.9500000000000455
2002,123,0.37,4.270000000000039
2002,124,0.1,5.720000000000027
2002,125,0.03,8.020000000000039
2002,126,0.0,8.950000000000045
2002,127,0.0,9.770000000000039
2002,128,0.0,9.010000000000048
2002,129,0.0,3.4600000000000364
2002,130,0.0,7.6200000000000045
2002,131,0.12,9.350000000000023
2002,132,4.91,4.180000000000007
2002,133,0.01,5.910000000000025
2002,134,1.02,11.060000000000002
2002,135,0.02,12.400000000000034
2002,136,0.37,11.700000000000045
2002,137,3.66,10.120000000000005
2002,138,0.44,12.230000000000018
2002,139,0.69,15.350000000000023
2002,140,1.28,13.650000000000034
2002,141,0.29,13.340000000000032
2002,142,0.0,8.160000000000025
2002,143,0.0,7.640000000000043
2002,144,12.85,6.75
2002,145,0.59,8.420000000000016
2002,146,0.8,12.180000000000007
2002,147,0.0,14.04000000000002
2002,148,0.32,14.03000000000003
2002,149,0.0,15.860000000000014
2002,150,0.0,17.710000000000036
2002,151,0.0,20.890000000000043
2002,152,0.0,20.870000000000005
2002,153,0.0,18.939999999999998
2002,154,0.0,16.400000000000034
2002,155,8.29,12.080000000000041
2002,156,0.79,10.490000000000009
2002,157,0.0,15.140000000000043
2002,158,0.0,18.80000000000001
2002,159,0.0,19.33000000000004
2002,160,0.0,19.670000000000016
2002,161,0.0,18.54000000000002
2002,162,0.0,15.510000000000048
2002,163,0.34,16.460000000000036
2002,164,0.01,15.78000000000003
2002,165,0.0,14.480000000000018
2002,166,0.13,17.07000000000005
2002,167,0.03,15.760000000000048
2002,168,0.0,18.410000000000025
2002,169,0.0,20.350000000000023
2002,170,0.0,20.510000000000048
2002,171,1.14,18.370000000000005
2002,172,0.74,20.129999999999995
2002,173,1.18,20.07000000000005
2002,174,1.56,19.77000000000004
2002,175,0.36,21.360000000000014
2002,176,1.13,21.379999999999995
2002,177,0.35,19.920000000000016
2002,178,0.39,19.950000000000045
2002,179,1.18,20.090000000000032
2002,180,1.1,20.870000000000005
2002,181,0.0,22.060000000000002
2002,182,0.0,22.470000000000027
2002,183,0.0,23.189999999999998
2002,184,2.08,21.55000000000001
2002,185,1.32,19.27000000000004
2002,186,4.16,17.920000000000016
2002,187,12.66,17.49000000000001
2002,188,0.1,18.439999999999998
2002,189,0.0,20.25
2002,190,0.12,21.460000000000036
2002,191,7.75,20.920000000000016
2002,192,2.16,19.629999999999995
2002,193,0.0,18.939999999999998
2002,194,0.0,20.010000000000048
2002,195,0.0,20.210000000000036
2002,196,0.01,20.340000000000032
2002,197,0.01,20.670000000000016
2002,198,0.0,20.680000000000007
2002,199,0.0,20.870000000000005
2002,200,0.0,21.25
2002,201,0.0,20.970000000000027
2002,202,0.05,19.30000000000001
2002,203,8.34,16.910000000000025
2002,204,1.42,18.180000000000007
2002,205,0.07,19.879999999999995
2002,206,0.13,21.610000000000014
2002,207,0.06,18.77000000000004
2002,208,0.0,18.57000000000005
2002,209,0.2,18.730000000000018
2002,210,0.14,18.83000000000004
2002,211,1.66,21.04000000000002
2002,212,0.0,21.910000000000025
2002,213,0.0,20.810000000000002
2002,214,0.0,18.08000000000004
2002,215,0.36,18.439999999999998
2002,216,5.29,18.689999999999998
2002,217,2.75,19.450000000000045
2002,218,8.76,19.430000000000007
2002,219,1.63,18.55000000000001
2002,220,0.37,18.879999999999995
2002,221,0.66,18.939999999999998
2002,222,0.03,17.850000000000023
2002,223,0.0,19.25
2002,224,0.0,19.03000000000003
2002,225,0.03,13.580000000000041
2002,226,0.0,16.600000000000023
2002,227,0.0,19.129999999999995
2002,228,0.0,20.410000000000025
2002,229,0.0,20.340000000000032
2002,230,0.0,20.77000000000004
2002,231,0.62,18.75
2002,232,0.09,19.28000000000003
2002,233,2.66,17.920000000000016
2002,234,1.02,16.620000000000005
2002,235,0.02,16.82000000000005
2002,236,0.36,17.49000000000001
2002,237,0.12,16.980000000000018
2002,238,0.0,19.200000000000045
2002,239,0.03,17.410000000000025
2002,240,6.36,17.54000000000002
2002,241,1.82,17.060000000000002
2002,242,0.0,15.310000000000002
2002,243,0.0,18.129999999999995
2002,244,0.0,18.140000000000043
2002,245,0.0,17.879999999999995
2002,246,0.0,18.350000000000023
2002,247,0.23,18.160000000000025
2002,248,0.16,18.760000000000048
2002,249,0.0,19.390000000000043
2002,250,0.0,19.33000000000004
2002,251,0.01,18.160000000000025
2002,252,3.72,16.060000000000002
2002,253,20.65,10.950000000000045
2002,254,1.16,12.460000000000036
2002,255,6.99,14.620000000000005
2002,256,2.73,13.689999999999998
2002,257,1.49,12.170000000000016
2002,258,0.0,12.870000000000005
2002,259,0.0,15.240000000000009
2002,260,0.0,14.54000000000002
2002,261,0.57,12.370000000000005
2002,262,4.9,7.710000000000036
2002,263,0.0,11.010000000000048
2002,264,0.0,13.340000000000032
2002,265,0.0,10.210000000000036
2002,266,0.0,12.220000000000027
2002,267,0.0,12.840000000000032
2002,268,0.0,14.270000000000039
2002,269,3.38,11.890000000000043
2002,270,1.54,11.200000000000045
2002,271,0.14,11.710000000000036
2002,272,0.82,11.379999999999995
2002,273,0.04,10.840000000000032
2002,274,0.01,10.610000000000014
2002,275,13.29,8.32000000000005
2002,276,2.29,6.7900000000000205
2002,277,0.11,4.550000000000011
2002,278,0.0,7.930000000000007
2002,279,0.0,8.330000000000041
2002,280,0.0,10.210000000000036
2002,281,0.0,10.830000000000041
2002,282,0.0,8.110000000000014
2002,283,0.0,9.980000000000018
2002,284,0.0,11.53000000000003
2002,285,0.0,8.420000000000016
2002,286,0.0,6.939999999999998
2002,287,0.0,8.340000000000032
2002,288,0.0,6.020000000000039
2002,289,0.0,5.910000000000025
2002,290,0.0,6.0400000000000205
2002,291,0.0,7.9500000000000455
2002,292,0.0,6.340000000000032
2002,293,0.0,7.090000000000032
2002,294,0.0,6.900000000000034
2002,295,0.94,4.03000000000003
2002,296,0.89,2.400000000000034
2002,297,0.66,3.7000000000000455
2002,298,0.0,3.400000000000034
2002,299,0.0,4.840000000000032
2002,300,6.01,5.0400000000000205
2002,301,3.56,3.400000000000034
2002,302,5.29,0.7400000000000091
2002,303,0.84,-7.7099999999999795
2002,304,0.59,-2.159999999999968
2002,305,1.57,-2.92999999999995
2002,306,0.76,2.7100000000000364
2002,307,0.17,-5.989999999999952
2002,308,0.0,-2.5399999999999636
2002,309,0.0,-3.4599999999999795
2002,310,0.0,0.21000000000003638
2002,311,0.0,4.860000000000014
2002,312,0.0,4.560000000000002
2002,313,1.51,4.170000000000016
2002,314,0.0,-0.37999999999999545
2002,315,0.28,-2.0
2002,316,0.0,-4.729999999999961
2002,317,0.0,2.340000000000032
2002,318,0.8,1.1000000000000227
2002,319,1.11,-0.8899999999999864
2002,320,0.0,-2.1499999999999773
2002,321,0.0,1.920000000000016
2002,322,0.0,0.12000000000000455
2002,323,0.0,-0.9899999999999523
2002,324,0.0,1.8600000000000136
2002,325,0.0,3.8700000000000045
2002,326,0.0,5.390000000000043
2002,327,0.07,4.939999999999998
2002,328,0.14,1.6100000000000136
2002,329,1.09,-3.7199999999999704
2002,330,0.0,-5.419999999999959
2002,331,0.0,-4.519999999999982
2002,332,0.0,-0.8999999999999773
2002,333,0.0,4.090000000000032
2002,334,0.0,2.660000000000025
2002,335,0.0,2.6299999999999955
2002,336,0.0,1.1000000000000227
2002,337,0.0,1.07000000000005
2002,338,0.0,-0.7199999999999704
2002,339,0.0,-2.269999999999982
2002,340,0.0,-2.7999999999999545
2002,341,0.0,-1.4099999999999682
2002,342,0.0,-2.5600000000000023
2002,343,0.0,-2.0600000000000023
2002,344,0.0,-0.339999999999975
2002,345,0.0,-0.9399999999999977
2002,346,0.0,-5.199999999999989
2002,347,0.0,-2.6899999999999977
2002,348,0.0,0.2400000000000091
2002,349,0.0,3.2100000000000364
2002,350,0.0,0.75
2002,351,0.0,-0.13999999999998636
2002,352,0.12,-4.949999999999989
2002,353,0.64,-9.569999999999993
2002,354,0.0,-8.96999999999997
2002,355,0.0,-7.3700000000000045
2002,356,0.02,-9.029999999999973
2002,357,0.59,-7.649999999999977
2002,358,0.1,-8.129999999999995
2002,359,0.0,-8.379999999999995
2002,360,0.0,-9.629999999999995
2002,361,0.0,-4.96999999999997
2002,362,0.0,1.420000000000016
2002,363,0.0,2.7600000000000477
2002,364,0.0,-1.9699999999999704
2002,365,0.95,-1.3700000000000045
2003,1,0.9,-2.5299999999999727
2003,2,0.06,-4.3799999999999955
2003,3,0.0,0.36000000000001364
2003,4,0.0,2.330000000000041
2003,5,2.78,1.5900000000000318
2003,6,0.61,-0.44999999999998863
2003,7,0.0,1.0900000000000318
2003,8,0.0,5.710000000000036
2003,9,0.0,0.7700000000000387
2003,10,0.0,-3.069999999999993
2003,11,0.42,-1.92999999999995
2003,12,0.04,-3.1899999999999977
2003,13,0.0,-0.18999999999999773
2003,14,0.0,1.660000000000025
2003,15,0.0,1.1100000000000136
2003,16,0.0,-5.3799999999999955
2003,17,0.02,-6.149999999999977
2003,18,0.02,-5.479999999999961
2003,19,0.0,0.11000000000001364
2003,20,0.0,2.930000000000007
2003,21,0.0,1.5200000000000387
2003,22,0.0,0.6899999999999977
2003,23,0.0,1.3900000000000432
2003,24,0.14,1.8900000000000432
2003,25,0.0,0.8300000000000409
2003,26,0.0,-0.9599999999999795
2003,27,0.0,3.840000000000032
2003,28,0.0,3.8799999999999955
2003,29,0.09,1.1100000000000136
2003,30,0.0,2.170000000000016
2003,31,0.0,4.210000000000036
2003,32,0.0,5.78000000000003
2003,33,1.68,4.590000000000032
2003,34,3.93,-4.5499999999999545
2003,35,4.75,-6.699999999999989
2003,36,4.83,-7.9599999999999795
2003,37,0.1,-10.649999999999977
2003,38,0.0,-12.379999999999995
2003,39,0.02,-9.009999999999991
2003,40,0.0,-8.75
2003,41,0.0,-7.239999999999952
2003,42,0.0,-3.1999999999999886
2003,43,0.0,0.3900000000000432
2003,44,0.0,4.470000000000027
2003,45,0.0,4.710000000000036
2003,46,4.18,0.32000000000005
2003,47,0.0,1.0400000000000205
2003,48,0.0,1.4600000000000364
2003,49,0.0,-2.1399999999999864
2003,50,1.62,-3.67999999999995
2003,51,0.0,-3.349999999999966
2003,52,0.0,-2.339999999999975
2003,53,0.19,-2.919999999999959
2003,54,0.0,-6.079999999999984
2003,55,0.12,-7.96999999999997
2003,56,0.15,-3.8700000000000045
2003,57,8.48,-2.7099999999999795
2003,58,1.99,-2.1899999999999977
2003,59,3.45,-3.1499999999999773
2003,60,6.37,-3.9399999999999977
2003,61,0.64,-5.229999999999961
2003,62,0.0,-3.069999999999993
2003,63,0.0,-1.589999999999975
2003,64,0.31,-4.199999999999989
2003,65,0.0,-3.6299999999999955
2003,66,0.0,0.20000000000004547
2003,67,0.0,2.6100000000000136
2003,68,0.0,2.990000000000009
2003,69,0.0,3.650000000000034
2003,70,0.0,3.9500000000000455
2003,71,0.0,4.840000000000032
2003,72,0.0,7.28000000000003
2003,73,0.0,8.480000000000018
2003,74,0.0,7.050000000000011
2003,75,0.08,4.740000000000009
2003,76,4.05,4.710000000000036
2003,77,47.58,0.7400000000000091
2003,78,21.81,-0.2799999999999727
2003,79,10.82,-1.7999999999999545
2003,80,2.08,-0.19999999999998863
2003,81,0.0,-2.269999999999982
2003,82,0.0,1.490000000000009
2003,83,0.59,3.420000000000016
2003,84,0.05,1.150000000000034
2003,85,0.0,0.8000000000000114
2003,86,2.66,-0.3299999999999841
2003,87,2.02,-7.329999999999984
2003,88,0.01,-6.729999999999961
2003,89,0.01,-1.9599999999999795
2003,90,0.0,4.270000000000039
2003,91,0.0,7.140000000000043
2003,92,0.0,8.870000000000005
2003,93,0.0,5.490000000000009
2003,94,0.0,-0.060000000000002274
2003,95,0.43,-2.2199999999999704
2003,96,0.19,-1.75
2003,97,1.45,-3.759999999999991
2003,98,0.0,-2.3700000000000045
2003,99,0.0,3.0
2003,100,0.0,8.210000000000036
2003,101,0.0,10.57000000000005
2003,102,0.0,7.800000000000011
2003,103,0.0,10.379999999999995
2003,104,0.0,11.29000000000002
2003,105,0.94,10.310000000000002
2003,106,0.13,6.240000000000009
2003,107,0.05,7.260000000000048
2003,108,0.03,6.4500000000000455
2003,109,5.74,3.0400000000000205
2003,110,0.22,2.7100000000000364
2003,111,0.27,6.300000000000011
2003,112,0.41,7.670000000000016
2003,113,6.55,5.57000000000005
2003,114,1.68,2.920000000000016
2003,115,0.3,6.710000000000036
2003,116,0.1,9.689999999999998
2003,117,0.0,9.870000000000005
2003,118,0.03,10.100000000000023
2003,119,0.0,8.75
2003,120,0.0,7.560000000000002
2003,121,0.03,5.57000000000005
2003,122,0.0,5.050000000000011
2003,123,0.0,9.360000000000014
2003,124,0.0,8.470000000000027
2003,125,0.0,5.8700000000000045
2003,126,0.0,5.78000000000003
2003,127,0.0,6.689999999999998
2003,128,0.0,7.53000000000003
2003,129,0.02,6.2900000000000205
2003,130,2.29,4.330000000000041
2003,131,0.02,4.180000000000007
2003,132,0.0,6.590000000000032
2003,133,0.0,11.580000000000041
2003,134,0.0,11.610000000000014
2003,135,8.0,13.770000000000039
2003,136,2.62,11.890000000000043
2003,137,0.0,14.890000000000043
2003,138,0.02,15.220000000000027
2003,139,1.21,11.020000000000039
2003,140,2.76,6.080000000000041
2003,141,0.0,11.689999999999998
2003,142,0.0,14.230000000000018
2003,143,0.0,16.07000000000005
2003,144,0.94,16.260000000000048
2003,145,4.29,13.360000000000014
2003,146,0.98,14.82000000000005
2003,147,0.07,17.110000000000014
2003,148,1.46,17.83000000000004
2003,149,0.0,19.30000000000001
2003,150,1.99,19.660000000000025
2003,151,3.05,18.720000000000027
2003,152,6.32,14.54000000000002
2003,153,0.77,14.100000000000023
2003,154,0.02,14.100000000000023
2003,155,0.33,11.090000000000032
2003,156,13.07,9.010000000000048
2003,157,0.04,9.79000000000002
2003,158,6.64,10.270000000000039
2003,159,0.0,10.660000000000025
2003,160,0.17,15.080000000000041
2003,161,1.44,15.689999999999998
2003,162,1.21,16.25
2003,163,1.0,15.629999999999995
2003,164,1.19,14.560000000000002
2003,165,1.13,14.490000000000009
2003,166,0.08,15.890000000000043
2003,167,2.39,17.120000000000005
2003,168,1.8,15.970000000000027
2003,169,3.6,13.590000000000032
2003,170,7.34,13.410000000000025
2003,171,0.94,15.310000000000002
2003,172,0.48,15.129999999999995
2003,173,0.0,16.189999999999998
2003,174,0.0,16.450000000000045
2003,175,0.0,16.960000000000036
2003,176,0.15,14.210000000000036
2003,177,2.78,12.600000000000023
2003,178,0.0,14.430000000000007
2003,179,0.39,17.360000000000014
2003,180,3.62,17.55000000000001
2003,181,0.85,17.32000000000005
2003,182,0.0,20.189999999999998
2003,183,0.0,21.010000000000048
2003,184,0.0,21.560000000000002
2003,185,0.0,21.430000000000007
2003,186,0.0,21.560000000000002
2003,187,0.08,21.980000000000018
2003,188,0.0,21.189999999999998
2003,189,0.0,20.05000000000001
2003,190,0.0,20.310000000000002
2003,191,0.0,19.430000000000007
2003,192,0.0,21.02000000000004
2003,193,0.0,21.54000000000002
2003,194,0.04,22.350000000000023
2003,195,0.0,23.370000000000005
2003,196,0.39,22.52000000000004
2003,197,0.54,22.29000000000002
2003,198,0.33,23.410000000000025
2003,199,0.01,22.83000000000004
2003,200,4.52,22.670000000000016
2003,201,5.69,21.140000000000043
2003,202,0.03,21.200000000000045
2003,203,0.0,21.560000000000002
2003,204,2.45,21.640000000000043
2003,205,0.17,22.360000000000014
2003,206,0.31,23.560000000000002
2003,207,1.68,22.410000000000025
2003,208,0.84,21.189999999999998
2003,209,5.08,18.920000000000016
2003,210,3.83,17.99000000000001
2003,211,0.38,17.640000000000043
2003,212,0.09,19.660000000000025
2003,213,0.29,20.53000000000003
2003,214,0.22,20.840000000000032
2003,215,6.66,21.350000000000023
2003,216,0.5,19.379999999999995
2003,217,0.98,20.650000000000034
2003,218,0.15,21.05000000000001
2003,219,3.78,22.420000000000016
2003,220,0.02,20.07000000000005
2003,221,4.64,19.890000000000043
2003,222,0.9,20.29000000000002
2003,223,2.14,20.410000000000025
2003,224,1.31,20.189999999999998
2003,225,0.0,19.850000000000023
2003,226,0.0,18.05000000000001
2003,227,0.0,16.74000000000001
2003,228,0.75,17.80000000000001
2003,229,0.51,16.870000000000005
2003,230,3.07,16.920000000000016
2003,231,1.31,16.920000000000016
2003,232,0.83,18.960000000000036
2003,233,0.0,21.900000000000034
2003,234,4.05,20.470000000000027
2003,235,6.77,19.370000000000005
2003,236,1.8,18.410000000000025
2003,237,2.77,18.80000000000001
2003,238,0.05,18.54000000000002
2003,239,0.04,18.350000000000023
2003,240,0.13,18.200000000000045
2003,241,2.58,16.54000000000002
2003,242,12.81,14.010000000000048
2003,243,14.96,12.610000000000014
2003,244,0.0,14.110000000000014
2003,245,0.91,16.77000000000004
2003,246,4.75,15.910000000000025
2003,247,0.14,14.600000000000023
2003,248,1.26,17.24000000000001
2003,249,2.54,17.170000000000016
2003,250,4.79,14.460000000000036
2003,251,1.49,14.020000000000039
2003,252,0.17,15.860000000000014
2003,253,0.0,12.57000000000005
2003,254,0.0,8.410000000000025
2003,255,0.08,10.910000000000025
2003,256,0.55,8.860000000000014
2003,257,1.31,6.230000000000018
2003,258,0.0,12.0
2003,259,0.0,14.860000000000014
2003,260,0.0,15.300000000000011
2003,261,0.38,7.490000000000009
2003,262,0.0,8.740000000000009
2003,263,0.0,12.120000000000005
2003,264,0.0,11.650000000000034
2003,265,0.0,12.550000000000011
2003,266,0.0,15.010000000000048
2003,267,0.0,14.850000000000023
2003,268,0.0,13.939999999999998
2003,269,0.0,15.720000000000027
2003,270,0.0,13.660000000000025
2003,271,0.0,11.460000000000036
2003,272,0.0,12.490000000000009
2003,273,0.0,11.680000000000007
2003,274,0.34,11.78000000000003
2003,275,0.43,13.590000000000032
2003,276,2.47,11.0
2003,277,0.39,9.720000000000027
2003,278,0.14,12.110000000000014
2003,279,0.02,12.590000000000032
2003,280,0.0,12.340000000000032
2003,281,0.0,13.110000000000014
2003,282,0.0,13.950000000000045
2003,283,0.0,14.900000000000034
2003,284,0.0,11.07000000000005
2003,285,0.09,10.950000000000045
2003,286,0.0,9.890000000000043
2003,287,0.0,4.160000000000025
2003,288,0.0,8.910000000000025
2003,289,0.0,10.189999999999998
2003,290,0.0,12.020000000000039
2003,291,0.0,14.129999999999995
2003,292,0.0,14.460000000000036
2003,293,0.0,13.75
2003,294,0.0,14.450000000000045
2003,295,0.0,14.700000000000045
2003,296,0.0,15.090000000000032
2003,297,0.0,10.770000000000039
2003,298,0.9,2.140000000000043
2003,299,0.0,0.6000000000000227
2003,300,0.0,7.28000000000003
2003,301,0.0,7.57000000000005
2003,302,0.2,10.020000000000039
2003,303,0.14,8.830000000000041
2003,304,0.45,4.07000000000005
2003,305,0.0,7.2000000000000455
2003,306,0.12,7.6299999999999955
2003,307,1.94,7.0400000000000205
2003,308,0.2,0.8799999999999955
2003,309,0.0,-3.4799999999999613
2003,310,0.0,-2.42999999999995
2003,311,0.0,0.3900000000000432
2003,312,0.0,2.740000000000009
2003,313,0.0,2.5
2003,314,0.0,5.350000000000023
2003,315,0.0,3.430000000000007
2003,316,0.0,2.5300000000000296
2003,317,0.47,4.770000000000039
2003,318,0.0,3.830000000000041
2003,319,0.0,0.9600000000000364
2003,320,0.0,0.4800000000000182
2003,321,0.08,0.8300000000000409
2003,322,0.0,-1.839999999999975
2003,323,0.0,3.5600000000000023
2003,324,0.0,6.1299999999999955
2003,325,0.0,4.53000000000003
2003,326,3.91,-0.16999999999995907
2003,327,0.0,-11.75
2003,328,0.0,-5.989999999999952
2003,329,0.0,-3.5399999999999636
2003,330,0.0,-7.1200000000000045
2003,331,0.2,-9.129999999999995
2003,332,0.0,-8.019999999999982
2003,333,0.0,0.4300000000000068
2003,334,0.0,5.270000000000039
2003,335,0.0,4.830000000000041
2003,336,0.0,4.930000000000007
2003,337,0.0,0.3300000000000409
2003,338,0.0,0.9600000000000364
2003,339,0.0,-0.7999999999999545
2003,340,0.0,4.2000000000000455
2003,341,0.0,4.050000000000011
2003,342,8.33,1.07000000000005
2003,343,1.93,-5.9599999999999795
2003,344,0.17,-6.289999999999964
2003,345,0.0,-5.519999999999982
2003,346,0.0,-6.509999999999991
2003,347,0.0,-5.8799999999999955
2003,348,3.22,-1.0699999999999932
2003,349,2.69,-2.7899999999999636
2003,350,0.0,-8.529999999999973
2003,351,0.0,-1.339999999999975
2003,352,0.0,0.1500000000000341
2003,353,0.0,2.1899999999999977
2003,354,0.0,4.150000000000034
2003,355,0.0,3.6000000000000227
2003,356,2.76,-1.5399999999999636
2003,357,0.0,-2.8899999999999864
2003,358,0.0,0.9200000000000159
2003,359,0.0,1.740000000000009
2003,360,0.59,0.8799999999999955
2003,361,0.0,-5.1200000000000045
2003,362,0.0,-10.939999999999998
2003,363,0.0,-11.25
2003,364,0.0,-3.3999999999999773
2003,365,0.0,-1.3100000000000023
2004,1,0.0,-1.259999999999991
2004,2,2.02,-0.23999999999995225
2004,3,3.0,-2.4899999999999523
2004,4,0.0,-8.589999999999975
2004,5,0.0,-13.899999999999977
2004,6,0.0,-11.329999999999984
2004,7,0.0,-1.6099999999999568
2004,8,0.0,-1.759999999999991
2004,9,0.0,-0.9599999999999795
2004,10,0.0,1.3500000000000227
2004,11,0.0,2.5
2004,12,0.0,1.75
2004,13,0.0,0.8799999999999955
2004,14,0.0,1.5300000000000296
2004,15,0.0,1.8600000000000136
2004,16,0.07,1.160000000000025
2004,17,0.0,-2.8100000000000023
2004,18,0.0,-3.349999999999966
2004,19,0.0,-2.769999999999982
2004,20,4.43,-3.0
2004,21,0.0,-5.1200000000000045
2004,22,0.0,-5.46999999999997
2004,23,0.0,-1.5
2004,24,0.0,1.3100000000000023
2004,25,0.0,-1.2299999999999613
2004,26,2.68,-10.45999999999998
2004,27,0.0,-10.769999999999982
2004,28,0.0,-4.949999999999989
2004,29,0.0,-3.2399999999999523
2004,30,0.0,-1.5600000000000023
2004,31,4.91,-1.1599999999999682
2004,32,1.12,-6.569999999999993
2004,33,0.0,-10.060000000000002
2004,34,0.0,-7.419999999999959
2004,35,6.42,-4.96999999999997
2004,36,2.47,-7.669999999999959
2004,37,0.44,-9.509999999999991
2004,38,0.09,-6.689999999999998
2004,39,0.0,-5.029999999999973
2004,40,0.0,-9.669999999999959
2004,41,0.0,-6.6200000000000045
2004,42,4.48,-7.269999999999982
2004,43,0.0,-13.329999999999984
2004,44,0.0,-10.269999999999982
2004,45,0.0,-3.859999999999957
2004,46,0.0,-2.099999999999966
2004,47,0.0,-3.839999999999975
2004,48,0.0,-1.5499999999999545
2004,49,0.0,5.150000000000034
2004,50,4.95,4.270000000000039
2004,51,1.43,-1.3700000000000045
2004,52,0.0,-1.2399999999999523
2004,53,0.5,-0.7099999999999795
2004,54,0.14,-0.9099999999999682
2004,55,0.0,-1.7899999999999636
2004,56,0.0,-0.1099999999999568
2004,57,0.0,1.830000000000041
2004,58,0.0,3.8100000000000023
2004,59,1.97,2.990000000000009
2004,60,0.0,-2.7799999999999727
2004,61,0.51,-3.42999999999995
2004,62,0.0,-2.169999999999959
2004,63,0.0,-1.0299999999999727
2004,64,0.0,-0.0999999999999659
2004,65,10.11,-3.079999999999984
2004,66,0.12,-2.6999999999999886
2004,67,0.0,0.410000000000025
2004,68,0.0,4.830000000000041
2004,69,0.0,5.53000000000003
2004,70,0.0,6.0400000000000205
2004,71,0.87,3.25
2004,72,0.0,2.2600000000000477
2004,73,0.0,3.3700000000000045
2004,74,0.0,2.8600000000000136
2004,75,0.28,1.660000000000025
2004,76,0.0,1.5300000000000296
2004,77,0.0,4.1299999999999955
2004,78,0.0,5.930000000000007
2004,79,0.0,8.620000000000005
2004,80,0.0,10.53000000000003
2004,81,0.0,9.5
2004,82,0.0,10.890000000000043
2004,83,0.0,11.28000000000003
2004,84,0.18,10.770000000000039
2004,85,0.15,10.140000000000043
2004,86,0.0,10.360000000000014
2004,87,0.0,6.689999999999998
2004,88,0.02,-0.25
2004,89,0.07,-0.37999999999999545
2004,90,0.02,5.900000000000034
2004,91,0.0,9.400000000000034
2004,92,0.0,11.120000000000005
2004,93,0.0,10.230000000000018
2004,94,14.85,4.720000000000027
2004,95,0.11,5.160000000000025
2004,96,3.86,7.240000000000009
2004,97,0.49,7.520000000000039
2004,98,4.49,7.180000000000007
2004,99,12.64,6.600000000000023
2004,100,14.17,5.710000000000036
2004,101,3.94,-0.42999999999995
2004,102,4.06,-2.069999999999993
2004,103,2.44,-0.9499999999999886
2004,104,0.0,3.660000000000025
2004,105,0.0,7.980000000000018
2004,106,0.0,8.090000000000032
2004,107,0.0,9.420000000000016
2004,108,0.0,10.620000000000005
2004,109,0.0,8.600000000000023
2004,110,0.0,5.990000000000009
2004,111,0.0,6.25
2004,112,1.37,5.0400000000000205
2004,113,13.47,1.910000000000025
2004,114,6.15,0.22000000000002728
2004,115,6.08,1.0300000000000296
2004,116,2.0,3.57000000000005
2004,117,0.0,5.710000000000036
2004,118,0.0,9.390000000000043
2004,119,0.0,10.560000000000002
2004,120,0.0,8.090000000000032
2004,121,7.49,0.8500000000000227
2004,122,1.06,0.7700000000000387
2004,123,0.0,7.050000000000011
2004,124,0.0,10.75
2004,125,0.0,12.900000000000034
2004,126,0.0,15.230000000000018
2004,127,0.0,15.620000000000005
2004,128,0.0,15.200000000000045
2004,129,0.0,14.550000000000011
2004,130,0.0,14.450000000000045
2004,131,0.0,14.900000000000034
2004,132,0.0,14.600000000000023
2004,133,7.11,9.990000000000009
2004,134,7.77,5.300000000000011
2004,135,2.13,4.439999999999998
2004,136,0.09,9.020000000000039
2004,137,0.0,12.470000000000027
2004,138,0.0,13.300000000000011
2004,139,0.0,14.100000000000023
2004,140,0.0,15.670000000000016
2004,141,0.0,15.480000000000018
2004,142,0.0,15.330000000000041
2004,143,0.0,13.28000000000003
2004,144,0.0,11.020000000000039
2004,145,0.0,12.350000000000023
2004,146,0.0,10.560000000000002
2004,147,0.0,11.660000000000025
2004,148,0.0,12.32000000000005
2004,149,0.0,14.689999999999998
2004,150,0.0,13.480000000000018
2004,151,0.0,6.240000000000009
2004,152,0.0,6.930000000000007
2004,153,0.0,11.390000000000043
2004,154,0.39,14.890000000000043
2004,155,0.65,14.310000000000002
2004,156,0.0,18.04000000000002
2004,157,0.11,17.02000000000004
2004,158,0.15,18.689999999999998
2004,159,0.0,20.360000000000014
2004,160,0.0,20.450000000000045
2004,161,1.6,18.360000000000014
2004,162,0.32,15.57000000000005
2004,163,0.2,11.090000000000032
2004,164,0.0,12.78000000000003
2004,165,0.0,14.550000000000011
2004,166,0.0,18.350000000000023
2004,167,0.01,19.560000000000002
2004,168,0.22,17.83000000000004
2004,169,9.78,14.490000000000009
2004,170,6.74,13.29000000000002
2004,171,1.44,14.260000000000048
2004,172,1.33,16.129999999999995
2004,173,15.65,13.360000000000014
2004,174,1.32,9.560000000000002
2004,175,0.0,13.680000000000007
2004,176,0.46,16.430000000000007
2004,177,5.76,15.460000000000036
2004,178,3.56,13.460000000000036
2004,179,14.15,12.930000000000007
2004,180,17.13,12.860000000000014
2004,181,4.15,14.900000000000034
2004,182,4.53,14.660000000000025
2004,183,0.53,14.840000000000032
2004,184,0.52,17.150000000000034
2004,185,0.0,17.470000000000027
2004,186,0.0,17.25
2004,187,0.0,16.129999999999995
2004,188,0.06,15.939999999999998
2004,189,0.01,17.83000000000004
2004,190,0.05,19.620000000000005
2004,191,0.0,20.5
2004,192,3.26,20.04000000000002
2004,193,0.59,19.57000000000005
2004,194,0.0,21.27000000000004
2004,195,0.0,21.629999999999995
2004,196,1.62,21.460000000000036
2004,197,4.25,21.420000000000016
2004,198,4.76,18.510000000000048
2004,199,13.27,16.730000000000018
2004,200,0.92,17.99000000000001
2004,201,0.27,19.480000000000018
2004,202,8.31,19.890000000000043
2004,203,2.54,19.200000000000045
2004,204,6.11,18.610000000000014
2004,205,10.54,14.340000000000032
2004,206,6.93,13.100000000000023
2004,207,1.23,13.510000000000048
2004,208,1.27,15.990000000000009
2004,209,0.15,16.53000000000003
2004,210,3.06,15.310000000000002
2004,211,2.68,15.240000000000009
2004,212,0.28,17.140000000000043
2004,213,0.0,18.340000000000032
2004,214,0.0,20.350000000000023
2004,215,0.38,20.720000000000027
2004,216,0.07,19.04000000000002
2004,217,0.54,18.99000000000001
2004,218,5.7,19.620000000000005
2004,219,6.38,17.27000000000004
2004,220,1.3,18.410000000000025
2004,221,0.0,17.629999999999995
2004,222,0.13,17.680000000000007
2004,223,0.0,17.850000000000023
2004,224,0.11,15.710000000000036
2004,225,0.14,14.830000000000041
2004,226,0.33,15.28000000000003
2004,227,0.09,15.730000000000018
2004,228,0.0,16.890000000000043
2004,229,0.57,17.28000000000003
2004,230,0.69,17.480000000000018
2004,231,1.66,16.07000000000005
2004,232,23.71,12.090000000000032
2004,233,5.05,12.930000000000007
2004,234,3.65,13.910000000000025
2004,235,1.68,15.79000000000002
2004,236,0.65,15.620000000000005
2004,237,0.06,15.080000000000041
2004,238,0.0,14.210000000000036
2004,239,0.0,15.939999999999998
2004,240,6.84,13.150000000000034
2004,241,0.04,10.04000000000002
2004,242,0.0,13.950000000000045
2004,243,4.02,15.850000000000023
2004,244,0.65,16.49000000000001
2004,245,0.74,15.850000000000023
2004,246,0.0,17.180000000000007
2004,247,0.0,17.360000000000014
2004,248,1.53,15.870000000000005
2004,249,0.19,11.620000000000005
2004,250,0.0,11.650000000000034
2004,251,0.0,14.200000000000045
2004,252,0.0,16.110000000000014
2004,253,0.0,17.100000000000023
2004,254,0.08,16.939999999999998
2004,255,0.0,16.160000000000025
2004,256,0.0,17.78000000000003
2004,257,0.0,17.689999999999998
2004,258,0.0,16.390000000000043
2004,259,0.0,12.189999999999998
2004,260,0.0,14.260000000000048
2004,261,0.0,16.55000000000001
2004,262,0.0,17.920000000000016
2004,263,1.25,15.939999999999998
2004,264,0.0,13.890000000000043
2004,265,7.65,10.180000000000007
2004,266,2.19,5.310000000000002
2004,267,0.04,6.220000000000027
2004,268,0.02,9.57000000000005
2004,269,0.55,10.520000000000039
2004,270,0.55,11.350000000000023
2004,271,0.03,11.810000000000002
2004,272,13.94,10.100000000000023
2004,273,0.22,10.950000000000045
2004,274,2.0,10.689999999999998
2004,275,1.76,6.860000000000014
2004,276,0.21,8.650000000000034
2004,277,0.09,10.04000000000002
2004,278,3.6,9.510000000000048
2004,279,0.01,9.370000000000005
2004,280,4.52,8.370000000000005
2004,281,2.08,8.930000000000007
2004,282,0.0,9.660000000000025
2004,283,0.0,10.760000000000048
2004,284,0.0,10.590000000000032
2004,285,0.0,7.420000000000016
2004,286,0.0,7.360000000000014
2004,287,12.58,4.9500000000000455
2004,288,0.0,4.710000000000036
2004,289,0.0,8.230000000000018
2004,290,0.0,8.5
2004,291,0.0,10.270000000000039
2004,292,0.0,6.910000000000025
2004,293,0.02,6.910000000000025
2004,294,0.04,8.590000000000032
2004,295,0.0,10.32000000000005
2004,296,0.34,7.75
2004,297,0.0,4.3700000000000045
2004,298,0.0,6.970000000000027
2004,299,0.0,5.439999999999998
2004,300,0.0,6.6200000000000045
2004,301,0.0,8.390000000000043
2004,302,0.03,9.730000000000018
2004,303,0.08,5.0
2004,304,0.0,1.2800000000000296
2004,305,0.0,1.2300000000000182
2004,306,13.82,-3.8700000000000045
2004,307,0.48,-6.810000000000002
2004,308,0.01,1.6200000000000045
2004,309,0.0,3.0400000000000205
2004,310,0.0,6.220000000000027
2004,311,0.0,7.7900000000000205
2004,312,0.0,7.920000000000016
2004,313,0.0,9.300000000000011
2004,314,0.0,9.700000000000045
2004,315,6.48,4.28000000000003
2004,316,0.0,0.20000000000004547
2004,317,0.0,2.410000000000025
2004,318,0.28,-0.13999999999998636
2004,319,0.0,0.12999999999999545
2004,320,0.0,1.9300000000000068
2004,321,0.0,4.930000000000007
2004,322,0.22,5.390000000000043
2004,323,0.08,2.7100000000000364
2004,324,0.0,2.340000000000032
2004,325,1.14,-1.9499999999999886
2004,326,2.19,-2.349999999999966
2004,327,0.13,0.4500000000000455
2004,328,0.19,0.07000000000005002
2004,329,0.04,-3.4699999999999704
2004,330,0.0,-0.20999999999997954
2004,331,0.0,1.1000000000000227
2004,332,0.0,-3.8700000000000045
2004,333,7.96,-3.0600000000000023
2004,334,0.09,-11.849999999999966
2004,335,0.0,-10.849999999999966
2004,336,0.0,-6.899999999999977
2004,337,0.0,-8.5
2004,338,0.0,-4.810000000000002
2004,339,0.0,-0.7699999999999818
2004,340,0.0,-0.6699999999999591
2004,341,0.0,-4.259999999999991
2004,342,0.0,-4.810000000000002
2004,343,0.0,-3.0600000000000023
2004,344,0.0,-0.8999999999999773
2004,345,0.06,1.0500000000000114
2004,346,0.0,4.800000000000011
2004,347,0.0,5.210000000000036
2004,348,0.0,0.7400000000000091
2004,349,0.0,0.36000000000001364
2004,350,0.0,-0.3299999999999841
2004,351,4.26,-2.829999999999984
2004,352,0.05,-1.4699999999999704
2004,353,0.0,-1.089999999999975
2004,354,0.0,-0.48999999999995225
2004,355,0.0,1.660000000000025
2004,356,0.0,-3.019999999999982
2004,357,3.85,-9.25
2004,358,0.03,-14.019999999999982
2004,359,0.57,-11.489999999999952
2004,360,0.0,-2.3100000000000023
2004,361,0.0,-0.5499999999999545
2004,362,0.0,1.5
2004,363,0.0,0.8500000000000227
2004,364,0.0,1.3700000000000045
2004,365,0.49,2.0100000000000477
2004,366,0.0,0.26000000000004775
2005,1,0.0,1.1899999999999977
2005,2,0.0,-0.7299999999999613
2005,3,0.0,-0.12000000000000455
2005,4,3.66,-0.20999999999997954
2005,5,0.64,-8.859999999999957
2005,6,1.13,-6.199999999999989
2005,7,0.0,-8.489999999999952
2005,8,0.0,-2.769999999999982
2005,9,0.0,1.3500000000000227
2005,10,0.0,3.0200000000000387
2005,11,0.0,1.7100000000000364
2005,12,6.81,-0.839999999999975
2005,13,0.0,-6.669999999999959
2005,14,0.29,-5.689999999999998
2005,15,0.0,-4.319999999999993
2005,16,0.0,-2.409999999999968
2005,17,0.0,-0.42999999999995
2005,18,0.0,0.4800000000000182
2005,19,0.0,3.930000000000007
2005,20,0.0,6.150000000000034
2005,21,0.0,6.220000000000027
2005,22,0.0,1.8400000000000318
2005,23,0.0,3.7000000000000455
2005,24,0.0,5.32000000000005
2005,25,0.0,3.910000000000025
2005,26,0.0,2.1100000000000136
2005,27,0.0,1.7600000000000477
2005,28,0.46,1.0500000000000114
2005,29,10.52,-0.23999999999995225
2005,30,0.33,-2.0399999999999636
2005,31,4.14,-3.409999999999968
2005,32,0.24,-5.009999999999991
2005,33,0.27,-6.159999999999968
2005,34,0.07,-2.589999999999975
2005,35,0.0,0.17000000000001592
2005,36,0.0,1.2600000000000477
2005,37,0.03,-0.14999999999997726
2005,38,0.0,-2.6399999999999864
2005,39,0.03,-4.089999999999975
2005,40,0.0,-7.169999999999959
2005,41,0.0,-3.659999999999968
2005,42,0.0,1.4800000000000182
2005,43,0.0,5.170000000000016
2005,44,0.0,2.7700000000000387
2005,45,0.0,2.230000000000018
2005,46,0.17,-1.0
2005,47,0.2,-2.589999999999975
2005,48,0.06,-1.2099999999999795
2005,49,0.0,-0.14999999999997726
2005,50,0.0,2.400000000000034
2005,51,0.0,1.2900000000000205
2005,52,0.0,0.8799999999999955
2005,53,0.96,1.6000000000000227
2005,54,0.65,-0.5499999999999545
2005,55,0.0,-3.269999999999982
2005,56,0.0,-2.1299999999999955
2005,57,0.54,-1.6499999999999773
2005,58,0.1,-2.7899999999999636
2005,59,0.0,-3.509999999999991
2005,60,0.0,-2.7799999999999727
2005,61,6.31,-1.7699999999999818
2005,62,0.0,0.4200000000000159
2005,63,0.0,2.0400000000000205
2005,64,0.0,3.340000000000032
2005,65,0.0,3.910000000000025
2005,66,0.0,2.230000000000018
2005,67,0.22,1.660000000000025
2005,68,1.07,1.3400000000000318
2005,69,0.0,3.660000000000025
2005,70,0.0,3.230000000000018
2005,71,0.0,4.910000000000025
2005,72,7.03,-0.4199999999999591
2005,73,3.31,-6.169999999999959
2005,74,0.0,-7.1299999999999955
2005,75,0.0,-4.839999999999975
2005,76,0.07,-2.2099999999999795
2005,77,0.0,-1.2099999999999795
2005,78,0.0,-0.6200000000000045
2005,79,0.0,3.2000000000000455
2005,80,4.08,1.150000000000034
2005,81,0.0,-0.8100000000000023
2005,82,0.0,3.0400000000000205
2005,83,4.67,1.3400000000000318
2005,84,3.5,-1.6499999999999773
2005,85,0.18,-2.319999999999993
2005,86,0.02,0.040000000000020464
2005,87,0.0,6.560000000000002
2005,88,6.92,4.990000000000009
2005,89,13.33,-0.9499999999999886
2005,90,3.75,-3.17999999999995
2005,91,0.08,-2.42999999999995
2005,92,0.0,4.53000000000003
2005,93,0.0,7.180000000000007
2005,94,0.0,7.920000000000016
2005,95,7.7,4.350000000000023
2005,96,0.0,3.0400000000000205
2005,97,0.0,7.020000000000039
2005,98,0.0,9.689999999999998
2005,99,0.0,5.420000000000016
2005,100,13.1,1.3900000000000432
2005,101,29.8,-2.5499999999999545
2005,102,0.0,-0.21999999999997044
2005,103,0.0,5.180000000000007
2005,104,0.0,8.950000000000045
2005,105,0.0,8.830000000000041
2005,106,0.0,9.260000000000048
2005,107,0.0,11.120000000000005
2005,108,0.0,10.75
2005,109,0.0,10.480000000000018
2005,110,0.0,8.54000000000002
2005,111,0.0,4.810000000000002
2005,112,0.0,4.080000000000041
2005,113,0.0,6.260000000000048
2005,114,25.19,7.060000000000002
2005,115,14.65,4.060000000000002
2005,116,0.55,4.350000000000023
2005,117,0.0,7.020000000000039
2005,118,1.77,6.310000000000002
2005,119,0.44,1.3900000000000432
2005,120,2.53,0.57000000000005
2005,121,2.41,0.5500000000000114
2005,122,4.11,1.8000000000000114
2005,123,1.82,4.760000000000048
2005,124,0.05,7.2000000000000455
2005,125,0.0,9.439999999999998
2005,126,0.08,11.970000000000027
2005,127,0.87,9.150000000000034
2005,128,0.0,7.640000000000043
2005,129,0.0,9.379999999999995
2005,130,0.44,12.430000000000007
2005,131,0.1,11.270000000000039
2005,132,0.0,6.890000000000043
2005,133,0.0,7.0400000000000205
2005,134,0.02,9.0
2005,135,0.0,10.960000000000036
2005,136,0.0,13.220000000000027
2005,137,0.0,13.490000000000009
2005,138,0.0,10.810000000000002
2005,139,0.0,14.980000000000018
2005,140,0.0,18.439999999999998
2005,141,0.0,19.670000000000016
2005,142,0.0,19.260000000000048
2005,143,0.0,19.05000000000001
2005,144,0.0,17.82000000000005
2005,145,0.0,16.07000000000005
2005,146,0.0,11.370000000000005
2005,147,0.0,10.82000000000005
2005,148,0.0,12.860000000000014
2005,149,2.02,13.670000000000016
2005,150,7.16,12.260000000000048
2005,151,4.15,10.75
2005,152,0.0,12.740000000000009
2005,153,0.28,15.020000000000039
2005,154,1.23,12.920000000000016
2005,155,0.29,8.870000000000005
2005,156,0.0,11.160000000000025
2005,157,0.0,15.0
2005,158,0.0,14.970000000000027
2005,159,0.0,13.850000000000023
2005,160,0.04,13.870000000000005
2005,161,7.57,11.670000000000016
2005,162,0.35,10.370000000000005
2005,163,8.05,12.020000000000039
2005,164,0.43,9.730000000000018
2005,165,0.0,12.700000000000045
2005,166,0.54,17.120000000000005
2005,167,0.15,18.140000000000043
2005,168,0.0,18.410000000000025
2005,169,0.0,19.75
2005,170,0.0,20.82000000000005
2005,171,0.01,21.52000000000004
2005,172,2.55,21.510000000000048
2005,173,0.89,20.660000000000025
2005,174,1.37,20.189999999999998
2005,175,3.78,18.379999999999995
2005,176,7.95,18.230000000000018
2005,177,0.09,18.170000000000016
2005,178,0.7,17.870000000000005
2005,179,0.02,18.840000000000032
2005,180,0.12,17.840000000000032
2005,181,0.0,17.900000000000034
2005,182,0.0,18.379999999999995
2005,183,0.18,19.420000000000016
2005,184,0.0,19.28000000000003
2005,185,0.0,16.910000000000025
2005,186,0.15,18.410000000000025
2005,187,0.0,19.610000000000014
2005,188,0.0,20.420000000000016
2005,189,0.0,21.439999999999998
2005,190,0.0,20.930000000000007
2005,191,0.0,20.02000000000004
2005,192,0.0,20.220000000000027
2005,193,0.13,21.27000000000004
2005,194,0.0,21.450000000000045
2005,195,0.0,21.75
2005,196,0.9,21.950000000000045
2005,197,0.04,22.370000000000005
2005,198,0.17,23.150000000000034
2005,199,0.22,19.129999999999995
2005,200,0.0,21.100000000000023
2005,201,0.0,23.600000000000023
2005,202,0.0,25.04000000000002
2005,203,0.0,24.110000000000014
2005,204,1.18,23.220000000000027
2005,205,2.26,21.129999999999995
2005,206,6.93,19.33000000000004
2005,207,6.65,16.210000000000036
2005,208,3.37,14.700000000000045
2005,209,0.11,18.33000000000004
2005,210,0.0,20.360000000000014
2005,211,0.0,21.83000000000004
2005,212,0.05,22.25
2005,213,0.08,21.510000000000048
2005,214,0.0,21.470000000000027
2005,215,2.22,21.27000000000004
2005,216,31.63,14.29000000000002
2005,217,5.59,14.150000000000034
2005,218,2.33,17.720000000000027
2005,219,0.0,18.32000000000005
2005,220,0.0,19.390000000000043
2005,221,0.46,20.29000000000002
2005,222,2.74,19.060000000000002
2005,223,2.58,17.82000000000005
2005,224,2.74,15.730000000000018
2005,225,3.63,14.950000000000045
2005,226,1.28,14.0
2005,227,0.0,15.430000000000007
2005,228,2.23,17.110000000000014
2005,229,0.45,16.200000000000045
2005,230,0.0,16.860000000000014
2005,231,1.19,17.689999999999998
2005,232,8.19,17.879999999999995
2005,233,9.12,15.580000000000041
2005,234,0.99,16.189999999999998
2005,235,0.48,16.840000000000032
2005,236,0.53,17.24000000000001
2005,237,0.32,18.720000000000027
2005,238,1.82,17.950000000000045
2005,239,0.66,18.24000000000001
2005,240,0.01,17.140000000000043
2005,241,0.0,17.75
2005,242,0.0,18.99000000000001
2005,243,0.0,17.110000000000014
2005,244,0.21,15.710000000000036
2005,245,0.01,17.03000000000003
2005,246,0.08,17.970000000000027
2005,247,0.18,17.960000000000036
2005,248,0.12,18.620000000000005
2005,249,2.4,18.33000000000004
2005,250,3.26,17.220000000000027
2005,251,0.26,19.480000000000018
2005,252,0.86,18.57000000000005
2005,253,0.13,17.460000000000036
2005,254,0.6,16.680000000000007
2005,255,0.0,16.170000000000016
2005,256,0.03,13.700000000000045
2005,257,1.28,11.370000000000005
2005,258,0.0,10.600000000000023
2005,259,0.0,13.910000000000025
2005,260,0.0,15.04000000000002
2005,261,0.0,15.03000000000003
2005,262,0.0,14.79000000000002
2005,263,0.0,16.610000000000014
2005,264,0.0,18.83000000000004
2005,265,3.9,15.689999999999998
2005,266,0.48,14.350000000000023
2005,267,0.0,16.710000000000036
2005,268,0.0,15.550000000000011
2005,269,0.0,13.650000000000034
2005,270,0.23,16.510000000000048
2005,271,4.97,11.740000000000009
2005,272,0.0,10.360000000000014
2005,273,0.0,14.439999999999998
2005,274,0.0,15.330000000000041
2005,275,0.0,15.870000000000005
2005,276,0.0,15.439999999999998
2005,277,0.0,15.54000000000002
2005,278,1.19,9.390000000000043
2005,279,0.0,5.420000000000016
2005,280,0.0,9.210000000000036
2005,281,0.0,13.810000000000002
2005,282,11.22,11.390000000000043
2005,283,11.82,1.910000000000025
2005,284,1.66,1.6100000000000136
2005,285,0.03,3.8700000000000045
2005,286,0.0,6.7000000000000455
2005,287,0.0,10.5
2005,288,0.0,9.310000000000002
2005,289,0.0,10.480000000000018
2005,290,0.0,10.980000000000018
2005,291,0.01,11.670000000000016
2005,292,1.15,9.840000000000032
2005,293,0.14,7.6299999999999955
2005,294,0.0,8.010000000000048
2005,295,0.0,7.730000000000018
2005,296,0.0,5.78000000000003
2005,297,0.0,6.730000000000018
2005,298,0.0,8.640000000000043
2005,299,0.0,8.160000000000025
2005,300,0.0,6.770000000000039
2005,301,0.0,8.600000000000023
2005,302,0.19,8.080000000000041
2005,303,1.77,4.78000000000003
2005,304,0.03,1.25
2005,305,0.0,6.140000000000043
2005,306,0.0,8.879999999999995
2005,307,0.0,8.770000000000039
2005,308,0.0,5.970000000000027
2005,309,0.59,1.9500000000000455
2005,310,0.0,2.7200000000000273
2005,311,0.0,7.590000000000032
2005,312,0.0,9.629999999999995
2005,313,0.0,8.640000000000043
2005,314,0.0,9.970000000000027
2005,315,0.0,10.120000000000005
2005,316,0.24,5.990000000000009
2005,317,0.0,2.32000000000005
2005,318,0.0,2.5600000000000023
2005,319,3.6,-5.17999999999995
2005,320,0.0,-5.17999999999995
2005,321,0.98,-1.6299999999999955
2005,322,0.2,-2.589999999999975
2005,323,0.01,-0.2999999999999545
2005,324,0.0,-2.009999999999991
2005,325,0.0,2.7700000000000387
2005,326,0.0,4.050000000000011
2005,327,0.0,4.7000000000000455
2005,328,0.0,3.330000000000041
2005,329,0.0,1.2900000000000205
2005,330,0.0,2.3000000000000114
2005,331,1.02,-3.7199999999999704
2005,332,0.0,-8.819999999999993
2005,333,0.0,-8.799999999999955
2005,334,0.0,-3.839999999999975
2005,335,0.0,-6.099999999999966
2005,336,0.0,0.7400000000000091
2005,337,5.01,-0.839999999999975
2005,338,0.0,-9.939999999999998
2005,339,0.04,-12.189999999999998
2005,340,0.0,-9.899999999999977
2005,341,0.75,-15.589999999999975
2005,342,0.0,-13.079999999999984
2005,343,0.13,-5.939999999999998
2005,344,0.0,-3.9399999999999977
2005,345,0.0,-1.5699999999999932
2005,346,0.0,-1.3100000000000023
2005,347,0.0,-1.7699999999999818
2005,348,0.0,-6.949999999999989
2005,349,0.0,-12.479999999999961
2005,350,0.0,-10.609999999999957
2005,351,0.54,-11.839999999999975
2005,352,0.0,-9.239999999999952
2005,353,0.0,-4.5499999999999545
2005,354,0.0,-2.2299999999999613
2005,355,0.0,1.0500000000000114
2005,356,0.0,3.6000000000000227
2005,357,0.0,2.910000000000025
2005,358,0.0,-0.029999999999972715
2005,359,0.0,3.340000000000032
2005,360,0.0,4.060000000000002
2005,361,0.0,1.650000000000034
2005,362,0.0,1.5500000000000114
2005,363,0.0,2.3799999999999955
2005,364,0.0,-3.3100000000000023
2005,365,0.0,1.7000000000000455
2006,1,0.0,1.8600000000000136
2006,2,0.0,0.4200000000000159
2006,3,0.0,2.930000000000007
2006,4,0.0,-0.6499999999999773
2006,5,0.0,-3.859999999999957
2006,6,0.0,1.5200000000000387
2006,7,0.0,5.020000000000039
2006,8,0.0,0.57000000000005
2006,9,0.0,-4.269999999999982
2006,10,0.0,-2.9799999999999613
2006,11,0.0,1.2800000000000296
2006,12,0.0,-0.6899999999999977
2006,13,0.0,-4.7999999999999545
2006,14,0.0,3.230000000000018
2006,15,0.0,1.8700000000000045
2006,16,1.12,-4.069999999999993
2006,17,0.0,-7.060000000000002
2006,18,0.06,-1.089999999999975
2006,19,6.49,-2.849999999999966
2006,20,0.53,-6.779999999999973
2006,21,0.06,-8.109999999999957
2006,22,0.0,-5.729999999999961
2006,23,0.0,-7.060000000000002
2006,24,0.0,-1.7399999999999523
2006,25,0.01,-0.19999999999998863
2006,26,0.06,-0.6099999999999568
2006,27,0.0,-4.859999999999957
2006,28,0.0,-5.849999999999966
2006,29,0.0,-5.479999999999961
2006,30,0.0,-6.259999999999991
2006,31,0.0,1.2900000000000205
2006,32,0.0,0.7000000000000455
2006,33,0.45,0.09000000000003183
2006,34,0.0,-4.069999999999993
2006,35,0.0,-3.4799999999999613
2006,36,0.09,-1.7399999999999523
2006,37,0.0,-7.039999999999964
2006,38,0.0,-3.2899999999999636
2006,39,0.0,0.22000000000002728
2006,40,0.0,2.9500000000000455
2006,41,0.82,-6.519999999999982
2006,42,0.22,-11.319999999999993
2006,43,0.0,-4.3799999999999955
2006,44,0.0,-1.4899999999999523
2006,45,0.0,-0.839999999999975
2006,46,0.0,-1.0699999999999932
2006,47,1.38,-5.639999999999986
2006,48,0.03,-12.069999999999993
2006,49,0.02,-9.359999999999957
2006,50,0.02,-4.6200000000000045
2006,51,0.0,-6.979999999999961
2006,52,0.0,-8.329999999999984
2006,53,0.0,-8.089999999999975
2006,54,0.0,-5.149999999999977
2006,55,0.0,-2.669999999999959
2006,56,0.0,-1.599999999999966
2006,57,0.0,-1.0
2006,58,0.0,3.1000000000000227
2006,59,0.0,4.800000000000011
2006,60,0.0,4.550000000000011
2006,61,0.0,1.2600000000000477
2006,62,0.0,2.4399999999999977
2006,63,0.0,4.32000000000005
2006,64,0.0,1.9300000000000068
2006,65,0.0,4.430000000000007
2006,66,0.0,5.32000000000005
2006,67,1.34,1.3900000000000432
2006,68,0.91,-4.739999999999952
2006,69,1.11,-5.060000000000002
2006,70,0.0,-6.9599999999999795
2006,71,2.44,-4.099999999999966
2006,72,0.15,-9.099999999999966
2006,73,0.35,-8.67999999999995
2006,74,0.08,-0.7299999999999613
2006,75,0.0,-4.079999999999984
2006,76,0.0,0.9600000000000364
2006,77,0.01,2.5
2006,78,6.71,0.6200000000000045
2006,79,2.7,-4.060000000000002
2006,80,1.27,-8.279999999999973
2006,81,0.82,-4.189999999999998
2006,82,0.02,-5.2099999999999795
2006,83,0.0,-2.849999999999966
2006,84,0.0,-0.2699999999999818
2006,85,0.25,1.420000000000016
2006,86,0.24,-3.599999999999966
2006,87,0.0,0.6100000000000136
2006,88,0.0,4.590000000000032
2006,89,0.0,2.910000000000025
2006,90,0.0,0.2300000000000182
2006,91,0.0,4.5400000000000205
2006,92,0.0,0.8500000000000227
2006,93,0.0,1.25
2006,94,0.0,5.460000000000036
2006,95,0.05,8.410000000000025
2006,96,0.62,4.330000000000041
2006,97,0.69,1.150000000000034
2006,98,1.1,4.110000000000014
2006,99,0.0,8.78000000000003
2006,100,0.0,9.870000000000005
2006,101,0.0,7.680000000000007
2006,102,0.0,7.800000000000011
2006,103,0.0,12.090000000000032
2006,104,0.0,11.75
2006,105,2.58,10.170000000000016
2006,106,0.0,8.220000000000027
2006,107,0.0,10.700000000000045
2006,108,0.0,4.189999999999998
2006,109,0.0,1.1800000000000068
2006,110,0.0,5.160000000000025
2006,111,0.0,7.670000000000016
2006,112,0.0,12.129999999999995
2006,113,0.0,13.920000000000016
2006,114,0.13,7.890000000000043
2006,115,6.13,-1.0399999999999636
2006,116,0.13,1.57000000000005
2006,117,0.0,7.53000000000003
2006,118,2.74,5.080000000000041
2006,119,0.48,1.2100000000000364
2006,120,0.0,5.110000000000014
2006,121,0.82,7.020000000000039
2006,122,0.0,8.689999999999998
2006,123,0.79,9.240000000000009
2006,124,1.45,8.439999999999998
2006,125,2.52,7.390000000000043
2006,126,2.99,7.760000000000048
2006,127,0.04,9.240000000000009
2006,128,0.01,10.180000000000007
2006,129,0.02,8.620000000000005
2006,130,2.39,5.150000000000034
2006,131,0.0,5.590000000000032
2006,132,0.0,10.860000000000014
2006,133,0.0,13.220000000000027
2006,134,0.14,12.53000000000003
2006,135,0.04,10.550000000000011
2006,136,0.0,11.230000000000018
2006,137,0.0,13.330000000000041
2006,138,0.02,15.160000000000025
2006,139,0.24,16.75
2006,140,0.31,16.660000000000025
2006,141,0.0,17.25
2006,142,0.79,17.58000000000004
2006,143,5.21,13.700000000000045
2006,144,0.0,12.920000000000016
2006,145,0.0,16.680000000000007
2006,146,0.0,17.610000000000014
2006,147,0.0,16.30000000000001
2006,148,0.0,14.620000000000005
2006,149,0.0,10.890000000000043
2006,150,1.48,12.28000000000003
2006,151,0.41,12.5
2006,152,0.0,13.610000000000014
2006,153,0.37,16.720000000000027
2006,154,0.06,18.83000000000004
2006,155,0.0,18.590000000000032
2006,156,0.0,19.460000000000036
2006,157,2.57,20.25
2006,158,0.0,20.27000000000004
2006,159,0.03,19.24000000000001
2006,160,0.0,16.730000000000018
2006,161,0.0,16.879999999999995
2006,162,0.12,17.200000000000045
2006,163,0.55,18.939999999999998
2006,164,0.0,19.560000000000002
2006,165,0.0,20.75
2006,166,0.0,18.439999999999998
2006,167,1.99,14.830000000000041
2006,168,1.04,13.230000000000018
2006,169,0.0,16.730000000000018
2006,170,0.0,20.640000000000043
2006,171,0.0,20.77000000000004
2006,172,0.83,17.58000000000004
2006,173,4.16,16.860000000000014
2006,174,0.0,16.260000000000048
2006,175,0.4,17.05000000000001
2006,176,2.61,14.910000000000025
2006,177,1.98,13.340000000000032
2006,178,0.26,14.950000000000045
2006,179,1.8,16.260000000000048
2006,180,0.69,17.54000000000002
2006,181,0.0,19.220000000000027
2006,182,1.56,19.590000000000032
2006,183,5.94,18.340000000000032
2006,184,2.86,17.30000000000001
2006,185,4.61,16.680000000000007
2006,186,16.63,17.010000000000048
2006,187,8.04,16.400000000000034
2006,188,1.06,17.58000000000004
2006,189,22.98,16.52000000000004
2006,190,16.83,13.620000000000005
2006,191,3.15,14.510000000000048
2006,192,1.12,17.720000000000027
2006,193,0.05,18.340000000000032
2006,194,0.0,19.670000000000016
2006,195,0.0,20.260000000000048
2006,196,1.08,22.200000000000045
2006,197,0.49,22.850000000000023
2006,198,0.76,23.060000000000002
2006,199,4.74,21.310000000000002
2006,200,0.11,21.310000000000002
2006,201,6.55,21.510000000000048
2006,202,3.58,20.220000000000027
2006,203,0.04,18.82000000000005
2006,204,0.29,19.939999999999998
2006,205,0.25,21.760000000000048
2006,206,7.47,20.5
2006,207,4.99,19.55000000000001
2006,208,3.04,19.710000000000036
2006,209,0.0,19.689999999999998
2006,210,0.0,20.310000000000002
2006,211,0.0,21.470000000000027
2006,212,0.66,21.54000000000002
2006,213,0.73,17.379999999999995
2006,214,11.14,17.730000000000018
2006,215,3.87,16.510000000000048
2006,216,4.84,17.05000000000001
2006,217,3.4,18.460000000000036
2006,218,7.86,16.200000000000045
2006,219,10.38,18.140000000000043
2006,220,1.25,17.27000000000004
2006,221,4.8,20.5
2006,222,4.43,20.120000000000005
2006,223,1.02,19.28000000000003
2006,224,0.67,19.5
2006,225,6.54,17.350000000000023
2006,226,9.56,16.430000000000007
2006,227,0.21,17.160000000000025
2006,228,0.17,17.590000000000032
2006,229,1.13,18.370000000000005
2006,230,1.07,18.52000000000004
2006,231,7.91,15.200000000000045
2006,232,3.04,16.54000000000002
2006,233,0.75,17.5
2006,234,1.39,17.420000000000016
2006,235,0.03,19.02000000000004
2006,236,0.02,19.310000000000002
2006,237,8.06,17.590000000000032
2006,238,15.6,14.610000000000014
2006,239,3.98,13.400000000000034
2006,240,0.15,12.390000000000043
2006,241,1.73,13.770000000000039
2006,242,0.03,16.480000000000018
2006,243,1.48,17.74000000000001
2006,244,2.95,15.879999999999995
2006,245,0.6,11.700000000000045
2006,246,0.32,11.910000000000025
2006,247,0.0,12.910000000000025
2006,248,0.0,14.060000000000002
2006,249,0.0,15.310000000000002
2006,250,0.25,14.650000000000034
2006,251,11.71,12.910000000000025
2006,252,1.05,12.439999999999998
2006,253,0.06,12.410000000000025
2006,254,1.58,12.960000000000036
2006,255,3.36,12.79000000000002
2006,256,0.0,15.03000000000003
2006,257,0.1,15.939999999999998
2006,258,0.12,13.720000000000027
2006,259,0.0,11.640000000000043
2006,260,0.02,5.180000000000007
2006,261,0.0,5.600000000000023
2006,262,0.0,9.960000000000036
2006,263,0.0,12.390000000000043
2006,264,14.04,9.590000000000032
2006,265,3.05,5.03000000000003
2006,266,0.78,3.7100000000000364
2006,267,0.0,5.490000000000009
2006,268,0.0,8.060000000000002
2006,269,0.01,9.379999999999995
2006,270,0.01,9.410000000000025
2006,271,0.0,9.550000000000011
2006,272,0.0,12.300000000000011
2006,273,0.0,12.629999999999995
2006,274,0.0,13.200000000000045
2006,275,0.0,13.57000000000005
2006,276,1.78,13.870000000000005
2006,277,1.02,11.510000000000048
2006,278,0.0,13.650000000000034
2006,279,0.0,14.300000000000011
2006,280,0.0,13.700000000000045
2006,281,3.67,9.910000000000025
2006,282,4.02,5.110000000000014
2006,283,1.56,4.490000000000009
2006,284,0.0,5.980000000000018
2006,285,0.0,6.53000000000003
2006,286,0.0,7.260000000000048
2006,287,0.0,8.410000000000025
2006,288,0.76,8.990000000000009
2006,289,2.13,8.740000000000009
2006,290,8.16,5.439999999999998
2006,291,1.71,-2.079999999999984
2006,292,1.75,-2.2799999999999727
2006,293,2.88,1.2900000000000205
2006,294,1.06,-1.5499999999999545
2006,295,0.0,-3.2999999999999545
2006,296,0.0,1.5300000000000296
2006,297,0.0,4.53000000000003
2006,298,0.0,4.939999999999998
2006,299,27.83,1.2900000000000205
2006,300,2.9,-0.2599999999999909
2006,301,1.36,3.930000000000007
2006,302,0.29,4.810000000000002
2006,303,0.0,3.32000000000005
2006,304,0.0,0.28000000000002956
2006,305,0.0,-1.509999999999991
2006,306,0.0,-1.17999999999995
2006,307,0.0,2.160000000000025
2006,308,0.0,2.920000000000016
2006,309,0.0,1.4500000000000455
2006,310,0.0,2.0400000000000205
2006,311,0.0,6.2000000000000455
2006,312,0.0,8.430000000000007
2006,313,0.0,6.840000000000032
2006,314,0.0,-0.44999999999998863
2006,315,0.0,0.12000000000000455
2006,316,1.53,0.8500000000000227
2006,317,0.14,-2.7099999999999795
2006,318,0.03,-0.46999999999997044
2006,319,0.0,-3.839999999999975
2006,320,0.0,1.400000000000034
2006,321,0.0,1.8700000000000045
2006,322,0.0,1.7600000000000477
2006,323,0.0,0.3900000000000432
2006,324,0.0,3.180000000000007
2006,325,0.0,5.7000000000000455
2006,326,0.0,5.660000000000025
2006,327,0.0,5.390000000000043
2006,328,0.0,2.730000000000018
2006,329,0.0,2.2900000000000205
2006,330,0.0,1.170000000000016
2006,331,0.0,-0.21999999999997044
2006,332,0.0,-0.7299999999999613
2006,333,9.9,-7.67999999999995
2006,334,0.0,-14.20999999999998
2006,335,0.1,-6.21999999999997
2006,336,0.97,-10.549999999999955
2006,337,0.14,-11.269999999999982
2006,338,0.25,-4.1200000000000045
2006,339,0.22,-1.0699999999999932
2006,340,0.12,-3.069999999999993
2006,341,0.0,-3.7399999999999523
2006,342,0.0,1.1899999999999977
2006,343,0.0,2.920000000000016
2006,344,0.0,1.1000000000000227
2006,345,0.9,0.1400000000000432
2006,346,0.0,-0.75
2006,347,0.0,0.2300000000000182
2006,348,0.0,3.25
2006,349,0.0,4.110000000000014
2006,350,0.0,4.340000000000032
2006,351,0.0,0.6400000000000432
2006,352,0.0,-0.9499999999999886
2006,353,0.44,-1.6399999999999864
2006,354,27.59,-2.169999999999959
2006,355,8.32,-6.8799999999999955
2006,356,0.86,-4.529999999999973
2006,357,0.31,-6.039999999999964
2006,358,0.45,-4.099999999999966
2006,359,0.52,-7.810000000000002
2006,360,0.48,-0.7199999999999704
2006,361,0.91,-0.7899999999999636
2006,362,8.46,-2.2399999999999523
2006,363,12.01,-5.269999999999982
2006,364,0.71,-5.889999999999986
2006,365,0.01,-5.589999999999975
2007,1,0.0,-5.609999999999957
2007,2,0.22,-3.9699999999999704
2007,3,0.54,-0.9599999999999795
2007,4,1.42,0.8500000000000227
2007,5,1.85,-4.399999999999977
2007,6,0.38,-10.449999999999989
2007,7,0.0,-10.239999999999952
2007,8,0.23,-2.2799999999999727
2007,9,0.02,-1.6599999999999682
2007,10,0.0,-0.75
2007,11,0.04,-1.0699999999999932
2007,12,0.08,-4.2099999999999795
2007,13,1.24,-3.829999999999984
2007,14,0.41,-10.419999999999959
2007,15,0.0,-15.189999999999998
2007,16,0.13,-11.099999999999966
2007,17,0.0,-9.259999999999991
2007,18,0.0,-8.789999999999964
2007,19,0.0,-5.349999999999966
2007,20,0.85,-4.21999999999997
2007,21,2.84,-6.279999999999973
2007,22,0.0,-10.060000000000002
2007,23,0.07,-5.089999999999975
2007,24,0.0,-3.2399999999999523
2007,25,0.18,-1.8599999999999568
2007,26,0.0,-1.3799999999999955
2007,27,0.1,-7.419999999999959
2007,28,0.02,-8.70999999999998
2007,29,0.0,-6.019999999999982
2007,30,0.06,-9.069999999999993
2007,31,0.03,-8.339999999999975
2007,32,1.92,-12.870000000000005
2007,33,0.59,-15.669999999999959
2007,34,0.18,-9.879999999999995
2007,35,0.0,-3.3799999999999955
2007,36,0.0,-0.3499999999999659
2007,37,0.0,2.740000000000009
2007,38,0.0,2.1200000000000045
2007,39,0.0,0.32000000000005
2007,40,0.0,-1.67999999999995
2007,41,0.0,-1.7299999999999613
2007,42,0.0,-0.7099999999999795
2007,43,0.16,-0.5600000000000023
2007,44,0.55,-6.399999999999977
2007,45,0.67,-7.199999999999989
2007,46,0.29,-8.629999999999995
2007,47,0.18,-3.1299999999999955
2007,48,1.45,-4.71999999999997
2007,49,0.06,-2.5
2007,50,0.0,-0.3199999999999932
2007,51,0.0,-2.2899999999999636
2007,52,0.0,-1.3899999999999864
2007,53,0.0,-0.5799999999999841
2007,54,0.07,-0.060000000000002274
2007,55,0.0,-4.509999999999991
2007,56,0.02,-6.96999999999997
2007,57,0.02,-4.42999999999995
2007,58,0.0,-3.5499999999999545
2007,59,4.59,-3.7799999999999727
2007,60,0.02,-9.879999999999995
2007,61,0.02,-12.239999999999952
2007,62,0.0,-12.0
2007,63,0.69,-5.3700000000000045
2007,64,0.0,0.6899999999999977
2007,65,0.0,2.150000000000034
2007,66,0.04,2.160000000000025
2007,67,0.0,1.2900000000000205
2007,68,0.0,0.4700000000000273
2007,69,0.31,2.5600000000000023
2007,70,4.82,1.580000000000041
2007,71,0.0,3.5500000000000114
2007,72,0.0,4.730000000000018
2007,73,0.0,4.990000000000009
2007,74,0.0,2.8700000000000045
2007,75,0.0,2.0100000000000477
2007,76,0.0,5.4500000000000455
2007,77,0.0,6.1200000000000045
2007,78,0.0,6.180000000000007
2007,79,0.0,6.140000000000043
2007,80,0.0,5.7900000000000205
2007,81,0.0,5.480000000000018
2007,82,0.03,5.730000000000018
2007,83,9.39,4.470000000000027
2007,84,1.91,5.230000000000018
2007,85,0.0,6.180000000000007
2007,86,0.0,6.5
2007,87,0.54,5.930000000000007
2007,88,1.56,-2.9499999999999886
2007,89,0.61,-6.099999999999966
2007,90,0.62,-2.509999999999991
2007,91,0.0,0.660000000000025
2007,92,0.0,4.270000000000039
2007,93,0.0,3.7600000000000477
2007,94,0.0,6.07000000000005
2007,95,0.0,7.53000000000003
2007,96,0.33,3.9600000000000364
2007,97,0.52,-1.599999999999966
2007,98,1.85,1.1200000000000045
2007,99,0.42,6.330000000000041
2007,100,0.4,3.990000000000009
2007,101,0.0,-2.659999999999968
2007,102,1.75,-0.9499999999999886
2007,103,0.68,-1.9799999999999613
2007,104,0.1,-3.069999999999993
2007,105,0.0,3.150000000000034
2007,106,0.25,5.850000000000023
2007,107,10.85,3.5600000000000023
2007,108,0.27,3.7800000000000296
2007,109,0.0,4.170000000000016
2007,110,0.0,4.7000000000000455
2007,111,0.24,7.350000000000023
2007,112,1.93,4.330000000000041
2007,113,0.04,6.160000000000025
2007,114,23.8,3.900000000000034
2007,115,6.72,0.12999999999999545
2007,116,0.02,3.240000000000009
2007,117,0.73,4.9500000000000455
2007,118,0.0,8.080000000000041
2007,119,0.0,11.640000000000043
2007,120,0.07,11.930000000000007
2007,121,2.51,10.020000000000039
2007,122,0.09,8.580000000000041
2007,123,0.0,8.879999999999995
2007,124,0.04,7.270000000000039
2007,125,5.76,5.430000000000007
2007,126,2.53,2.5400000000000205
2007,127,18.51,1.75
2007,128,0.86,3.7100000000000364
2007,129,0.0,6.300000000000011
2007,130,0.0,9.340000000000032
2007,131,0.07,11.800000000000011
2007,132,0.0,13.020000000000039
2007,133,0.0,13.510000000000048
2007,134,0.55,12.910000000000025
2007,135,4.24,9.060000000000002
2007,136,0.48,9.379999999999995
2007,137,4.16,10.28000000000003
2007,138,0.64,11.360000000000014
2007,139,0.39,12.550000000000011
2007,140,1.9,13.03000000000003
2007,141,0.52,12.350000000000023
2007,142,1.95,10.350000000000023
2007,143,4.3,5.660000000000025
2007,144,9.81,4.580000000000041
2007,145,0.0,8.720000000000027
2007,146,0.17,11.110000000000014
2007,147,0.43,12.57000000000005
2007,148,0.1,14.129999999999995
2007,149,2.85,13.07000000000005
2007,150,0.53,7.840000000000032
2007,151,0.05,9.010000000000048
2007,152,0.0,10.110000000000014
2007,153,1.13,11.950000000000045
2007,154,2.57,12.400000000000034
2007,155,1.24,12.390000000000043
2007,156,0.72,14.160000000000025
2007,157,0.0,14.830000000000041
2007,158,0.11,7.230000000000018
2007,159,0.04,6.890000000000043
2007,160,0.0,13.350000000000023
2007,161,0.14,16.460000000000036
2007,162,0.09,17.230000000000018
2007,163,6.99,14.53000000000003
2007,164,2.29,11.439999999999998
2007,165,0.0,13.080000000000041
2007,166,0.0,16.57000000000005
2007,167,1.82,17.879999999999995
2007,168,0.0,18.670000000000016
2007,169,0.0,16.890000000000043
2007,170,0.0,16.510000000000048
2007,171,0.0,19.160000000000025
2007,172,0.0,20.200000000000045
2007,173,0.17,19.840000000000032
2007,174,0.08,17.77000000000004
2007,175,0.01,19.879999999999995
2007,176,5.32,20.920000000000016
2007,177,0.89,20.180000000000007
2007,178,1.22,16.810000000000002
2007,179,1.02,17.220000000000027
2007,180,0.79,17.950000000000045
2007,181,0.29,20.090000000000032
2007,182,0.0,20.390000000000043
2007,183,0.0,20.55000000000001
2007,184,0.3,21.33000000000004
2007,185,8.28,18.78000000000003
2007,186,1.71,17.640000000000043
2007,187,0.91,17.58000000000004
2007,188,3.83,18.99000000000001
2007,189,1.86,19.99000000000001
2007,190,0.16,18.49000000000001
2007,191,0.75,19.02000000000004
2007,192,5.18,18.879999999999995
2007,193,2.44,18.32000000000005
2007,194,0.15,16.700000000000045
2007,195,0.54,18.310000000000002
2007,196,0.57,19.230000000000018
2007,197,0.03,20.620000000000005
2007,198,0.25,21.850000000000023
2007,199,2.95,21.28000000000003
2007,200,0.97,20.30000000000001
2007,201,8.76,18.650000000000034
2007,202,3.93,19.670000000000016
2007,203,0.41,20.680000000000007
2007,204,0.01,20.460000000000036
2007,205,0.42,20.060000000000002
2007,206,2.01,20.30000000000001
2007,207,4.51,19.430000000000007
2007,208,3.77,18.200000000000045
2007,209,7.32,17.980000000000018
2007,210,2.81,17.79000000000002
2007,211,0.12,17.710000000000036
2007,212,0.47,18.950000000000045
2007,213,0.0,20.03000000000003
2007,214,0.31,18.010000000000048
2007,215,7.99,18.590000000000032
2007,216,6.22,19.879999999999995
2007,217,10.4,20.0
2007,218,12.62,18.850000000000023
2007,219,4.12,18.28000000000003
2007,220,1.49,17.450000000000045
2007,221,0.0,19.29000000000002
2007,222,0.0,20.460000000000036
2007,223,0.24,20.33000000000004
2007,224,0.79,20.27000000000004
2007,225,3.63,21.629999999999995
2007,226,1.49,21.83000000000004
2007,227,5.26,19.54000000000002
2007,228,0.19,18.730000000000018
2007,229,3.02,19.04000000000002
2007,230,7.01,19.25
2007,231,1.58,19.340000000000032
2007,232,1.39,19.689999999999998
2007,233,0.04,19.99000000000001
2007,234,1.11,20.850000000000023
2007,235,0.52,18.950000000000045
2007,236,1.92,15.710000000000036
2007,237,0.01,17.49000000000001
2007,238,0.01,19.950000000000045
2007,239,0.33,19.680000000000007
2007,240,2.69,16.02000000000004
2007,241,23.75,15.990000000000009
2007,242,1.78,16.560000000000002
2007,243,0.35,18.010000000000048
2007,244,0.53,18.610000000000014
2007,245,2.37,18.24000000000001
2007,246,0.31,18.32000000000005
2007,247,0.85,18.170000000000016
2007,248,1.45,18.27000000000004
2007,249,4.61,17.49000000000001
2007,250,0.0,15.54000000000002
2007,251,0.02,15.610000000000014
2007,252,1.53,14.450000000000045
2007,253,0.95,13.189999999999998
2007,254,0.27,13.110000000000014
2007,255,0.0,15.400000000000034
2007,256,0.1,15.75
2007,257,0.0,15.200000000000045
2007,258,0.0,16.55000000000001
2007,259,0.29,17.160000000000025
2007,260,1.7,15.350000000000023
2007,261,0.0,12.740000000000009
2007,262,0.0,13.180000000000007
2007,263,0.0,15.700000000000045
2007,264,0.0,15.960000000000036
2007,265,0.08,15.78000000000003
2007,266,0.0,16.5
2007,267,0.0,11.080000000000041
2007,268,0.0,7.680000000000007
2007,269,0.0,9.840000000000032
2007,270,0.0,10.760000000000048
2007,271,0.0,12.75
2007,272,0.0,13.980000000000018
2007,273,0.0,10.860000000000014
2007,274,0.0,13.150000000000034
2007,275,0.0,12.230000000000018
2007,276,0.0,11.730000000000018
2007,277,0.0,13.160000000000025
2007,278,0.0,14.550000000000011
2007,279,0.0,14.610000000000014
2007,280,0.0,7.650000000000034
2007,281,0.0,5.920000000000016
2007,282,0.0,11.160000000000025
2007,283,0.0,13.120000000000005
2007,284,0.0,13.230000000000018
2007,285,0.0,12.25
2007,286,0.41,11.25
2007,287,9.04,5.310000000000002
2007,288,1.02,3.8600000000000136
2007,289,0.0,6.220000000000027
2007,290,0.16,6.720000000000027
2007,291,0.02,1.990000000000009
2007,292,0.0,5.060000000000002
2007,293,0.0,9.860000000000014
2007,294,8.32,2.8799999999999955
2007,295,0.56,-4.819999999999993
2007,296,1.15,2.230000000000018
2007,297,0.0,4.680000000000007
2007,298,0.0,8.110000000000014
2007,299,0.0,7.270000000000039
2007,300,0.0,2.1000000000000227
2007,301,0.0,5.110000000000014
2007,302,0.0,5.710000000000036
2007,303,0.0,6.760000000000048
2007,304,0.17,3.420000000000016
2007,305,0.0,2.180000000000007
2007,306,0.0,1.7600000000000477
2007,307,0.06,2.0600000000000023
2007,308,0.1,4.550000000000011
2007,309,0.0,4.82000000000005
2007,310,0.0,3.8100000000000023
2007,311,0.0,4.689999999999998
2007,312,0.0,4.890000000000043
2007,313,0.0,5.050000000000011
2007,314,0.0,5.910000000000025
2007,315,0.0,5.230000000000018
2007,316,0.0,4.220000000000027
2007,317,0.0,4.939999999999998
2007,318,0.0,3.07000000000005
2007,319,0.0,1.2000000000000455
2007,320,0.08,4.939999999999998
2007,321,0.03,4.2000000000000455
2007,322,0.0,4.580000000000041
2007,323,0.0,6.640000000000043
2007,324,0.0,5.75
2007,325,0.0,-6.069999999999993
2007,326,0.0,-9.199999999999989
2007,327,0.0,-7.029999999999973
2007,328,2.26,-8.25
2007,329,0.21,-2.069999999999993
2007,330,0.08,-1.599999999999966
2007,331,0.45,-1.1299999999999955
2007,332,0.21,-2.9899999999999523
2007,333,0.58,-5.089999999999975
2007,334,0.0,-1.1999999999999886
2007,335,0.0,3.9500000000000455
2007,336,0.0,-2.519999999999982
2007,337,0.0,-0.7099999999999795
2007,338,0.0,5.310000000000002
2007,339,0.0,2.8700000000000045
2007,340,0.77,1.3700000000000045
2007,341,1.84,1.4700000000000273
2007,342,0.36,1.57000000000005
2007,343,0.26,-6.46999999999997
2007,344,0.27,-4.789999999999964
2007,345,2.1,-6.509999999999991
2007,346,3.17,-7.060000000000002
2007,347,2.02,-5.839999999999975
2007,348,3.26,-7.529999999999973
2007,349,0.22,-13.479999999999961
2007,350,0.24,-7.3700000000000045
2007,351,0.06,-3.7899999999999636
2007,352,0.72,-4.519999999999982
2007,353,0.0,-2.8899999999999864
2007,354,0.05,-2.859999999999957
2007,355,0.0,-2.2399999999999523
2007,356,0.0,-11.069999999999993
2007,357,0.0,-7.229999999999961
2007,358,0.24,-6.919999999999959
2007,359,2.26,-3.8999999999999773
2007,360,0.06,-11.70999999999998
2007,361,0.0,-10.989999999999952
2007,362,1.51,-15.519999999999982
2007,363,1.53,-13.699999999999989
2007,364,0.0,-10.449999999999989
2007,365,1.38,-10.509999999999991
2008,1,0.0,-15.389999999999986
2008,2,0.12,-5.989999999999952
2008,3,0.0,-0.03999999999996362
2008,4,0.0,-0.3199999999999932
2008,5,0.0,0.2400000000000091
2008,6,0.86,-1.0399999999999636
2008,7,0.39,-5.42999999999995
2008,8,6.36,-8.129999999999995
2008,9,1.28,-4.639999999999986
2008,10,0.16,-7.1200000000000045
2008,11,0.28,-5.46999999999997
2008,12,0.0,-8.329999999999984
2008,13,0.0,-9.560000000000002
2008,14,0.0,-8.419999999999959
2008,15,0.66,-3.1999999999999886
2008,16,0.02,-10.560000000000002
2008,17,0.02,-16.789999999999964
2008,18,0.0,-12.21999999999997
2008,19,0.16,-12.319999999999993
2008,20,0.1,-7.109999999999957
2008,21,0.0,-6.609999999999957
2008,22,0.02,-8.569999999999993
2008,23,0.0,-8.560000000000002
2008,24,0.0,-7.579999999999984
2008,25,0.0,-4.769999999999982
2008,26,0.0,-5.279999999999973
2008,27,0.0,-2.2299999999999613
2008,28,0.0,0.9500000000000455
2008,29,0.2,-8.659999999999968
2008,30,0.0,-9.339999999999975
2008,31,1.08,-12.799999999999955
2008,32,0.0,-5.349999999999966
2008,33,0.0,-8.810000000000002
2008,34,0.05,-8.060000000000002
2008,35,0.0,-4.92999999999995
2008,36,3.79,-9.319999999999993
2008,37,0.65,-9.849999999999966
2008,38,0.11,-10.109999999999957
2008,39,0.52,-5.6299999999999955
2008,40,0.34,-5.509999999999991
2008,41,0.0,-2.0499999999999545
2008,42,0.0,-1.8599999999999568
2008,43,0.06,-5.239999999999952
2008,44,0.0,-2.099999999999966
2008,45,1.84,-2.6399999999999864
2008,46,0.63,-3.7199999999999704
2008,47,0.0,-2.599999999999966
2008,48,0.7,-6.949999999999989
2008,49,0.2,-9.120000000000005
2008,50,0.0,-4.109999999999957
2008,51,0.0,-1.42999999999995
2008,52,0.0,-2.5399999999999636
2008,53,0.67,-3.4399999999999977
2008,54,2.15,-2.2899999999999636
2008,55,0.08,-0.92999999999995
2008,56,0.62,-0.2599999999999909
2008,57,1.63,-4.239999999999952
2008,58,0.0,-1.9099999999999682
2008,59,0.0,1.170000000000016
2008,60,0.0,0.3900000000000432
2008,61,0.0,3.430000000000007
2008,62,0.93,1.4500000000000455
2008,63,1.0,-8.849999999999966
2008,64,0.77,-3.7099999999999795
2008,65,1.08,-7.3799999999999955
2008,66,0.16,-9.669999999999959
2008,67,0.68,-7.329999999999984
2008,68,0.09,-3.2999999999999545
2008,69,1.12,-2.0
2008,70,0.0,-2.25
2008,71,0.0,0.0
2008,72,0.0,1.660000000000025
2008,73,0.0,-0.0999999999999659
2008,74,4.81,-0.08999999999997499
2008,75,0.16,-3.3799999999999955
2008,76,0.52,-1.6099999999999568
2008,77,7.08,-2.079999999999984
2008,78,0.39,-4.409999999999968
2008,79,0.0,-2.3799999999999955
2008,80,0.0,1.7300000000000182
2008,81,0.0,0.5600000000000023
2008,82,0.0,-1.5
2008,83,0.16,-3.0399999999999636
2008,84,0.0,1.2600000000000477
2008,85,0.0,3.900000000000034
2008,86,0.0,5.0
2008,87,0.0,3.990000000000009
2008,88,0.04,1.0600000000000023
2008,89,0.0,3.680000000000007
2008,90,0.0,3.9500000000000455
2008,91,1.4,2.9399999999999977
2008,92,0.0,-1.7999999999999545
2008,93,0.0,2.0100000000000477
2008,94,0.11,2.2900000000000205
2008,95,1.01,0.5
2008,96,0.0,3.1299999999999955
2008,97,0.0,1.650000000000034
2008,98,2.8,2.4600000000000364
2008,99,0.0,0.35000000000002274
2008,100,0.03,3.6200000000000045
2008,101,6.17,1.07000000000005
2008,102,0.73,-3.67999999999995
2008,103,1.74,-5.089999999999975
2008,104,0.0,-1.5299999999999727
2008,105,0.0,4.020000000000039
2008,106,0.0,7.510000000000048
2008,107,0.85,5.390000000000043
2008,108,13.17,-2.5299999999999727
2008,109,1.19,-0.8100000000000023
2008,110,0.0,5.410000000000025
2008,111,0.0,7.5400000000000205
2008,112,0.0,4.689999999999998
2008,113,0.0,4.100000000000023
2008,114,0.11,8.200000000000045
2008,115,0.0,7.75
2008,116,0.0,1.2700000000000387
2008,117,0.0,-0.08999999999997499
2008,118,0.0,-0.7199999999999704
2008,119,0.0,4.420000000000016
2008,120,0.0,8.240000000000009
2008,121,0.0,9.760000000000048
2008,122,3.24,4.580000000000041
2008,123,0.65,-2.2399999999999523
2008,124,0.0,-0.4399999999999977
2008,125,0.0,4.1299999999999955
2008,126,0.0,8.450000000000045
2008,127,0.0,10.379999999999995
2008,128,1.19,8.53000000000003
2008,129,0.3,7.930000000000007
2008,130,0.0,5.930000000000007
2008,131,1.47,5.510000000000048
2008,132,0.0,4.400000000000034
2008,133,0.0,9.879999999999995
2008,134,7.79,4.28000000000003
2008,135,0.6,4.140000000000043
2008,136,10.38,4.7900000000000205
2008,137,0.0,4.850000000000023
2008,138,0.07,9.610000000000014
2008,139,0.0,11.900000000000034
2008,140,0.0,14.04000000000002
2008,141,0.0,14.82000000000005
2008,142,0.0,15.100000000000023
2008,143,0.28,11.830000000000041
2008,144,0.12,7.0400000000000205
2008,145,0.03,6.210000000000036
2008,146,0.0,8.670000000000016
2008,147,1.46,11.480000000000018
2008,148,0.33,8.629999999999995
2008,149,0.0,10.939999999999998
2008,150,0.0,13.860000000000014
2008,151,0.0,11.230000000000018
2008,152,0.0,12.700000000000045
2008,153,0.0,14.710000000000036
2008,154,0.0,16.49000000000001
2008,155,0.0,14.879999999999995
2008,156,0.0,13.439999999999998
2008,157,11.66,9.910000000000025
2008,158,0.05,9.680000000000007
2008,159,0.0,14.450000000000045
2008,160,0.0,11.700000000000045
2008,161,0.01,9.439999999999998
2008,162,0.0,13.550000000000011
2008,163,0.0,14.29000000000002
2008,164,0.0,8.090000000000032
2008,165,0.0,9.57000000000005
2008,166,0.0,14.340000000000032
2008,167,0.0,17.07000000000005
2008,168,0.0,17.629999999999995
2008,169,0.0,17.340000000000032
2008,170,0.16,18.74000000000001
2008,171,0.0,16.860000000000014
2008,172,0.38,15.900000000000034
2008,173,0.03,15.439999999999998
2008,174,0.02,17.52000000000004
2008,175,1.74,17.689999999999998
2008,176,0.51,17.02000000000004
2008,177,0.03,18.83000000000004
2008,178,0.02,19.260000000000048
2008,179,0.08,18.260000000000048
2008,180,0.13,17.200000000000045
2008,181,0.14,15.970000000000027
2008,182,0.0,17.680000000000007
2008,183,0.0,19.08000000000004
2008,184,0.01,18.5
2008,185,0.26,18.100000000000023
2008,186,0.67,18.900000000000034
2008,187,0.42,20.720000000000027
2008,188,2.2,19.80000000000001
2008,189,0.25,16.49000000000001
2008,190,2.87,15.520000000000039
2008,191,0.32,16.82000000000005
2008,192,0.08,19.07000000000005
2008,193,0.0,20.74000000000001
2008,194,0.0,17.660000000000025
2008,195,0.0,17.0
2008,196,1.07,19.07000000000005
2008,197,0.0,19.590000000000032
2008,198,0.0,20.52000000000004
2008,199,0.69,20.200000000000045
2008,200,0.06,17.960000000000036
2008,201,0.85,19.27000000000004
2008,202,2.81,21.120000000000005
2008,203,0.0,20.720000000000027
2008,204,0.0,21.220000000000027
2008,205,1.86,21.090000000000032
2008,206,1.47,20.360000000000014
2008,207,3.56,20.470000000000027
2008,208,0.03,19.660000000000025
2008,209,0.0,20.120000000000005
2008,210,0.26,20.33000000000004
2008,211,0.0,18.879999999999995
2008,212,0.0,19.650000000000034
2008,213,0.0,20.810000000000002
2008,214,0.0,21.840000000000032
2008,215,0.14,22.350000000000023
2008,216,0.14,22.05000000000001
2008,217,0.83,20.02000000000004
2008,218,7.13,19.810000000000002
2008,219,0.18,17.910000000000025
2008,220,4.63,16.210000000000036
2008,221,2.33,16.33000000000004
2008,222,1.68,18.430000000000007
2008,223,7.73,17.27000000000004
2008,224,5.11,16.439999999999998
2008,225,0.09,18.02000000000004
2008,226,1.28,18.340000000000032
2008,227,1.14,16.850000000000023
2008,228,13.39,12.640000000000043
2008,229,24.73,9.710000000000036
2008,230,5.31,10.590000000000032
2008,231,0.0,12.520000000000039
2008,232,0.0,14.330000000000041
2008,233,0.65,17.160000000000025
2008,234,0.04,18.28000000000003
2008,235,0.03,19.82000000000005
2008,236,7.3,17.28000000000003
2008,237,0.44,18.640000000000043
2008,238,4.3,18.54000000000002
2008,239,0.09,18.220000000000027
2008,240,0.03,18.939999999999998
2008,241,0.0,18.07000000000005
2008,242,0.1,16.629999999999995
2008,243,0.11,17.900000000000034
2008,244,0.32,17.970000000000027
2008,245,0.28,16.379999999999995
2008,246,0.0,14.550000000000011
2008,247,0.0,11.510000000000048
2008,248,0.0,13.270000000000039
2008,249,0.0,12.740000000000009
2008,250,0.0,11.980000000000018
2008,251,0.25,13.120000000000005
2008,252,0.0,13.200000000000045
2008,253,0.0,13.78000000000003
2008,254,0.25,14.629999999999995
2008,255,0.16,12.720000000000027
2008,256,24.27,10.900000000000034
2008,257,0.0,10.830000000000041
2008,258,0.0,11.57000000000005
2008,259,0.0,11.57000000000005
2008,260,0.0,13.310000000000002
2008,261,0.0,14.710000000000036
2008,262,0.55,13.890000000000043
2008,263,1.16,12.960000000000036
2008,264,2.87,12.629999999999995
2008,265,0.5,14.54000000000002
2008,266,0.0,14.960000000000036
2008,267,0.0,13.580000000000041
2008,268,0.0,13.310000000000002
2008,269,0.0,15.230000000000018
2008,270,0.0,16.410000000000025
2008,271,4.26,15.140000000000043
2008,272,0.07,14.510000000000048
2008,273,0.0,14.150000000000034
2008,274,0.0,14.260000000000048
2008,275,0.0,14.129999999999995
2008,276,0.41,13.490000000000009
2008,277,0.0,12.939999999999998
2008,278,0.0,12.400000000000034
2008,279,0.04,11.080000000000041
2008,280,2.99,7.75
2008,281,0.0,7.510000000000048
2008,282,0.0,11.25
2008,283,0.0,12.03000000000003
2008,284,0.0,10.490000000000009
2008,285,1.54,8.129999999999995
2008,286,2.71,8.5
2008,287,0.1,2.7700000000000387
2008,288,0.0,4.5400000000000205
2008,289,0.0,5.980000000000018
2008,290,0.0,7.460000000000036
2008,291,0.0,8.730000000000018
2008,292,0.0,11.220000000000027
2008,293,0.0,10.78000000000003
2008,294,0.26,8.360000000000014
2008,295,1.28,7.660000000000025
2008,296,4.76,0.0
2008,297,1.1,-2.349999999999966
2008,298,0.41,3.430000000000007
2008,299,0.28,5.8799999999999955
2008,300,0.0,8.0
2008,301,0.0,6.32000000000005
2008,302,0.0,8.439999999999998
2008,303,0.0,8.640000000000043
2008,304,0.0,8.620000000000005
2008,305,0.0,8.840000000000032
2008,306,0.0,9.390000000000043
2008,307,0.0,9.390000000000043
2008,308,0.0,8.79000000000002
2008,309,0.0,7.170000000000016
2008,310,0.3,1.8500000000000227
2008,311,0.0,-3.519999999999982
2008,312,0.0,-1.6999999999999886
2008,313,0.0,1.82000000000005
2008,314,0.0,2.6200000000000045
2008,315,0.04,2.7900000000000205
2008,316,0.0,0.9900000000000091
2008,317,0.0,0.07000000000005002
2008,318,0.0,4.240000000000009
2008,319,0.11,0.7700000000000387
2008,320,0.18,-5.279999999999973
2008,321,0.0,2.340000000000032
2008,322,0.0,4.150000000000034
2008,323,0.0,5.470000000000027
2008,324,0.0,5.03000000000003
2008,325,0.0,-0.9399999999999977
2008,326,0.0,0.6299999999999955
2008,327,0.0,2.4600000000000364
2008,328,0.0,3.0200000000000387
2008,329,0.0,1.080000000000041
2008,330,0.0,4.4500000000000455
2008,331,0.0,4.110000000000014
2008,332,0.11,3.980000000000018
2008,333,0.96,0.410000000000025
2008,334,1.02,-3.6899999999999977
2008,335,0.34,-3.2899999999999636
2008,336,1.6,-2.519999999999982
2008,337,0.37,2.1100000000000136
2008,338,0.0,-2.069999999999993
2008,339,0.14,-7.489999999999952
2008,340,0.12,-7.239999999999952
2008,341,0.12,0.7900000000000205
2008,342,0.0,3.650000000000034
2008,343,0.36,1.9399999999999977
2008,344,1.91,-6.819999999999993
2008,345,0.73,-4.079999999999984
2008,346,0.6,-2.019999999999982
2008,347,0.0,-2.509999999999991
2008,348,0.17,-0.45999999999997954
2008,349,0.84,-5.0
2008,350,0.0,-13.71999999999997
2008,351,0.0,-7.92999999999995
2008,352,0.0,-6.479999999999961
2008,353,0.58,-2.7899999999999636
2008,354,0.0,-5.069999999999993
2008,355,0.2,-8.71999999999997
2008,356,0.0,-12.299999999999955
2008,357,0.0,-4.289999999999964
2008,358,0.0,-5.439999999999998
2008,359,0.0,-10.919999999999959
2008,360,0.0,-5.21999999999997
2008,361,0.73,-1.8999999999999773
2008,362,0.0,-11.75
2008,363,0.0,-5.1299999999999955
2008,364,0.0,-0.8499999999999659
2008,365,0.0,1.420000000000016
2008,366,0.0,-1.2999999999999545
2009,1,0.0,-0.3599999999999568
2009,2,0.0,0.3100000000000023
2009,3,0.0,-0.12000000000000455
2009,4,0.5,-9.92999999999995
2009,5,0.13,-9.149999999999977
2009,6,0.11,-7.909999999999968
2009,7,0.0,-3.7299999999999613
2009,8,0.0,0.5100000000000477
2009,9,0.14,-0.3299999999999841
2009,10,0.39,-6.289999999999964
2009,11,0.09,-6.339999999999975
2009,12,1.32,-5.079999999999984
2009,13,1.7,-5.289999999999964
2009,14,0.06,-3.4399999999999977
2009,15,0.05,-4.0499999999999545
2009,16,0.0,-2.5299999999999727
2009,17,0.0,-0.47999999999996135
2009,18,0.0,-1.2399999999999523
2009,19,0.0,0.9399999999999977
2009,20,0.11,0.8400000000000318
2009,21,0.0,2.7200000000000273
2009,22,0.0,2.9600000000000364
2009,23,0.05,2.8000000000000114
2009,24,0.41,-0.25
2009,25,0.0,-0.16999999999995907
2009,26,0.54,-3.579999999999984
2009,27,0.59,-10.729999999999961
2009,28,0.0,-8.75
2009,29,0.0,-6.769999999999982
2009,30,0.0,-1.599999999999966
2009,31,0.0,0.8500000000000227
2009,32,0.0,-0.8499999999999659
2009,33,0.0,-1.7899999999999636
2009,34,0.0,-0.5399999999999636
2009,35,0.0,0.3900000000000432
2009,36,0.0,2.2100000000000364
2009,37,0.0,2.3100000000000023
2009,38,0.0,0.6400000000000432
2009,39,0.01,1.5300000000000296
2009,40,0.42,-1.1299999999999955
2009,41,0.0,-3.5399999999999636
2009,42,0.14,-6.609999999999957
2009,43,0.0,-6.409999999999968
2009,44,1.09,-5.979999999999961
2009,45,0.03,-6.489999999999952
2009,46,0.04,-7.729999999999961
2009,47,0.0,-2.6399999999999864
2009,48,0.0,-1.3999999999999773
2009,49,0.0,-4.229999999999961
2009,50,0.0,-4.949999999999989
2009,51,0.0,-2.92999999999995
2009,52,0.0,-3.079999999999984
2009,53,0.0,1.32000000000005
2009,54,0.0,3.640000000000043
2009,55,0.0,4.78000000000003
2009,56,0.0,3.7700000000000387
2009,57,0.0,3.0600000000000023
2009,58,0.0,0.5400000000000205
2009,59,0.0,-3.7099999999999795
2009,60,0.0,1.2800000000000296
2009,61,0.0,5.970000000000027
2009,62,0.0,6.5400000000000205
2009,63,0.0,5.970000000000027
2009,64,0.0,4.230000000000018
2009,65,0.0,1.7800000000000296
2009,66,0.66,0.4600000000000364
2009,67,0.0,-1.079999999999984
2009,68,0.0,2.0600000000000023
2009,69,0.24,-1.2999999999999545
2009,70,0.0,-1.5
2009,71,0.0,1.5400000000000205
2009,72,0.39,-1.1099999999999568
2009,73,0.0,-0.6599999999999682
2009,74,0.0,2.0300000000000296
2009,75,0.0,3.090000000000032
2009,76,0.0,5.670000000000016
2009,77,0.0,5.680000000000007
2009,78,0.0,5.590000000000032
2009,79,0.0,7.32000000000005
2009,80,0.0,7.930000000000007
2009,81,0.0,8.54000000000002
2009,82,0.7,4.0400000000000205
2009,83,0.0,-0.08999999999997499
2009,84,1.13,-0.6499999999999773
2009,85,14.75,-2.3799999999999955
2009,86,2.42,-10.359999999999957
2009,87,0.86,-4.739999999999952
2009,88,0.0,-1.0399999999999636
2009,89,0.12,-1.829999999999984
2009,90,0.0,-8.019999999999982
2009,91,2.74,-4.810000000000002
2009,92,3.71,-5.2999999999999545
2009,93,0.48,0.3300000000000409
2009,94,1.54,-0.92999999999995
2009,95,0.82,-8.259999999999991
2009,96,0.17,-5.859999999999957
2009,97,0.0,0.75
2009,98,0.0,3.3000000000000114
2009,99,0.0,2.180000000000007
2009,100,0.0,0.5500000000000114
2009,101,0.0,4.170000000000016
2009,102,6.17,2.0500000000000114
2009,103,0.89,1.910000000000025
2009,104,0.0,5.0
2009,105,0.0,7.1299999999999955
2009,106,4.47,4.8799999999999955
2009,107,17.3,1.420000000000016
2009,108,10.8,-0.8499999999999659
2009,109,2.9,0.08000000000004093
2009,110,0.0,4.5400000000000205
2009,111,0.0,7.330000000000041
2009,112,0.0,8.480000000000018
2009,113,0.0,9.379999999999995
2009,114,0.0,10.090000000000032
2009,115,0.0,8.189999999999998
2009,116,0.29,5.860000000000014
2009,117,6.2,0.9399999999999977
2009,118,0.55,5.860000000000014
2009,119,0.0,10.160000000000025
2009,120,0.0,9.75
2009,121,0.0,9.650000000000034
2009,122,2.29,9.590000000000032
2009,123,2.94,7.640000000000043
2009,124,0.39,8.490000000000009
2009,125,0.0,9.29000000000002
2009,126,0.0,10.379999999999995
2009,127,0.0,13.450000000000045
2009,128,0.0,11.460000000000036
2009,129,0.0,8.210000000000036
2009,130,0.34,10.240000000000009
2009,131,0.04,9.930000000000007
2009,132,0.0,13.740000000000009
2009,133,0.0,13.010000000000048
2009,134,0.0,10.720000000000027
2009,135,0.0,12.520000000000039
2009,136,2.96,9.760000000000048
2009,137,0.0,12.460000000000036
2009,138,0.0,15.700000000000045
2009,139,0.08,18.29000000000002
2009,140,1.17,16.230000000000018
2009,141,6.01,13.990000000000009
2009,142,6.41,11.0
2009,143,4.75,10.800000000000011
2009,144,5.62,11.680000000000007
2009,145,3.42,11.210000000000036
2009,146,9.75,8.75
2009,147,1.09,8.730000000000018
2009,148,0.21,11.830000000000041
2009,149,0.37,13.170000000000016
2009,150,3.54,13.920000000000016
2009,151,6.72,13.300000000000011
2009,152,7.96,12.670000000000016
2009,153,12.0,9.730000000000018
2009,154,3.32,9.010000000000048
2009,155,1.51,13.100000000000023
2009,156,0.0,15.400000000000034
2009,157,0.0,14.04000000000002
2009,158,0.0,12.25
2009,159,0.06,10.53000000000003
2009,160,0.13,12.420000000000016
2009,161,0.72,11.110000000000014
2009,162,1.75,11.010000000000048
2009,163,1.26,11.810000000000002
2009,164,0.7,14.120000000000005
2009,165,1.07,14.629999999999995
2009,166,0.89,13.400000000000034
2009,167,0.32,13.580000000000041
2009,168,0.0,16.110000000000014
2009,169,0.43,15.090000000000032
2009,170,0.8,14.590000000000032
2009,171,0.2,14.710000000000036
2009,172,0.48,14.189999999999998
2009,173,0.0,16.55000000000001
2009,174,2.08,18.939999999999998
2009,175,2.41,18.450000000000045
2009,176,8.43,19.0
2009,177,15.75,18.170000000000016
2009,178,1.74,15.930000000000007
2009,179,2.83,17.29000000000002
2009,180,1.61,17.660000000000025
2009,181,0.95,18.04000000000002
2009,182,0.11,18.660000000000025
2009,183,5.41,18.610000000000014
2009,184,9.1,18.05000000000001
2009,185,4.44,16.920000000000016
2009,186,6.44,15.28000000000003
2009,187,3.22,16.53000000000003
2009,188,0.26,18.150000000000034
2009,189,0.0,18.32000000000005
2009,190,0.0,19.350000000000023
2009,191,1.65,20.05000000000001
2009,192,2.65,21.160000000000025
2009,193,3.01,20.49000000000001
2009,194,3.91,19.99000000000001
2009,195,1.49,20.140000000000043
2009,196,0.0,19.33000000000004
2009,197,0.0,18.54000000000002
2009,198,0.0,18.220000000000027
2009,199,0.0,18.170000000000016
2009,200,0.59,19.25
2009,201,1.66,19.79000000000002
2009,202,11.47,17.120000000000005
2009,203,11.02,17.83000000000004
2009,204,0.75,18.870000000000005
2009,205,0.0,20.28000000000003
2009,206,2.44,19.910000000000025
2009,207,6.1,16.52000000000004
2009,208,4.39,16.730000000000018
2009,209,3.11,17.110000000000014
2009,210,5.58,15.980000000000018
2009,211,9.39,12.210000000000036
2009,212,4.42,15.410000000000025
2009,213,1.64,15.5
2009,214,0.31,17.879999999999995
2009,215,0.58,19.640000000000043
2009,216,0.48,19.5
2009,217,2.08,20.680000000000007
2009,218,4.97,20.25
2009,219,2.14,19.220000000000027
2009,220,0.0,17.230000000000018
2009,221,0.36,15.470000000000027
2009,222,0.67,16.220000000000027
2009,223,0.26,17.08000000000004
2009,224,0.0,18.510000000000048
2009,225,0.4,19.79000000000002
2009,226,1.11,18.230000000000018
2009,227,0.87,15.680000000000007
2009,228,0.13,15.350000000000023
2009,229,0.98,14.560000000000002
2009,230,1.77,15.29000000000002
2009,231,0.33,15.300000000000011
2009,232,0.0,14.950000000000045
2009,233,0.0,17.120000000000005
2009,234,0.11,19.410000000000025
2009,235,0.19,20.80000000000001
2009,236,0.26,18.960000000000036
2009,237,2.7,16.010000000000048
2009,238,4.57,15.680000000000007
2009,239,0.64,16.02000000000004
2009,240,0.13,16.610000000000014
2009,241,0.22,16.79000000000002
2009,242,1.42,16.07000000000005
2009,243,1.37,16.660000000000025
2009,244,0.11,18.189999999999998
2009,245,0.12,18.470000000000027
2009,246,0.0,17.310000000000002
2009,247,0.0,16.920000000000016
2009,248,0.44,16.510000000000048
2009,249,0.93,16.120000000000005
2009,250,0.96,15.810000000000002
2009,251,0.99,17.980000000000018
2009,252,1.04,16.55000000000001
2009,253,1.7,17.140000000000043
2009,254,0.12,15.879999999999995
2009,255,5.36,11.150000000000034
2009,256,9.08,12.5
2009,257,2.22,15.450000000000045
2009,258,2.72,15.689999999999998
2009,259,2.51,13.480000000000018
2009,260,1.22,12.390000000000043
2009,261,0.0,13.150000000000034
2009,262,0.0,13.04000000000002
2009,263,0.25,14.439999999999998
2009,264,3.5,8.110000000000014
2009,265,5.2,2.740000000000009
2009,266,6.48,4.160000000000025
2009,267,0.71,5.580000000000041
2009,268,0.16,7.8700000000000045
2009,269,0.0,12.100000000000023
2009,270,0.0,15.629999999999995
2009,271,0.0,12.510000000000048
2009,272,0.0,14.730000000000018
2009,273,0.0,14.740000000000009
2009,274,0.0,5.0
2009,275,0.0,3.090000000000032
2009,276,0.0,6.610000000000014
2009,277,0.0,8.920000000000016
2009,278,0.52,8.650000000000034
2009,279,0.43,5.140000000000043
2009,280,0.18,7.78000000000003
2009,281,0.01,6.390000000000043
2009,282,1.22,3.5400000000000205
2009,283,0.53,2.920000000000016
2009,284,0.0,4.140000000000043
2009,285,0.0,7.5400000000000205
2009,286,0.0,8.07000000000005
2009,287,0.04,9.710000000000036
2009,288,0.0,8.680000000000007
2009,289,0.0,6.910000000000025
2009,290,0.0,6.990000000000009
2009,291,0.0,11.689999999999998
2009,292,0.0,12.210000000000036
2009,293,0.0,10.629999999999995
2009,294,9.6,2.7700000000000387
2009,295,6.31,-2.159999999999968
2009,296,1.69,1.650000000000034
2009,297,0.0,4.930000000000007
2009,298,0.72,2.2700000000000387
2009,299,5.86,-4.810000000000002
2009,300,0.23,0.8700000000000045
2009,301,14.23,-2.4799999999999613
2009,302,3.11,-7.669999999999959
2009,303,1.1,-6.539999999999964
2009,304,0.83,1.1400000000000432
2009,305,0.0,2.980000000000018
2009,306,0.0,2.1299999999999955
2009,307,0.0,5.230000000000018
2009,308,0.0,7.150000000000034
2009,309,0.0,9.080000000000041
2009,310,0.0,8.660000000000025
2009,311,0.0,8.410000000000025
2009,312,0.0,7.490000000000009
2009,313,0.0,4.480000000000018
2009,314,0.0,5.720000000000027
2009,315,0.0,7.07000000000005
2009,316,0.0,7.590000000000032
2009,317,0.0,5.5
2009,318,3.2,1.1299999999999955
2009,319,14.59,-4.839999999999975
2009,320,0.6,-8.329999999999984
2009,321,0.74,-1.2899999999999636
2009,322,0.34,0.8900000000000432
2009,323,0.0,-0.6099999999999568
2009,324,0.0,-2.17999999999995
2009,325,0.0,0.6700000000000159
2009,326,0.0,-1.1099999999999568
2009,327,0.0,-3.2799999999999727
2009,328,0.0,-6.729999999999961
2009,329,0.02,-1.579999999999984
2009,330,0.0,1.1100000000000136
2009,331,0.0,2.1000000000000227
2009,332,0.0,1.1800000000000068
2009,333,0.0,-3.25
2009,334,0.0,-1.5499999999999545
2009,335,0.0,0.9800000000000182
2009,336,1.48,-6.96999999999997
2009,337,0.0,-14.279999999999973
2009,338,0.0,-15.839999999999975
2009,339,0.0,-7.479999999999961
2009,340,1.97,-12.109999999999957
2009,341,1.53,-13.659999999999968
2009,342,0.36,-8.229999999999961
2009,343,0.0,-16.44999999999999
2009,344,0.8,-14.46999999999997
2009,345,0.0,-9.349999999999966
2009,346,0.0,-5.3700000000000045
2009,347,0.12,-2.919999999999959
2009,348,0.0,-4.479999999999961
2009,349,0.0,-5.699999999999989
2009,350,0.0,0.25
2009,351,0.0,-0.12000000000000455
2009,352,0.0,-4.069999999999993
2009,353,0.0,-5.75
2009,354,0.0,-1.349999999999966
2009,355,0.0,-0.08999999999997499
2009,356,0.0,-0.7799999999999727
2009,357,5.25,-3.5299999999999727
2009,358,0.0,-11.21999999999997
2009,359,0.0,-13.92999999999995
2009,360,0.04,-11.689999999999998
2009,361,0.0,-8.399999999999977
2009,362,0.0,-8.729999999999961
2009,363,0.0,-5.409999999999968
2009,364,0.0,-6.739999999999952
2009,365,0.0,-10.45999999999998
2010,1,0.0,-6.5499999999999545
2010,2,0.0,-2.9599999999999795
2010,3,0.08,-6.8799999999999955
2010,4,0.0,-8.099999999999966
2010,5,0.0,-4.8700000000000045
2010,6,0.0,-3.5399999999999636
2010,7,0.66,-15.609999999999957
2010,8,0.0,-12.859999999999957
2010,9,0.0,-5.269999999999982
2010,10,0.0,-3.599999999999966
2010,11,0.0,-3.2399999999999523
2010,12,0.0,-0.5699999999999932
2010,13,0.0,-0.5799999999999841
2010,14,0.0,-1.4799999999999613
2010,15,0.0,-2.3899999999999864
2010,16,0.0,-1.7899999999999636
2010,17,0.0,0.6500000000000341
2010,18,0.0,-0.589999999999975
2010,19,0.0,-1.6299999999999955
2010,20,0.0,-4.5
2010,21,0.0,-4.789999999999964
2010,22,0.16,0.12000000000000455
2010,23,0.0,-4.919999999999959
2010,24,0.0,-7.67999999999995
2010,25,0.0,-8.859999999999957
2010,26,0.0,-5.96999999999997
2010,27,0.35,-3.9399999999999977
2010,28,0.59,-4.109999999999957
2010,29,0.0,-6.279999999999973
2010,30,0.04,-5.689999999999998
2010,31,0.44,-3.019999999999982
2010,32,0.0,-6.8799999999999955
2010,33,0.0,-7.42999999999995
2010,34,0.26,-3.1999999999999886
2010,35,1.35,-2.329999999999984
2010,36,0.0,-5.5499999999999545
2010,37,0.0,-4.329999999999984
2010,38,1.18,-5.2999999999999545
2010,39,1.72,-6.7099999999999795
2010,40,1.12,-11.96999999999997
2010,41,0.34,-7.729999999999961
2010,42,0.05,-7.25
2010,43,0.05,-7.109999999999957
2010,44,0.28,-4.7099999999999795
2010,45,0.42,-7.810000000000002
2010,46,0.13,-11.579999999999984
2010,47,0.0,-8.449999999999989
2010,48,0.44,-5.6299999999999955
2010,49,0.82,-2.9699999999999704
2010,50,0.99,-6.0499999999999545
2010,51,0.83,-4.779999999999973
2010,52,1.74,-8.120000000000005
2010,53,1.42,-10.310000000000002
2010,54,0.47,-10.379999999999995
2010,55,0.34,-4.96999999999997
2010,56,2.08,-2.25
2010,57,2.86,-5.6200000000000045
2010,58,0.27,-4.529999999999973
2010,59,0.64,-0.6099999999999568
2010,60,0.88,-4.169999999999959
2010,61,0.13,-3.839999999999975
2010,62,0.0,-0.9199999999999591
2010,63,0.1,0.7100000000000364
2010,64,0.17,-0.3499999999999659
2010,65,0.13,-1.0499999999999545
2010,66,0.35,1.2200000000000273
2010,67,1.36,2.4399999999999977
2010,68,1.39,-0.37000000000000455
2010,69,2.64,-0.5799999999999841
2010,70,2.06,-4.599999999999966
2010,71,0.31,-3.4399999999999977
2010,72,0.0,0.4900000000000091
2010,73,3.21,0.8799999999999955
2010,74,3.78,-1.169999999999959
2010,75,0.49,0.6700000000000159
2010,76,0.12,3.900000000000034
2010,77,0.52,5.270000000000039
2010,78,4.01,-1.589999999999975
2010,79,3.98,-9.859999999999957
2010,80,0.0,-4.069999999999993
2010,81,0.0,0.6700000000000159
2010,82,8.24,1.0300000000000296
2010,83,11.34,-3.0600000000000023
2010,84,0.52,-4.389999999999986
2010,85,2.3,-0.7599999999999909
2010,86,3.75,-2.589999999999975
2010,87,0.99,-2.1299999999999955
2010,88,0.22,2.7200000000000273
2010,89,0.0,6.260000000000048
2010,90,0.0,7.2000000000000455
2010,91,0.02,4.430000000000007
2010,92,0.01,-4.489999999999952
2010,93,0.0,-2.9499999999999886
2010,94,0.0,1.2900000000000205
2010,95,0.12,4.160000000000025
2010,96,0.06,1.900000000000034
2010,97,2.87,-3.759999999999991
2010,98,0.13,-0.7599999999999909
2010,99,0.0,4.110000000000014
2010,100,0.0,5.650000000000034
2010,101,0.04,6.920000000000016
2010,102,0.08,8.870000000000005
2010,103,2.18,8.629999999999995
2010,104,0.05,4.75
2010,105,0.08,8.04000000000002
2010,106,0.01,6.1299999999999955
2010,107,0.25,5.430000000000007
2010,108,0.38,6.82000000000005
2010,109,0.0,7.960000000000036
2010,110,0.1,8.930000000000007
2010,111,7.15,8.510000000000048
2010,112,16.19,8.189999999999998
2010,113,7.51,3.2800000000000296
2010,114,3.39,1.9600000000000364
2010,115,2.22,3.8000000000000114
2010,116,2.53,2.580000000000041
2010,117,0.49,4.28000000000003
2010,118,0.31,9.490000000000009
2010,119,0.59,5.9500000000000455
2010,120,0.26,-0.6899999999999977
2010,121,0.11,-0.06999999999999318
2010,122,0.85,1.8700000000000045
2010,123,1.12,2.7800000000000296
2010,124,0.13,7.490000000000009
2010,125,0.0,8.439999999999998
2010,126,0.12,9.410000000000025
2010,127,0.15,3.1899999999999977
2010,128,0.0,4.0400000000000205
2010,129,0.11,9.520000000000039
2010,130,0.17,9.740000000000009
2010,131,1.08,6.939999999999998
2010,132,4.05,4.230000000000018
2010,133,5.68,2.5100000000000477
2010,134,6.63,5.6299999999999955
2010,135,3.24,6.430000000000007
2010,136,0.62,6.680000000000007
2010,137,0.0,9.360000000000014
2010,138,0.02,11.57000000000005
2010,139,0.4,8.189999999999998
2010,140,0.46,8.950000000000045
2010,141,0.0,12.129999999999995
2010,142,0.0,14.57000000000005
2010,143,0.0,12.680000000000007
2010,144,0.0,11.090000000000032
2010,145,0.11,7.1299999999999955
2010,146,0.13,11.480000000000018
2010,147,0.0,14.939999999999998
2010,148,0.0,17.510000000000048
2010,149,0.1,16.850000000000023
2010,150,0.2,10.900000000000034
2010,151,0.07,12.020000000000039
2010,152,0.0,14.920000000000016
2010,153,0.0,14.120000000000005
2010,154,0.05,15.060000000000002
2010,155,0.0,17.640000000000043
2010,156,0.61,19.879999999999995
2010,157,0.95,20.010000000000048
2010,158,0.0,21.55000000000001
2010,159,0.2,19.930000000000007
2010,160,0.33,18.850000000000023
2010,161,0.18,20.110000000000014
2010,162,5.69,16.870000000000005
2010,163,11.75,11.950000000000045
2010,164,6.21,9.410000000000025
2010,165,5.66,9.640000000000043
2010,166,1.44,11.980000000000018
2010,167,0.0,16.439999999999998
2010,168,0.0,16.590000000000032
2010,169,0.0,16.560000000000002
2010,170,0.0,18.04000000000002
2010,171,0.0,18.379999999999995
2010,172,0.0,17.560000000000002
2010,173,0.0,18.82000000000005
2010,174,0.0,17.29000000000002
2010,175,0.0,18.010000000000048
2010,176,0.36,20.54000000000002
2010,177,2.02,19.53000000000003
2010,178,4.0,17.33000000000004
2010,179,1.49,17.760000000000048
2010,180,0.59,18.590000000000032
2010,181,0.13,17.870000000000005
2010,182,0.36,18.439999999999998
2010,183,1.0,19.439999999999998
2010,184,1.2,19.79000000000002
2010,185,1.71,18.470000000000027
2010,186,3.98,15.439999999999998
2010,187,0.85,17.180000000000007
2010,188,1.48,15.720000000000027
2010,189,2.61,14.470000000000027
2010,190,1.42,15.03000000000003
2010,191,0.46,17.55000000000001
2010,192,1.49,17.32000000000005
2010,193,1.43,17.640000000000043
2010,194,0.0,20.140000000000043
2010,195,0.07,22.04000000000002
2010,196,0.12,20.920000000000016
2010,197,0.0,20.74000000000001
2010,198,0.0,21.80000000000001
2010,199,0.14,22.08000000000004
2010,200,0.98,21.510000000000048
2010,201,9.66,20.970000000000027
2010,202,10.55,19.140000000000043
2010,203,2.6,19.689999999999998
2010,204,3.25,19.970000000000027
2010,205,0.02,19.370000000000005
2010,206,0.14,18.05000000000001
2010,207,0.2,19.430000000000007
2010,208,1.82,21.0
2010,209,3.26,19.77000000000004
2010,210,2.82,19.82000000000005
2010,211,5.24,19.480000000000018
2010,212,4.88,19.379999999999995
2010,213,5.91,20.160000000000025
2010,214,9.61,18.170000000000016
2010,215,6.31,18.970000000000027
2010,216,3.26,18.49000000000001
2010,217,3.62,17.129999999999995
2010,218,3.52,17.810000000000002
2010,219,2.86,18.78000000000003
2010,220,4.28,18.870000000000005
2010,221,7.89,19.03000000000003
2010,222,5.81,17.400000000000034
2010,223,0.0,18.82000000000005
2010,224,1.32,19.450000000000045
2010,225,1.33,17.910000000000025
2010,226,0.0,18.090000000000032
2010,227,0.8,16.689999999999998
2010,228,3.84,18.700000000000045
2010,229,2.29,16.720000000000027
2010,230,0.14,19.150000000000034
2010,231,2.58,19.78000000000003
2010,232,3.61,16.850000000000023
2010,233,0.0,17.930000000000007
2010,234,0.0,19.99000000000001
2010,235,0.48,20.470000000000027
2010,236,0.83,15.810000000000002
2010,237,0.85,16.360000000000014
2010,238,0.0,18.310000000000002
2010,239,0.0,19.150000000000034
2010,240,0.0,18.700000000000045
2010,241,0.01,17.220000000000027
2010,242,0.0,16.80000000000001
2010,243,0.0,15.28000000000003
2010,244,0.1,15.310000000000002
2010,245,0.14,14.800000000000011
2010,246,0.0,12.650000000000034
2010,247,0.0,16.670000000000016
2010,248,0.0,18.150000000000034
2010,249,0.0,16.370000000000005
2010,250,0.0,12.420000000000016
2010,251,0.0,16.420000000000016
2010,252,0.0,15.860000000000014
2010,253,0.0,13.670000000000016
2010,254,0.11,11.920000000000016
2010,255,0.13,14.760000000000048
2010,256,0.0,16.200000000000045
2010,257,0.0,17.360000000000014
2010,258,0.04,16.600000000000023
2010,259,0.03,15.379999999999995
2010,260,0.0,17.0
2010,261,0.0,17.660000000000025
2010,262,0.0,18.0
2010,263,0.05,18.470000000000027
2010,264,0.52,16.700000000000045
2010,265,1.11,16.30000000000001
2010,266,1.66,13.340000000000032
2010,267,0.01,12.439999999999998
2010,268,0.03,14.360000000000014
2010,269,0.0,15.680000000000007
2010,270,0.0,17.810000000000002
2010,271,0.0,17.02000000000004
2010,272,0.0,17.950000000000045
2010,273,0.0,14.210000000000036
2010,274,0.0,15.260000000000048
2010,275,0.0,13.170000000000016
2010,276,0.0,14.020000000000039
2010,277,0.22,14.270000000000039
2010,278,0.24,13.900000000000034
2010,279,1.49,14.340000000000032
2010,280,3.26,13.170000000000016
2010,281,0.46,12.629999999999995
2010,282,0.1,6.680000000000007
2010,283,0.68,6.660000000000025
2010,284,1.33,7.7000000000000455
2010,285,2.99,7.0
2010,286,3.27,6.460000000000036
2010,287,0.0,10.220000000000027
2010,288,0.0,11.930000000000007
2010,289,0.0,11.120000000000005
2010,290,0.0,10.370000000000005
2010,291,0.23,10.600000000000023
2010,292,0.33,7.670000000000016
2010,293,0.0,9.260000000000048
2010,294,0.17,9.460000000000036
2010,295,2.56,7.050000000000011
2010,296,2.6,6.670000000000016
2010,297,0.0,6.3700000000000045
2010,298,0.94,7.340000000000032
2010,299,1.56,-1.419999999999959
2010,300,0.13,-3.4899999999999523
2010,301,0.0,0.5100000000000477
2010,302,0.0,7.490000000000009
2010,303,0.11,8.700000000000045
2010,304,0.23,6.350000000000023
2010,305,0.24,3.8000000000000114
2010,306,0.13,4.580000000000041
2010,307,0.0,6.140000000000043
2010,308,0.0,4.460000000000036
2010,309,0.0,7.020000000000039
2010,310,0.0,8.240000000000009
2010,311,0.0,8.75
2010,312,0.0,6.1200000000000045
2010,313,1.17,4.78000000000003
2010,314,1.87,-2.42999999999995
2010,315,0.76,-1.42999999999995
2010,316,0.47,-4.479999999999961
2010,317,0.0,-4.399999999999977
2010,318,0.14,-4.96999999999997
2010,319,0.69,-3.609999999999957
2010,320,1.24,-2.1999999999999886
2010,321,0.47,-2.819999999999993
2010,322,0.0,0.5400000000000205
2010,323,0.0,4.360000000000014
2010,324,0.0,3.8000000000000114
2010,325,0.23,2.8799999999999955
2010,326,0.4,-1.5
2010,327,0.0,-4.919999999999959
2010,328,0.05,-3.7399999999999523
2010,329,0.17,-11.299999999999955
2010,330,0.32,-5.739999999999952
2010,331,0.07,-1.5600000000000023
2010,332,0.26,-1.0399999999999636
2010,333,0.44,-6.339999999999975
2010,334,0.03,-9.239999999999952
2010,335,0.05,-2.329999999999984
2010,336,0.0,0.3900000000000432
2010,337,0.12,3.5100000000000477
2010,338,0.25,1.7200000000000273
2010,339,0.0,1.170000000000016
2010,340,0.0,0.6100000000000136
2010,341,0.05,-0.44999999999998863
2010,342,0.0,-0.18999999999999773
2010,343,0.0,2.0500000000000114
2010,344,0.38,0.6700000000000159
2010,345,0.51,-2.8700000000000045
2010,346,0.33,-4.75
2010,347,0.58,2.3500000000000227
2010,348,0.14,2.57000000000005
2010,349,0.22,2.3100000000000023
2010,350,0.42,-4.069999999999993
2010,351,0.3,-6.539999999999964
2010,352,0.4,-5.759999999999991
2010,353,0.23,-1.0299999999999727
2010,354,0.11,3.3500000000000227
2010,355,0.12,1.1299999999999955
2010,356,0.0,0.21000000000003638
2010,357,0.0,2.2900000000000205
2010,358,0.0,-0.5499999999999545
2010,359,0.0,-1.7799999999999727
2010,360,0.0,0.010000000000047748
2010,361,0.0,-1.509999999999991
2010,362,0.11,-2.6999999999999886
2010,363,0.13,-2.3700000000000045
2010,364,2.81,-3.6399999999999864
2010,365,3.93,-15.20999999999998
2011,1,0.0,-18.659999999999968
2011,2,0.0,-11.629999999999995
2011,3,0.0,-7.289999999999964
2011,4,0.0,-7.789999999999964
2011,5,0.09,-6.8799999999999955
2011,6,0.12,-3.7799999999999727
2011,7,0.0,-0.5999999999999659
2011,8,0.0,-1.1999999999999886
2011,9,3.07,-2.5600000000000023
2011,10,4.61,-11.289999999999964
2011,11,0.0,-15.269999999999982
2011,12,0.11,-9.109999999999957
2011,13,0.06,-2.92999999999995
2011,14,0.05,-1.25
2011,15,0.0,-1.67999999999995
2011,16,0.17,-1.9099999999999682
2011,17,0.57,1.6800000000000068
2011,18,0.59,-1.75
2011,19,0.69,-2.599999999999966
2011,20,1.34,-9.099999999999966
2011,21,0.24,-4.7099999999999795
2011,22,0.15,-4.8700000000000045
2011,23,0.34,-8.239999999999952
2011,24,0.62,-6.889999999999986
2011,25,0.6,-7.4599999999999795
2011,26,0.13,-5.699999999999989
2011,27,0.0,-3.1999999999999886
2011,28,0.0,0.36000000000001364
2011,29,0.0,2.2000000000000455
2011,30,0.0,0.5100000000000477
2011,31,1.27,-2.75
2011,32,1.56,-16.989999999999952
2011,33,0.13,-22.48999999999998
2011,34,0.93,-15.319999999999993
2011,35,1.53,-5.3799999999999955
2011,36,3.51,-3.769999999999982
2011,37,7.34,-8.370000000000005
2011,38,4.93,-9.659999999999968
2011,39,4.99,-10.979999999999961
2011,40,0.26,-18.919999999999987
2011,41,0.24,-12.549999999999955
2011,42,0.29,-7.289999999999964
2011,43,0.0,-3.609999999999957
2011,44,0.0,0.7000000000000455
2011,45,0.0,2.0500000000000114
2011,46,0.0,2.5200000000000387
2011,47,0.0,3.480000000000018
2011,48,0.0,1.8799999999999955
2011,49,0.0,-0.3299999999999841
2011,50,1.2,2.180000000000007
2011,51,2.33,0.7600000000000477
2011,52,0.0,-5.6200000000000045
2011,53,0.0,-3.4699999999999704
2011,54,0.0,-1.4099999999999682
2011,55,0.37,-1.3999999999999773
2011,56,0.4,-2.8999999999999773
2011,57,0.11,-0.18999999999999773
2011,58,0.13,0.3100000000000023
2011,59,0.0,-0.6599999999999682
2011,60,0.0,2.580000000000041
2011,61,0.0,3.480000000000018
2011,62,0.11,3.480000000000018
2011,63,0.27,-0.049999999999954525
2011,64,0.13,-2.9699999999999704
2011,65,0.42,-0.46999999999997044
2011,66,0.85,0.17000000000001592
2011,67,0.49,-2.1499999999999773
2011,68,0.28,-3.1399999999999864
2011,69,0.13,0.9900000000000091
2011,70,0.0,4.600000000000023
2011,71,0.24,4.390000000000043
2011,72,0.33,2.390000000000043
2011,73,0.0,2.3500000000000227
2011,74,0.0,3.6899999999999977
2011,75,0.0,5.610000000000014
2011,76,3.04,7.840000000000032
2011,77,4.42,3.82000000000005
2011,78,0.48,5.420000000000016
2011,79,0.0,5.57000000000005
2011,80,0.0,6.800000000000011
2011,81,0.0,3.7200000000000273
2011,82,0.0,-0.45999999999997954
2011,83,0.0,1.7600000000000477
2011,84,0.04,0.4300000000000068
2011,85,0.32,0.07000000000005002
2011,86,1.13,1.1899999999999977
2011,87,1.67,1.2700000000000387
2011,88,1.14,0.1500000000000341
2011,89,0.0,-0.12999999999999545
2011,90,0.08,3.890000000000043
2011,91,0.09,6.360000000000014
2011,92,0.01,8.860000000000014
2011,93,1.28,9.32000000000005
2011,94,1.81,-1.75
2011,95,0.11,4.189999999999998
2011,96,0.38,7.3799999999999955
2011,97,0.56,5.710000000000036
2011,98,0.0,6.25
2011,99,0.0,7.640000000000043
2011,100,0.0,2.9500000000000455
2011,101,0.0,1.5400000000000205
2011,102,0.0,7.180000000000007
2011,103,2.89,5.930000000000007
2011,104,5.74,2.900000000000034
2011,105,0.05,-0.6499999999999773
2011,106,0.0,2.9700000000000273
2011,107,0.08,6.520000000000039
2011,108,1.33,9.160000000000025
2011,109,1.76,7.050000000000011
2011,110,0.34,5.03000000000003
2011,111,0.68,7.420000000000016
2011,112,0.47,5.8700000000000045
2011,113,1.27,3.6299999999999955
2011,114,4.16,4.8700000000000045
2011,115,5.0,3.910000000000025
2011,116,1.35,3.180000000000007
2011,117,0.63,1.1800000000000068
2011,118,0.0,3.3100000000000023
2011,119,0.51,7.939999999999998
2011,120,4.33,1.0500000000000114
2011,121,6.7,-0.9199999999999591
2011,122,1.14,-1.1099999999999568
2011,123,0.28,2.420000000000016
2011,124,0.08,7.400000000000034
2011,125,0.0,5.960000000000036
2011,126,0.11,9.990000000000009
2011,127,0.18,12.090000000000032
2011,128,0.0,13.379999999999995
2011,129,0.0,12.420000000000016
2011,130,1.13,9.060000000000002
2011,131,13.72,6.430000000000007
2011,132,5.34,3.75
2011,133,0.81,6.960000000000036
2011,134,2.63,7.800000000000011
2011,135,5.66,5.480000000000018
2011,136,0.41,8.970000000000027
2011,137,0.13,11.0
2011,138,1.88,7.57000000000005
2011,139,5.92,6.590000000000032
2011,140,4.94,4.920000000000016
2011,141,1.01,6.82000000000005
2011,142,0.18,9.689999999999998
2011,143,1.04,12.180000000000007
2011,144,3.04,9.960000000000036
2011,145,3.1,7.8700000000000045
2011,146,0.0,11.28000000000003
2011,147,0.0,12.140000000000043
2011,148,0.0,12.910000000000025
2011,149,0.0,15.210000000000036
2011,150,0.0,13.450000000000045
2011,151,0.0,9.03000000000003
2011,152,0.0,16.30000000000001
2011,153,0.0,18.150000000000034
2011,154,0.0,15.860000000000014
2011,155,0.0,15.32000000000005
2011,156,0.0,18.02000000000004
2011,157,0.0,18.939999999999998
2011,158,0.0,17.33000000000004
2011,159,0.12,15.830000000000041
2011,160,0.17,14.930000000000007
2011,161,0.4,13.07000000000005
2011,162,0.58,15.54000000000002
2011,163,0.0,16.24000000000001
2011,164,0.11,16.220000000000027
2011,165,0.18,15.450000000000045
2011,166,0.0,15.32000000000005
2011,167,0.0,18.129999999999995
2011,168,0.97,16.32000000000005
2011,169,1.37,14.879999999999995
2011,170,11.59,15.760000000000048
2011,171,10.67,11.82000000000005
2011,172,1.62,11.79000000000002
2011,173,0.0,15.100000000000023
2011,174,0.0,18.25
2011,175,0.0,19.83000000000004
2011,176,0.0,19.57000000000005
2011,177,0.0,19.53000000000003
2011,178,0.23,17.260000000000048
2011,179,0.55,19.160000000000025
2011,180,0.11,21.840000000000032
2011,181,2.33,21.150000000000034
2011,182,3.84,17.80000000000001
2011,183,0.02,19.24000000000001
2011,184,0.05,20.560000000000002
2011,185,0.0,21.620000000000005
2011,186,0.45,20.610000000000014
2011,187,3.81,20.120000000000005
2011,188,9.16,19.590000000000032
2011,189,7.58,19.80000000000001
2011,190,2.38,20.310000000000002
2011,191,3.31,20.27000000000004
2011,192,6.5,19.689999999999998
2011,193,11.15,18.640000000000043
2011,194,9.46,19.430000000000007
2011,195,5.45,20.650000000000034
2011,196,4.75,20.629999999999995
2011,197,0.49,21.590000000000032
2011,198,0.38,22.310000000000002
2011,199,0.59,22.340000000000032
2011,200,1.96,22.450000000000045
2011,201,1.94,21.04000000000002
2011,202,1.69,20.840000000000032
2011,203,1.45,21.0
2011,204,0.25,21.870000000000005
2011,205,0.52,21.30000000000001
2011,206,0.75,21.310000000000002
2011,207,3.81,21.32000000000005
2011,208,4.62,19.860000000000014
2011,209,3.36,19.980000000000018
2011,210,1.65,19.53000000000003
2011,211,1.18,20.460000000000036
2011,212,0.17,21.28000000000003
2011,213,1.82,21.100000000000023
2011,214,11.39,19.950000000000045
2011,215,21.43,17.720000000000027
2011,216,6.95,19.060000000000002
2011,217,5.09,18.939999999999998
2011,218,1.1,19.910000000000025
2011,219,0.0,20.29000000000002
2011,220,0.0,19.310000000000002
2011,221,0.0,18.99000000000001
2011,222,0.0,18.939999999999998
2011,223,0.15,19.410000000000025
2011,224,0.35,19.57000000000005
2011,225,1.16,19.30000000000001
2011,226,1.97,20.24000000000001
2011,227,1.26,19.390000000000043
2011,228,1.0,19.79000000000002
2011,229,2.02,19.420000000000016
2011,230,0.0,20.960000000000036
2011,231,0.71,21.310000000000002
2011,232,2.71,18.890000000000043
2011,233,3.73,19.950000000000045
2011,234,1.26,20.33000000000004
2011,235,1.98,21.25
2011,236,1.04,22.78000000000003
2011,237,1.39,21.390000000000043
2011,238,1.69,21.100000000000023
2011,239,2.7,20.379999999999995
2011,240,2.05,21.04000000000002
2011,241,0.63,18.939999999999998
2011,242,0.5,19.210000000000036
2011,243,0.72,20.07000000000005
2011,244,0.24,20.55000000000001
2011,245,1.18,20.350000000000023
2011,246,1.55,17.460000000000036
2011,247,0.17,13.470000000000027
2011,248,0.17,15.350000000000023
2011,249,3.24,16.939999999999998
2011,250,7.97,11.439999999999998
2011,251,3.96,11.680000000000007
2011,252,0.38,12.870000000000005
2011,253,0.16,12.730000000000018
2011,254,0.2,14.010000000000048
2011,255,0.28,15.810000000000002
2011,256,0.66,15.310000000000002
2011,257,7.81,13.300000000000011
2011,258,13.24,10.870000000000005
2011,259,0.88,11.810000000000002
2011,260,0.36,12.610000000000014
2011,261,0.39,10.740000000000009
2011,262,0.09,12.950000000000045
2011,263,0.14,13.840000000000032
2011,264,0.11,11.57000000000005
2011,265,0.2,11.120000000000005
2011,266,0.0,13.960000000000036
2011,267,0.11,16.129999999999995
2011,268,0.32,16.090000000000032
2011,269,0.12,16.80000000000001
2011,270,0.0,16.27000000000004
2011,271,0.0,16.310000000000002
2011,272,0.0,14.25
2011,273,0.0,13.180000000000007
2011,274,0.12,15.810000000000002
2011,275,0.18,16.370000000000005
2011,276,0.06,15.75
2011,277,1.06,14.850000000000023
2011,278,2.11,11.460000000000036
2011,279,0.12,10.560000000000002
2011,280,2.15,5.360000000000014
2011,281,5.19,4.840000000000032
2011,282,3.14,2.2900000000000205
2011,283,0.0,5.28000000000003
2011,284,0.0,7.310000000000002
2011,285,0.0,7.510000000000048
2011,286,0.0,9.57000000000005
2011,287,0.0,10.920000000000016
2011,288,0.0,11.670000000000016
2011,289,0.13,13.060000000000002
2011,290,0.56,9.29000000000002
2011,291,0.83,2.5600000000000023
2011,292,0.0,3.930000000000007
2011,293,0.0,7.830000000000041
2011,294,0.0,8.110000000000014
2011,295,0.0,7.850000000000023
2011,296,0.0,8.330000000000041
2011,297,0.0,10.010000000000048
2011,298,4.52,9.560000000000002
2011,299,8.12,2.090000000000032
2011,300,4.41,-4.989999999999952
2011,301,0.48,-4.589999999999975
2011,302,0.13,0.35000000000002274
2011,303,0.0,1.25
2011,304,0.0,3.7200000000000273
2011,305,4.37,3.590000000000032
2011,306,12.63,-2.67999999999995
2011,307,0.65,-4.829999999999984
2011,308,0.0,1.25
2011,309,0.26,2.9700000000000273
2011,310,0.44,-3.6999999999999886
2011,311,0.21,-3.6499999999999773
2011,312,0.29,-4.069999999999993
2011,313,0.0,-5.739999999999952
2011,314,0.36,-2.5
2011,315,0.64,1.0500000000000114
2011,316,0.42,2.2900000000000205
2011,317,0.1,2.7600000000000477
2011,318,0.0,0.4300000000000068
2011,319,0.0,-0.20999999999997954
2011,320,0.0,-2.319999999999993
2011,321,0.0,-2.7299999999999613
2011,322,0.0,1.8500000000000227
2011,323,0.0,2.330000000000041
2011,324,0.22,0.8799999999999955
2011,325,0.19,1.900000000000034
2011,326,0.0,1.1400000000000432
2011,327,0.0,3.2100000000000364
2011,328,0.04,4.810000000000002
2011,329,0.13,3.1299999999999955
2011,330,0.13,-3.599999999999966
2011,331,0.0,-1.4799999999999613
2011,332,0.0,4.650000000000034
2011,333,0.0,1.8000000000000114
2011,334,0.0,2.8100000000000023
2011,335,1.99,-2.2399999999999523
2011,336,0.2,-5.8799999999999955
2011,337,0.12,-7.649999999999977
2011,338,0.43,-11.5
2011,339,1.37,-14.569999999999993
2011,340,0.0,-14.569999999999993
2011,341,0.03,-4.339999999999975
2011,342,0.0,-3.7199999999999704
2011,343,0.0,-6.539999999999964
2011,344,0.0,-5.319999999999993
2011,345,0.0,-4.739999999999952
2011,346,0.0,-4.229999999999961
2011,347,0.03,-1.8100000000000023
2011,348,0.0,-2.8700000000000045
2011,349,0.0,-6.859999999999957
2011,350,0.0,-6.609999999999957
2011,351,0.0,-2.3999999999999773
2011,352,0.0,1.3000000000000114
2011,353,1.68,-1.329999999999984
2011,354,2.88,-5.329999999999984
2011,355,5.27,-3.7899999999999636
2011,356,10.93,-7.189999999999998
2011,357,0.87,-11.039999999999964
2011,358,0.16,-6.539999999999964
2011,359,0.21,-5.060000000000002
2011,360,0.15,-2.099999999999966
2011,361,0.04,-3.409999999999968
2011,362,0.12,-2.4899999999999523
2011,363,0.88,1.2900000000000205
2011,364,1.26,-0.06999999999999318
2011,365,0.13,-0.9099999999999682
2012,1,0.0,-5.689999999999998
2012,2,0.0,-1.839999999999975
2012,3,0.0,1.57000000000005
2012,4,0.0,-0.3199999999999932
2012,5,0.0,2.150000000000034
2012,6,0.0,1.57000000000005
2012,7,1.2,-2.4399999999999977
2012,8,1.53,-6.17999999999995
2012,9,0.0,-5.579999999999984
2012,10,0.0,-1.3799999999999955
2012,11,0.36,-4.689999999999998
2012,12,0.42,-11.729999999999961
2012,13,0.0,-8.169999999999959
2012,14,0.0,-3.9699999999999704
2012,15,0.0,-0.6999999999999886
2012,16,0.27,-2.339999999999975
2012,17,0.3,-9.620000000000005
2012,18,0.0,-7.529999999999973
2012,19,0.0,0.37999999999999545
2012,20,0.0,1.2800000000000296
2012,21,0.03,-0.7899999999999636
2012,22,0.05,-1.3700000000000045
2012,23,0.0,-4.639999999999986
2012,24,0.0,-2.769999999999982
2012,25,0.0,-3.2799999999999727
2012,26,0.0,-0.339999999999975
2012,27,0.0,-2.6200000000000045
2012,28,0.0,-7.71999999999997
2012,29,0.0,-2.609999999999957
2012,30,0.0,0.4000000000000341
2012,31,0.0,-0.9199999999999591
2012,32,0.0,-2.409999999999968
2012,33,4.47,-1.6999999999999886
2012,34,6.57,-5.0
2012,35,3.87,-7.849999999999966
2012,36,0.0,-9.419999999999959
2012,37,0.73,-7.349999999999966
2012,38,0.68,-8.289999999999964
2012,39,0.0,-6.149999999999977
2012,40,0.0,-3.2199999999999704
2012,41,0.0,-6.7099999999999795
2012,42,0.0,-4.96999999999997
2012,43,0.03,-2.7399999999999523
2012,44,0.03,-3.319999999999993
2012,45,0.0,-4.739999999999952
2012,46,0.0,-5.46999999999997
2012,47,0.0,-5.759999999999991
2012,48,0.0,-5.769999999999982
2012,49,0.0,-7.269999999999982
2012,50,0.0,-4.46999999999997
2012,51,0.01,-6.25
2012,52,0.0,-6.779999999999973
2012,53,0.0,-0.44999999999998863
2012,54,5.54,-1.4399999999999977
2012,55,0.0,-9.919999999999959
2012,56,0.0,-2.919999999999959
2012,57,0.0,-4.739999999999952
2012,58,0.0,-6.1299999999999955
2012,59,0.0,-1.169999999999959
2012,60,0.0,-4.729999999999961
2012,61,0.0,-3.0
2012,62,0.0,-7.409999999999968
2012,63,0.0,-9.669999999999959
2012,64,0.0,-1.9899999999999523
2012,65,0.0,1.7700000000000387
2012,66,0.0,2.580000000000041
2012,67,0.0,2.1000000000000227
2012,68,0.0,-3.079999999999984
2012,69,0.0,-1.1899999999999977
2012,70,0.0,1.8100000000000023
2012,71,0.0,2.82000000000005
2012,72,0.0,3.25
2012,73,0.0,4.660000000000025
2012,74,0.0,4.970000000000027
2012,75,0.0,5.330000000000041
2012,76,0.0,6.7000000000000455
2012,77,0.0,7.470000000000027
2012,78,0.0,6.330000000000041
2012,79,0.0,-0.5399999999999636
2012,80,0.0,-2.5299999999999727
2012,81,0.0,-0.3599999999999568
2012,82,0.0,3.7800000000000296
2012,83,0.0,6.6200000000000045
2012,84,0.0,9.53000000000003
2012,85,0.0,9.640000000000043
2012,86,0.0,9.980000000000018
2012,87,0.0,6.82000000000005
2012,88,0.0,8.720000000000027
2012,89,0.0,8.660000000000025
2012,90,0.0,8.650000000000034
2012,91,0.0,11.110000000000014
2012,92,0.0,12.470000000000027
2012,93,1.93,6.550000000000011
2012,94,5.49,-2.6299999999999955
2012,95,3.48,1.57000000000005
2012,96,0.0,6.590000000000032
2012,97,0.0,7.6200000000000045
2012,98,0.0,3.400000000000034
2012,99,0.0,5.689999999999998
2012,100,0.0,7.910000000000025
2012,101,0.0,10.490000000000009
2012,102,0.55,11.930000000000007
2012,103,1.36,8.910000000000025
2012,104,0.0,4.770000000000039
2012,105,9.34,6.28000000000003
2012,106,7.94,1.8600000000000136
2012,107,0.23,1.8600000000000136
2012,108,0.0,5.060000000000002
2012,109,0.0,8.460000000000036
2012,110,0.0,8.360000000000014
2012,111,0.0,6.6200000000000045
2012,112,0.0,10.07000000000005
2012,113,0.0,11.760000000000048
2012,114,0.0,13.200000000000045
2012,115,0.0,15.240000000000009
2012,116,0.0,14.939999999999998
2012,117,1.11,14.5
2012,118,1.03,10.860000000000014
2012,119,0.0,5.82000000000005
2012,120,0.0,7.210000000000036
2012,121,0.0,8.990000000000009
2012,122,0.0,11.640000000000043
2012,123,0.0,12.430000000000007
2012,124,0.0,13.439999999999998
2012,125,0.0,15.04000000000002
2012,126,0.14,15.340000000000032
2012,127,4.93,11.07000000000005
2012,128,10.06,5.160000000000025
2012,129,1.65,4.82000000000005
2012,130,0.0,9.490000000000009
2012,131,0.0,12.53000000000003
2012,132,3.6,8.600000000000023
2012,133,7.48,6.689999999999998
2012,134,5.07,8.700000000000045
2012,135,1.17,8.830000000000041
2012,136,0.0,12.680000000000007
2012,137,0.0,14.110000000000014
2012,138,0.05,13.680000000000007
2012,139,0.45,15.04000000000002
2012,140,2.5,11.03000000000003
2012,141,1.25,9.920000000000016
2012,142,0.0,14.330000000000041
2012,143,0.0,17.260000000000048
2012,144,3.26,16.170000000000016
2012,145,2.43,10.04000000000002
2012,146,0.0,11.640000000000043
2012,147,0.0,15.960000000000036
2012,148,0.0,12.020000000000039
2012,149,0.0,8.300000000000011
2012,150,0.0,12.25
2012,151,0.0,14.470000000000027
2012,152,0.01,13.350000000000023
2012,153,0.0,15.800000000000011
2012,154,0.71,17.310000000000002
2012,155,0.4,17.970000000000027
2012,156,0.48,19.370000000000005
2012,157,0.45,17.83000000000004
2012,158,0.0,17.689999999999998
2012,159,0.13,17.650000000000034
2012,160,0.11,17.610000000000014
2012,161,0.0,19.04000000000002
2012,162,0.0,16.5
2012,163,0.0,13.189999999999998
2012,164,0.0,15.520000000000039
2012,165,0.0,17.650000000000034
2012,166,0.0,19.25
2012,167,0.0,18.170000000000016
2012,168,0.28,17.129999999999995
2012,169,0.13,18.590000000000032
2012,170,0.0,20.700000000000045
2012,171,0.0,21.03000000000003
2012,172,0.0,18.58000000000004
2012,173,0.0,15.590000000000032
2012,174,0.0,20.629999999999995
2012,175,0.0,22.32000000000005
2012,176,0.0,23.99000000000001
2012,177,0.0,23.57000000000005
2012,178,0.6,23.52000000000004
2012,179,0.89,22.410000000000025
2012,180,2.38,21.930000000000007
2012,181,0.9,21.470000000000027
2012,182,0.0,21.900000000000034
2012,183,0.0,22.810000000000002
2012,184,0.0,22.55000000000001
2012,185,1.45,21.430000000000007
2012,186,1.4,21.129999999999995
2012,187,0.0,21.49000000000001
2012,188,10.1,20.100000000000023
2012,189,15.58,18.05000000000001
2012,190,10.24,17.670000000000016
2012,191,10.61,16.439999999999998
2012,192,0.98,16.74000000000001
2012,193,0.0,18.110000000000014
2012,194,0.12,19.879999999999995
2012,195,2.05,20.439999999999998
2012,196,0.77,20.590000000000032
2012,197,0.77,20.77000000000004
2012,198,0.27,20.04000000000002
2012,199,1.05,19.640000000000043
2012,200,0.78,20.33000000000004
2012,201,0.32,21.410000000000025
2012,202,0.09,22.07000000000005
2012,203,0.09,22.110000000000014
2012,204,0.11,21.83000000000004
2012,205,0.09,21.689999999999998
2012,206,0.03,21.660000000000025
2012,207,0.3,20.610000000000014
2012,208,0.23,19.27000000000004
2012,209,5.95,20.160000000000025
2012,210,7.58,19.850000000000023
2012,211,6.74,20.99000000000001
2012,212,20.28,19.970000000000027
2012,213,14.67,20.58000000000004
2012,214,0.34,21.52000000000004
2012,215,2.92,19.150000000000034
2012,216,1.47,19.78000000000003
2012,217,0.06,18.900000000000034
2012,218,0.0,18.310000000000002
2012,219,0.0,21.060000000000002
2012,220,1.63,20.090000000000032
2012,221,1.58,20.360000000000014
2012,222,0.42,21.07000000000005
2012,223,1.32,21.49000000000001
2012,224,0.69,20.710000000000036
2012,225,0.0,18.08000000000004
2012,226,2.18,18.350000000000023
2012,227,2.1,18.010000000000048
2012,228,0.0,19.77000000000004
2012,229,0.81,17.74000000000001
2012,230,0.99,18.950000000000045
2012,231,0.0,17.930000000000007
2012,232,0.0,16.370000000000005
2012,233,0.0,16.82000000000005
2012,234,0.0,17.210000000000036
2012,235,0.67,18.970000000000027
2012,236,3.77,18.680000000000007
2012,237,2.78,17.54000000000002
2012,238,0.22,17.390000000000043
2012,239,0.13,18.010000000000048
2012,240,0.0,20.54000000000002
2012,241,0.61,20.5
2012,242,0.28,20.700000000000045
2012,243,0.35,20.610000000000014
2012,244,0.33,18.760000000000048
2012,245,0.0,19.560000000000002
2012,246,0.5,19.670000000000016
2012,247,1.04,19.760000000000048
2012,248,0.06,18.32000000000005
2012,249,0.0,17.970000000000027
2012,250,0.49,17.660000000000025
2012,251,0.2,17.650000000000034
2012,252,0.0,12.850000000000023
2012,253,0.0,15.090000000000032
2012,254,0.0,17.850000000000023
2012,255,7.1,18.680000000000007
2012,256,19.69,12.689999999999998
2012,257,5.08,10.220000000000027
2012,258,0.0,11.370000000000005
2012,259,0.0,13.960000000000036
2012,260,0.0,16.100000000000023
2012,261,0.51,13.830000000000041
2012,262,0.34,11.970000000000027
2012,263,0.0,14.720000000000027
2012,264,0.0,15.120000000000005
2012,265,0.0,14.950000000000045
2012,266,0.0,14.810000000000002
2012,267,0.0,15.760000000000048
2012,268,0.0,15.79000000000002
2012,269,1.47,13.410000000000025
2012,270,2.95,10.740000000000009
2012,271,1.75,10.800000000000011
2012,272,0.25,10.5
2012,273,0.0,12.350000000000023
2012,274,0.54,13.010000000000048
2012,275,0.26,10.990000000000009
2012,276,0.0,12.490000000000009
2012,277,0.0,14.330000000000041
2012,278,1.93,7.910000000000025
2012,279,0.89,7.32000000000005
2012,280,0.0,0.18000000000000682
2012,281,0.0,0.4500000000000455
2012,282,0.0,6.550000000000011
2012,283,0.0,9.189999999999998
2012,284,0.0,9.350000000000023
2012,285,0.0,12.340000000000032
2012,286,3.87,11.300000000000011
2012,287,1.41,6.8799999999999955
2012,288,0.0,7.78000000000003
2012,289,0.0,10.29000000000002
2012,290,0.0,11.210000000000036
2012,291,0.38,8.07000000000005
2012,292,0.0,4.78000000000003
2012,293,0.0,8.420000000000016
2012,294,0.0,11.28000000000003
2012,295,0.0,11.32000000000005
2012,296,0.0,9.800000000000011
2012,297,0.0,10.770000000000039
2012,298,0.1,9.330000000000041
2012,299,4.96,0.25
2012,300,0.74,-2.329999999999984
2012,301,0.0,-0.9599999999999795
2012,302,0.0,2.8100000000000023
2012,303,0.0,6.8799999999999955
2012,304,0.0,8.25
2012,305,0.0,8.460000000000036
2012,306,0.0,8.980000000000018
2012,307,0.0,8.04000000000002
2012,308,0.0,5.480000000000018
2012,309,0.0,5.78000000000003
2012,310,0.0,5.8700000000000045
2012,311,0.0,8.150000000000034
2012,312,0.0,9.160000000000025
2012,313,0.0,8.610000000000014
2012,314,0.0,7.670000000000016
2012,315,0.19,4.810000000000002
2012,316,0.0,-5.699999999999989
2012,317,0.0,-5.779999999999973
2012,318,0.0,0.6700000000000159
2012,319,0.0,1.580000000000041
2012,320,0.0,1.8600000000000136
2012,321,0.0,2.2800000000000296
2012,322,0.0,5.090000000000032
2012,323,0.0,4.2000000000000455
2012,324,0.0,3.3000000000000114
2012,325,0.0,4.3799999999999955
2012,326,0.0,7.050000000000011
2012,327,0.0,6.100000000000023
2012,328,0.0,2.670000000000016
2012,329,0.0,5.580000000000041
2012,330,0.0,4.730000000000018
2012,331,0.0,0.5900000000000318
2012,332,0.0,1.7300000000000182
2012,333,0.0,2.990000000000009
2012,334,0.0,3.640000000000043
2012,335,0.0,4.340000000000032
2012,336,0.0,5.670000000000016
2012,337,0.0,5.020000000000039
2012,338,0.0,5.110000000000014
2012,339,0.0,1.6100000000000136
2012,340,0.0,5.5400000000000205
2012,341,0.0,4.640000000000043
2012,342,0.0,0.6800000000000068
2012,343,0.0,-1.849999999999966
2012,344,6.3,-6.979999999999961
2012,345,0.01,-10.739999999999952
2012,346,0.22,-7.409999999999968
2012,347,0.0,-2.259999999999991
2012,348,0.55,0.6700000000000159
2012,349,0.19,0.37999999999999545
2012,350,0.0,-1.2999999999999545
2012,351,0.0,-4.6299999999999955
2012,352,0.03,-4.729999999999961
2012,353,1.24,-2.3100000000000023
2012,354,2.04,-6.479999999999961
2012,355,0.66,-10.839999999999975
2012,356,0.03,-3.069999999999993
2012,357,0.01,-1.259999999999991
2012,358,0.03,-2.349999999999966
2012,359,0.2,-4.17999999999995
2012,360,1.32,-7.46999999999997
2012,361,0.0,-7.639999999999986
2012,362,0.05,-7.8700000000000045
2012,363,0.0,-10.729999999999961
2012,364,0.0,-10.689999999999998
2012,365,0.0,-4.5499999999999545
2012,366,0.0,-8.539999999999964
2013,1,0.0,-11.759999999999991
2013,2,0.0,-11.870000000000005
2013,3,0.0,-12.349999999999966
2013,4,0.0,-7.109999999999957
2013,5,0.0,-5.689999999999998
2013,6,0.02,-4.599999999999966
2013,7,0.0,-1.919999999999959
2013,8,0.0,-1.8799999999999955
2013,9,0.0,-1.1599999999999682
2013,10,0.0,0.25
2013,11,0.0,-3.349999999999966
2013,12,0.0,-13.839999999999975
2013,13,0.0,-16.589999999999975
2013,14,0.02,-15.279999999999973
2013,15,0.0,-14.779999999999973
2013,16,0.0,-5.859999999999957
2013,17,0.0,-3.589999999999975
2013,18,0.0,-2.42999999999995
2013,19,0.0,-1.9599999999999795
2013,20,0.0,-0.4399999999999977
2013,21,0.0,-0.5099999999999909
2013,22,0.0,2.730000000000018
2013,23,0.0,4.860000000000014
2013,24,0.0,5.03000000000003
2013,25,0.0,3.6000000000000227
2013,26,0.04,3.2800000000000296
2013,27,0.82,3.480000000000018
2013,28,0.18,1.7900000000000205
2013,29,0.0,-6.839999999999975
2013,30,0.0,-9.96999999999997
2013,31,0.03,-5.0
2013,32,0.0,-3.9499999999999886
2013,33,0.0,-3.099999999999966
2013,34,0.0,-0.46999999999997044
2013,35,0.0,-0.9199999999999591
2013,36,0.0,-0.6599999999999682
2013,37,0.0,1.410000000000025
2013,38,0.08,-2.0399999999999636
2013,39,0.33,-1.42999999999995
2013,40,0.0,-1.4099999999999682
2013,41,2.19,-6.779999999999973
2013,42,0.18,-8.810000000000002
2013,43,0.29,-9.67999999999995
2013,44,0.0,-6.71999999999997
2013,45,0.0,-5.609999999999957
2013,46,0.0,-8.979999999999961
2013,47,1.01,-4.519999999999982
2013,48,0.0,-1.2199999999999704
2013,49,0.52,-5.269999999999982
2013,50,0.0,-6.2099999999999795
2013,51,0.72,-3.4699999999999704
2013,52,1.26,-6.17999999999995
2013,53,0.36,-8.229999999999961
2013,54,0.0,-7.899999999999977
2013,55,6.81,-6.609999999999957
2013,56,0.47,-9.699999999999989
2013,57,4.49,-6.3700000000000045
2013,58,0.47,-9.089999999999975
2013,59,0.21,-8.409999999999968
2013,60,1.8,-5.409999999999968
2013,61,2.28,-1.3599999999999568
2013,62,0.0,1.7200000000000273
2013,63,0.11,-0.029999999999972715
2013,64,0.17,-6.25
2013,65,0.0,0.32000000000005
2013,66,0.0,1.9300000000000068
2013,67,0.0,2.7800000000000296
2013,68,5.43,0.2300000000000182
2013,69,0.0,-4.109999999999957
2013,70,1.97,0.2300000000000182
2013,71,1.05,0.2400000000000091
2013,72,0.0,3.670000000000016
2013,73,0.0,5.910000000000025
2013,74,0.0,8.660000000000025
2013,75,0.29,7.340000000000032
2013,76,0.52,4.310000000000002
2013,77,0.0,-0.0999999999999659
2013,78,0.0,0.12999999999999545
2013,79,0.0,1.490000000000009
2013,80,0.0,3.75
2013,81,0.0,-0.01999999999998181
2013,82,4.37,-6.229999999999961
2013,83,0.97,-10.509999999999991
2013,84,1.3,-11.069999999999993
2013,85,0.0,-3.7199999999999704
2013,86,0.37,2.1100000000000136
2013,87,0.0,3.590000000000032
2013,88,0.0,4.580000000000041
2013,89,0.0,4.350000000000023
2013,90,0.0,3.4700000000000273
2013,91,0.0,4.7900000000000205
2013,92,1.26,1.6400000000000432
2013,93,1.1,1.07000000000005
2013,94,0.0,4.110000000000014
2013,95,0.0,7.189999999999998
2013,96,0.0,5.510000000000048
2013,97,0.01,5.160000000000025
2013,98,0.03,5.830000000000041
2013,99,1.4,-1.6899999999999977
2013,100,0.15,-7.310000000000002
2013,101,0.39,0.6700000000000159
2013,102,0.0,2.6000000000000227
2013,103,0.0,4.890000000000043
2013,104,1.8,4.03000000000003
2013,105,0.7,2.6100000000000136
2013,106,0.46,1.7200000000000273
2013,107,4.47,-0.38999999999998636
2013,108,0.44,-6.42999999999995
2013,109,0.26,-2.2899999999999636
2013,110,0.06,2.0600000000000023
2013,111,0.13,3.390000000000043
2013,112,0.32,5.170000000000016
2013,113,6.19,-4.009999999999991
2013,114,0.35,-4.859999999999957
2013,115,0.0,0.6800000000000068
2013,116,0.0,4.740000000000009
2013,117,0.0,6.439999999999998
2013,118,0.0,9.439999999999998
2013,119,0.0,9.480000000000018
2013,120,0.0,10.870000000000005
2013,121,11.45,2.6299999999999955
2013,122,3.7,-5.25
2013,123,0.0,-0.6599999999999682
2013,124,0.09,2.900000000000034
2013,125,0.0,3.2000000000000455
2013,126,1.42,6.550000000000011
2013,127,0.69,8.520000000000039
2013,128,7.99,7.240000000000009
2013,129,26.56,5.25
2013,130,1.43,5.640000000000043
2013,131,0.6,7.0400000000000205
2013,132,0.23,10.0
2013,133,0.0,13.330000000000041
2013,134,0.77,15.410000000000025
2013,135,0.76,14.629999999999995
2013,136,0.28,13.150000000000034
2013,137,0.02,14.28000000000003
2013,138,0.24,12.920000000000016
2013,139,0.02,8.29000000000002
2013,140,0.93,7.25
2013,141,0.64,7.3700000000000045
2013,142,0.01,10.580000000000041
2013,143,1.14,12.110000000000014
2013,144,0.0,13.560000000000002
2013,145,0.0,14.700000000000045
2013,146,0.0,15.550000000000011
2013,147,0.0,14.800000000000011
2013,148,0.21,13.670000000000016
2013,149,2.55,11.400000000000034
2013,150,0.02,8.520000000000039
2013,151,0.0,8.480000000000018
2013,152,0.0,8.810000000000002
2013,153,0.0,12.5
2013,154,0.0,17.30000000000001
2013,155,0.26,16.210000000000036
2013,156,0.31,13.020000000000039
2013,157,0.05,12.510000000000048
2013,158,1.06,14.879999999999995
2013,159,0.0,16.410000000000025
2013,160,0.0,15.840000000000032
2013,161,0.0,20.760000000000048
2013,162,0.02,21.29000000000002
2013,163,0.0,19.28000000000003
2013,164,0.0,20.77000000000004
2013,165,0.13,20.010000000000048
2013,166,0.12,18.170000000000016
2013,167,1.38,18.02000000000004
2013,168,2.93,16.79000000000002
2013,169,2.48,17.29000000000002
2013,170,0.13,17.83000000000004
2013,171,0.0,19.129999999999995
2013,172,0.0,19.160000000000025
2013,173,0.0,18.400000000000034
2013,174,0.13,17.200000000000045
2013,175,0.0,17.720000000000027
2013,176,0.0,18.100000000000023
2013,177,0.0,20.060000000000002
2013,178,0.0,22.090000000000032
2013,179,0.06,22.210000000000036
2013,180,5.26,20.52000000000004
2013,181,0.94,18.74000000000001
2013,182,5.53,16.450000000000045
2013,183,3.12,15.460000000000036
2013,184,0.7,16.689999999999998
2013,185,1.87,18.74000000000001
2013,186,6.53,19.379999999999995
2013,187,6.63,19.840000000000032
2013,188,5.18,19.810000000000002
2013,189,2.68,20.840000000000032
2013,190,0.18,21.460000000000036
2013,191,0.21,21.110000000000014
2013,192,0.0,21.460000000000036
2013,193,4.42,21.590000000000032
2013,194,2.76,20.460000000000036
2013,195,0.1,18.950000000000045
2013,196,10.21,16.32000000000005
2013,197,0.02,15.170000000000016
2013,198,0.0,16.560000000000002
2013,199,0.01,19.879999999999995
2013,200,9.46,19.170000000000016
2013,201,0.49,18.74000000000001
2013,202,0.0,19.860000000000014
2013,203,0.02,20.720000000000027
2013,204,0.0,21.379999999999995
2013,205,13.23,19.74000000000001
2013,206,0.1,17.680000000000007
2013,207,0.68,16.07000000000005
2013,208,1.83,18.010000000000048
2013,209,1.72,14.840000000000032
2013,210,1.15,15.57000000000005
2013,211,1.27,16.680000000000007
2013,212,0.41,18.390000000000043
2013,213,1.13,18.600000000000023
2013,214,0.0,18.310000000000002
2013,215,12.6,18.640000000000043
2013,216,0.6,18.590000000000032
2013,217,1.3,19.04000000000002
2013,218,0.33,18.0
2013,219,4.52,14.970000000000027
2013,220,0.64,14.470000000000027
2013,221,17.68,13.910000000000025
2013,222,3.06,15.770000000000039
2013,223,1.2,16.160000000000025
2013,224,2.13,15.920000000000016
2013,225,0.01,15.110000000000014
2013,226,9.5,15.129999999999995
2013,227,0.02,16.680000000000007
2013,228,0.0,17.730000000000018
2013,229,0.0,19.340000000000032
2013,230,0.22,19.430000000000007
2013,231,0.0,18.75
2013,232,0.0,19.950000000000045
2013,233,0.2,20.57000000000005
2013,234,0.89,19.07000000000005
2013,235,36.45,18.49000000000001
2013,236,0.26,17.99000000000001
2013,237,0.02,18.02000000000004
2013,238,0.02,18.390000000000043
2013,239,0.24,19.99000000000001
2013,240,0.0,20.450000000000045
2013,241,0.5,20.310000000000002
2013,242,0.35,19.920000000000016
2013,243,0.98,20.170000000000016
2013,244,12.22,17.30000000000001
2013,245,1.56,18.5
2013,246,0.08,19.220000000000027
2013,247,0.35,20.410000000000025
2013,248,0.0,20.80000000000001
2013,249,0.0,20.620000000000005
2013,250,0.01,20.110000000000014
2013,251,0.7,19.640000000000043
2013,252,0.14,18.32000000000005
2013,253,4.54,14.970000000000027
2013,254,9.46,12.990000000000009
2013,255,5.89,12.060000000000002
2013,256,24.11,13.830000000000041
2013,257,0.4,14.03000000000003
2013,258,20.86,12.350000000000023
2013,259,9.68,12.560000000000002
2013,260,2.09,15.360000000000014
2013,261,0.25,16.660000000000025
2013,262,1.44,13.620000000000005
2013,263,0.0,11.29000000000002
2013,264,0.02,14.260000000000048
2013,265,0.33,15.330000000000041
2013,266,9.7,10.490000000000009
2013,267,0.0,10.04000000000002
2013,268,0.0,13.590000000000032
2013,269,0.0,13.770000000000039
2013,270,0.29,11.980000000000018
2013,271,0.26,6.590000000000032
2013,272,0.0,10.470000000000027
2013,273,0.0,13.010000000000048
2013,274,0.0,14.260000000000048
2013,275,0.0,13.189999999999998
2013,276,0.0,12.140000000000043
2013,277,0.85,5.980000000000018
2013,278,0.0,1.9600000000000364
2013,279,0.0,6.410000000000025
2013,280,0.0,10.850000000000023
2013,281,0.0,13.610000000000014
2013,282,0.0,11.210000000000036
2013,283,0.35,9.120000000000005
2013,284,0.0,6.080000000000041
2013,285,0.0,5.480000000000018
2013,286,0.0,7.260000000000048
2013,287,1.16,7.980000000000018
2013,288,0.35,1.5600000000000023
2013,289,0.0,1.25
2013,290,0.0,2.7200000000000273
2013,291,3.23,0.160000000000025
2013,292,0.0,1.7600000000000477
2013,293,0.0,4.430000000000007
2013,294,0.39,2.400000000000034
2013,295,0.03,5.25
2013,296,0.0,7.670000000000016
2013,297,0.0,7.910000000000025
2013,298,0.0,8.270000000000039
2013,299,0.0,7.390000000000043
2013,300,0.0,7.189999999999998
2013,301,0.0,7.220000000000027
2013,302,0.0,4.400000000000034
2013,303,0.96,3.340000000000032
2013,304,0.33,1.2800000000000296
2013,305,0.0,0.9900000000000091
2013,306,0.0,3.3799999999999955
2013,307,0.0,7.07000000000005
2013,308,0.0,2.0100000000000477
2013,309,0.54,-0.7399999999999523
2013,310,0.0,-2.4799999999999613
2013,311,0.0,1.7200000000000273
2013,312,0.0,5.730000000000018
2013,313,0.0,5.850000000000023
2013,314,0.0,6.490000000000009
2013,315,0.0,5.900000000000034
2013,316,0.0,3.660000000000025
2013,317,0.0,5.650000000000034
2013,318,0.0,4.939999999999998
2013,319,0.0,3.340000000000032
2013,320,0.0,2.75
2013,321,0.31,1.32000000000005
2013,322,0.0,2.3700000000000045
2013,323,0.0,4.330000000000041
2013,324,0.0,3.0400000000000205
2013,325,1.86,-0.38999999999998636
2013,326,0.77,-8.20999999999998
2013,327,0.45,-4.669999999999959
2013,328,1.1,-2.1200000000000045
2013,329,0.42,-2.8799999999999955
2013,330,0.0,-4.599999999999966
2013,331,0.0,-2.669999999999959
2013,332,0.0,-0.5499999999999545
2013,333,0.0,-0.6099999999999568
2013,334,0.0,-1.6299999999999955
2013,335,0.0,-2.3899999999999864
2013,336,0.0,0.05000000000001137
2013,337,0.0,0.27000000000003865
2013,338,4.91,-10.399999999999977
2013,339,0.26,-15.149999999999977
2013,340,0.0,-16.620000000000005
2013,341,0.51,-12.45999999999998
2013,342,0.0,-9.92999999999995
2013,343,0.01,-16.739999999999952
2013,344,0.01,-10.279999999999973
2013,345,0.0,-7.139999999999986
2013,346,0.22,-2.5399999999999636
2013,347,0.0,-1.1200000000000045
2013,348,0.0,-5.2099999999999795
2013,349,0.0,-2.0
2013,350,0.0,1.660000000000025
2013,351,0.0,1.7800000000000296
2013,352,0.0,3.8100000000000023
2013,353,0.0,3.230000000000018
2013,354,0.0,-0.08999999999997499
2013,355,0.0,-2.6499999999999773
2013,356,0.72,-6.069999999999993
2013,357,0.0,-5.489999999999952
2013,358,0.0,-0.589999999999975
2013,359,0.0,-4.489999999999952
2013,360,0.0,-0.5999999999999659
2013,361,0.0,0.8600000000000136
2013,362,0.06,2.5200000000000387
2013,363,2.58,-4.489999999999952
2013,364,0.14,-4.060000000000002
2013,365,0.19,-1.5600000000000023
2014,1,0.0,-1.849999999999966
2014,2,0.0,-3.2899999999999636
2014,3,0.0,1.0100000000000477
2014,4,1.04,-3.2999999999999545
2014,5,0.0,-13.379999999999995
2014,6,0.64,-12.229999999999961
2014,7,0.03,-2.819999999999993
2014,8,0.0,-3.409999999999968
2014,9,0.0,-4.2999999999999545
2014,10,0.02,-6.71999999999997
2014,11,1.96,-3.9699999999999704
2014,12,0.69,-1.079999999999984
2014,13,0.0,-7.519999999999982
2014,14,0.0,-5.019999999999982
2014,15,0.02,-3.6399999999999864
2014,16,0.0,-2.819999999999993
2014,17,0.0,-5.189999999999998
2014,18,0.0,-2.9699999999999704
2014,19,0.0,-0.6699999999999591
2014,20,0.0,-1.2799999999999727
2014,21,0.0,-2.1499999999999773
2014,22,0.0,-0.8299999999999841
2014,23,0.9,-7.21999999999997
2014,24,0.17,-4.579999999999984
2014,25,0.0,0.9800000000000182
2014,26,0.0,1.82000000000005
2014,27,0.14,-4.089999999999975
2014,28,4.52,-10.769999999999982
2014,29,1.0,-5.849999999999966
2014,30,0.8,0.57000000000005
2014,31,5.3,-2.3899999999999864
2014,32,3.02,-5.909999999999968
2014,33,0.73,-10.120000000000005
2014,34,0.03,-7.189999999999998
2014,35,2.1,-9.229999999999961
2014,36,0.03,-15.539999999999964
2014,37,0.15,-12.759999999999991
2014,38,0.0,-6.699999999999989
2014,39,0.17,-4.539999999999964
2014,40,0.79,-0.589999999999975
2014,41,2.73,-1.599999999999966
2014,42,0.48,-4.6200000000000045
2014,43,0.01,-4.239999999999952
2014,44,0.0,0.410000000000025
2014,45,0.02,0.36000000000001364
2014,46,0.0,3.670000000000016
2014,47,0.0,4.010000000000048
2014,48,0.0,2.5400000000000205
2014,49,0.0,3.430000000000007
2014,50,0.0,2.6200000000000045
2014,51,0.12,-5.819999999999993
2014,52,0.0,-6.159999999999968
2014,53,0.02,-3.2899999999999636
2014,54,0.0,-1.8599999999999568
2014,55,0.0,0.9900000000000091
2014,56,0.0,2.480000000000018
2014,57,0.0,-2.2299999999999613
2014,58,0.0,1.490000000000009
2014,59,0.0,2.390000000000043
2014,60,0.04,3.6100000000000136
2014,61,0.0,2.1000000000000227
2014,62,0.0,1.3900000000000432
2014,63,0.0,2.670000000000016
2014,64,4.14,0.1400000000000432
2014,65,0.0,0.7000000000000455
2014,66,4.14,3.0500000000000114
2014,67,2.89,-1.7099999999999795
2014,68,0.05,2.1299999999999955
2014,69,0.0,6.230000000000018
2014,70,1.97,2.090000000000032
2014,71,0.49,-5.609999999999957
2014,72,0.0,-1.2799999999999727
2014,73,0.0,0.29000000000002046
2014,74,0.03,-0.3499999999999659
2014,75,0.0,-0.39999999999997726
2014,76,0.0,4.5
2014,77,0.06,-0.9799999999999613
2014,78,0.0,-2.0600000000000023
2014,79,0.0,2.140000000000043
2014,80,0.0,3.3500000000000227
2014,81,2.35,1.1000000000000227
2014,82,0.7,-0.5600000000000023
2014,83,0.0,-0.009999999999990905
2014,84,0.0,2.0600000000000023
2014,85,0.0,5.920000000000016
2014,86,0.0,3.4700000000000273
2014,87,0.0,0.8900000000000432
2014,88,0.0,0.12000000000000455
2014,89,0.0,4.6200000000000045
2014,90,0.0,2.5600000000000023
2014,91,0.0,1.6100000000000136
2014,92,0.0,3.580000000000041
2014,93,10.93,-0.9099999999999682
2014,94,4.61,-2.5299999999999727
2014,95,0.34,1.8100000000000023
2014,96,1.4,1.25
2014,97,0.06,0.6100000000000136
2014,98,0.0,3.640000000000043
2014,99,0.0,8.590000000000032
2014,100,0.0,9.210000000000036
2014,101,0.0,9.32000000000005
2014,102,0.01,10.330000000000041
2014,103,4.55,4.510000000000048
2014,104,2.81,-6.669999999999959
2014,105,0.0,1.2200000000000273
2014,106,0.94,4.140000000000043
2014,107,4.7,3.090000000000032
2014,108,0.0,9.210000000000036
2014,109,0.72,9.800000000000011
2014,110,9.31,9.090000000000032
2014,111,0.44,9.29000000000002
2014,112,0.0,9.75
2014,113,0.01,10.82000000000005
2014,114,0.15,3.32000000000005
2014,115,0.0,8.28000000000003
2014,116,0.0,10.629999999999995
2014,117,0.56,5.470000000000027
2014,118,0.04,0.910000000000025
2014,119,0.34,-1.009999999999991
2014,120,0.07,-0.4399999999999977
2014,121,0.0,0.7400000000000091
2014,122,0.0,5.670000000000016
2014,123,0.0,11.129999999999995
2014,124,0.0,13.32000000000005
2014,125,0.0,13.140000000000043
2014,126,0.0,12.590000000000032
2014,127,0.0,10.54000000000002
2014,128,4.14,4.660000000000025
2014,129,0.73,5.230000000000018
2014,130,0.04,7.520000000000039
2014,131,12.66,6.4500000000000455
2014,132,5.2,-2.839999999999975
2014,133,1.03,-3.7399999999999523
2014,134,1.41,0.4900000000000091
2014,135,0.04,4.2900000000000205
2014,136,0.0,8.53000000000003
2014,137,0.36,9.830000000000041
2014,138,0.0,13.560000000000002
2014,139,0.0,14.610000000000014
2014,140,0.0,13.850000000000023
2014,141,0.02,13.0
2014,142,3.21,12.5
2014,143,2.31,12.370000000000005
2014,144,12.09,12.210000000000036
2014,145,16.51,11.480000000000018
2014,146,0.68,11.07000000000005
2014,147,1.16,13.830000000000041
2014,148,0.16,16.03000000000003
2014,149,1.57,17.05000000000001
2014,150,7.32,15.189999999999998
2014,151,0.84,13.990000000000009
2014,152,0.0,16.090000000000032
2014,153,0.0,14.29000000000002
2014,154,0.0,17.53000000000003
2014,155,0.0,17.03000000000003
2014,156,0.21,15.510000000000048
2014,157,4.16,15.939999999999998
2014,158,0.83,14.25
2014,159,9.63,13.370000000000005
2014,160,6.4,8.490000000000009
2014,161,0.0,13.480000000000018
2014,162,0.67,16.010000000000048
2014,163,0.25,13.330000000000041
2014,164,1.35,16.03000000000003
2014,165,0.76,15.720000000000027
2014,166,0.0,11.650000000000034
2014,167,0.0,15.200000000000045
2014,168,0.0,16.180000000000007
2014,169,0.0,16.060000000000002
2014,170,0.64,13.730000000000018
2014,171,0.0,16.410000000000025
2014,172,0.0,18.24000000000001
2014,173,0.58,16.54000000000002
2014,174,0.73,15.410000000000025
2014,175,2.21,16.590000000000032
2014,176,1.69,17.610000000000014
2014,177,0.0,18.460000000000036
2014,178,0.05,17.310000000000002
2014,179,0.37,14.020000000000039
2014,180,0.0,17.24000000000001
2014,181,0.0,20.04000000000002
2014,182,0.0,14.980000000000018
2014,183,0.0,14.810000000000002
2014,184,0.13,17.730000000000018
2014,185,2.89,19.08000000000004
2014,186,0.03,18.810000000000002
2014,187,0.05,20.390000000000043
2014,188,0.34,20.660000000000025
2014,189,2.12,17.629999999999995
2014,190,0.48,19.100000000000023
2014,191,1.45,19.74000000000001
2014,192,13.11,20.24000000000001
2014,193,2.26,18.600000000000023
2014,194,9.71,17.810000000000002
2014,195,2.4,18.180000000000007
2014,196,5.63,17.07000000000005
2014,197,4.03,16.99000000000001
2014,198,11.54,14.090000000000032
2014,199,0.76,16.980000000000018
2014,200,1.38,18.939999999999998
2014,201,1.31,20.140000000000043
2014,202,0.3,20.700000000000045
2014,203,1.3,21.430000000000007
2014,204,1.62,21.230000000000018
2014,205,0.1,21.08000000000004
2014,206,6.86,20.439999999999998
2014,207,1.55,20.230000000000018
2014,208,3.02,18.52000000000004
2014,209,14.09,16.83000000000004
2014,210,5.26,15.740000000000009
2014,211,6.33,12.689999999999998
2014,212,14.63,12.640000000000043
2014,213,2.57,12.930000000000007
2014,214,0.77,13.720000000000027
2014,215,0.02,16.54000000000002
2014,216,1.29,18.110000000000014
2014,217,3.33,16.610000000000014
2014,218,0.34,16.920000000000016
2014,219,0.45,17.260000000000048
2014,220,1.78,16.75
2014,221,0.63,17.140000000000043
2014,222,7.64,14.900000000000034
2014,223,2.34,15.240000000000009
2014,224,0.02,17.439999999999998
2014,225,1.35,18.80000000000001
2014,226,10.07,18.30000000000001
2014,227,0.9,17.189999999999998
2014,228,1.13,18.060000000000002
2014,229,0.61,18.810000000000002
2014,230,0.28,19.370000000000005
2014,231,1.59,18.100000000000023
2014,232,0.0,17.439999999999998
2014,233,0.43,16.58000000000004
2014,234,4.14,16.04000000000002
2014,235,0.04,14.430000000000007
2014,236,0.0,14.460000000000036
2014,237,1.09,15.550000000000011
2014,238,0.2,16.28000000000003
2014,239,0.92,15.090000000000032
2014,240,4.36,13.020000000000039
2014,241,1.07,13.260000000000048
2014,242,0.99,15.170000000000016
2014,243,0.01,16.150000000000034
2014,244,0.0,14.300000000000011
2014,245,0.0,15.600000000000023
2014,246,0.0,18.200000000000045
2014,247,0.08,18.57000000000005
2014,248,20.59,12.930000000000007
2014,249,3.28,12.760000000000048
2014,250,3.0,14.950000000000045
2014,251,0.51,15.400000000000034
2014,252,2.26,14.03000000000003
2014,253,2.3,12.480000000000018
2014,254,0.21,12.850000000000023
2014,255,0.22,5.9500000000000455
2014,256,0.0,10.400000000000034
2014,257,0.01,14.53000000000003
2014,258,0.05,15.430000000000007
2014,259,0.0,15.730000000000018
2014,260,0.0,16.810000000000002
2014,261,0.0,16.310000000000002
2014,262,0.0,17.5
2014,263,0.46,17.150000000000034
2014,264,8.22,14.010000000000048
2014,265,1.58,13.600000000000023
2014,266,0.08,14.330000000000041
2014,267,0.08,14.580000000000041
2014,268,0.0,15.920000000000016
2014,269,0.0,17.03000000000003
2014,270,0.0,16.900000000000034
2014,271,3.02,14.28000000000003
2014,272,6.97,12.450000000000045
2014,273,0.18,8.410000000000025
2014,274,0.29,8.110000000000014
2014,275,1.22,5.680000000000007
2014,276,0.0,6.110000000000014
2014,277,0.0,8.600000000000023
2014,278,0.0,9.680000000000007
2014,279,0.0,10.32000000000005
2014,280,0.0,12.340000000000032
2014,281,0.0,13.220000000000027
2014,282,12.37,11.200000000000045
2014,283,6.39,6.970000000000027
2014,284,0.08,7.920000000000016
2014,285,4.62,7.650000000000034
2014,286,3.85,2.57000000000005
2014,287,0.0,6.890000000000043
2014,288,0.0,12.140000000000043
2014,289,0.0,12.25
2014,290,0.0,10.330000000000041
2014,291,0.0,9.660000000000025
2014,292,0.0,11.79000000000002
2014,293,0.0,10.700000000000045
2014,294,0.0,11.189999999999998
2014,295,0.13,10.610000000000014
2014,296,0.0,9.300000000000011
2014,297,0.0,12.050000000000011
2014,298,0.0,12.680000000000007
2014,299,0.0,11.830000000000041
2014,300,0.0,7.82000000000005
2014,301,0.0,3.3700000000000045
2014,302,0.0,5.810000000000002
2014,303,0.0,6.5400000000000205
2014,304,0.0,6.180000000000007
2014,305,0.0,9.54000000000002
2014,306,0.02,8.670000000000016
2014,307,0.0,4.260000000000048
2014,308,0.0,1.07000000000005
2014,309,0.0,4.82000000000005
2014,310,0.0,7.390000000000043
2014,311,0.0,8.980000000000018
2014,312,0.04,4.939999999999998
2014,313,0.02,7.670000000000016
2014,314,0.13,6.890000000000043
2014,315,0.58,-5.669999999999959
2014,316,1.33,-21.20999999999998
2014,317,0.28,-15.099999999999966
2014,318,0.32,-1.25
2014,319,0.02,-2.0
2014,320,1.6,-10.729999999999961
2014,321,0.16,-9.379999999999995
2014,322,0.0,-6.229999999999961
2014,323,0.0,-3.0299999999999727
2014,324,0.0,-1.9099999999999682
2014,325,0.0,-0.12000000000000455
2014,326,0.0,1.5900000000000318
2014,327,0.15,-0.03999999999996362
2014,328,0.02,-7.899999999999977
2014,329,0.0,-5.439999999999998
2014,330,0.0,-0.2799999999999727
2014,331,0.05,3.2000000000000455
2014,332,0.0,4.730000000000018
2014,333,0.0,4.260000000000048
2014,334,0.0,3.9700000000000273
2014,335,0.0,-3.6999999999999886
2014,336,0.0,1.4600000000000364
2014,337,0.0,3.0300000000000296
2014,338,0.0,3.180000000000007
2014,339,0.0,2.6100000000000136
2014,340,0.0,2.2700000000000387
2014,341,0.0,2.840000000000032
2014,342,0.0,2.3700000000000045
2014,343,0.0,3.6299999999999955
2014,344,0.0,4.2000000000000455
2014,345,0.0,3.930000000000007
2014,346,0.0,4.660000000000025
2014,347,0.0,5.1299999999999955
2014,348,1.15,1.2300000000000182
2014,349,1.77,-3.0399999999999636
2014,350,0.06,-2.599999999999966
2014,351,0.45,-0.44999999999998863
2014,352,0.04,-2.5399999999999636
2014,353,0.5,-3.2899999999999636
2014,354,0.0,-2.6999999999999886
2014,355,0.0,-1.1200000000000045
2014,356,1.4,-0.8100000000000023
2014,357,0.19,-6.849999999999966
2014,358,0.1,-5.6200000000000045
2014,359,0.1,-1.1499999999999773
2014,360,1.08,-9.120000000000005
2014,361,0.16,-12.21999999999997
2014,362,0.08,-9.299999999999955
2014,363,1.65,-9.75
2014,364,0.0,-19.039999999999964
2014,365,0.01,-14.829999999999984
2015,1,3.08,-9.799999999999955
2015,2,1.85,-7.599999999999966
2015,3,0.11,-5.919999999999959
2015,4,0.41,-7.729999999999961
2015,5,0.02,-1.3899999999999864
2015,6,0.0,3.6100000000000136
2015,7,0.0,1.650000000000034
2015,8,0.0,3.0500000000000114
2015,9,0.01,-4.839999999999975
2015,10,0.0,1.2600000000000477
2015,11,0.04,0.9200000000000159
2015,12,0.67,-1.0299999999999727
2015,13,0.11,-0.8799999999999955
2015,14,0.0,-2.519999999999982
2015,15,0.0,-1.1499999999999773
2015,16,0.0,2.0500000000000114
2015,17,0.0,1.5300000000000296
2015,18,0.0,1.4600000000000364
2015,19,0.0,2.57000000000005
2015,20,0.0,-0.1099999999999568
2015,21,4.1,-4.859999999999957
2015,22,0.0,-10.019999999999982
2015,23,0.0,-5.599999999999966
2015,24,0.0,-1.5600000000000023
2015,25,0.32,1.5400000000000205
2015,26,0.0,4.189999999999998
2015,27,0.0,6.340000000000032
2015,28,0.0,3.7900000000000205
2015,29,0.0,0.6400000000000432
2015,30,0.0,1.75
2015,31,0.68,1.420000000000016
2015,32,0.03,-2.159999999999968
2015,33,0.0,-1.7199999999999704
2015,34,0.0,-0.9799999999999613
2015,35,0.0,0.5400000000000205
2015,36,0.0,0.6899999999999977
2015,37,0.0,4.840000000000032
2015,38,0.0,5.8700000000000045
2015,39,0.0,5.25
2015,40,0.0,3.6100000000000136
2015,41,0.0,4.3700000000000045
2015,42,6.88,0.09000000000003183
2015,43,0.0,1.7700000000000387
2015,44,0.0,3.410000000000025
2015,45,0.0,4.850000000000023
2015,46,1.13,3.75
2015,47,1.61,-4.519999999999982
2015,48,0.0,-7.659999999999968
2015,49,0.0,-3.5299999999999727
2015,50,0.0,0.35000000000002274
2015,51,0.01,1.3799999999999955
2015,52,5.23,-2.75
2015,53,2.63,-8.979999999999961
2015,54,0.95,-11.599999999999966
2015,55,0.04,-5.71999999999997
2015,56,0.03,-3.0399999999999636
2015,57,7.97,-7.089999999999975
2015,58,1.26,-11.92999999999995
2015,59,0.02,-7.7099999999999795
2015,60,0.06,-4.289999999999964
2015,61,7.02,-0.5399999999999636
2015,62,2.36,-1.259999999999991
2015,63,0.73,-7.739999999999952
2015,64,0.5,-7.919999999999959
2015,65,0.0,-1.5499999999999545
2015,66,0.0,1.670000000000016
2015,67,0.0,0.4900000000000091
2015,68,0.0,1.1200000000000045
2015,69,0.0,2.6899999999999977
2015,70,0.0,4.010000000000048
2015,71,0.0,5.550000000000011
2015,72,0.35,3.3600000000000136
2015,73,0.0,4.28000000000003
2015,74,0.0,7.0
2015,75,0.0,11.090000000000032
2015,76,0.0,6.970000000000027
2015,77,0.33,8.730000000000018
2015,78,18.72,5.310000000000002
2015,79,0.19,3.0200000000000387
2015,80,0.0,6.7900000000000205
2015,81,0.0,7.550000000000011
2015,82,0.0,7.160000000000025
2015,83,1.46,4.330000000000041
2015,84,6.33,1.9700000000000273
2015,85,0.96,-0.3100000000000023
2015,86,0.0,5.5400000000000205
2015,87,0.0,8.54000000000002
2015,88,0.0,8.730000000000018
2015,89,0.0,9.220000000000027
2015,90,0.0,9.800000000000011
2015,91,0.0,10.28000000000003
2015,92,0.0,5.5
2015,93,2.94,-0.92999999999995
2015,94,0.0,2.3600000000000136
2015,95,0.0,7.480000000000018
2015,96,0.0,8.960000000000036
2015,97,0.0,8.470000000000027
2015,98,0.0,7.710000000000036
2015,99,0.89,2.5400000000000205
2015,100,0.0,3.8100000000000023
2015,101,0.0,7.360000000000014
2015,102,0.0,8.360000000000014
2015,103,0.0,7.110000000000014
2015,104,0.0,9.129999999999995
2015,105,0.0,8.700000000000045
2015,106,7.59,0.9900000000000091
2015,107,16.16,0.5
2015,108,5.78,-1.8899999999999864
2015,109,5.25,0.4200000000000159
2015,110,0.03,1.1800000000000068
2015,111,0.01,4.230000000000018
2015,112,0.05,7.220000000000027
2015,113,0.74,8.590000000000032
2015,114,0.35,7.390000000000043
2015,115,0.3,7.2000000000000455
2015,116,11.55,6.140000000000043
2015,117,7.01,3.0100000000000477
2015,118,0.08,2.1100000000000136
2015,119,0.0,8.640000000000043
2015,120,0.0,12.07000000000005
2015,121,3.66,11.28000000000003
2015,122,0.24,11.900000000000034
2015,123,2.02,12.5
2015,124,5.47,10.240000000000009
2015,125,7.1,7.960000000000036
2015,126,2.83,9.379999999999995
2015,127,0.69,9.220000000000027
2015,128,2.82,7.650000000000034
2015,129,12.18,7.2000000000000455
2015,130,15.11,0.5300000000000296
2015,131,2.31,2.8100000000000023
2015,132,0.0,8.370000000000005
2015,133,0.79,10.800000000000011
2015,134,2.17,10.110000000000014
2015,135,4.15,11.350000000000023
2015,136,1.12,8.0
2015,137,0.55,7.720000000000027
2015,138,9.83,8.400000000000034
2015,139,20.98,6.910000000000025
2015,140,0.18,7.0400000000000205
2015,141,0.12,7.910000000000025
2015,142,8.52,9.140000000000043
2015,143,4.28,9.450000000000045
2015,144,1.32,7.800000000000011
2015,145,1.96,8.189999999999998
2015,146,0.51,9.700000000000045
2015,147,0.57,11.900000000000034
2015,148,0.14,13.360000000000014
2015,149,0.78,10.770000000000039
2015,150,1.57,10.520000000000039
2015,151,0.0,14.79000000000002
2015,152,1.36,17.189999999999998
2015,153,0.0,16.950000000000045
2015,154,0.04,16.890000000000043
2015,155,0.01,15.850000000000023
2015,156,4.81,15.100000000000023
2015,157,3.98,14.629999999999995
2015,158,0.19,14.29000000000002
2015,159,0.25,15.060000000000002
2015,160,0.0,17.30000000000001
2015,161,2.78,16.83000000000004
2015,162,7.25,15.0
2015,163,9.84,12.890000000000043
2015,164,0.7,15.129999999999995
2015,165,2.9,15.680000000000007
2015,166,6.81,15.840000000000032
2015,167,3.26,16.439999999999998
2015,168,1.01,18.25
2015,169,1.03,19.5
2015,170,0.0,19.710000000000036
2015,171,0.0,21.03000000000003
2015,172,0.0,21.180000000000007
2015,173,0.0,21.79000000000002
2015,174,0.0,20.189999999999998
2015,175,2.89,21.55000000000001
2015,176,0.89,20.180000000000007
2015,177,0.41,19.25
2015,178,0.0,17.79000000000002
2015,179,0.96,19.55000000000001
2015,180,0.04,19.350000000000023
2015,181,0.22,19.600000000000023
2015,182,4.85,20.850000000000023
2015,183,2.87,18.160000000000025
2015,184,0.63,17.930000000000007
2015,185,4.81,20.0
2015,186,0.97,20.78000000000003
2015,187,5.92,17.30000000000001
2015,188,12.1,14.260000000000048
2015,189,2.66,13.860000000000014
2015,190,7.05,13.740000000000009
2015,191,11.56,16.29000000000002
2015,192,0.65,17.140000000000043
2015,193,0.0,18.470000000000027
2015,194,2.07,19.879999999999995
2015,195,1.85,18.939999999999998
2015,196,0.93,16.730000000000018
2015,197,0.86,17.390000000000043
2015,198,1.83,18.57000000000005
2015,199,0.44,18.370000000000005
2015,200,2.93,17.230000000000018
2015,201,2.3,17.150000000000034
2015,202,8.46,16.680000000000007
2015,203,0.81,16.99000000000001
2015,204,0.0,19.100000000000023
2015,205,0.0,20.80000000000001
2015,206,0.01,19.090000000000032
2015,207,0.25,19.930000000000007
2015,208,0.0,20.49000000000001
2015,209,0.0,19.650000000000034
2015,210,0.55,17.58000000000004
2015,211,0.09,18.29000000000002
2015,212,2.4,19.02000000000004
2015,213,0.8,19.060000000000002
2015,214,0.49,19.670000000000016
2015,215,0.52,18.970000000000027
2015,216,1.34,18.010000000000048
2015,217,0.0,18.930000000000007
2015,218,0.0,20.420000000000016
2015,219,0.0,19.640000000000043
2015,220,0.0,18.49000000000001
2015,221,0.0,18.180000000000007
2015,222,3.52,17.980000000000018
2015,223,17.24,17.680000000000007
2015,224,2.05,18.810000000000002
2015,225,1.83,20.340000000000032
2015,226,9.87,20.860000000000014
2015,227,5.99,21.27000000000004
2015,228,1.79,20.03000000000003
2015,229,0.56,18.82000000000005
2015,230,0.85,16.370000000000005
2015,231,0.96,11.470000000000027
2015,232,0.0,14.330000000000041
2015,233,0.0,17.640000000000043
2015,234,0.15,19.07000000000005
2015,235,0.7,15.879999999999995
2015,236,0.37,18.670000000000016
2015,237,1.62,19.379999999999995
2015,238,0.24,20.230000000000018
2015,239,0.31,18.260000000000048
2015,240,1.6,16.450000000000045
2015,241,0.0,17.27000000000004
2015,242,0.0,19.189999999999998
2015,243,0.34,19.160000000000025
2015,244,0.63,17.220000000000027
2015,245,0.72,18.590000000000032
2015,246,0.71,17.860000000000014
2015,247,0.42,17.05000000000001
2015,248,0.07,17.700000000000045
2015,249,0.0,16.670000000000016
2015,250,0.03,17.110000000000014
2015,251,0.0,16.03000000000003
2015,252,0.0,16.189999999999998
2015,253,0.0,17.150000000000034
2015,254,0.0,14.370000000000005
2015,255,0.0,15.640000000000043
2015,256,0.0,17.74000000000001
2015,257,0.0,17.760000000000048
2015,258,0.0,16.610000000000014
2015,259,0.0,15.860000000000014
2015,260,0.0,15.78000000000003
2015,261,0.0,13.420000000000016
2015,262,0.0,11.710000000000036
2015,263,0.0,13.910000000000025
2015,264,0.0,16.379999999999995
2015,265,0.0,17.890000000000043
2015,266,0.54,16.02000000000004
2015,267,0.0,15.650000000000034
2015,268,0.0,15.689999999999998
2015,269,0.0,16.680000000000007
2015,270,0.0,17.360000000000014
2015,271,0.0,17.32000000000005
2015,272,4.94,15.270000000000039
2015,273,0.13,15.700000000000045
2015,274,1.16,15.970000000000027
2015,275,1.4,16.379999999999995
2015,276,0.0,12.520000000000039
2015,277,0.42,11.220000000000027
2015,278,0.16,12.060000000000002
2015,279,6.4,12.32000000000005
2015,280,0.57,11.340000000000032
2015,281,0.0,12.25
2015,282,0.0,11.54000000000002
2015,283,0.0,14.640000000000043
2015,284,0.0,15.710000000000036
2015,285,0.0,13.850000000000023
2015,286,0.0,13.650000000000034
2015,287,0.0,14.100000000000023
2015,288,0.0,13.0
2015,289,0.0,9.689999999999998
2015,290,0.0,13.470000000000027
2015,291,0.88,13.060000000000002
2015,292,0.15,12.510000000000048
2015,293,0.0,10.810000000000002
2015,294,3.96,7.430000000000007
2015,295,13.13,4.850000000000023
2015,296,0.82,5.8799999999999955
2015,297,0.05,5.78000000000003
2015,298,0.0,7.6299999999999955
2015,299,0.18,8.970000000000027
2015,300,0.0,6.230000000000018
2015,301,0.0,3.7900000000000205
2015,302,0.0,6.6299999999999955
2015,303,0.79,5.330000000000041
2015,304,0.1,4.420000000000016
2015,305,0.0,7.2900000000000205
2015,306,0.0,8.800000000000011
2015,307,0.0,9.350000000000023
2015,308,0.0,7.610000000000014
2015,309,0.17,0.4600000000000364
2015,310,0.0,-1.1399999999999864
2015,311,0.0,-1.0699999999999932
2015,312,0.0,4.07000000000005
2015,313,0.0,4.689999999999998
2015,314,0.0,4.080000000000041
2015,315,5.85,-0.23999999999995225
2015,316,0.0,-2.319999999999993
2015,317,0.43,1.1000000000000227
2015,318,0.18,4.170000000000016
2015,319,0.0,3.8799999999999955
2015,320,2.93,3.410000000000025
2015,321,10.31,-2.7299999999999613
2015,322,0.02,-2.6200000000000045
2015,323,0.12,-3.2199999999999704
2015,324,0.66,0.8000000000000114
2015,325,0.08,-5.42999999999995
2015,326,0.0,-0.049999999999954525
2015,327,0.0,3.0100000000000477
2015,328,0.0,0.7800000000000296
2015,329,0.0,1.0300000000000296
2015,330,0.0,-3.8700000000000045
2015,331,0.59,-9.419999999999959
2015,332,0.22,-6.6200000000000045
2015,333,0.0,-6.109999999999957
2015,334,3.45,-7.779999999999973
2015,335,0.0,-9.419999999999959
2015,336,0.0,-4.829999999999984
2015,337,0.0,-2.75
2015,338,1.06,-0.48999999999995225
2015,339,0.0,0.37999999999999545
2015,340,0.0,-0.7199999999999704
2015,341,0.0,3.6000000000000227
2015,342,0.0,3.4399999999999977
2015,343,0.0,4.75
2015,344,0.0,4.990000000000009
2015,345,0.0,4.090000000000032
2015,346,3.66,-0.7799999999999727
2015,347,0.03,-4.67999999999995
2015,348,1.66,-0.839999999999975
2015,349,0.84,-5.839999999999975
2015,350,1.46,-9.560000000000002
2015,351,0.0,-11.20999999999998
2015,352,0.33,-5.979999999999961
2015,353,0.16,0.4399999999999977
2015,354,0.07,2.0
2015,355,0.0,-2.589999999999975
2015,356,0.0,-0.8999999999999773
2015,357,0.0,-2.92999999999995
2015,358,0.0,-8.189999999999998
2015,359,1.02,-5.099999999999966
2015,360,0.0,-10.329999999999984
2015,361,0.0,-13.129999999999995
2015,362,0.34,-7.439999999999998
2015,363,0.01,-7.699999999999989
2015,364,0.0,-8.859999999999957
2015,365,0.0,-10.919999999999959
2016,1,0.0,-12.370000000000005
2016,2,0.0,-7.519999999999982
2016,3,0.0,-3.339999999999975
2016,4,0.0,-1.8999999999999773
2016,5,0.0,-1.339999999999975
2016,6,0.0,-2.8100000000000023
2016,7,0.19,-1.349999999999966
2016,8,0.08,-3.8100000000000023
2016,9,0.0,-8.009999999999991
2016,10,0.0,-9.149999999999977
2016,11,0.29,-7.599999999999966
2016,12,0.0,-3.7199999999999704
2016,13,0.57,-2.2299999999999613
2016,14,0.0,-2.3899999999999864
2016,15,0.0,-6.519999999999982
2016,16,0.0,-8.359999999999957
2016,17,0.0,-5.509999999999991
2016,18,0.0,-3.3799999999999955
2016,19,0.05,-2.0499999999999545
2016,20,0.0,-2.5600000000000023
2016,21,0.0,-5.529999999999973
2016,22,0.0,-2.7999999999999545
2016,23,0.0,1.2900000000000205
2016,24,0.0,0.9500000000000455
2016,25,0.0,-4.4599999999999795
2016,26,0.0,-7.339999999999975
2016,27,0.0,-2.7399999999999523
2016,28,0.0,0.020000000000038654
2016,29,0.0,0.9700000000000273
2016,30,0.0,2.5600000000000023
2016,31,1.37,-1.099999999999966
2016,32,6.75,-5.039999999999964
2016,33,0.99,-9.259999999999991
2016,34,0.21,-13.409999999999968
2016,35,0.05,-11.299999999999955
2016,36,0.82,-7.139999999999986
2016,37,0.0,-5.019999999999982
2016,38,0.0,-1.4699999999999704
2016,39,0.0,-2.0499999999999545
2016,40,0.0,-0.3199999999999932
2016,41,0.0,2.640000000000043
2016,42,0.0,4.710000000000036
2016,43,0.0,3.2900000000000205
2016,44,0.0,4.470000000000027
2016,45,0.0,1.2100000000000364
2016,46,0.0,-0.12999999999999545
2016,47,0.0,1.82000000000005
2016,48,0.0,3.1200000000000045
2016,49,0.0,5.140000000000043
2016,50,0.0,4.160000000000025
2016,51,0.0,3.4700000000000273
2016,52,0.0,1.0100000000000477
2016,53,1.65,-1.0600000000000023
2016,54,8.25,-4.6200000000000045
2016,55,0.01,-5.729999999999961
2016,56,1.11,-3.17999999999995
2016,57,0.0,1.650000000000034
2016,58,0.0,3.9600000000000364
2016,59,0.0,3.2000000000000455
2016,60,0.0,2.4399999999999977
2016,61,0.0,0.5
2016,62,0.03,2.5400000000000205
2016,63,0.0,2.230000000000018
2016,64,0.0,4.470000000000027
2016,65,0.0,4.82000000000005
2016,66,0.0,4.650000000000034
2016,67,0.0,2.680000000000007
2016,68,0.0,-1.6599999999999682
2016,69,0.0,-0.19999999999998863
2016,70,0.0,1.6299999999999955
2016,71,0.0,5.990000000000009
2016,72,0.0,7.25
2016,73,0.38,5.020000000000039
2016,74,0.0,4.140000000000043
2016,75,0.1,-0.2999999999999545
2016,76,0.32,-2.079999999999984
2016,77,0.0,-0.39999999999997726
2016,78,3.55,-5.389999999999986
2016,79,0.03,-8.149999999999977
2016,80,0.06,-3.329999999999984
2016,81,0.0,5.400000000000034
2016,82,0.0,6.25
2016,83,18.99,0.5300000000000296
2016,84,3.29,-3.75
2016,85,1.27,-1.1099999999999568
2016,86,3.0,-4.2099999999999795
2016,87,0.0,-4.409999999999968
2016,88,0.0,1.6299999999999955
2016,89,0.0,5.170000000000016
2016,90,1.04,0.29000000000002046
2016,91,3.89,-2.859999999999957
2016,92,0.5,-2.92999999999995
2016,93,0.0,0.7900000000000205
2016,94,0.0,5.020000000000039
2016,95,0.0,7.410000000000025
2016,96,0.25,7.670000000000016
2016,97,0.0,4.110000000000014
2016,98,0.0,7.260000000000048
2016,99,0.0,6.75
2016,100,0.0,8.03000000000003
2016,101,0.2,7.340000000000032
2016,102,0.91,5.350000000000023
2016,103,1.1,7.32000000000005
2016,104,0.16,8.57000000000005
2016,105,0.05,9.590000000000032
2016,106,1.07,8.07000000000005
2016,107,15.29,0.37999999999999545
2016,108,5.83,-3.069999999999993
2016,109,4.12,-4.839999999999975
2016,110,7.75,-2.089999999999975
2016,111,0.4,0.8600000000000136
2016,112,0.0,3.32000000000005
2016,113,0.0,6.4500000000000455
2016,114,0.0,8.79000000000002
2016,115,0.0,3.910000000000025
2016,116,0.0,5.8799999999999955
2016,117,3.49,3.650000000000034
2016,118,1.65,0.08000000000004093
2016,119,6.51,0.7100000000000364
2016,120,9.62,0.22000000000002728
2016,121,2.59,-0.12000000000000455
2016,122,0.77,-2.4399999999999977
2016,123,0.08,0.4600000000000364
2016,124,0.0,2.8600000000000136
2016,125,0.0,8.25
2016,126,0.0,8.82000000000005
2016,127,0.0,11.79000000000002
2016,128,0.78,10.03000000000003
2016,129,0.02,3.25
2016,130,0.09,4.6200000000000045
2016,131,0.03,8.550000000000011
2016,132,0.0,5.03000000000003
2016,133,0.0,7.100000000000023
2016,134,0.0,9.950000000000045
2016,135,0.0,9.29000000000002
2016,136,2.06,7.8799999999999955
2016,137,2.87,6.550000000000011
2016,138,11.49,3.0200000000000387
2016,139,2.84,2.5200000000000387
2016,140,1.01,6.900000000000034
2016,141,0.06,10.860000000000014
2016,142,0.0,12.850000000000023
2016,143,0.0,12.260000000000048
2016,144,0.0,9.5
2016,145,0.0,10.870000000000005
2016,146,0.0,9.439999999999998
2016,147,3.65,10.379999999999995
2016,148,8.89,6.8799999999999955
2016,149,0.3,7.990000000000009
2016,150,1.27,10.870000000000005
2016,151,0.05,12.460000000000036
2016,152,1.13,11.550000000000011
2016,153,2.79,10.640000000000043
2016,154,0.89,12.900000000000034
2016,155,0.0,14.410000000000025
2016,156,0.0,14.490000000000009
2016,157,0.0,15.210000000000036
2016,158,0.56,16.560000000000002
2016,159,0.91,16.77000000000004
2016,160,1.93,16.80000000000001
2016,161,0.09,17.420000000000016
2016,162,0.88,20.010000000000048
2016,163,0.0,20.04000000000002
2016,164,2.77,18.77000000000004
2016,165,8.56,16.060000000000002
2016,166,0.81,13.990000000000009
2016,167,0.0,16.620000000000005
2016,168,0.0,18.5
2016,169,0.0,19.140000000000043
2016,170,0.0,19.180000000000007
2016,171,0.0,21.410000000000025
2016,172,0.41,21.590000000000032
2016,173,7.93,22.430000000000007
2016,174,2.24,21.470000000000027
2016,175,3.69,19.470000000000027
2016,176,0.0,19.460000000000036
2016,177,1.65,19.610000000000014
2016,178,0.8,18.460000000000036
2016,179,1.81,19.260000000000048
2016,180,0.05,19.52000000000004
2016,181,0.23,19.510000000000048
2016,182,0.22,18.160000000000025
2016,183,4.7,16.400000000000034
2016,184,1.21,15.140000000000043
2016,185,0.48,16.060000000000002
2016,186,0.04,17.710000000000036
2016,187,0.11,18.910000000000025
2016,188,0.0,19.32000000000005
2016,189,0.0,19.05000000000001
2016,190,0.05,19.03000000000003
2016,191,0.0,19.730000000000018
2016,192,0.0,20.510000000000048
2016,193,0.0,19.400000000000034
2016,194,0.0,17.670000000000016
2016,195,0.0,18.850000000000023
2016,196,0.0,18.720000000000027
2016,197,0.0,19.090000000000032
2016,198,0.0,19.430000000000007
2016,199,0.0,20.470000000000027
2016,200,5.3,20.27000000000004
2016,201,4.01,20.510000000000048
2016,202,1.99,20.75
2016,203,3.25,20.860000000000014
2016,204,1.04,21.79000000000002
2016,205,0.24,21.230000000000018
2016,206,0.04,20.670000000000016
2016,207,0.01,20.390000000000043
2016,208,0.0,20.860000000000014
2016,209,0.0,20.230000000000018
2016,210,0.0,20.660000000000025
2016,211,0.06,18.379999999999995
2016,212,0.1,19.660000000000025
2016,213,1.71,20.720000000000027
2016,214,0.2,19.439999999999998
2016,215,0.0,20.860000000000014
2016,216,0.0,19.960000000000036
2016,217,0.0,19.150000000000034
2016,218,1.29,14.25
2016,219,2.03,16.970000000000027
2016,220,2.86,18.07000000000005
2016,221,6.53,18.879999999999995
2016,222,0.01,19.78000000000003
2016,223,1.81,19.680000000000007
2016,224,0.02,19.430000000000007
2016,225,0.42,16.120000000000005
2016,226,0.61,16.470000000000027
2016,227,0.0,16.900000000000034
2016,228,0.0,18.27000000000004
2016,229,0.02,17.920000000000016
2016,230,3.38,17.640000000000043
2016,231,0.77,17.30000000000001
2016,232,0.5,15.28000000000003
2016,233,1.41,13.180000000000007
2016,234,0.12,15.460000000000036
2016,235,5.08,18.25
2016,236,2.45,17.0
2016,237,5.78,14.360000000000014
2016,238,1.97,12.230000000000018
2016,239,0.0,12.870000000000005
2016,240,0.0,14.189999999999998
2016,241,0.15,15.5
2016,242,9.61,14.800000000000011
2016,243,0.29,14.07000000000005
2016,244,0.0,14.980000000000018
2016,245,0.05,16.30000000000001
2016,246,0.02,17.090000000000032
2016,247,0.0,17.02000000000004
2016,248,0.03,16.760000000000048
2016,249,0.0,16.760000000000048
2016,250,0.0,17.180000000000007
2016,251,0.0,16.730000000000018
2016,252,0.0,16.74000000000001
2016,253,0.0,15.810000000000002
2016,254,0.0,11.189999999999998
2016,255,0.0,16.430000000000007
2016,256,0.01,16.55000000000001
2016,257,2.75,12.740000000000009
2016,258,0.5,13.330000000000041
2016,259,0.37,13.080000000000041
2016,260,0.0,10.82000000000005
2016,261,0.0,11.379999999999995
2016,262,0.0,13.689999999999998
2016,263,0.0,17.05000000000001
2016,264,0.0,18.060000000000002
2016,265,0.1,17.24000000000001
2016,266,0.0,16.470000000000027
2016,267,0.0,16.060000000000002
2016,268,0.0,9.590000000000032
2016,269,0.0,7.6200000000000045
2016,270,0.0,10.270000000000039
2016,271,0.0,13.439999999999998
2016,272,0.0,15.110000000000014
2016,273,0.0,14.970000000000027
2016,274,0.12,14.830000000000041
2016,275,1.67,12.640000000000043
2016,276,0.06,14.220000000000027
2016,277,0.0,13.82000000000005
2016,278,0.0,6.060000000000002
2016,279,0.0,4.800000000000011
2016,280,2.81,5.990000000000009
2016,281,0.0,3.920000000000016
2016,282,0.0,8.850000000000023
2016,283,0.0,10.730000000000018
2016,284,0.0,11.590000000000032
2016,285,0.15,11.860000000000014
2016,286,0.0,9.730000000000018
2016,287,0.0,10.650000000000034
2016,288,0.0,12.560000000000002
2016,289,0.0,14.270000000000039
2016,290,0.0,14.129999999999995
2016,291,0.0,13.57000000000005
2016,292,0.0,9.32000000000005
2016,293,0.0,5.810000000000002
2016,294,0.0,3.4600000000000364
2016,295,0.0,9.110000000000014
2016,296,0.0,11.520000000000039
2016,297,0.0,11.82000000000005
2016,298,0.0,11.900000000000034
2016,299,0.02,11.939999999999998
2016,300,0.01,9.28000000000003
2016,301,0.0,11.610000000000014
2016,302,0.0,13.890000000000043
2016,303,0.0,12.57000000000005
2016,304,0.0,11.020000000000039
2016,305,0.0,11.740000000000009
2016,306,0.0,9.210000000000036
2016,307,0.0,6.890000000000043
2016,308,0.0,6.410000000000025
2016,309,0.0,7.5
2016,310,0.39,8.420000000000016
2016,311,0.03,7.260000000000048
2016,312,0.0,6.3700000000000045
2016,313,0.0,5.340000000000032
2016,314,0.0,7.560000000000002
2016,315,0.0,8.980000000000018
2016,316,0.0,5.180000000000007
2016,317,0.0,6.3799999999999955
2016,318,0.0,6.0400000000000205
2016,319,0.0,6.210000000000036
2016,320,0.0,9.460000000000036
2016,321,0.0,10.560000000000002
2016,322,1.34,4.689999999999998
2016,323,0.26,-5.099999999999966
2016,324,0.0,0.6100000000000136
2016,325,0.0,6.460000000000036
2016,326,0.0,6.82000000000005
2016,327,3.77,3.1100000000000136
2016,328,0.0,-0.7399999999999523
2016,329,0.0,-0.4399999999999977
2016,330,0.0,-1.079999999999984
2016,331,0.0,0.8600000000000136
2016,332,0.02,0.4300000000000068
2016,333,0.0,-4.279999999999973
2016,334,0.0,-6.4599999999999795
2016,335,0.0,-7.6299999999999955
2016,336,0.0,-7.449999999999989
2016,337,0.0,-5.339999999999975
2016,338,0.1,-5.9599999999999795
2016,339,0.0,-5.229999999999961
2016,340,0.0,-1.079999999999984
2016,341,0.0,-7.8700000000000045
2016,342,0.96,-9.909999999999968
2016,343,0.0,-15.069999999999993
2016,344,1.26,-4.329999999999984
2016,345,0.0,-0.67999999999995
2016,346,0.52,0.82000000000005
2016,347,0.0,-3.2899999999999636
2016,348,0.0,-4.689999999999998
2016,349,0.0,-3.7899999999999636
2016,350,0.0,1.830000000000041
2016,351,0.0,2.830000000000041
2016,352,0.32,-8.139999999999986
2016,353,0.0,-13.649999999999977
2016,354,0.0,-7.909999999999968
2016,355,0.0,-0.37000000000000455
2016,356,0.0,0.9800000000000182
2016,357,0.0,-3.359999999999957
2016,358,0.0,1.080000000000041
2016,359,0.0,-0.029999999999972715
2016,360,0.48,-0.5999999999999659
2016,361,0.0,-7.3799999999999955
2016,362,0.0,-3.599999999999966
2016,363,0.0,-0.6899999999999977
2016,364,0.0,-3.829999999999984
2016,365,0.0,-0.37000000000000455
2016,366,0.0,-1.8599999999999568
2017,1,0.0,-3.1999999999999886
2017,2,0.0,-3.659999999999968
2017,3,0.0,-6.079999999999984
2017,4,0.31,-4.019999999999982
2017,5,3.38,-12.359999999999957
2017,6,0.0,-15.359999999999957
2017,7,0.0,-11.039999999999964
2017,8,0.0,-2.4799999999999613
2017,9,0.0,3.6100000000000136
2017,10,1.9,-0.6499999999999773
2017,11,0.0,-0.14999999999997726
2017,12,0.0,-2.8700000000000045
2017,13,0.0,-1.4599999999999795
2017,14,0.29,-1.17999999999995
2017,15,0.0,-1.8999999999999773
2017,16,0.18,-1.669999999999959
2017,17,0.26,-2.909999999999968
2017,18,0.13,-2.589999999999975
2017,19,0.0,-1.0699999999999932
2017,20,1.04,-1.5
2017,21,0.0,-6.139999999999986
2017,22,0.0,-5.439999999999998
2017,23,0.03,-2.7099999999999795
2017,24,0.0,-4.6299999999999955
2017,25,0.0,-11.139999999999986
2017,26,0.0,-13.519999999999982
2017,27,0.0,-12.389999999999986
2017,28,0.0,-6.71999999999997
2017,29,0.0,-2.7999999999999545
2017,30,0.0,-0.45999999999997954
2017,31,0.0,1.0400000000000205
2017,32,0.0,0.08000000000004093
2017,33,0.0,-2.7999999999999545
2017,34,0.0,-2.5600000000000023
2017,35,0.0,-0.3199999999999932
2017,36,0.0,-0.7099999999999795
2017,37,0.0,1.400000000000034
2017,38,0.0,2.2600000000000477
2017,39,0.27,1.57000000000005
2017,40,0.0,1.670000000000016
2017,41,0.0,5.860000000000014
2017,42,0.0,5.650000000000034
2017,43,5.01,0.7200000000000273
2017,44,0.0,-0.12000000000000455
2017,45,0.0,-4.599999999999966
2017,46,0.0,-3.17999999999995
2017,47,0.0,1.660000000000025
2017,48,0.0,2.920000000000016
2017,49,0.0,1.8100000000000023
2017,50,0.0,2.580000000000041
2017,51,0.0,1.2000000000000455
2017,52,0.0,3.8000000000000114
2017,53,0.0,4.170000000000016
2017,54,0.0,-1.5
2017,55,0.0,-7.189999999999998
2017,56,0.09,-10.799999999999955
2017,57,0.0,-9.819999999999993
2017,58,0.0,-6.839999999999975
2017,59,0.0,-0.9499999999999886
2017,60,0.0,-7.3799999999999955
2017,61,0.0,-2.2999999999999545
2017,62,0.0,-1.9399999999999977
2017,63,0.0,1.0300000000000296
2017,64,0.0,2.5500000000000114
2017,65,0.0,-0.5099999999999909
2017,66,0.0,-5.649999999999977
2017,67,0.0,-0.6399999999999864
2017,68,0.0,3.1100000000000136
2017,69,0.0,3.840000000000032
2017,70,0.0,2.740000000000009
2017,71,0.0,1.57000000000005
2017,72,0.0,-1.2299999999999613
2017,73,0.0,4.100000000000023
2017,74,0.0,6.710000000000036
2017,75,0.0,6.270000000000039
2017,76,0.0,5.730000000000018
2017,77,0.0,7.8799999999999955
2017,78,0.0,8.680000000000007
2017,79,0.0,9.53000000000003
2017,80,0.0,7.900000000000034
2017,81,0.0,7.730000000000018
2017,82,0.0,8.360000000000014
2017,83,18.0,2.0100000000000477
2017,84,0.02,1.1400000000000432
2017,85,0.51,3.32000000000005
2017,86,0.08,1.5200000000000387
2017,87,0.96,2.910000000000025
2017,88,0.4,1.7300000000000182
2017,89,0.0,2.3100000000000023
2017,90,0.49,4.010000000000048
2017,91,2.64,0.10000000000002274
2017,92,3.01,1.7100000000000364
2017,93,0.02,1.07000000000005
2017,94,10.14,-2.8899999999999864
2017,95,0.25,-3.25
2017,96,0.0,0.6000000000000227
2017,97,0.0,5.140000000000043
2017,98,0.0,7.939999999999998
2017,99,0.0,4.910000000000025
2017,100,0.0,2.080000000000041
2017,101,0.0,3.0
2017,102,0.0,8.020000000000039
2017,103,0.0,9.689999999999998
2017,104,0.0,10.740000000000009
2017,105,0.0,9.32000000000005
2017,106,0.0,6.300000000000011
2017,107,0.0,7.6299999999999955
2017,108,0.0,8.810000000000002
2017,109,0.0,9.090000000000032
2017,110,0.83,4.150000000000034
2017,111,1.08,2.3700000000000045
2017,112,2.83,-0.9099999999999682
2017,113,0.0,5.300000000000011
2017,114,0.0,9.75
2017,115,0.25,5.330000000000041
2017,116,0.96,0.37999999999999545
2017,117,0.0,1.2200000000000273
2017,118,0.0,-1.1299999999999955
2017,119,2.3,-3.3700000000000045
2017,120,0.04,-4.319999999999993
2017,121,0.0,1.7700000000000387
2017,122,0.67,3.3000000000000114
2017,123,0.29,3.3600000000000136
2017,124,0.0,4.660000000000025
2017,125,0.0,10.78000000000003
2017,126,0.0,13.510000000000048
2017,127,1.83,14.730000000000018
2017,128,0.77,11.840000000000032
2017,129,2.67,10.920000000000016
2017,130,0.21,8.970000000000027
2017,131,4.53,6.410000000000025
2017,132,0.0,9.32000000000005
2017,133,0.0,11.740000000000009
2017,134,0.0,11.82000000000005
2017,135,0.0,12.950000000000045
2017,136,0.0,11.57000000000005
2017,137,0.0,7.990000000000009
2017,138,14.45,5.010000000000048
2017,139,4.96,1.2300000000000182
2017,140,0.12,0.7900000000000205
2017,141,0.03,5.680000000000007
2017,142,13.88,7.850000000000023
2017,143,4.49,5.010000000000048
2017,144,0.0,8.240000000000009
2017,145,0.0,13.960000000000036
2017,146,0.45,12.03000000000003
2017,147,2.17,9.370000000000005
2017,148,0.02,7.810000000000002
2017,149,0.45,10.420000000000016
2017,150,0.43,11.54000000000002
2017,151,0.24,13.680000000000007
2017,152,0.09,15.420000000000016
2017,153,0.9,14.170000000000016
2017,154,1.98,13.29000000000002
2017,155,0.0,14.420000000000016
2017,156,0.47,17.360000000000014
2017,157,1.05,16.58000000000004
2017,158,3.41,15.360000000000014
2017,159,0.5,17.100000000000023
2017,160,0.1,18.5
2017,161,0.0,19.58000000000004
2017,162,0.0,18.980000000000018
2017,163,0.0,17.210000000000036
2017,164,0.0,15.100000000000023
2017,165,0.0,13.420000000000016
2017,166,0.0,17.05000000000001
2017,167,0.0,18.660000000000025
2017,168,0.0,19.640000000000043
2017,169,0.0,15.760000000000048
2017,170,0.0,17.77000000000004
2017,171,0.0,19.610000000000014
2017,172,0.0,21.33000000000004
2017,173,0.22,21.379999999999995
2017,174,0.0,16.710000000000036
2017,175,0.0,12.590000000000032
2017,176,0.0,14.700000000000045
2017,177,0.0,16.100000000000023
2017,178,0.01,19.230000000000018
2017,179,0.0,19.150000000000034
2017,180,0.0,18.28000000000003
2017,181,0.02,14.410000000000025
2017,182,0.0,15.220000000000027
2017,183,0.07,18.939999999999998
2017,184,0.24,18.939999999999998
2017,185,0.05,19.02000000000004
2017,186,0.0,19.960000000000036
2017,187,0.0,21.879999999999995
2017,188,0.35,21.08000000000004
2017,189,0.18,18.950000000000045
2017,190,0.0,19.0
2017,191,1.66,20.99000000000001
2017,192,3.92,21.379999999999995
2017,193,7.21,18.07000000000005
2017,194,8.21,16.640000000000043
2017,195,1.55,16.879999999999995
2017,196,1.29,15.430000000000007
2017,197,0.0,16.560000000000002
2017,198,0.55,19.680000000000007
2017,199,1.49,20.720000000000027
2017,200,8.65,20.930000000000007
2017,201,7.03,21.340000000000032
2017,202,0.84,20.950000000000045
2017,203,0.89,18.950000000000045
2017,204,19.0,19.170000000000016
2017,205,0.01,19.650000000000034
2017,206,0.6,20.170000000000016
2017,207,0.9,18.24000000000001
2017,208,17.45,18.32000000000005
2017,209,13.47,19.470000000000027
2017,210,1.77,18.410000000000025
2017,211,10.53,15.700000000000045
2017,212,2.69,15.960000000000036
2017,213,0.0,16.840000000000032
2017,214,0.37,17.54000000000002
2017,215,7.18,16.350000000000023
2017,216,0.79,16.79000000000002
2017,217,0.07,18.33000000000004
2017,218,3.77,16.04000000000002
2017,219,1.54,13.520000000000039
2017,220,11.26,12.770000000000039
2017,221,3.34,14.710000000000036
2017,222,7.47,16.25
2017,223,1.54,15.640000000000043
2017,224,0.8,17.140000000000043
2017,225,0.21,16.870000000000005
2017,226,0.04,17.060000000000002
2017,227,0.1,17.33000000000004
2017,228,0.02,14.960000000000036
2017,229,0.42,15.25
2017,230,0.05,17.170000000000016
2017,231,0.62,18.77000000000004
2017,232,0.07,19.890000000000043
2017,233,0.0,18.879999999999995
2017,234,0.58,17.05000000000001
2017,235,1.1,17.850000000000023
2017,236,0.95,16.82000000000005
2017,237,0.0,16.510000000000048
2017,238,0.0,18.05000000000001
2017,239,0.0,18.210000000000036
2017,240,0.0,17.340000000000032
2017,241,0.0,18.360000000000014
2017,242,1.51,18.57000000000005
2017,243,0.38,18.640000000000043
2017,244,0.02,17.460000000000036
2017,245,0.0,17.350000000000023
2017,246,0.01,19.350000000000023
2017,247,0.0,20.220000000000027
2017,248,0.0,14.54000000000002
2017,249,0.0,13.82000000000005
2017,250,0.0,16.920000000000016
2017,251,0.0,17.890000000000043
2017,252,0.05,18.5
2017,253,1.28,18.850000000000023
2017,254,1.82,18.430000000000007
2017,255,0.88,18.07000000000005
2017,256,3.32,18.28000000000003
2017,257,2.39,17.120000000000005
2017,258,0.53,14.860000000000014
2017,259,0.0,12.720000000000027
2017,260,2.94,12.560000000000002
2017,261,0.0,13.110000000000014
2017,262,0.0,14.660000000000025
2017,263,0.0,13.620000000000005
2017,264,0.0,15.300000000000011
2017,265,0.02,15.400000000000034
2017,266,3.72,13.480000000000018
2017,267,8.75,8.730000000000018
2017,268,0.68,7.0400000000000205
2017,269,0.04,6.670000000000016
2017,270,1.36,7.920000000000016
2017,271,13.53,8.060000000000002
2017,272,0.05,9.590000000000032
2017,273,1.66,10.950000000000045
2017,274,0.1,10.480000000000018
2017,275,0.29,7.890000000000043
2017,276,1.17,7.930000000000007
2017,277,0.0,10.689999999999998
2017,278,0.37,14.210000000000036
2017,279,0.02,11.689999999999998
2017,280,0.0,8.260000000000048
2017,281,0.0,11.560000000000002
2017,282,6.5,1.6400000000000432
2017,283,0.22,0.010000000000047748
2017,284,0.0,8.439999999999998
2017,285,0.0,11.340000000000032
2017,286,0.0,9.78000000000003
2017,287,0.0,8.860000000000014
2017,288,0.0,6.180000000000007
2017,289,0.0,9.720000000000027
2017,290,0.0,10.150000000000034
2017,291,0.0,11.330000000000041
2017,292,0.0,11.650000000000034
2017,293,0.0,11.460000000000036
2017,294,0.0,6.28000000000003
2017,295,0.0,4.28000000000003
2017,296,0.0,7.9500000000000455
2017,297,0.0,4.100000000000023
2017,298,0.0,9.020000000000039
2017,299,0.01,7.8799999999999955
2017,300,0.73,-1.089999999999975
2017,301,0.0,2.910000000000025
2017,302,0.0,6.920000000000016
2017,303,0.0,0.32000000000005
2017,304,0.43,1.5500000000000114
2017,305,0.0,6.470000000000027
2017,306,0.0,7.860000000000014
2017,307,0.0,8.210000000000036
2017,308,0.03,8.170000000000016
2017,309,0.0,6.420000000000016
2017,310,0.04,4.650000000000034
2017,311,0.8,1.0400000000000205
2017,312,0.82,0.9700000000000273
2017,313,0.04,4.300000000000011
2017,314,0.0,6.32000000000005
2017,315,0.0,5.78000000000003
2017,316,0.0,2.8600000000000136
2017,317,0.0,7.03000000000003
2017,318,0.0,7.960000000000036
2017,319,0.0,5.07000000000005
2017,320,0.04,6.7000000000000455
2017,321,0.03,8.220000000000027
2017,322,6.91,-0.12999999999999545
2017,323,0.0,-0.42999999999995
2017,324,0.0,1.8700000000000045
2017,325,0.52,2.7000000000000455
2017,326,0.14,4.8799999999999955
2017,327,0.0,7.100000000000023
2017,328,0.0,8.430000000000007
2017,329,0.0,5.410000000000025
2017,330,0.0,7.140000000000043
2017,331,0.0,8.890000000000043
2017,332,0.0,3.340000000000032
2017,333,0.0,3.390000000000043
2017,334,0.0,2.75
2017,335,0.0,4.1200000000000045
2017,336,0.0,3.9399999999999977
2017,337,0.0,5.080000000000041
2017,338,0.07,0.09000000000003183
2017,339,0.0,-5.25
2017,340,0.0,-5.019999999999982
2017,341,0.0,-8.67999999999995
2017,342,0.3,-2.0
2017,343,0.0,1.0900000000000318
2017,344,0.0,0.9300000000000068
2017,345,0.0,3.1000000000000227
2017,346,0.0,2.9399999999999977
2017,347,0.0,3.3000000000000114
2017,348,2.3,-2.609999999999957
2017,349,0.04,-1.9099999999999682
2017,350,0.0,2.4500000000000455
2017,351,0.0,-1.169999999999959
2017,352,0.0,0.6000000000000227
2017,353,0.0,1.9399999999999977
2017,354,0.0,2.5100000000000477
2017,355,0.71,-2.5299999999999727
2017,356,0.01,-6.509999999999991
2017,357,0.0,-3.009999999999991
2017,358,1.14,-5.139999999999986
2017,359,0.0,-1.919999999999959
2017,360,0.0,-1.2899999999999636
2017,361,0.0,-0.589999999999975
2017,362,0.0,1.0100000000000477
2017,363,0.0,3.0300000000000296
2017,364,0.0,4.5
2017,365,0.0,-3.509999999999991
2018,1,0.0,-2.9899999999999523
2018,2,0.0,-3.5499999999999545
2018,3,0.0,-1.42999999999995
2018,4,0.0,0.27000000000003865
2018,5,0.0,1.410000000000025
2018,6,0.0,2.480000000000018
2018,7,0.0,2.3100000000000023
2018,8,0.0,3.400000000000034
2018,9,0.0,6.1299999999999955
2018,10,0.07,5.03000000000003
2018,11,0.19,-2.269999999999982
2018,12,0.06,-2.3999999999999773
2018,13,0.0,-2.3999999999999773
2018,14,0.08,-0.37999999999999545
2018,15,0.19,-2.4599999999999795
2018,16,0.0,-7.949999999999989
2018,17,0.0,-1.849999999999966
2018,18,0.0,1.4600000000000364
2018,19,0.0,6.020000000000039
2018,20,0.0,5.1299999999999955
2018,21,6.92,-2.509999999999991
2018,22,0.0,-7.109999999999957
2018,23,0.0,-6.3799999999999955
2018,24,0.0,-3.7299999999999613
2018,25,0.0,0.37999999999999545
2018,26,0.01,-2.2899999999999636
2018,27,0.0,-6.96999999999997
2018,28,0.0,-3.259999999999991
2018,29,0.0,-0.8899999999999864
2018,30,0.0,2.9600000000000364
2018,31,0.0,3.390000000000043
2018,32,0.0,0.4600000000000364
2018,33,0.0,1.5200000000000387
2018,34,0.03,2.5600000000000023
2018,35,0.01,2.5500000000000114
2018,36,0.25,2.8100000000000023
2018,37,0.11,-0.07999999999998408
2018,38,0.0,-0.9599999999999795
2018,39,0.0,2.420000000000016
2018,40,0.0,3.6100000000000136
2018,41,3.68,-0.92999999999995
2018,42,0.0,-5.7999999999999545
2018,43,0.0,-2.67999999999995
2018,44,0.03,0.9500000000000455
2018,45,0.0,1.9300000000000068
2018,46,0.07,2.0300000000000296
2018,47,0.13,-1.92999999999995
2018,48,0.0,0.20000000000004547
2018,49,0.0,3.3100000000000023
2018,50,0.27,2.0100000000000477
2018,51,6.26,-4.349999999999966
2018,52,0.01,-7.269999999999982
2018,53,0.12,-3.909999999999968
2018,54,0.03,-4.989999999999952
2018,55,0.0,-6.289999999999964
2018,56,0.0,-8.639999999999986
2018,57,0.0,-3.509999999999991
2018,58,0.0,0.17000000000001592
2018,59,0.0,-0.060000000000002274
2018,60,0.0,-1.169999999999959
2018,61,0.0,3.180000000000007
2018,62,0.0,5.340000000000032
2018,63,0.0,4.810000000000002
2018,64,0.0,-3.5600000000000023
2018,65,0.0,-4.579999999999984
2018,66,0.0,-0.7199999999999704
2018,67,0.0,2.57000000000005
2018,68,0.0,3.82000000000005
2018,69,0.0,3.170000000000016
2018,70,0.0,-0.3499999999999659
2018,71,0.0,2.1100000000000136
2018,72,0.0,2.0200000000000387
2018,73,0.0,4.720000000000027
2018,74,0.04,7.32000000000005
2018,75,0.01,2.430000000000007
2018,76,0.0,2.330000000000041
2018,77,0.53,3.8799999999999955
2018,78,1.15,-1.4799999999999613
2018,79,0.0,-1.829999999999984
2018,80,0.0,2.0300000000000296
2018,81,0.0,6.860000000000014
2018,82,0.0,9.710000000000036
2018,83,0.0,5.480000000000018
2018,84,0.0,6.7900000000000205
2018,85,0.0,4.410000000000025
2018,86,14.19,-1.0699999999999932
2018,87,0.82,1.5500000000000114
2018,88,0.03,0.4800000000000182
2018,89,0.0,2.0100000000000477
2018,90,0.0,6.400000000000034
2018,91,0.0,6.3700000000000045
2018,92,0.0,8.760000000000048
2018,93,0.0,3.740000000000009
2018,94,0.0,3.400000000000034
2018,95,0.0,6.75
2018,96,2.03,7.050000000000011
2018,97,0.66,5.660000000000025
2018,98,1.83,8.82000000000005
2018,99,0.0,3.920000000000016
2018,100,0.0,5.8799999999999955
2018,101,0.0,10.700000000000045
2018,102,0.0,11.920000000000016
2018,103,1.06,2.7100000000000364
2018,104,0.0,-1.2299999999999613
2018,105,0.0,3.07000000000005
2018,106,0.0,9.379999999999995
2018,107,0.0,9.25
2018,108,0.0,-0.46999999999997044
2018,109,0.0,3.640000000000043
2018,110,5.21,6.420000000000016
2018,111,0.87,2.2900000000000205
2018,112,0.0,5.550000000000011
2018,113,0.11,9.54000000000002
2018,114,3.48,4.860000000000014
2018,115,1.65,2.480000000000018
2018,116,0.0,6.689999999999998
2018,117,0.0,7.890000000000043
2018,118,0.0,11.78000000000003
2018,119,0.0,13.07000000000005
2018,120,0.0,11.910000000000025
2018,121,0.0,8.78000000000003
2018,122,1.41,7.140000000000043
2018,123,12.58,5.060000000000002
2018,124,1.09,6.060000000000002
2018,125,0.0,10.590000000000032
2018,126,0.0,12.939999999999998
2018,127,0.0,14.990000000000009
2018,128,0.0,15.32000000000005
2018,129,0.0,15.100000000000023
2018,130,0.0,16.52000000000004
2018,131,0.0,14.970000000000027
2018,132,0.0,14.680000000000007
2018,133,0.0,13.670000000000016
2018,134,0.34,11.470000000000027
2018,135,0.11,11.270000000000039
2018,136,0.12,14.189999999999998
2018,137,0.0,15.990000000000009
2018,138,0.64,14.240000000000009
2018,139,3.88,10.370000000000005
2018,140,4.25,8.689999999999998
2018,141,0.99,13.470000000000027
2018,142,0.0,14.950000000000045
2018,143,0.7,14.670000000000016
2018,144,0.0,15.960000000000036
2018,145,0.0,17.04000000000002
2018,146,0.0,18.700000000000045
2018,147,0.0,18.82000000000005
2018,148,0.55,15.04000000000002
2018,149,1.13,13.79000000000002
2018,150,0.0,15.080000000000041
2018,151,0.0,16.760000000000048
2018,152,0.0,18.180000000000007
2018,153,0.0,15.680000000000007
2018,154,0.0,16.27000000000004
2018,155,0.32,17.29000000000002
2018,156,0.0,19.75
2018,157,0.0,20.510000000000048
2018,158,0.0,19.920000000000016
2018,159,0.0,20.010000000000048
2018,160,0.0,20.390000000000043
2018,161,0.0,20.07000000000005
2018,162,0.0,18.730000000000018
2018,163,0.0,18.74000000000001
2018,164,0.0,20.460000000000036
2018,165,0.0,21.689999999999998
2018,166,0.0,21.0
2018,167,0.0,20.100000000000023
2018,168,8.98,17.420000000000016
2018,169,5.56,16.52000000000004
2018,170,0.0,17.74000000000001
2018,171,0.0,15.350000000000023
2018,172,0.0,17.110000000000014
2018,173,0.65,18.49000000000001
2018,174,0.0,17.120000000000005
2018,175,1.41,16.30000000000001
2018,176,0.0,13.720000000000027
2018,177,0.0,19.860000000000014
2018,178,0.0,22.910000000000025
2018,179,0.0,23.55000000000001
2018,180,0.0,21.970000000000027
2018,181,0.0,19.220000000000027
2018,182,0.0,16.760000000000048
2018,183,0.0,19.900000000000034
2018,184,0.0,21.850000000000023
2018,185,0.0,21.840000000000032
2018,186,56.71,20.560000000000002
2018,187,3.98,19.05000000000001
2018,188,0.0,21.410000000000025
2018,189,1.42,21.77000000000004
2018,190,0.52,21.58000000000004
2018,191,0.0,21.110000000000014
2018,192,0.0,21.660000000000025
2018,193,1.33,19.939999999999998
2018,194,0.0,19.30000000000001
2018,195,1.19,20.680000000000007
2018,196,2.23,20.05000000000001
2018,197,4.15,18.07000000000005
2018,198,7.44,20.260000000000048
2018,199,0.46,20.970000000000027
2018,200,0.0,22.05000000000001
2018,201,0.0,23.189999999999998
2018,202,2.08,22.77000000000004
2018,203,0.5,22.629999999999995
2018,204,18.17,18.930000000000007
2018,205,2.37,19.74000000000001
2018,206,4.45,21.110000000000014
2018,207,1.93,17.510000000000048
2018,208,3.62,17.77000000000004
2018,209,5.73,18.910000000000025
2018,210,1.77,18.930000000000007
2018,211,0.0,15.720000000000027
2018,212,0.0,15.870000000000005
2018,213,0.0,18.710000000000036
2018,214,0.02,19.379999999999995
2018,215,1.33,19.620000000000005
2018,216,0.11,19.57000000000005
2018,217,2.68,20.600000000000023
2018,218,1.13,19.180000000000007
2018,219,0.12,17.720000000000027
2018,220,0.27,18.370000000000005
2018,221,0.0,17.980000000000018
2018,222,0.0,18.590000000000032
2018,223,0.0,17.870000000000005
2018,224,0.0,18.430000000000007
2018,225,0.0,18.75
2018,226,2.87,18.650000000000034
2018,227,7.84,19.30000000000001
2018,228,0.08,20.200000000000045
2018,229,3.11,19.74000000000001
2018,230,0.16,18.510000000000048
2018,231,0.06,15.150000000000034
2018,232,0.0,14.460000000000036
2018,233,3.99,16.960000000000036
2018,234,5.73,15.939999999999998
2018,235,0.0,17.510000000000048
2018,236,0.0,17.370000000000005
2018,237,0.16,19.5
2018,238,0.52,19.58000000000004
2018,239,0.15,18.960000000000036
2018,240,0.0,17.620000000000005
2018,241,0.0,16.55000000000001
2018,242,0.0,18.980000000000018
2018,243,0.28,19.760000000000048
2018,244,0.11,18.090000000000032
2018,245,0.42,16.410000000000025
2018,246,0.63,15.310000000000002
2018,247,0.03,16.129999999999995
2018,248,1.48,14.78000000000003
2018,249,9.36,14.050000000000011
2018,250,3.13,14.490000000000009
2018,251,0.0,14.960000000000036
2018,252,0.0,16.99000000000001
2018,253,0.0,17.840000000000032
2018,254,0.0,19.27000000000004
2018,255,0.0,19.160000000000025
2018,256,0.0,19.150000000000034
2018,257,0.0,19.02000000000004
2018,258,0.0,19.220000000000027
2018,259,0.0,19.620000000000005
2018,260,0.0,19.82000000000005
2018,261,0.0,19.83000000000004
2018,262,0.23,19.83000000000004
2018,263,0.36,16.53000000000003
2018,264,0.0,13.189999999999998
2018,265,0.0,15.150000000000034
2018,266,0.0,15.900000000000034
2018,267,0.04,16.100000000000023
2018,268,0.01,11.470000000000027
2018,269,0.0,9.200000000000045
2018,270,0.0,12.420000000000016
2018,271,0.0,13.939999999999998
2018,272,0.0,15.270000000000039
2018,273,0.0,16.650000000000034
2018,274,0.45,15.75
2018,275,0.79,15.200000000000045
2018,276,0.09,16.27000000000004
2018,277,1.03,13.110000000000014
2018,278,0.0,11.760000000000048
2018,279,5.59,6.7900000000000205
2018,280,0.0,9.0
2018,281,4.77,5.480000000000018
2018,282,1.69,2.840000000000032
2018,283,0.94,1.2600000000000477
2018,284,0.05,4.0400000000000205
2018,285,0.0,6.090000000000032
2018,286,0.0,7.900000000000034
2018,287,0.67,-1.419999999999959
2018,288,0.0,-5.149999999999977
2018,289,0.0,-0.14999999999997726
2018,290,0.0,1.8799999999999955
2018,291,0.0,5.650000000000034
2018,292,0.0,7.010000000000048
2018,293,0.0,7.189999999999998
2018,294,0.0,9.050000000000011
2018,295,0.0,10.480000000000018
2018,296,0.0,10.04000000000002
2018,297,0.72,8.700000000000045
2018,298,0.0,6.939999999999998
2018,299,0.0,7.4500000000000455
2018,300,0.0,8.629999999999995
2018,301,0.0,10.210000000000036
2018,302,0.0,10.980000000000018
2018,303,7.42,4.330000000000041
2018,304,4.29,-0.2899999999999636
2018,305,0.0,-0.8799999999999955
2018,306,0.02,2.840000000000032
2018,307,1.01,2.240000000000009
2018,308,0.0,0.0
2018,309,0.13,1.75
2018,310,0.0,-0.6899999999999977
2018,311,0.0,-1.92999999999995
2018,312,0.0,-3.5600000000000023
2018,313,0.0,-3.8100000000000023
2018,314,0.04,0.0
2018,315,3.9,-3.669999999999959
2018,316,0.04,-8.489999999999952
2018,317,0.0,-6.009999999999991
2018,318,0.0,-0.589999999999975
2018,319,0.0,3.1100000000000136
2018,320,0.0,3.82000000000005
2018,321,0.0,0.07000000000005002
2018,322,0.28,-2.319999999999993
2018,323,0.0,-0.47999999999996135
2018,324,0.0,-0.13999999999998636
2018,325,0.0,1.6200000000000045
2018,326,0.0,3.1000000000000227
2018,327,0.05,1.0600000000000023
2018,328,1.08,1.080000000000041
2018,329,0.0,-4.7999999999999545
2018,330,0.0,-4.009999999999991
2018,331,0.0,1.2700000000000387
2018,332,0.0,3.2000000000000455
2018,333,0.0,2.1899999999999977
2018,334,0.02,1.4500000000000455
2018,335,0.0,-1.919999999999959
2018,336,0.36,-6.769999999999982
2018,337,0.46,-6.509999999999991
2018,338,0.0,-9.019999999999982
2018,339,0.0,-5.149999999999977
2018,340,0.01,-4.779999999999973
2018,341,0.0,-1.3999999999999773
2018,342,0.0,-2.2899999999999636
2018,343,0.0,-3.759999999999991
2018,344,0.0,-2.329999999999984
2018,345,0.0,1.6000000000000227
2018,346,0.0,0.22000000000002728
2018,347,0.0,-4.17999999999995
2018,348,0.03,-1.3100000000000023
2018,349,0.59,2.4500000000000455
2018,350,0.0,2.1299999999999955
2018,351,0.0,2.8500000000000227
2018,352,0.0,2.5200000000000387
2018,353,0.02,-0.3499999999999659
2018,354,0.0,-3.1299999999999955
2018,355,0.0,1.660000000000025
2018,356,1.01,-0.7899999999999636
2018,357,0.0,-4.21999999999997
2018,358,0.03,-1.4899999999999523
2018,359,0.0,-2.1299999999999955
2018,360,0.02,-0.3100000000000023
2018,361,0.04,-6.579999999999984
2018,362,0.36,-11.389999999999986
2018,363,0.0,-9.659999999999968
2018,364,0.01,-2.7399999999999523
2018,365,1.89,-6.389999999999986
2019,1,0.64,-13.599999999999966
2019,2,0.0,-7.9599999999999795
2019,3,0.0,-4.0
2019,4,0.0,1.0100000000000477
2019,5,0.0,2.9700000000000273
2019,6,0.0,2.2600000000000477
2019,7,0.0,-1.3199999999999932
2019,8,0.0,-0.7999999999999545
2019,9,0.0,1.5500000000000114
2019,10,0.0,3.840000000000032
2019,11,10.37,0.17000000000001592
2019,12,2.13,-3.5399999999999636
2019,13,0.0,-5.029999999999973
2019,14,0.0,-5.319999999999993
2019,15,0.0,-3.1899999999999977
2019,16,0.0,-0.6299999999999955
2019,17,0.0,-1.9599999999999795
2019,18,3.05,-1.2299999999999613
2019,19,0.0,-5.329999999999984
2019,20,0.0,-0.6999999999999886
2019,21,0.0,0.4500000000000455
2019,22,5.96,-6.3799999999999955
2019,23,0.0,-8.479999999999961
2019,24,0.38,-7.67999999999995
2019,25,0.3,-8.120000000000005
2019,26,0.0,-6.569999999999993
2019,27,0.0,-3.3100000000000023
2019,28,1.51,-4.409999999999968
2019,29,0.0,-7.949999999999989
2019,30,0.0,-5.689999999999998
2019,31,0.0,-3.4599999999999795
2019,32,0.0,-0.7699999999999818
2019,33,0.0,0.75
2019,34,0.0,1.990000000000009
2019,35,0.0,0.32000000000005
2019,36,0.03,0.7800000000000296
2019,37,0.66,-1.8199999999999932
2019,38,0.45,-10.239999999999952
2019,39,0.0,-9.96999999999997
2019,40,0.0,-4.089999999999975
2019,41,0.0,-3.589999999999975
2019,42,0.0,-4.3799999999999955
2019,43,0.0,-6.409999999999968
2019,44,0.0,-1.829999999999984
2019,45,0.0,2.8100000000000023
2019,46,1.14,2.740000000000009
2019,47,0.1,-0.6999999999999886
2019,48,0.24,-8.42999999999995
2019,49,1.4,-9.370000000000005
2019,50,0.15,-9.5
2019,51,2.07,-11.17999999999995
2019,52,0.24,-8.569999999999993
2019,53,2.85,-4.71999999999997
2019,54,7.34,-5.089999999999975
2019,55,0.0,-7.349999999999966
2019,56,0.0,-3.069999999999993
2019,57,0.0,0.1400000000000432
2019,58,0.0,1.8900000000000432
2019,59,0.0,2.5500000000000114
2019,60,0.02,1.1400000000000432
2019,61,0.05,-0.01999999999998181
2019,62,3.11,-7.419999999999959
2019,63,0.22,-8.439999999999998
2019,64,0.0,-4.939999999999998
2019,65,0.0,1.3100000000000023
2019,66,0.22,4.560000000000002
2019,67,0.13,1.0200000000000387
2019,68,1.37,-0.8999999999999773
2019,69,0.0,-1.4799999999999613
2019,70,1.91,0.7900000000000205
2019,71,2.43,3.82000000000005
2019,72,28.95,3.32000000000005
2019,73,0.12,-5.009999999999991
2019,74,0.0,-4.449999999999989
2019,75,0.0,-1.5399999999999636
2019,76,0.0,-0.7099999999999795
2019,77,0.0,-0.7299999999999613
2019,78,0.0,1.0
2019,79,0.0,-1.169999999999959
2019,80,0.0,2.3600000000000136
2019,81,0.19,3.4500000000000455
2019,82,1.96,0.4000000000000341
2019,83,0.07,1.1899999999999977
2019,84,0.0,1.75
2019,85,0.0,4.0400000000000205
2019,86,0.0,8.370000000000005
2019,87,0.0,9.870000000000005
2019,88,0.43,5.510000000000048
2019,89,2.09,-1.7299999999999613
2019,90,0.83,-1.8599999999999568
2019,91,0.0,0.5200000000000387
2019,92,0.0,2.660000000000025
2019,93,0.03,4.810000000000002
2019,94,0.01,5.830000000000041
2019,95,0.0,8.200000000000045
2019,96,0.0,7.850000000000023
2019,97,0.0,7.760000000000048
2019,98,0.0,8.939999999999998
2019,99,0.0,11.340000000000032
2019,100,6.42,8.340000000000032
2019,101,0.05,-2.8100000000000023
2019,102,0.32,-2.099999999999966
2019,103,2.81,-0.7599999999999909
2019,104,0.03,2.080000000000041
2019,105,0.0,7.670000000000016
2019,106,0.0,9.350000000000023
2019,107,0.03,7.640000000000043
2019,108,0.0,5.340000000000032
2019,109,0.0,7.7000000000000455
2019,110,0.0,11.939999999999998
2019,111,0.14,10.720000000000027
2019,112,0.01,6.53000000000003
2019,113,0.07,6.340000000000032
2019,114,0.0,9.090000000000032
2019,115,0.0,9.28000000000003
2019,116,0.07,10.310000000000002
2019,117,0.01,11.310000000000002
2019,118,0.0,11.730000000000018
2019,119,0.09,6.240000000000009
2019,120,8.52,4.850000000000023
2019,121,0.2,6.03000000000003
2019,122,0.0,4.480000000000018
2019,123,0.0,6.360000000000014
2019,124,0.0,8.629999999999995
2019,125,0.0,9.78000000000003
2019,126,0.06,12.28000000000003
2019,127,0.47,10.439999999999998
2019,128,4.79,6.390000000000043
2019,129,6.08,-0.37000000000000455
2019,130,2.5,2.180000000000007
2019,131,2.34,6.240000000000009
2019,132,0.0,7.680000000000007
2019,133,0.0,11.960000000000036
2019,134,0.13,14.110000000000014
2019,135,0.13,14.910000000000025
2019,136,0.0,15.800000000000011
2019,137,0.0,14.010000000000048
2019,138,0.0,6.720000000000027
2019,139,0.04,6.090000000000032
2019,140,7.31,7.420000000000016
2019,141,7.22,3.0600000000000023
2019,142,0.78,4.580000000000041
2019,143,3.82,3.990000000000009
2019,144,0.17,7.1299999999999955
2019,145,0.0,10.270000000000039
2019,146,0.0,13.28000000000003
2019,147,0.0,11.810000000000002
2019,148,0.22,8.270000000000039
2019,149,1.41,6.189999999999998
2019,150,5.5,8.760000000000048
2019,151,3.04,12.080000000000041
2019,152,0.46,13.850000000000023
2019,153,0.44,15.170000000000016
2019,154,0.21,16.28000000000003
2019,155,0.0,16.02000000000004
2019,156,1.33,14.860000000000014
2019,157,0.45,15.020000000000039
2019,158,0.09,17.210000000000036
2019,159,0.0,17.390000000000043
2019,160,0.0,10.660000000000025
2019,161,0.0,9.939999999999998
2019,162,0.0,14.580000000000041
2019,163,0.0,12.0
2019,164,0.06,15.879999999999995
2019,165,0.0,17.53000000000003
2019,166,1.97,14.770000000000039
2019,167,6.99,14.640000000000043
2019,168,8.75,14.810000000000002
2019,169,4.97,13.580000000000041
2019,170,1.92,14.140000000000043
2019,171,0.09,17.160000000000025
2019,172,0.79,16.100000000000023
2019,173,2.56,10.580000000000041
2019,174,3.8,9.090000000000032
2019,175,0.0,11.360000000000014
2019,176,0.0,16.390000000000043
2019,177,0.0,18.900000000000034
2019,178,0.0,19.460000000000036
2019,179,0.0,20.960000000000036
2019,180,0.0,21.430000000000007
2019,181,8.91,21.5
2019,182,0.56,19.400000000000034
2019,183,1.94,18.439999999999998
2019,184,0.31,18.860000000000014
2019,185,1.02,20.100000000000023
2019,186,0.25,19.07000000000005
2019,187,2.6,18.55000000000001
2019,188,0.01,18.07000000000005
2019,189,1.64,18.08000000000004
2019,190,0.03,17.74000000000001
2019,191,0.0,18.879999999999995
2019,192,2.34,21.120000000000005
2019,193,0.0,21.620000000000005
2019,194,4.7,21.28000000000003
2019,195,8.87,20.80000000000001
2019,196,1.07,20.57000000000005
2019,197,0.64,20.54000000000002
2019,198,0.0,22.379999999999995
2019,199,0.0,21.840000000000032
2019,200,0.0,22.77000000000004
2019,201,3.28,22.900000000000034
2019,202,0.19,19.370000000000005
2019,203,21.24,18.810000000000002
2019,204,1.02,18.840000000000032
2019,205,0.66,20.5
2019,206,13.39,20.879999999999995
2019,207,0.83,19.970000000000027
2019,208,2.01,19.5
2019,209,0.87,18.650000000000034
2019,210,9.84,19.49000000000001
2019,211,3.77,21.200000000000045
2019,212,0.07,21.32000000000005
2019,213,1.33,20.129999999999995
2019,214,0.4,19.230000000000018
2019,215,1.9,20.08000000000004
2019,216,0.09,20.660000000000025
2019,217,0.56,20.360000000000014
2019,218,0.54,20.470000000000027
2019,219,0.34,21.700000000000045
2019,220,6.78,19.710000000000036
2019,221,0.84,19.52000000000004
2019,222,0.57,19.840000000000032
2019,223,5.75,19.260000000000048
2019,224,0.24,18.55000000000001
2019,225,0.16,19.430000000000007
2019,226,0.0,18.960000000000036
2019,227,0.0,19.840000000000032
2019,228,0.02,20.470000000000027
2019,229,0.0,19.83000000000004
2019,230,0.0,19.460000000000036
2019,231,0.0,21.29000000000002
2019,232,0.0,22.260000000000048
2019,233,1.23,20.439999999999998
2019,234,0.6,18.700000000000045
2019,235,0.0,19.110000000000014
2019,236,0.0,18.160000000000025
2019,237,0.0,19.670000000000016
2019,238,0.0,19.420000000000016
2019,239,0.0,16.24000000000001
2019,240,0.0,16.700000000000045
2019,241,0.0,19.930000000000007
2019,242,0.0,19.27000000000004
2019,243,0.0,19.379999999999995
2019,244,0.0,20.470000000000027
2019,245,0.0,21.730000000000018
2019,246,0.0,20.900000000000034
2019,247,13.44,18.99000000000001
2019,248,1.03,21.189999999999998
2019,249,1.04,20.660000000000025
2019,250,2.97,19.600000000000023
2019,251,1.93,18.210000000000036
2019,252,0.24,16.25
2019,253,0.0,16.970000000000027
2019,254,0.0,16.960000000000036
2019,255,0.0,13.120000000000005
2019,256,0.0,13.25
2019,257,0.0,16.640000000000043
2019,258,0.0,18.07000000000005
2019,259,0.0,17.83000000000004
2019,260,0.01,17.120000000000005
2019,261,0.09,16.28000000000003
2019,262,0.03,16.640000000000043
2019,263,0.0,16.910000000000025
2019,264,0.0,13.910000000000025
2019,265,0.0,11.379999999999995
2019,266,0.0,14.110000000000014
2019,267,0.0,15.700000000000045
2019,268,0.0,16.30000000000001
2019,269,0.0,16.57000000000005
2019,270,0.0,16.33000000000004
2019,271,0.01,12.430000000000007
2019,272,0.0,15.640000000000043
2019,273,0.0,16.02000000000004
2019,274,0.0,12.850000000000023
2019,275,0.0,11.020000000000039
2019,276,0.0,9.410000000000025
2019,277,0.0,13.140000000000043
2019,278,0.0,12.050000000000011
2019,279,0.0,7.830000000000041
2019,280,0.0,8.660000000000025
2019,281,0.0,12.07000000000005
2019,282,0.0,12.460000000000036
2019,283,4.03,-0.20999999999997954
2019,284,0.02,-5.569999999999993
2019,285,0.0,2.8500000000000227
2019,286,0.0,6.5400000000000205
2019,287,0.0,8.960000000000036
2019,288,0.0,8.57000000000005
2019,289,0.0,10.660000000000025
2019,290,0.0,12.75
2019,291,0.0,10.610000000000014
2019,292,0.0,3.7100000000000364
2019,293,0.09,2.420000000000016
2019,294,0.0,-1.8999999999999773
2019,295,0.0,1.1899999999999977
2019,296,0.0,4.640000000000043
2019,297,11.25,-3.3100000000000023
2019,298,0.0,-1.339999999999975
2019,299,0.01,6.260000000000048
2019,300,0.0,-1.2199999999999704
2019,301,7.06,-7.519999999999982
2019,302,1.42,-8.089999999999975
2019,303,4.36,-14.060000000000002
2019,304,0.04,-5.729999999999961
2019,305,0.0,-0.9199999999999591
2019,306,0.12,-1.6599999999999682
2019,307,0.24,2.4399999999999977
2019,308,0.0,1.920000000000016
2019,309,0.0,2.680000000000007
2019,310,0.01,3.170000000000016
2019,311,0.0,0.20000000000004547
2019,312,0.0,3.2700000000000387
2019,313,0.0,6.640000000000043
2019,314,0.0,7.340000000000032
2019,315,0.31,-0.4199999999999591
2019,316,0.0,0.34000000000003183
2019,317,0.0,4.340000000000032
2019,318,0.0,1.1200000000000045
2019,319,0.0,5.970000000000027
2019,320,0.0,6.680000000000007
2019,321,0.19,2.5500000000000114
2019,322,0.0,5.8799999999999955
2019,323,0.0,6.7900000000000205
2019,324,2.91,7.03000000000003
2019,325,1.9,-0.7899999999999636
2019,326,5.86,-3.349999999999966
2019,327,0.3,-1.75
2019,328,0.0,0.8799999999999955
2019,329,0.54,-1.7899999999999636
2019,330,7.59,-6.839999999999975
2019,331,0.55,-11.489999999999952
2019,332,0.0,-1.339999999999975
2019,333,1.61,0.8500000000000227
2019,334,1.18,-4.919999999999959
2019,335,0.0,-6.3799999999999955
2019,336,0.03,-0.16999999999995907
2019,337,0.05,0.35000000000002274
2019,338,0.0,-1.4099999999999682
2019,339,0.29,-0.5
2019,340,0.0,-2.9899999999999523
2019,341,0.0,0.29000000000002046
2019,342,0.0,0.5900000000000318
2019,343,0.03,-3.079999999999984
2019,344,0.0,-5.5499999999999545
2019,345,0.0,-2.9399999999999977
2019,346,0.0,-1.7399999999999523
2019,347,0.2,-1.2299999999999613
2019,348,1.62,-2.9499999999999886
2019,349,5.8,-5.909999999999968
2019,350,0.0,-9.46999999999997
2019,351,0.0,-11.089999999999975
2019,352,0.0,-4.139999999999986
2019,353,0.0,-1.8199999999999932
2019,354,0.0,-4.489999999999952
2019,355,0.0,-0.23999999999995225
2019,356,0.0,2.1000000000000227
2019,357,0.0,2.890000000000043
2019,358,0.0,2.240000000000009
2019,359,0.06,-0.3299999999999841
2019,360,0.0,-4.839999999999975
2019,361,0.48,-4.5499999999999545
2019,362,7.3,-4.989999999999952
2019,363,0.09,-11.71999999999997
2019,364,0.0,-11.779999999999973
2019,365,0.0,-8.609999999999957
