1992,1,0.05,-7.46999999999997
1992,1,0.05,-7.46999999999997
1992,2,0.0,-5.92999999999995
1992,2,0.0,-5.92999999999995
1992,3,0.0,-2.9699999999999704
1992,3,0.0,-2.9699999999999704
1992,4,0.0,-2.169999999999959
1992,4,0.0,-2.169999999999959
1992,5,0.0,-4.409999999999968
1992,5,0.0,-4.409999999999968
1992,6,0.15,-2.9599999999999795
1992,6,0.15,-2.9599999999999795
1992,7,2.07,-4.439999999999998
1992,7,2.07,-4.439999999999998
1992,8,0.12,-7.3700000000000045
1992,8,0.12,-7.3700000000000045
1992,9,0.0,-8.089999999999975
1992,9,0.0,-8.089999999999975
1992,10,0.0,-4.899999999999977
1992,10,0.0,-4.899999999999977
1992,11,0.0,-1.6299999999999955
1992,11,0.0,-1.6299999999999955
1992,12,1.59,-5.009999999999991
1992,12,1.59,-5.009999999999991
1992,13,0.31,-9.449999999999989
1992,13,0.31,-9.449999999999989
1992,14,0.06,-9.599999999999966
1992,14,0.06,-9.599999999999966
1992,15,0.64,-11.409999999999968
1992,15,0.64,-11.409999999999968
1992,16,0.0,-5.589999999999975
1992,16,0.0,-5.589999999999975
1992,17,0.0,-5.229999999999961
1992,17,0.0,-5.229999999999961
1992,18,0.15,-8.45999999999998
1992,18,0.15,-8.45999999999998
1992,19,0.0,-7.389999999999986
1992,19,0.0,-7.389999999999986
1992,20,0.0,-3.8999999999999773
1992,20,0.0,-3.8999999999999773
1992,21,0.0,-3.339999999999975
1992,21,0.0,-3.339999999999975
1992,22,0.0,-7.039999999999964
1992,22,0.0,-7.039999999999964
1992,23,0.0,-8.449999999999989
1992,23,0.0,-8.449999999999989
1992,24,0.0,-3.2999999999999545
1992,24,0.0,-3.2999999999999545
1992,25,0.0,-2.349999999999966
1992,25,0.0,-2.349999999999966
1992,26,0.0,-0.40999999999996817
1992,26,0.0,-0.40999999999996817
1992,27,0.0,-1.9399999999999977
1992,27,0.0,-1.9399999999999977
1992,28,0.0,-1.7099999999999795
1992,28,0.0,-1.7099999999999795
1992,29,0.0,-0.4199999999999591
1992,29,0.0,-0.4199999999999591
1992,30,0.0,-0.6899999999999977
1992,30,0.0,-0.6899999999999977
1992,31,0.0,1.1000000000000227
1992,31,0.0,1.1000000000000227
1992,32,0.0,1.8799999999999955
1992,32,0.0,1.8799999999999955
1992,33,0.0,-0.25
1992,33,0.0,-0.25
1992,34,0.69,-2.7799999999999727
1992,34,0.69,-2.7799999999999727
1992,35,0.0,-5.5499999999999545
1992,35,0.0,-5.5499999999999545
1992,36,0.0,-6.169999999999959
1992,36,0.0,-6.169999999999959
1992,37,0.06,-4.859999999999957
1992,37,0.06,-4.859999999999957
1992,38,0.0,-3.6399999999999864
1992,38,0.0,-3.6399999999999864
1992,39,0.0,-2.849999999999966
1992,39,0.0,-2.849999999999966
1992,40,0.0,-3.269999999999982
1992,40,0.0,-3.269999999999982
1992,41,0.0,-4.039999999999964
1992,41,0.0,-4.039999999999964
1992,42,0.0,-2.4599999999999795
1992,42,0.0,-2.4599999999999795
1992,43,0.0,-2.5499999999999545
1992,43,0.0,-2.5499999999999545
1992,44,0.0,-2.579999999999984
1992,44,0.0,-2.579999999999984
1992,45,0.0,-1.0299999999999727
1992,45,0.0,-1.0299999999999727
1992,46,0.0,-4.1299999999999955
1992,46,0.0,-4.1299999999999955
1992,47,0.06,-3.3799999999999955
1992,47,0.06,-3.3799999999999955
1992,48,0.06,-4.939999999999998
1992,48,0.06,-4.939999999999998
1992,49,0.0,-7.439999999999998
1992,49,0.0,-7.439999999999998
1992,50,0.0,-4.779999999999973
1992,50,0.0,-4.779999999999973
1992,51,0.0,-2.2299999999999613
1992,51,0.0,-2.2299999999999613
1992,52,0.0,-0.9499999999999886
1992,52,0.0,-0.9499999999999886
1992,53,0.0,-1.5600000000000023
1992,53,0.0,-1.5600000000000023
1992,54,0.96,-1.75
1992,54,0.96,-1.75
1992,55,0.73,-4.96999999999997
1992,55,0.73,-4.96999999999997
1992,56,0.7,-4.25
1992,56,0.7,-4.25
1992,57,0.0,-5.2099999999999795
1992,57,0.0,-5.2099999999999795
1992,58,0.0,-2.4399999999999977
1992,58,0.0,-2.4399999999999977
1992,59,0.0,0.03000000000002956
1992,59,0.0,0.03000000000002956
1992,60,0.0,0.9600000000000364
1992,60,0.0,0.9600000000000364
1992,61,0.0,1.4300000000000068
1992,61,0.0,1.4300000000000068
1992,62,0.0,2.8700000000000045
1992,62,0.0,2.8700000000000045
1992,63,0.0,2.32000000000005
1992,63,0.0,2.32000000000005
1992,64,15.14,0.6899999999999977
1992,64,15.14,0.6899999999999977
1992,65,1.19,-1.919999999999959
1992,65,1.19,-1.919999999999959
1992,66,0.0,-0.6899999999999977
1992,66,0.0,-0.6899999999999977
1992,67,0.0,0.8100000000000023
1992,67,0.0,0.8100000000000023
1992,68,1.69,1.4800000000000182
1992,68,1.69,1.4800000000000182
1992,69,8.54,-5.479999999999961
1992,69,8.54,-5.479999999999961
1992,70,1.04,-6.7099999999999795
1992,70,1.04,-6.7099999999999795
1992,71,0.0,-5.029999999999973
1992,71,0.0,-5.029999999999973
1992,72,0.0,-2.2799999999999727
1992,72,0.0,-2.2799999999999727
1992,73,0.0,-0.7399999999999523
1992,73,0.0,-0.7399999999999523
1992,74,0.0,0.30000000000001137
1992,74,0.0,0.30000000000001137
1992,75,0.0,0.9700000000000273
1992,75,0.0,0.9700000000000273
1992,76,0.0,1.830000000000041
1992,76,0.0,1.830000000000041
1992,77,0.0,1.8000000000000114
1992,77,0.0,1.8000000000000114
1992,78,0.02,-0.3499999999999659
1992,78,0.02,-0.3499999999999659
1992,79,0.31,-2.019999999999982
1992,79,0.31,-2.019999999999982
1992,80,0.0,-1.589999999999975
1992,80,0.0,-1.589999999999975
1992,81,0.14,0.09000000000003183
1992,81,0.14,0.09000000000003183
1992,82,7.14,-2.569999999999993
1992,82,7.14,-2.569999999999993
1992,83,0.13,-0.5
1992,83,0.13,-0.5
1992,84,0.23,0.20000000000004547
1992,84,0.23,0.20000000000004547
1992,85,0.27,-0.6200000000000045
1992,85,0.27,-0.6200000000000045
1992,86,0.2,0.3100000000000023
1992,86,0.2,0.3100000000000023
1992,87,0.15,3.980000000000018
1992,87,0.15,3.980000000000018
1992,88,8.55,2.680000000000007
1992,88,8.55,2.680000000000007
1992,89,0.93,-0.07999999999998408
1992,89,0.93,-0.07999999999998408
1992,90,0.11,1.3600000000000136
1992,90,0.11,1.3600000000000136
1992,91,0.55,1.910000000000025
1992,91,0.55,1.910000000000025
1992,92,0.39,0.03000000000002956
1992,92,0.39,0.03000000000002956
1992,93,0.0,0.7100000000000364
1992,93,0.0,0.7100000000000364
1992,94,0.0,2.080000000000041
1992,94,0.0,2.080000000000041
1992,95,0.0,4.520000000000039
1992,95,0.0,4.520000000000039
1992,96,0.0,6.490000000000009
1992,96,0.0,6.490000000000009
1992,97,0.0,6.080000000000041
1992,97,0.0,6.080000000000041
1992,98,0.0,5.410000000000025
1992,98,0.0,5.410000000000025
1992,99,0.0,5.550000000000011
1992,99,0.0,5.550000000000011
1992,100,0.0,6.53000000000003
1992,100,0.0,6.53000000000003
1992,101,0.0,7.400000000000034
1992,101,0.0,7.400000000000034
1992,102,0.0,7.980000000000018
1992,102,0.0,7.980000000000018
1992,103,0.0,8.910000000000025
1992,103,0.0,8.910000000000025
1992,104,0.0,10.82000000000005
1992,104,0.0,10.82000000000005
1992,105,2.02,11.5
1992,105,2.02,11.5
1992,106,2.16,8.32000000000005
1992,106,2.16,8.32000000000005
1992,107,6.96,6.640000000000043
1992,107,6.96,6.640000000000043
1992,108,0.84,5.939999999999998
1992,108,0.84,5.939999999999998
1992,109,0.21,5.230000000000018
1992,109,0.21,5.230000000000018
1992,110,0.0,-0.8799999999999955
1992,110,0.0,-0.8799999999999955
1992,111,0.0,-0.23999999999995225
1992,111,0.0,-0.23999999999995225
1992,112,0.0,1.6400000000000432
1992,112,0.0,1.6400000000000432
1992,113,0.16,5.860000000000014
1992,113,0.16,5.860000000000014
1992,114,0.12,5.580000000000041
1992,114,0.12,5.580000000000041
1992,115,0.0,4.900000000000034
1992,115,0.0,4.900000000000034
1992,116,0.0,5.480000000000018
1992,116,0.0,5.480000000000018
1992,117,0.0,6.980000000000018
1992,117,0.0,6.980000000000018
1992,118,0.0,10.03000000000003
1992,118,0.0,10.03000000000003
1992,119,0.0,11.439999999999998
1992,119,0.0,11.439999999999998
1992,120,0.0,11.800000000000011
1992,120,0.0,11.800000000000011
1992,121,0.0,13.970000000000027
1992,121,0.0,13.970000000000027
1992,122,0.0,13.020000000000039
1992,122,0.0,13.020000000000039
1992,123,0.0,9.629999999999995
1992,123,0.0,9.629999999999995
1992,124,0.0,9.28000000000003
1992,124,0.0,9.28000000000003
1992,125,0.0,10.400000000000034
1992,125,0.0,10.400000000000034
1992,126,0.02,10.900000000000034
1992,126,0.02,10.900000000000034
1992,127,0.02,11.470000000000027
1992,127,0.02,11.470000000000027
1992,128,0.61,12.78000000000003
1992,128,0.61,12.78000000000003
1992,129,0.33,12.800000000000011
1992,129,0.33,12.800000000000011
1992,130,0.31,11.439999999999998
1992,130,0.31,11.439999999999998
1992,131,0.44,7.340000000000032
1992,131,0.44,7.340000000000032
1992,132,0.6,6.850000000000023
1992,132,0.6,6.850000000000023
1992,133,0.0,10.660000000000025
1992,133,0.0,10.660000000000025
1992,134,1.84,11.710000000000036
1992,134,1.84,11.710000000000036
1992,135,0.71,11.32000000000005
1992,135,0.71,11.32000000000005
1992,136,0.0,12.770000000000039
1992,136,0.0,12.770000000000039
1992,137,0.0,13.0
1992,137,0.0,13.0
1992,138,0.38,12.700000000000045
1992,138,0.38,12.700000000000045
1992,139,0.13,13.660000000000025
1992,139,0.13,13.660000000000025
1992,140,0.12,14.920000000000016
1992,140,0.12,14.920000000000016
1992,141,0.07,13.330000000000041
1992,141,0.07,13.330000000000041
1992,142,0.2,12.340000000000032
1992,142,0.2,12.340000000000032
1992,143,0.67,11.310000000000002
1992,143,0.67,11.310000000000002
1992,144,1.21,9.180000000000007
1992,144,1.21,9.180000000000007
1992,145,0.76,8.710000000000036
1992,145,0.76,8.710000000000036
1992,146,1.16,9.360000000000014
1992,146,1.16,9.360000000000014
1992,147,3.54,9.010000000000048
1992,147,3.54,9.010000000000048
1992,148,14.24,9.57000000000005
1992,148,14.24,9.57000000000005
1992,149,2.62,6.830000000000041
1992,149,2.62,6.830000000000041
1992,150,0.72,7.7000000000000455
1992,150,0.72,7.7000000000000455
1992,151,2.41,8.54000000000002
1992,151,2.41,8.54000000000002
1992,152,3.22,8.54000000000002
1992,152,3.22,8.54000000000002
1992,153,8.1,6.0400000000000205
1992,153,8.1,6.0400000000000205
1992,154,0.65,7.650000000000034
1992,154,0.65,7.650000000000034
1992,155,0.15,11.82000000000005
1992,155,0.15,11.82000000000005
1992,156,0.98,12.890000000000043
1992,156,0.98,12.890000000000043
1992,157,1.15,13.460000000000036
1992,157,1.15,13.460000000000036
1992,158,0.91,11.200000000000045
1992,158,0.91,11.200000000000045
1992,159,2.08,12.980000000000018
1992,159,2.08,12.980000000000018
1992,160,1.79,11.930000000000007
1992,160,1.79,11.930000000000007
1992,161,2.2,10.240000000000009
1992,161,2.2,10.240000000000009
1992,162,3.17,11.54000000000002
1992,162,3.17,11.54000000000002
1992,163,3.18,13.980000000000018
1992,163,3.18,13.980000000000018
1992,164,2.3,13.840000000000032
1992,164,2.3,13.840000000000032
1992,165,0.0,14.390000000000043
1992,165,0.0,14.390000000000043
1992,166,0.04,13.800000000000011
1992,166,0.04,13.800000000000011
1992,167,0.0,12.520000000000039
1992,167,0.0,12.520000000000039
1992,168,0.0,10.510000000000048
1992,168,0.0,10.510000000000048
1992,169,0.0,9.430000000000007
1992,169,0.0,9.430000000000007
1992,170,0.0,13.980000000000018
1992,170,0.0,13.980000000000018
1992,171,0.0,15.740000000000009
1992,171,0.0,15.740000000000009
1992,172,2.22,15.160000000000025
1992,172,2.22,15.160000000000025
1992,173,1.61,15.400000000000034
1992,173,1.61,15.400000000000034
1992,174,0.24,15.850000000000023
1992,174,0.24,15.850000000000023
1992,175,2.32,16.870000000000005
1992,175,2.32,16.870000000000005
1992,176,2.26,17.54000000000002
1992,176,2.26,17.54000000000002
1992,177,6.47,15.5
1992,177,6.47,15.5
1992,178,2.79,14.010000000000048
1992,178,2.79,14.010000000000048
1992,179,6.09,13.830000000000041
1992,179,6.09,13.830000000000041
1992,180,1.58,13.939999999999998
1992,180,1.58,13.939999999999998
1992,181,2.2,16.02000000000004
1992,181,2.2,16.02000000000004
1992,182,0.24,16.29000000000002
1992,182,0.24,16.29000000000002
1992,183,0.0,14.870000000000005
1992,183,0.0,14.870000000000005
1992,184,0.58,11.650000000000034
1992,184,0.58,11.650000000000034
1992,185,0.18,12.160000000000025
1992,185,0.18,12.160000000000025
1992,186,0.0,16.08000000000004
1992,186,0.0,16.08000000000004
1992,187,0.0,17.700000000000045
1992,187,0.0,17.700000000000045
1992,188,0.0,18.860000000000014
1992,188,0.0,18.860000000000014
1992,189,0.1,18.5
1992,189,0.1,18.5
1992,190,0.81,15.760000000000048
1992,190,0.81,15.760000000000048
1992,191,0.41,16.150000000000034
1992,191,0.41,16.150000000000034
1992,192,0.02,16.310000000000002
1992,192,0.02,16.310000000000002
1992,193,0.63,15.990000000000009
1992,193,0.63,15.990000000000009
1992,194,1.1,14.810000000000002
1992,194,1.1,14.810000000000002
1992,195,3.67,13.510000000000048
1992,195,3.67,13.510000000000048
1992,196,0.81,13.879999999999995
1992,196,0.81,13.879999999999995
1992,197,0.55,15.470000000000027
1992,197,0.55,15.470000000000027
1992,198,1.37,14.370000000000005
1992,198,1.37,14.370000000000005
1992,199,7.28,14.110000000000014
1992,199,7.28,14.110000000000014
1992,200,2.11,15.210000000000036
1992,200,2.11,15.210000000000036
1992,201,0.38,16.460000000000036
1992,201,0.38,16.460000000000036
1992,202,2.45,15.82000000000005
1992,202,2.45,15.82000000000005
1992,203,3.49,16.04000000000002
1992,203,3.49,16.04000000000002
1992,204,1.8,16.77000000000004
1992,204,1.8,16.77000000000004
1992,205,1.29,16.629999999999995
1992,205,1.29,16.629999999999995
1992,206,1.46,16.689999999999998
1992,206,1.46,16.689999999999998
1992,207,1.93,15.870000000000005
1992,207,1.93,15.870000000000005
1992,208,1.88,14.580000000000041
1992,208,1.88,14.580000000000041
1992,209,0.18,15.629999999999995
1992,209,0.18,15.629999999999995
1992,210,2.13,17.200000000000045
1992,210,2.13,17.200000000000045
1992,211,0.16,17.160000000000025
1992,211,0.16,17.160000000000025
1992,212,0.44,16.02000000000004
1992,212,0.44,16.02000000000004
1992,213,0.97,15.689999999999998
1992,213,0.97,15.689999999999998
1992,214,0.15,16.930000000000007
1992,214,0.15,16.930000000000007
1992,215,0.5,17.370000000000005
1992,215,0.5,17.370000000000005
1992,216,1.28,17.810000000000002
1992,216,1.28,17.810000000000002
1992,217,3.02,17.55000000000001
1992,217,3.02,17.55000000000001
1992,218,1.23,17.54000000000002
1992,218,1.23,17.54000000000002
1992,219,2.22,16.129999999999995
1992,219,2.22,16.129999999999995
1992,220,1.04,15.010000000000048
1992,220,1.04,15.010000000000048
1992,221,0.41,17.04000000000002
1992,221,0.41,17.04000000000002
1992,222,2.41,18.090000000000032
1992,222,2.41,18.090000000000032
1992,223,1.58,18.930000000000007
1992,223,1.58,18.930000000000007
1992,224,8.25,17.379999999999995
1992,224,8.25,17.379999999999995
1992,225,5.7,15.760000000000048
1992,225,5.7,15.760000000000048
1992,226,3.21,15.980000000000018
1992,226,3.21,15.980000000000018
1992,227,1.1,16.5
1992,227,1.1,16.5
1992,228,1.5,16.720000000000027
1992,228,1.5,16.720000000000027
1992,229,0.71,17.27000000000004
1992,229,0.71,17.27000000000004
1992,230,5.97,14.910000000000025
1992,230,5.97,14.910000000000025
1992,231,1.66,13.110000000000014
1992,231,1.66,13.110000000000014
1992,232,0.0,15.310000000000002
1992,232,0.0,15.310000000000002
1992,233,0.14,16.620000000000005
1992,233,0.14,16.620000000000005
1992,234,0.74,17.33000000000004
1992,234,0.74,17.33000000000004
1992,235,0.27,16.900000000000034
1992,235,0.27,16.900000000000034
1992,236,1.27,14.470000000000027
1992,236,1.27,14.470000000000027
1992,237,40.0,10.939999999999998
1992,237,40.0,10.939999999999998
1992,238,4.49,9.170000000000016
1992,238,4.49,9.170000000000016
1992,239,1.99,10.450000000000045
1992,239,1.99,10.450000000000045
1992,240,0.08,9.170000000000016
1992,240,0.08,9.170000000000016
1992,241,0.0,11.920000000000016
1992,241,0.0,11.920000000000016
1992,242,0.22,13.560000000000002
1992,242,0.22,13.560000000000002
1992,243,0.26,13.810000000000002
1992,243,0.26,13.810000000000002
1992,244,0.52,12.830000000000041
1992,244,0.52,12.830000000000041
1992,245,0.68,11.950000000000045
1992,245,0.68,11.950000000000045
1992,246,0.26,11.670000000000016
1992,246,0.26,11.670000000000016
1992,247,0.0,12.850000000000023
1992,247,0.0,12.850000000000023
1992,248,0.09,14.75
1992,248,0.09,14.75
1992,249,0.0,11.120000000000005
1992,249,0.0,11.120000000000005
1992,250,0.0,11.720000000000027
1992,250,0.0,11.720000000000027
1992,251,0.0,13.110000000000014
1992,251,0.0,13.110000000000014
1992,252,0.0,12.740000000000009
1992,252,0.0,12.740000000000009
1992,253,0.0,13.810000000000002
1992,253,0.0,13.810000000000002
1992,254,0.0,12.970000000000027
1992,254,0.0,12.970000000000027
1992,255,0.0,13.830000000000041
1992,255,0.0,13.830000000000041
1992,256,0.0,15.5
1992,256,0.0,15.5
1992,257,0.0,14.480000000000018
1992,257,0.0,14.480000000000018
1992,258,0.03,14.04000000000002
1992,258,0.03,14.04000000000002
1992,259,0.1,14.580000000000041
1992,259,0.1,14.580000000000041
1992,260,0.48,14.640000000000043
1992,260,0.48,14.640000000000043
1992,261,0.0,14.340000000000032
1992,261,0.0,14.340000000000032
1992,262,0.0,13.230000000000018
1992,262,0.0,13.230000000000018
1992,263,1.65,12.78000000000003
1992,263,1.65,12.78000000000003
1992,264,2.47,11.270000000000039
1992,264,2.47,11.270000000000039
1992,265,0.0,9.680000000000007
1992,265,0.0,9.680000000000007
1992,266,0.0,10.430000000000007
1992,266,0.0,10.430000000000007
1992,267,0.0,13.740000000000009
1992,267,0.0,13.740000000000009
1992,268,0.0,14.629999999999995
1992,268,0.0,14.629999999999995
1992,269,0.0,12.770000000000039
1992,269,0.0,12.770000000000039
1992,270,0.0,6.260000000000048
1992,270,0.0,6.260000000000048
1992,271,0.0,9.82000000000005
1992,271,0.0,9.82000000000005
1992,272,0.0,10.020000000000039
1992,272,0.0,10.020000000000039
1992,273,0.0,11.420000000000016
1992,273,0.0,11.420000000000016
1992,274,0.0,12.53000000000003
1992,274,0.0,12.53000000000003
1992,275,0.0,12.580000000000041
1992,275,0.0,12.580000000000041
1992,276,0.0,12.950000000000045
1992,276,0.0,12.950000000000045
1992,277,0.0,12.189999999999998
1992,277,0.0,12.189999999999998
1992,278,0.0,11.29000000000002
1992,278,0.0,11.29000000000002
1992,279,0.0,9.82000000000005
1992,279,0.0,9.82000000000005
1992,280,4.36,8.04000000000002
1992,280,4.36,8.04000000000002
1992,281,3.46,2.680000000000007
1992,281,3.46,2.680000000000007
1992,282,0.0,-1.9599999999999795
1992,282,0.0,-1.9599999999999795
1992,283,0.0,3.4600000000000364
1992,283,0.0,3.4600000000000364
1992,284,0.0,4.07000000000005
1992,284,0.0,4.07000000000005
1992,285,0.0,7.810000000000002
1992,285,0.0,7.810000000000002
1992,286,0.0,9.57000000000005
1992,286,0.0,9.57000000000005
1992,287,0.0,10.710000000000036
1992,287,0.0,10.710000000000036
1992,288,0.0,9.82000000000005
1992,288,0.0,9.82000000000005
1992,289,0.0,8.189999999999998
1992,289,0.0,8.189999999999998
1992,290,0.0,5.360000000000014
1992,290,0.0,5.360000000000014
1992,291,0.0,6.230000000000018
1992,291,0.0,6.230000000000018
1992,292,0.0,6.150000000000034
1992,292,0.0,6.150000000000034
1992,293,0.0,8.610000000000014
1992,293,0.0,8.610000000000014
1992,294,0.0,8.950000000000045
1992,294,0.0,8.950000000000045
1992,295,0.0,9.550000000000011
1992,295,0.0,9.550000000000011
1992,296,0.0,8.939999999999998
1992,296,0.0,8.939999999999998
1992,297,0.0,10.170000000000016
1992,297,0.0,10.170000000000016
1992,298,0.0,8.600000000000023
1992,298,0.0,8.600000000000023
1992,299,0.94,8.900000000000034
1992,299,0.94,8.900000000000034
1992,300,4.65,6.960000000000036
1992,300,4.65,6.960000000000036
1992,301,0.0,5.660000000000025
1992,301,0.0,5.660000000000025
1992,302,0.27,5.600000000000023
1992,302,0.27,5.600000000000023
1992,303,0.34,3.840000000000032
1992,303,0.34,3.840000000000032
1992,304,0.19,3.7900000000000205
1992,304,0.19,3.7900000000000205
1992,305,2.9,4.6200000000000045
1992,305,2.9,4.6200000000000045
1992,306,3.66,-1.329999999999984
1992,306,3.66,-1.329999999999984
1992,307,0.91,-1.75
1992,307,0.91,-1.75
1992,308,0.98,-6.5499999999999545
1992,308,0.98,-6.5499999999999545
1992,309,0.22,-9.039999999999964
1992,309,0.22,-9.039999999999964
1992,310,0.09,-8.899999999999977
1992,310,0.09,-8.899999999999977
1992,311,0.11,-5.399999999999977
1992,311,0.11,-5.399999999999977
1992,312,0.0,-3.859999999999957
1992,312,0.0,-3.859999999999957
1992,313,0.0,-1.25
1992,313,0.0,-1.25
1992,314,0.21,-1.089999999999975
1992,314,0.21,-1.089999999999975
1992,315,0.07,-2.419999999999959
1992,315,0.07,-2.419999999999959
1992,316,2.08,-3.9399999999999977
1992,316,2.08,-3.9399999999999977
1992,317,0.0,-3.419999999999959
1992,317,0.0,-3.419999999999959
1992,318,0.0,-3.1399999999999864
1992,318,0.0,-3.1399999999999864
1992,319,0.0,-0.3199999999999932
1992,319,0.0,-0.3199999999999932
1992,320,0.0,1.490000000000009
1992,320,0.0,1.490000000000009
1992,321,0.0,1.6000000000000227
1992,321,0.0,1.6000000000000227
1992,322,0.22,1.5600000000000023
1992,322,0.22,1.5600000000000023
1992,323,0.26,1.7200000000000273
1992,323,0.26,1.7200000000000273
1992,324,1.68,-1.4599999999999795
1992,324,1.68,-1.4599999999999795
1992,325,1.68,-2.519999999999982
1992,325,1.68,-2.519999999999982
1992,326,6.4,-5.909999999999968
1992,326,6.4,-5.909999999999968
1992,327,0.41,-6.5
1992,327,0.41,-6.5
1992,328,2.75,-5.349999999999966
1992,328,2.75,-5.349999999999966
1992,329,1.17,-12.109999999999957
1992,329,1.17,-12.109999999999957
1992,330,0.38,-11.639999999999986
1992,330,0.38,-11.639999999999986
1992,331,0.0,-7.839999999999975
1992,331,0.0,-7.839999999999975
1992,332,0.22,-6.819999999999993
1992,332,0.22,-6.819999999999993
1992,333,0.0,-6.289999999999964
1992,333,0.0,-6.289999999999964
1992,334,1.64,-7.310000000000002
1992,334,1.64,-7.310000000000002
1992,335,0.0,-8.989999999999952
1992,335,0.0,-8.989999999999952
1992,336,0.0,-5.71999999999997
1992,336,0.0,-5.71999999999997
1992,337,0.0,-5.67999999999995
1992,337,0.0,-5.67999999999995
1992,338,0.0,-3.1200000000000045
1992,338,0.0,-3.1200000000000045
1992,339,0.06,-10.919999999999959
1992,339,0.06,-10.919999999999959
1992,340,0.63,-8.879999999999995
1992,340,0.63,-8.879999999999995
1992,341,0.32,-7.579999999999984
1992,341,0.32,-7.579999999999984
1992,342,0.0,-6.859999999999957
1992,342,0.0,-6.859999999999957
1992,343,0.0,-3.3899999999999864
1992,343,0.0,-3.3899999999999864
1992,344,0.0,-3.919999999999959
1992,344,0.0,-3.919999999999959
1992,345,0.0,-2.4799999999999613
1992,345,0.0,-2.4799999999999613
1992,346,0.0,-0.08999999999997499
1992,346,0.0,-0.08999999999997499
1992,347,0.04,-2.1899999999999977
1992,347,0.04,-2.1899999999999977
1992,348,2.06,-9.269999999999982
1992,348,2.06,-9.269999999999982
1992,349,0.27,-11.789999999999964
1992,349,0.27,-11.789999999999964
1992,350,0.37,-8.349999999999966
1992,350,0.37,-8.349999999999966
1992,351,4.27,-8.810000000000002
1992,351,4.27,-8.810000000000002
1992,352,0.0,-9.889999999999986
1992,352,0.0,-9.889999999999986
1992,353,0.04,-7.739999999999952
1992,353,0.04,-7.739999999999952
1992,354,0.03,-10.239999999999952
1992,354,0.03,-10.239999999999952
1992,355,0.0,-9.989999999999952
1992,355,0.0,-9.989999999999952
1992,356,0.0,-6.71999999999997
1992,356,0.0,-6.71999999999997
1992,357,0.0,-7.1299999999999955
1992,357,0.0,-7.1299999999999955
1992,358,0.0,-7.099999999999966
1992,358,0.0,-7.099999999999966
1992,359,0.0,-4.789999999999964
1992,359,0.0,-4.789999999999964
1992,360,0.0,-7.449999999999989
1992,360,0.0,-7.449999999999989
1992,361,0.0,-6.2099999999999795
1992,361,0.0,-6.2099999999999795
1992,362,0.0,-5.189999999999998
1992,362,0.0,-5.189999999999998
1992,363,0.0,-3.009999999999991
1992,363,0.0,-3.009999999999991
1992,364,0.0,-0.9399999999999977
1992,364,0.0,-0.9399999999999977
1992,365,0.0,-2.75
1992,365,0.0,-2.75
1992,366,0.0,-6.859999999999957
1992,366,0.0,-6.859999999999957
1993,1,0.0,-4.359999999999957
1993,1,0.0,-4.359999999999957
1993,2,0.0,-2.819999999999993
1993,2,0.0,-2.819999999999993
1993,3,0.0,-5.569999999999993
1993,3,0.0,-5.569999999999993
1993,4,2.01,-10.919999999999959
1993,4,2.01,-10.919999999999959
1993,5,0.0,-8.089999999999975
1993,5,0.0,-8.089999999999975
1993,6,0.0,-7.2999999999999545
1993,6,0.0,-7.2999999999999545
1993,7,0.02,-4.289999999999964
1993,7,0.02,-4.289999999999964
1993,8,1.35,-4.7099999999999795
1993,8,1.35,-4.7099999999999795
1993,9,2.05,-8.979999999999961
1993,9,2.05,-8.979999999999961
1993,10,0.0,-8.939999999999998
1993,10,0.0,-8.939999999999998
1993,11,0.0,-5.699999999999989
1993,11,0.0,-5.699999999999989
1993,12,0.0,-11.039999999999964
1993,12,0.0,-11.039999999999964
1993,13,0.0,-9.549999999999955
1993,13,0.0,-9.549999999999955
1993,14,0.0,-5.399999999999977
1993,14,0.0,-5.399999999999977
1993,15,0.0,-5.419999999999959
1993,15,0.0,-5.419999999999959
1993,16,0.04,-5.17999999999995
1993,16,0.04,-5.17999999999995
1993,17,0.32,-4.42999999999995
1993,17,0.32,-4.42999999999995
1993,18,0.02,-5.6200000000000045
1993,18,0.02,-5.6200000000000045
1993,19,0.61,-4.419999999999959
1993,19,0.61,-4.419999999999959
1993,20,0.05,-4.7999999999999545
1993,20,0.05,-4.7999999999999545
1993,21,0.0,-2.519999999999982
1993,21,0.0,-2.519999999999982
1993,22,0.0,-2.5499999999999545
1993,22,0.0,-2.5499999999999545
1993,23,0.05,-6.9599999999999795
1993,23,0.05,-6.9599999999999795
1993,24,0.0,-9.849999999999966
1993,24,0.0,-9.849999999999966
1993,25,0.0,-6.659999999999968
1993,25,0.0,-6.659999999999968
1993,26,0.0,-1.9799999999999613
1993,26,0.0,-1.9799999999999613
1993,27,0.0,-1.579999999999984
1993,27,0.0,-1.579999999999984
1993,28,0.0,-2.839999999999975
1993,28,0.0,-2.839999999999975
1993,29,0.0,-6.239999999999952
1993,29,0.0,-6.239999999999952
1993,30,0.0,-3.5299999999999727
1993,30,0.0,-3.5299999999999727
1993,31,0.0,-2.259999999999991
1993,31,0.0,-2.259999999999991
1993,32,0.08,-2.159999999999968
1993,32,0.08,-2.159999999999968
1993,33,0.06,-4.909999999999968
1993,33,0.06,-4.909999999999968
1993,34,0.13,-6.089999999999975
1993,34,0.13,-6.089999999999975
1993,35,0.47,-6.899999999999977
1993,35,0.47,-6.899999999999977
1993,36,0.0,-7.329999999999984
1993,36,0.0,-7.329999999999984
1993,37,0.0,-2.3799999999999955
1993,37,0.0,-2.3799999999999955
1993,38,0.0,-1.6099999999999568
1993,38,0.0,-1.6099999999999568
1993,39,0.0,-1.089999999999975
1993,39,0.0,-1.089999999999975
1993,40,0.23,0.8400000000000318
1993,40,0.23,0.8400000000000318
1993,41,3.14,-2.259999999999991
1993,41,3.14,-2.259999999999991
1993,42,0.07,-6.029999999999973
1993,42,0.07,-6.029999999999973
1993,43,0.0,-6.159999999999968
1993,43,0.0,-6.159999999999968
1993,44,0.0,-7.279999999999973
1993,44,0.0,-7.279999999999973
1993,45,0.08,-7.5499999999999545
1993,45,0.08,-7.5499999999999545
1993,46,2.37,-8.109999999999957
1993,46,2.37,-8.109999999999957
1993,47,0.06,-10.96999999999997
1993,47,0.06,-10.96999999999997
1993,48,0.0,-7.810000000000002
1993,48,0.0,-7.810000000000002
1993,49,0.0,-4.6299999999999955
1993,49,0.0,-4.6299999999999955
1993,50,0.96,-0.6499999999999773
1993,50,0.96,-0.6499999999999773
1993,51,1.03,-0.1099999999999568
1993,51,1.03,-0.1099999999999568
1993,52,0.03,-7.069999999999993
1993,52,0.03,-7.069999999999993
1993,53,0.04,-9.399999999999977
1993,53,0.04,-9.399999999999977
1993,54,0.0,-7.669999999999959
1993,54,0.0,-7.669999999999959
1993,55,0.01,-2.9399999999999977
1993,55,0.01,-2.9399999999999977
1993,56,0.1,-5.739999999999952
1993,56,0.1,-5.739999999999952
1993,57,0.0,-6.239999999999952
1993,57,0.0,-6.239999999999952
1993,58,0.0,-4.149999999999977
1993,58,0.0,-4.149999999999977
1993,59,0.01,-2.2199999999999704
1993,59,0.01,-2.2199999999999704
1993,60,0.15,-3.019999999999982
1993,60,0.15,-3.019999999999982
1993,61,0.03,-4.389999999999986
1993,61,0.03,-4.389999999999986
1993,62,0.08,-4.909999999999968
1993,62,0.08,-4.909999999999968
1993,63,0.0,-6.17999999999995
1993,63,0.0,-6.17999999999995
1993,64,0.0,-3.4399999999999977
1993,64,0.0,-3.4399999999999977
1993,65,0.0,-1.92999999999995
1993,65,0.0,-1.92999999999995
1993,66,0.0,-0.7099999999999795
1993,66,0.0,-0.7099999999999795
1993,67,0.0,1.7100000000000364
1993,67,0.0,1.7100000000000364
1993,68,0.0,0.8700000000000045
1993,68,0.0,0.8700000000000045
1993,69,0.02,-0.92999999999995
1993,69,0.02,-0.92999999999995
1993,70,0.77,-1.919999999999959
1993,70,0.77,-1.919999999999959
1993,71,1.08,-10.889999999999986
1993,71,1.08,-10.889999999999986
1993,72,0.0,-10.899999999999977
1993,72,0.0,-10.899999999999977
1993,73,0.0,-5.349999999999966
1993,73,0.0,-5.349999999999966
1993,74,0.11,-0.38999999999998636
1993,74,0.11,-0.38999999999998636
1993,75,0.0,0.25
1993,75,0.0,0.25
1993,76,0.0,0.35000000000002274
1993,76,0.0,0.35000000000002274
1993,77,0.0,2.0300000000000296
1993,77,0.0,2.0300000000000296
1993,78,0.0,-0.46999999999997044
1993,78,0.0,-0.46999999999997044
1993,79,0.0,-0.1099999999999568
1993,79,0.0,-0.1099999999999568
1993,80,0.0,1.7100000000000364
1993,80,0.0,1.7100000000000364
1993,81,0.34,-2.319999999999993
1993,81,0.34,-2.319999999999993
1993,82,0.0,1.1200000000000045
1993,82,0.0,1.1200000000000045
1993,83,0.0,3.980000000000018
1993,83,0.0,3.980000000000018
1993,84,0.45,5.840000000000032
1993,84,0.45,5.840000000000032
1993,85,1.17,5.8700000000000045
1993,85,1.17,5.8700000000000045
1993,86,2.7,4.840000000000032
1993,86,2.7,4.840000000000032
1993,87,5.58,-0.2699999999999818
1993,87,5.58,-0.2699999999999818
1993,88,1.87,0.4300000000000068
1993,88,1.87,0.4300000000000068
1993,89,5.61,-1.8100000000000023
1993,89,5.61,-1.8100000000000023
1993,90,2.63,-2.17999999999995
1993,90,2.63,-2.17999999999995
1993,91,0.06,-2.019999999999982
1993,91,0.06,-2.019999999999982
1993,92,0.76,1.7000000000000455
1993,92,0.76,1.7000000000000455
1993,93,4.15,-1.259999999999991
1993,93,4.15,-1.259999999999991
1993,94,0.06,-1.1899999999999977
1993,94,0.06,-1.1899999999999977
1993,95,0.11,3.8000000000000114
1993,95,0.11,3.8000000000000114
1993,96,3.29,2.2700000000000387
1993,96,3.29,2.2700000000000387
1993,97,2.98,-2.819999999999993
1993,97,2.98,-2.819999999999993
1993,98,0.48,-3.609999999999957
1993,98,0.48,-3.609999999999957
1993,99,0.0,1.57000000000005
1993,99,0.0,1.57000000000005
1993,100,0.23,2.830000000000041
1993,100,0.23,2.830000000000041
1993,101,0.09,2.1100000000000136
1993,101,0.09,2.1100000000000136
1993,102,0.23,2.1200000000000045
1993,102,0.23,2.1200000000000045
1993,103,1.95,-0.01999999999998181
1993,103,1.95,-0.01999999999998181
1993,104,0.05,-2.9499999999999886
1993,104,0.05,-2.9499999999999886
1993,105,0.24,-3.259999999999991
1993,105,0.24,-3.259999999999991
1993,106,0.0,0.4300000000000068
1993,106,0.0,0.4300000000000068
1993,107,0.0,0.6100000000000136
1993,107,0.0,0.6100000000000136
1993,108,0.0,3.7800000000000296
1993,108,0.0,3.7800000000000296
1993,109,0.77,-0.6399999999999864
1993,109,0.77,-0.6399999999999864
1993,110,0.0,-3.2999999999999545
1993,110,0.0,-3.2999999999999545
1993,111,0.0,1.0200000000000387
1993,111,0.0,1.0200000000000387
1993,112,0.0,7.460000000000036
1993,112,0.0,7.460000000000036
1993,113,0.16,7.650000000000034
1993,113,0.16,7.650000000000034
1993,114,1.67,2.7600000000000477
1993,114,1.67,2.7600000000000477
1993,115,0.16,0.5100000000000477
1993,115,0.16,0.5100000000000477
1993,116,0.0,5.310000000000002
1993,116,0.0,5.310000000000002
1993,117,0.0,7.920000000000016
1993,117,0.0,7.920000000000016
1993,118,0.36,6.5400000000000205
1993,118,0.36,6.5400000000000205
1993,119,0.0,6.1200000000000045
1993,119,0.0,6.1200000000000045
1993,120,0.36,6.350000000000023
1993,120,0.36,6.350000000000023
1993,121,1.18,0.9300000000000068
1993,121,1.18,0.9300000000000068
1993,122,0.0,0.6800000000000068
1993,122,0.0,0.6800000000000068
1993,123,0.0,6.090000000000032
1993,123,0.0,6.090000000000032
1993,124,0.05,8.590000000000032
1993,124,0.05,8.590000000000032
1993,125,0.02,9.020000000000039
1993,125,0.02,9.020000000000039
1993,126,0.0,3.57000000000005
1993,126,0.0,3.57000000000005
1993,127,0.23,6.1200000000000045
1993,127,0.23,6.1200000000000045
1993,128,0.1,3.390000000000043
1993,128,0.1,3.390000000000043
1993,129,0.33,1.0300000000000296
1993,129,0.33,1.0300000000000296
1993,130,0.0,3.6200000000000045
1993,130,0.0,3.6200000000000045
1993,131,0.0,5.340000000000032
1993,131,0.0,5.340000000000032
1993,132,0.07,6.670000000000016
1993,132,0.07,6.670000000000016
1993,133,0.24,9.939999999999998
1993,133,0.24,9.939999999999998
1993,134,0.53,11.740000000000009
1993,134,0.53,11.740000000000009
1993,135,0.44,11.550000000000011
1993,135,0.44,11.550000000000011
1993,136,7.11,10.760000000000048
1993,136,7.11,10.760000000000048
1993,137,7.41,9.700000000000045
1993,137,7.41,9.700000000000045
1993,138,2.42,7.939999999999998
1993,138,2.42,7.939999999999998
1993,139,2.13,9.670000000000016
1993,139,2.13,9.670000000000016
1993,140,1.57,10.870000000000005
1993,140,1.57,10.870000000000005
1993,141,1.9,13.330000000000041
1993,141,1.9,13.330000000000041
1993,142,0.11,12.670000000000016
1993,142,0.11,12.670000000000016
1993,143,0.07,9.720000000000027
1993,143,0.07,9.720000000000027
1993,144,1.33,11.140000000000043
1993,144,1.33,11.140000000000043
1993,145,1.46,11.660000000000025
1993,145,1.46,11.660000000000025
1993,146,0.55,13.53000000000003
1993,146,0.55,13.53000000000003
1993,147,0.53,14.25
1993,147,0.53,14.25
1993,148,2.08,13.580000000000041
1993,148,2.08,13.580000000000041
1993,149,2.37,12.5
1993,149,2.37,12.5
1993,150,0.0,12.140000000000043
1993,150,0.0,12.140000000000043
1993,151,0.5,13.830000000000041
1993,151,0.5,13.830000000000041
1993,152,0.1,14.410000000000025
1993,152,0.1,14.410000000000025
1993,153,0.47,12.230000000000018
1993,153,0.47,12.230000000000018
1993,154,1.42,10.07000000000005
1993,154,1.42,10.07000000000005
1993,155,1.77,6.32000000000005
1993,155,1.77,6.32000000000005
1993,156,0.0,10.830000000000041
1993,156,0.0,10.830000000000041
1993,157,0.0,13.25
1993,157,0.0,13.25
1993,158,0.37,8.29000000000002
1993,158,0.37,8.29000000000002
1993,159,4.64,6.0400000000000205
1993,159,4.64,6.0400000000000205
1993,160,3.0,8.330000000000041
1993,160,3.0,8.330000000000041
1993,161,0.41,9.689999999999998
1993,161,0.41,9.689999999999998
1993,162,0.0,13.240000000000009
1993,162,0.0,13.240000000000009
1993,163,0.22,14.930000000000007
1993,163,0.22,14.930000000000007
1993,164,0.0,14.740000000000009
1993,164,0.0,14.740000000000009
1993,165,0.0,15.310000000000002
1993,165,0.0,15.310000000000002
1993,166,0.89,17.480000000000018
1993,166,0.89,17.480000000000018
1993,167,0.16,16.460000000000036
1993,167,0.16,16.460000000000036
1993,168,3.72,13.870000000000005
1993,168,3.72,13.870000000000005
1993,169,13.42,10.54000000000002
1993,169,13.42,10.54000000000002
1993,170,2.37,10.830000000000041
1993,170,2.37,10.830000000000041
1993,171,0.28,14.340000000000032
1993,171,0.28,14.340000000000032
1993,172,1.12,16.060000000000002
1993,172,1.12,16.060000000000002
1993,173,0.0,15.330000000000041
1993,173,0.0,15.330000000000041
1993,174,0.0,15.28000000000003
1993,174,0.0,15.28000000000003
1993,175,0.0,12.110000000000014
1993,175,0.0,12.110000000000014
1993,176,0.0,12.740000000000009
1993,176,0.0,12.740000000000009
1993,177,0.0,15.439999999999998
1993,177,0.0,15.439999999999998
1993,178,0.0,17.560000000000002
1993,178,0.0,17.560000000000002
1993,179,0.0,17.879999999999995
1993,179,0.0,17.879999999999995
1993,180,0.0,18.02000000000004
1993,180,0.0,18.02000000000004
1993,181,0.0,17.430000000000007
1993,181,0.0,17.430000000000007
1993,182,0.0,17.0
1993,182,0.0,17.0
1993,183,0.0,17.83000000000004
1993,183,0.0,17.83000000000004
1993,184,0.38,17.400000000000034
1993,184,0.38,17.400000000000034
1993,185,0.0,12.900000000000034
1993,185,0.0,12.900000000000034
1993,186,0.31,11.890000000000043
1993,186,0.31,11.890000000000043
1993,187,0.0,12.82000000000005
1993,187,0.0,12.82000000000005
1993,188,0.0,14.840000000000032
1993,188,0.0,14.840000000000032
1993,189,0.0,17.5
1993,189,0.0,17.5
1993,190,0.0,16.450000000000045
1993,190,0.0,16.450000000000045
1993,191,0.22,17.410000000000025
1993,191,0.22,17.410000000000025
1993,192,1.42,17.0
1993,192,1.42,17.0
1993,193,0.9,16.5
1993,193,0.9,16.5
1993,194,1.04,16.720000000000027
1993,194,1.04,16.720000000000027
1993,195,1.71,15.879999999999995
1993,195,1.71,15.879999999999995
1993,196,0.33,16.260000000000048
1993,196,0.33,16.260000000000048
1993,197,0.06,17.480000000000018
1993,197,0.06,17.480000000000018
1993,198,1.66,17.54000000000002
1993,198,1.66,17.54000000000002
1993,199,7.47,15.410000000000025
1993,199,7.47,15.410000000000025
1993,200,3.3,16.230000000000018
1993,200,3.3,16.230000000000018
1993,201,1.92,16.620000000000005
1993,201,1.92,16.620000000000005
1993,202,0.44,16.129999999999995
1993,202,0.44,16.129999999999995
1993,203,0.0,15.32000000000005
1993,203,0.0,15.32000000000005
1993,204,0.0,15.379999999999995
1993,204,0.0,15.379999999999995
1993,205,0.0,14.110000000000014
1993,205,0.0,14.110000000000014
1993,206,0.0,13.75
1993,206,0.0,13.75
1993,207,0.56,17.129999999999995
1993,207,0.56,17.129999999999995
1993,208,0.0,15.75
1993,208,0.0,15.75
1993,209,0.0,16.560000000000002
1993,209,0.0,16.560000000000002
1993,210,0.22,18.980000000000018
1993,210,0.22,18.980000000000018
1993,211,1.04,19.05000000000001
1993,211,1.04,19.05000000000001
1993,212,0.52,18.980000000000018
1993,212,0.52,18.980000000000018
1993,213,0.83,18.53000000000003
1993,213,0.83,18.53000000000003
1993,214,1.81,16.49000000000001
1993,214,1.81,16.49000000000001
1993,215,1.14,13.390000000000043
1993,215,1.14,13.390000000000043
1993,216,0.43,13.79000000000002
1993,216,0.43,13.79000000000002
1993,217,1.36,14.730000000000018
1993,217,1.36,14.730000000000018
1993,218,1.48,13.629999999999995
1993,218,1.48,13.629999999999995
1993,219,0.0,15.54000000000002
1993,219,0.0,15.54000000000002
1993,220,1.16,16.610000000000014
1993,220,1.16,16.610000000000014
1993,221,0.92,16.32000000000005
1993,221,0.92,16.32000000000005
1993,222,4.45,17.340000000000032
1993,222,4.45,17.340000000000032
1993,223,4.59,15.939999999999998
1993,223,4.59,15.939999999999998
1993,224,2.45,16.900000000000034
1993,224,2.45,16.900000000000034
1993,225,2.32,16.620000000000005
1993,225,2.32,16.620000000000005
1993,226,1.61,16.640000000000043
1993,226,1.61,16.640000000000043
1993,227,0.75,15.29000000000002
1993,227,0.75,15.29000000000002
1993,228,0.18,15.990000000000009
1993,228,0.18,15.990000000000009
1993,229,0.0,17.140000000000043
1993,229,0.0,17.140000000000043
1993,230,0.42,17.32000000000005
1993,230,0.42,17.32000000000005
1993,231,4.4,15.100000000000023
1993,231,4.4,15.100000000000023
1993,232,2.59,15.080000000000041
1993,232,2.59,15.080000000000041
1993,233,8.76,15.410000000000025
1993,233,8.76,15.410000000000025
1993,234,1.49,14.260000000000048
1993,234,1.49,14.260000000000048
1993,235,0.2,13.230000000000018
1993,235,0.2,13.230000000000018
1993,236,0.0,15.760000000000048
1993,236,0.0,15.760000000000048
1993,237,0.0,17.310000000000002
1993,237,0.0,17.310000000000002
1993,238,3.36,15.020000000000039
1993,238,3.36,15.020000000000039
1993,239,4.68,11.970000000000027
1993,239,4.68,11.970000000000027
1993,240,1.73,12.370000000000005
1993,240,1.73,12.370000000000005
1993,241,0.58,14.100000000000023
1993,241,0.58,14.100000000000023
1993,242,7.96,12.150000000000034
1993,242,7.96,12.150000000000034
1993,243,0.75,9.450000000000045
1993,243,0.75,9.450000000000045
1993,244,0.92,12.800000000000011
1993,244,0.92,12.800000000000011
1993,245,3.07,12.32000000000005
1993,245,3.07,12.32000000000005
1993,246,0.0,10.680000000000007
1993,246,0.0,10.680000000000007
1993,247,0.0,14.07000000000005
1993,247,0.0,14.07000000000005
1993,248,0.49,14.090000000000032
1993,248,0.49,14.090000000000032
1993,249,3.62,12.04000000000002
1993,249,3.62,12.04000000000002
1993,250,4.01,12.420000000000016
1993,250,4.01,12.420000000000016
1993,251,2.39,10.53000000000003
1993,251,2.39,10.53000000000003
1993,252,0.0,12.650000000000034
1993,252,0.0,12.650000000000034
1993,253,0.0,13.600000000000023
1993,253,0.0,13.600000000000023
1993,254,0.54,14.760000000000048
1993,254,0.54,14.760000000000048
1993,255,0.0,15.04000000000002
1993,255,0.0,15.04000000000002
1993,256,10.54,8.480000000000018
1993,256,10.54,8.480000000000018
1993,257,2.58,2.8799999999999955
1993,257,2.58,2.8799999999999955
1993,258,0.0,9.010000000000048
1993,258,0.0,9.010000000000048
1993,259,0.0,11.189999999999998
1993,259,0.0,11.189999999999998
1993,260,0.11,11.129999999999995
1993,260,0.11,11.129999999999995
1993,261,0.31,9.460000000000036
1993,261,0.31,9.460000000000036
1993,262,0.0,6.8799999999999955
1993,262,0.0,6.8799999999999955
1993,263,0.0,8.740000000000009
1993,263,0.0,8.740000000000009
1993,264,0.0,12.390000000000043
1993,264,0.0,12.390000000000043
1993,265,0.0,12.970000000000027
1993,265,0.0,12.970000000000027
1993,266,0.0,12.050000000000011
1993,266,0.0,12.050000000000011
1993,267,0.0,11.080000000000041
1993,267,0.0,11.080000000000041
1993,268,0.0,7.930000000000007
1993,268,0.0,7.930000000000007
1993,269,0.0,7.710000000000036
1993,269,0.0,7.710000000000036
1993,270,0.0,10.010000000000048
1993,270,0.0,10.010000000000048
1993,271,0.0,12.050000000000011
1993,271,0.0,12.050000000000011
1993,272,0.0,10.800000000000011
1993,272,0.0,10.800000000000011
1993,273,0.0,12.060000000000002
1993,273,0.0,12.060000000000002
1993,274,0.0,10.5
1993,274,0.0,10.5
1993,275,0.0,9.870000000000005
1993,275,0.0,9.870000000000005
1993,276,0.0,10.370000000000005
1993,276,0.0,10.370000000000005
1993,277,0.0,12.120000000000005
1993,277,0.0,12.120000000000005
1993,278,0.0,12.560000000000002
1993,278,0.0,12.560000000000002
1993,279,0.0,12.879999999999995
1993,279,0.0,12.879999999999995
1993,280,1.73,10.57000000000005
1993,280,1.73,10.57000000000005
1993,281,1.53,6.220000000000027
1993,281,1.53,6.220000000000027
1993,282,0.63,2.6899999999999977
1993,282,0.63,2.6899999999999977
1993,283,0.58,4.580000000000041
1993,283,0.58,4.580000000000041
1993,284,0.0,5.310000000000002
1993,284,0.0,5.310000000000002
1993,285,0.19,6.840000000000032
1993,285,0.19,6.840000000000032
1993,286,0.13,6.480000000000018
1993,286,0.13,6.480000000000018
1993,287,0.0,6.990000000000009
1993,287,0.0,6.990000000000009
1993,288,0.0,5.860000000000014
1993,288,0.0,5.860000000000014
1993,289,7.6,4.960000000000036
1993,289,7.6,4.960000000000036
1993,290,3.27,4.3700000000000045
1993,290,3.27,4.3700000000000045
1993,291,5.79,2.8500000000000227
1993,291,5.79,2.8500000000000227
1993,292,0.38,2.5200000000000387
1993,292,0.38,2.5200000000000387
1993,293,0.39,2.1100000000000136
1993,293,0.39,2.1100000000000136
1993,294,0.0,3.5100000000000477
1993,294,0.0,3.5100000000000477
1993,295,0.0,6.439999999999998
1993,295,0.0,6.439999999999998
1993,296,0.0,7.1299999999999955
1993,296,0.0,7.1299999999999955
1993,297,0.11,6.110000000000014
1993,297,0.11,6.110000000000014
1993,298,1.34,5.53000000000003
1993,298,1.34,5.53000000000003
1993,299,1.71,-0.2799999999999727
1993,299,1.71,-0.2799999999999727
1993,300,0.0,-1.339999999999975
1993,300,0.0,-1.339999999999975
1993,301,0.0,3.230000000000018
1993,301,0.0,3.230000000000018
1993,302,5.77,-5.149999999999977
1993,302,5.77,-5.149999999999977
1993,303,0.0,-8.029999999999973
1993,303,0.0,-8.029999999999973
1993,304,0.0,1.420000000000016
1993,304,0.0,1.420000000000016
1993,305,0.0,3.490000000000009
1993,305,0.0,3.490000000000009
1993,306,2.44,-2.1999999999999886
1993,306,2.44,-2.1999999999999886
1993,307,0.0,0.6200000000000045
1993,307,0.0,0.6200000000000045
1993,308,1.36,0.6500000000000341
1993,308,1.36,0.6500000000000341
1993,309,3.86,-5.96999999999997
1993,309,3.86,-5.96999999999997
1993,310,0.0,-6.889999999999986
1993,310,0.0,-6.889999999999986
1993,311,0.0,-4.7999999999999545
1993,311,0.0,-4.7999999999999545
1993,312,0.0,-4.359999999999957
1993,312,0.0,-4.359999999999957
1993,313,0.0,-3.109999999999957
1993,313,0.0,-3.109999999999957
1993,314,0.0,-1.009999999999991
1993,314,0.0,-1.009999999999991
1993,315,0.0,1.9700000000000273
1993,315,0.0,1.9700000000000273
1993,316,5.26,-0.16999999999995907
1993,316,5.26,-0.16999999999995907
1993,317,0.14,-3.609999999999957
1993,317,0.14,-3.609999999999957
1993,318,5.15,-4.71999999999997
1993,318,5.15,-4.71999999999997
1993,319,0.0,-7.159999999999968
1993,319,0.0,-7.159999999999968
1993,320,0.0,-4.8799999999999955
1993,320,0.0,-4.8799999999999955
1993,321,0.0,-3.0
1993,321,0.0,-3.0
1993,322,0.0,0.040000000000020464
1993,322,0.0,0.040000000000020464
1993,323,0.17,-3.609999999999957
1993,323,0.17,-3.609999999999957
1993,324,0.0,-3.3700000000000045
1993,324,0.0,-3.3700000000000045
1993,325,0.0,-1.6999999999999886
1993,325,0.0,-1.6999999999999886
1993,326,0.0,1.1899999999999977
1993,326,0.0,1.1899999999999977
1993,327,0.14,1.6299999999999955
1993,327,0.14,1.6299999999999955
1993,328,0.95,-6.409999999999968
1993,328,0.95,-6.409999999999968
1993,329,0.0,-14.239999999999952
1993,329,0.0,-14.239999999999952
1993,330,0.0,-13.989999999999952
1993,330,0.0,-13.989999999999952
1993,331,0.0,-8.599999999999966
1993,331,0.0,-8.599999999999966
1993,332,0.0,-2.7399999999999523
1993,332,0.0,-2.7399999999999523
1993,333,0.0,-0.47999999999996135
1993,333,0.0,-0.47999999999996135
1993,334,0.0,-1.419999999999959
1993,334,0.0,-1.419999999999959
1993,335,0.0,-2.4799999999999613
1993,335,0.0,-2.4799999999999613
1993,336,0.0,-2.7899999999999636
1993,336,0.0,-2.7899999999999636
1993,337,0.03,-5.3700000000000045
1993,337,0.03,-5.3700000000000045
1993,338,0.0,-3.5600000000000023
1993,338,0.0,-3.5600000000000023
1993,339,0.0,-4.439999999999998
1993,339,0.0,-4.439999999999998
1993,340,0.0,-4.669999999999959
1993,340,0.0,-4.669999999999959
1993,341,0.03,-4.389999999999986
1993,341,0.03,-4.389999999999986
1993,342,0.0,-1.8100000000000023
1993,342,0.0,-1.8100000000000023
1993,343,0.0,-0.03999999999996362
1993,343,0.0,-0.03999999999996362
1993,344,0.0,-1.0399999999999636
1993,344,0.0,-1.0399999999999636
1993,345,0.0,1.740000000000009
1993,345,0.0,1.740000000000009
1993,346,1.73,0.4000000000000341
1993,346,1.73,0.4000000000000341
1993,347,2.53,-5.5
1993,347,2.53,-5.5
1993,348,0.0,-5.21999999999997
1993,348,0.0,-5.21999999999997
1993,349,0.0,-3.609999999999957
1993,349,0.0,-3.609999999999957
1993,350,2.31,-6.899999999999977
1993,350,2.31,-6.899999999999977
1993,351,0.01,-8.25
1993,351,0.01,-8.25
1993,352,0.0,-6.099999999999966
1993,352,0.0,-6.099999999999966
1993,353,0.07,-4.949999999999989
1993,353,0.07,-4.949999999999989
1993,354,0.56,-9.0
1993,354,0.56,-9.0
1993,355,0.0,-7.75
1993,355,0.0,-7.75
1993,356,2.38,-12.259999999999991
1993,356,2.38,-12.259999999999991
1993,357,0.89,-11.349999999999966
1993,357,0.89,-11.349999999999966
1993,358,0.02,-10.609999999999957
1993,358,0.02,-10.609999999999957
1993,359,0.0,-4.839999999999975
1993,359,0.0,-4.839999999999975
1993,360,0.0,-1.4499999999999886
1993,360,0.0,-1.4499999999999886
1993,361,0.0,-2.579999999999984
1993,361,0.0,-2.579999999999984
1993,362,0.0,-4.2099999999999795
1993,362,0.0,-4.2099999999999795
1993,363,0.0,-5.889999999999986
1993,363,0.0,-5.889999999999986
1993,364,0.0,-3.9799999999999613
1993,364,0.0,-3.9799999999999613
1993,365,0.0,-2.909999999999968
1993,365,0.0,-2.909999999999968
1994,1,0.03,-5.259999999999991
1994,1,0.03,-5.259999999999991
1994,2,0.09,-4.149999999999977
1994,2,0.09,-4.149999999999977
1994,3,0.0,-5.079999999999984
1994,3,0.0,-5.079999999999984
1994,4,0.0,-3.359999999999957
1994,4,0.0,-3.359999999999957
1994,5,0.0,-0.44999999999998863
1994,5,0.0,-0.44999999999998863
1994,6,0.19,-6.979999999999961
1994,6,0.19,-6.979999999999961
1994,7,0.0,-10.70999999999998
1994,7,0.0,-10.70999999999998
1994,8,0.0,-6.5499999999999545
1994,8,0.0,-6.5499999999999545
1994,9,0.0,-4.919999999999959
1994,9,0.0,-4.919999999999959
1994,10,0.21,-7.169999999999959
1994,10,0.21,-7.169999999999959
1994,11,0.0,-6.779999999999973
1994,11,0.0,-6.779999999999973
1994,12,0.0,-5.439999999999998
1994,12,0.0,-5.439999999999998
1994,13,0.0,-5.509999999999991
1994,13,0.0,-5.509999999999991
1994,14,0.0,-3.7299999999999613
1994,14,0.0,-3.7299999999999613
1994,15,0.0,-2.9399999999999977
1994,15,0.0,-2.9399999999999977
1994,16,0.0,-3.9899999999999523
1994,16,0.0,-3.9899999999999523
1994,17,0.0,-7.399999999999977
1994,17,0.0,-7.399999999999977
1994,18,0.0,-3.4499999999999886
1994,18,0.0,-3.4499999999999886
1994,19,0.0,-1.6599999999999682
1994,19,0.0,-1.6599999999999682
1994,20,0.0,-2.8700000000000045
1994,20,0.0,-2.8700000000000045
1994,21,0.0,-2.8799999999999955
1994,21,0.0,-2.8799999999999955
1994,22,0.0,-2.089999999999975
1994,22,0.0,-2.089999999999975
1994,23,0.0,-1.589999999999975
1994,23,0.0,-1.589999999999975
1994,24,0.0,-1.0299999999999727
1994,24,0.0,-1.0299999999999727
1994,25,0.0,-2.349999999999966
1994,25,0.0,-2.349999999999966
1994,26,4.81,-3.9799999999999613
1994,26,4.81,-3.9799999999999613
1994,27,1.16,-6.42999999999995
1994,27,1.16,-6.42999999999995
1994,28,0.78,-10.409999999999968
1994,28,0.78,-10.409999999999968
1994,29,0.38,-9.5
1994,29,0.38,-9.5
1994,30,3.61,-12.870000000000005
1994,30,3.61,-12.870000000000005
1994,31,0.0,-13.669999999999959
1994,31,0.0,-13.669999999999959
1994,32,0.0,-13.979999999999961
1994,32,0.0,-13.979999999999961
1994,33,0.0,-8.799999999999955
1994,33,0.0,-8.799999999999955
1994,34,0.0,-6.029999999999973
1994,34,0.0,-6.029999999999973
1994,35,0.0,-5.96999999999997
1994,35,0.0,-5.96999999999997
1994,36,0.0,-5.389999999999986
1994,36,0.0,-5.389999999999986
1994,37,0.0,-6.7099999999999795
1994,37,0.0,-6.7099999999999795
1994,38,0.0,-3.089999999999975
1994,38,0.0,-3.089999999999975
1994,39,0.15,-1.1599999999999682
1994,39,0.15,-1.1599999999999682
1994,40,0.23,-5.529999999999973
1994,40,0.23,-5.529999999999973
1994,41,0.0,-4.859999999999957
1994,41,0.0,-4.859999999999957
1994,42,0.06,-4.310000000000002
1994,42,0.06,-4.310000000000002
1994,43,0.79,-9.389999999999986
1994,43,0.79,-9.389999999999986
1994,44,0.0,-8.560000000000002
1994,44,0.0,-8.560000000000002
1994,45,0.0,-3.259999999999991
1994,45,0.0,-3.259999999999991
1994,46,0.0,-3.659999999999968
1994,46,0.0,-3.659999999999968
1994,47,0.0,-1.1099999999999568
1994,47,0.0,-1.1099999999999568
1994,48,0.0,0.9500000000000455
1994,48,0.0,0.9500000000000455
1994,49,0.0,0.37000000000000455
1994,49,0.0,0.37000000000000455
1994,50,0.0,-5.439999999999998
1994,50,0.0,-5.439999999999998
1994,51,0.0,-7.25
1994,51,0.0,-7.25
1994,52,0.0,-4.949999999999989
1994,52,0.0,-4.949999999999989
1994,53,2.46,-6.509999999999991
1994,53,2.46,-6.509999999999991
1994,54,0.07,-9.95999999999998
1994,54,0.07,-9.95999999999998
1994,55,0.01,-5.1200000000000045
1994,55,0.01,-5.1200000000000045
1994,56,0.01,-0.6399999999999864
1994,56,0.01,-0.6399999999999864
1994,57,0.0,0.03000000000002956
1994,57,0.0,0.03000000000002956
1994,58,0.0,0.29000000000002046
1994,58,0.0,0.29000000000002046
1994,59,0.47,-1.3799999999999955
1994,59,0.47,-1.3799999999999955
1994,60,1.26,-2.8899999999999864
1994,60,1.26,-2.8899999999999864
1994,61,0.0,-0.6299999999999955
1994,61,0.0,-0.6299999999999955
1994,62,0.0,2.25
1994,62,0.0,2.25
1994,63,0.0,2.890000000000043
1994,63,0.0,2.890000000000043
1994,64,0.0,2.2600000000000477
1994,64,0.0,2.2600000000000477
1994,65,0.19,2.3000000000000114
1994,65,0.19,2.3000000000000114
1994,66,0.33,1.2600000000000477
1994,66,0.33,1.2600000000000477
1994,67,1.13,-3.6200000000000045
1994,67,1.13,-3.6200000000000045
1994,68,0.21,-6.069999999999993
1994,68,0.21,-6.069999999999993
1994,69,0.0,-2.5299999999999727
1994,69,0.0,-2.5299999999999727
1994,70,0.0,1.5500000000000114
1994,70,0.0,1.5500000000000114
1994,71,1.53,-0.75
1994,71,1.53,-0.75
1994,72,0.0,-0.6599999999999682
1994,72,0.0,-0.6599999999999682
1994,73,0.0,3.2000000000000455
1994,73,0.0,3.2000000000000455
1994,74,0.0,3.5200000000000387
1994,74,0.0,3.5200000000000387
1994,75,0.0,5.490000000000009
1994,75,0.0,5.490000000000009
1994,76,0.0,5.53000000000003
1994,76,0.0,5.53000000000003
1994,77,0.0,3.990000000000009
1994,77,0.0,3.990000000000009
1994,78,0.02,5.470000000000027
1994,78,0.02,5.470000000000027
1994,79,1.05,3.75
1994,79,1.05,3.75
1994,80,0.02,-0.46999999999997044
1994,80,0.02,-0.46999999999997044
1994,81,0.0,3.6000000000000227
1994,81,0.0,3.6000000000000227
1994,82,0.23,1.910000000000025
1994,82,0.23,1.910000000000025
1994,83,0.02,-0.21999999999997044
1994,83,0.02,-0.21999999999997044
1994,84,1.5,-0.8999999999999773
1994,84,1.5,-0.8999999999999773
1994,85,1.38,-1.4499999999999886
1994,85,1.38,-1.4499999999999886
1994,86,3.54,-7.649999999999977
1994,86,3.54,-7.649999999999977
1994,87,0.4,-6.739999999999952
1994,87,0.4,-6.739999999999952
1994,88,3.48,-4.979999999999961
1994,88,3.48,-4.979999999999961
1994,89,0.01,-4.909999999999968
1994,89,0.01,-4.909999999999968
1994,90,0.0,-0.5600000000000023
1994,90,0.0,-0.5600000000000023
1994,91,0.0,2.5100000000000477
1994,91,0.0,2.5100000000000477
1994,92,3.05,0.9300000000000068
1994,92,3.05,0.9300000000000068
1994,93,0.0,0.6500000000000341
1994,93,0.0,0.6500000000000341
1994,94,0.17,3.32000000000005
1994,94,0.17,3.32000000000005
1994,95,9.16,-4.789999999999964
1994,95,9.16,-4.789999999999964
1994,96,0.03,-3.5
1994,96,0.03,-3.5
1994,97,0.0,1.1100000000000136
1994,97,0.0,1.1100000000000136
1994,98,0.47,-0.5999999999999659
1994,98,0.47,-0.5999999999999659
1994,99,2.68,0.4000000000000341
1994,99,2.68,0.4000000000000341
1994,100,6.41,-2.5299999999999727
1994,100,6.41,-2.5299999999999727
1994,101,1.5,-3.92999999999995
1994,101,1.5,-3.92999999999995
1994,102,0.02,-1.7299999999999613
1994,102,0.02,-1.7299999999999613
1994,103,0.0,2.8700000000000045
1994,103,0.0,2.8700000000000045
1994,104,0.0,4.360000000000014
1994,104,0.0,4.360000000000014
1994,105,0.0,2.8600000000000136
1994,105,0.0,2.8600000000000136
1994,106,0.0,5.730000000000018
1994,106,0.0,5.730000000000018
1994,107,0.0,8.740000000000009
1994,107,0.0,8.740000000000009
1994,108,0.0,9.760000000000048
1994,108,0.0,9.760000000000048
1994,109,0.0,10.120000000000005
1994,109,0.0,10.120000000000005
1994,110,0.11,10.020000000000039
1994,110,0.11,10.020000000000039
1994,111,0.13,10.689999999999998
1994,111,0.13,10.689999999999998
1994,112,2.36,10.180000000000007
1994,112,2.36,10.180000000000007
1994,113,0.14,11.020000000000039
1994,113,0.14,11.020000000000039
1994,114,0.0,10.060000000000002
1994,114,0.0,10.060000000000002
1994,115,5.74,6.510000000000048
1994,115,5.74,6.510000000000048
1994,116,3.21,0.8300000000000409
1994,116,3.21,0.8300000000000409
1994,117,6.2,-3.339999999999975
1994,117,6.2,-3.339999999999975
1994,118,1.79,-1.9799999999999613
1994,118,1.79,-1.9799999999999613
1994,119,2.21,-0.37999999999999545
1994,119,2.21,-0.37999999999999545
1994,120,0.64,-0.5600000000000023
1994,120,0.64,-0.5600000000000023
1994,121,1.06,4.330000000000041
1994,121,1.06,4.330000000000041
1994,122,0.99,4.689999999999998
1994,122,0.99,4.689999999999998
1994,123,0.51,5.0400000000000205
1994,123,0.51,5.0400000000000205
1994,124,0.0,6.900000000000034
1994,124,0.0,6.900000000000034
1994,125,0.0,11.490000000000009
1994,125,0.0,11.490000000000009
1994,126,0.03,12.360000000000014
1994,126,0.03,12.360000000000014
1994,127,0.03,10.660000000000025
1994,127,0.03,10.660000000000025
1994,128,6.49,9.490000000000009
1994,128,6.49,9.490000000000009
1994,129,17.01,6.710000000000036
1994,129,17.01,6.710000000000036
1994,130,11.06,7.410000000000025
1994,130,11.06,7.410000000000025
1994,131,0.17,9.580000000000041
1994,131,0.17,9.580000000000041
1994,132,0.84,10.220000000000027
1994,132,0.84,10.220000000000027
1994,133,1.05,9.450000000000045
1994,133,1.05,9.450000000000045
1994,134,1.07,8.689999999999998
1994,134,1.07,8.689999999999998
1994,135,0.24,11.060000000000002
1994,135,0.24,11.060000000000002
1994,136,0.09,13.129999999999995
1994,136,0.09,13.129999999999995
1994,137,0.0,13.120000000000005
1994,137,0.0,13.120000000000005
1994,138,0.0,13.870000000000005
1994,138,0.0,13.870000000000005
1994,139,0.44,13.600000000000023
1994,139,0.44,13.600000000000023
1994,140,0.31,11.360000000000014
1994,140,0.31,11.360000000000014
1994,141,0.0,9.03000000000003
1994,141,0.0,9.03000000000003
1994,142,0.0,11.390000000000043
1994,142,0.0,11.390000000000043
1994,143,0.0,12.970000000000027
1994,143,0.0,12.970000000000027
1994,144,1.14,12.600000000000023
1994,144,1.14,12.600000000000023
1994,145,9.64,10.830000000000041
1994,145,9.64,10.830000000000041
1994,146,16.33,7.640000000000043
1994,146,16.33,7.640000000000043
1994,147,1.73,9.75
1994,147,1.73,9.75
1994,148,0.23,11.950000000000045
1994,148,0.23,11.950000000000045
1994,149,0.44,11.770000000000039
1994,149,0.44,11.770000000000039
1994,150,0.0,14.879999999999995
1994,150,0.0,14.879999999999995
1994,151,0.04,16.910000000000025
1994,151,0.04,16.910000000000025
1994,152,1.64,14.920000000000016
1994,152,1.64,14.920000000000016
1994,153,2.87,14.600000000000023
1994,153,2.87,14.600000000000023
1994,154,2.54,14.660000000000025
1994,154,2.54,14.660000000000025
1994,155,0.01,15.680000000000007
1994,155,0.01,15.680000000000007
1994,156,0.0,15.420000000000016
1994,156,0.0,15.420000000000016
1994,157,0.0,15.990000000000009
1994,157,0.0,15.990000000000009
1994,158,0.0,15.340000000000032
1994,158,0.0,15.340000000000032
1994,159,0.0,13.910000000000025
1994,159,0.0,13.910000000000025
1994,160,0.0,12.720000000000027
1994,160,0.0,12.720000000000027
1994,161,0.0,12.910000000000025
1994,161,0.0,12.910000000000025
1994,162,0.0,14.930000000000007
1994,162,0.0,14.930000000000007
1994,163,0.0,16.870000000000005
1994,163,0.0,16.870000000000005
1994,164,0.0,17.840000000000032
1994,164,0.0,17.840000000000032
1994,165,0.0,17.53000000000003
1994,165,0.0,17.53000000000003
1994,166,0.0,17.02000000000004
1994,166,0.0,17.02000000000004
1994,167,0.0,16.79000000000002
1994,167,0.0,16.79000000000002
1994,168,1.16,17.879999999999995
1994,168,1.16,17.879999999999995
1994,169,0.69,18.55000000000001
1994,169,0.69,18.55000000000001
1994,170,0.79,17.350000000000023
1994,170,0.79,17.350000000000023
1994,171,3.96,15.25
1994,171,3.96,15.25
1994,172,6.35,15.650000000000034
1994,172,6.35,15.650000000000034
1994,173,7.34,16.28000000000003
1994,173,7.34,16.28000000000003
1994,174,0.65,14.590000000000032
1994,174,0.65,14.590000000000032
1994,175,0.0,17.150000000000034
1994,175,0.0,17.150000000000034
1994,176,0.0,19.600000000000023
1994,176,0.0,19.600000000000023
1994,177,0.0,20.310000000000002
1994,177,0.0,20.310000000000002
1994,178,0.0,20.140000000000043
1994,178,0.0,20.140000000000043
1994,179,0.0,18.660000000000025
1994,179,0.0,18.660000000000025
1994,180,0.04,18.470000000000027
1994,180,0.04,18.470000000000027
1994,181,0.36,18.420000000000016
1994,181,0.36,18.420000000000016
1994,182,0.03,19.78000000000003
1994,182,0.03,19.78000000000003
1994,183,0.04,19.0
1994,183,0.04,19.0
1994,184,0.84,17.83000000000004
1994,184,0.84,17.83000000000004
1994,185,0.74,17.05000000000001
1994,185,0.74,17.05000000000001
1994,186,0.0,17.090000000000032
1994,186,0.0,17.090000000000032
1994,187,0.0,17.379999999999995
1994,187,0.0,17.379999999999995
1994,188,0.0,12.110000000000014
1994,188,0.0,12.110000000000014
1994,189,0.0,11.689999999999998
1994,189,0.0,11.689999999999998
1994,190,0.0,16.03000000000003
1994,190,0.0,16.03000000000003
1994,191,1.03,18.110000000000014
1994,191,1.03,18.110000000000014
1994,192,0.0,18.77000000000004
1994,192,0.0,18.77000000000004
1994,193,0.76,17.629999999999995
1994,193,0.76,17.629999999999995
1994,194,0.02,17.360000000000014
1994,194,0.02,17.360000000000014
1994,195,0.58,16.07000000000005
1994,195,0.58,16.07000000000005
1994,196,2.03,17.24000000000001
1994,196,2.03,17.24000000000001
1994,197,0.35,17.689999999999998
1994,197,0.35,17.689999999999998
1994,198,0.93,17.460000000000036
1994,198,0.93,17.460000000000036
1994,199,0.0,17.82000000000005
1994,199,0.0,17.82000000000005
1994,200,0.1,17.970000000000027
1994,200,0.1,17.970000000000027
1994,201,2.27,14.57000000000005
1994,201,2.27,14.57000000000005
1994,202,0.7,13.350000000000023
1994,202,0.7,13.350000000000023
1994,203,0.0,16.900000000000034
1994,203,0.0,16.900000000000034
1994,204,0.1,18.980000000000018
1994,204,0.1,18.980000000000018
1994,205,1.98,18.57000000000005
1994,205,1.98,18.57000000000005
1994,206,1.4,17.700000000000045
1994,206,1.4,17.700000000000045
1994,207,0.64,17.29000000000002
1994,207,0.64,17.29000000000002
1994,208,0.21,16.310000000000002
1994,208,0.21,16.310000000000002
1994,209,0.19,16.260000000000048
1994,209,0.19,16.260000000000048
1994,210,0.91,16.670000000000016
1994,210,0.91,16.670000000000016
1994,211,0.27,16.879999999999995
1994,211,0.27,16.879999999999995
1994,212,0.07,18.470000000000027
1994,212,0.07,18.470000000000027
1994,213,6.43,16.189999999999998
1994,213,6.43,16.189999999999998
1994,214,9.71,16.08000000000004
1994,214,9.71,16.08000000000004
1994,215,3.03,15.82000000000005
1994,215,3.03,15.82000000000005
1994,216,1.73,16.010000000000048
1994,216,1.73,16.010000000000048
1994,217,2.17,15.740000000000009
1994,217,2.17,15.740000000000009
1994,218,0.75,18.160000000000025
1994,218,0.75,18.160000000000025
1994,219,0.0,19.140000000000043
1994,219,0.0,19.140000000000043
1994,220,0.0,18.420000000000016
1994,220,0.0,18.420000000000016
1994,221,1.05,17.32000000000005
1994,221,1.05,17.32000000000005
1994,222,0.46,16.700000000000045
1994,222,0.46,16.700000000000045
1994,223,4.71,16.730000000000018
1994,223,4.71,16.730000000000018
1994,224,7.77,17.379999999999995
1994,224,7.77,17.379999999999995
1994,225,0.95,17.629999999999995
1994,225,0.95,17.629999999999995
1994,226,7.75,14.420000000000016
1994,226,7.75,14.420000000000016
1994,227,3.57,15.189999999999998
1994,227,3.57,15.189999999999998
1994,228,0.14,17.210000000000036
1994,228,0.14,17.210000000000036
1994,229,0.72,18.590000000000032
1994,229,0.72,18.590000000000032
1994,230,1.29,19.420000000000016
1994,230,1.29,19.420000000000016
1994,231,1.81,16.640000000000043
1994,231,1.81,16.640000000000043
1994,232,3.8,15.28000000000003
1994,232,3.8,15.28000000000003
1994,233,0.2,15.660000000000025
1994,233,0.2,15.660000000000025
1994,234,1.66,16.939999999999998
1994,234,1.66,16.939999999999998
1994,235,0.0,17.090000000000032
1994,235,0.0,17.090000000000032
1994,236,0.07,17.80000000000001
1994,236,0.07,17.80000000000001
1994,237,0.06,18.210000000000036
1994,237,0.06,18.210000000000036
1994,238,1.69,18.340000000000032
1994,238,1.69,18.340000000000032
1994,239,0.0,19.03000000000003
1994,239,0.0,19.03000000000003
1994,240,6.04,17.720000000000027
1994,240,6.04,17.720000000000027
1994,241,5.87,16.129999999999995
1994,241,5.87,16.129999999999995
1994,242,0.02,15.300000000000011
1994,242,0.02,15.300000000000011
1994,243,5.46,12.32000000000005
1994,243,5.46,12.32000000000005
1994,244,8.02,11.650000000000034
1994,244,8.02,11.650000000000034
1994,245,2.76,13.810000000000002
1994,245,2.76,13.810000000000002
1994,246,7.08,14.0
1994,246,7.08,14.0
1994,247,0.02,14.03000000000003
1994,247,0.02,14.03000000000003
1994,248,0.86,14.340000000000032
1994,248,0.86,14.340000000000032
1994,249,0.0,14.03000000000003
1994,249,0.0,14.03000000000003
1994,250,0.66,14.610000000000014
1994,250,0.66,14.610000000000014
1994,251,0.0,14.330000000000041
1994,251,0.0,14.330000000000041
1994,252,0.26,15.420000000000016
1994,252,0.26,15.420000000000016
1994,253,0.17,15.800000000000011
1994,253,0.17,15.800000000000011
1994,254,0.0,16.08000000000004
1994,254,0.0,16.08000000000004
1994,255,0.95,15.189999999999998
1994,255,0.95,15.189999999999998
1994,256,0.79,15.350000000000023
1994,256,0.79,15.350000000000023
1994,257,1.19,13.080000000000041
1994,257,1.19,13.080000000000041
1994,258,0.01,8.310000000000002
1994,258,0.01,8.310000000000002
1994,259,0.58,9.240000000000009
1994,259,0.58,9.240000000000009
1994,260,0.0,11.04000000000002
1994,260,0.0,11.04000000000002
1994,261,1.04,12.720000000000027
1994,261,1.04,12.720000000000027
1994,262,0.15,13.230000000000018
1994,262,0.15,13.230000000000018
1994,263,4.03,10.970000000000027
1994,263,4.03,10.970000000000027
1994,264,1.65,9.200000000000045
1994,264,1.65,9.200000000000045
1994,265,1.75,5.2000000000000455
1994,265,1.75,5.2000000000000455
1994,266,0.0,9.03000000000003
1994,266,0.0,9.03000000000003
1994,267,0.0,9.580000000000041
1994,267,0.0,9.580000000000041
1994,268,0.0,9.879999999999995
1994,268,0.0,9.879999999999995
1994,269,0.0,11.430000000000007
1994,269,0.0,11.430000000000007
1994,270,0.0,12.25
1994,270,0.0,12.25
1994,271,0.0,13.82000000000005
1994,271,0.0,13.82000000000005
1994,272,0.0,14.020000000000039
1994,272,0.0,14.020000000000039
1994,273,2.4,12.490000000000009
1994,273,2.4,12.490000000000009
1994,274,0.13,8.740000000000009
1994,274,0.13,8.740000000000009
1994,275,0.88,7.150000000000034
1994,275,0.88,7.150000000000034
1994,276,0.11,7.28000000000003
1994,276,0.11,7.28000000000003
1994,277,2.45,8.150000000000034
1994,277,2.45,8.150000000000034
1994,278,2.72,10.270000000000039
1994,278,2.72,10.270000000000039
1994,279,4.21,6.439999999999998
1994,279,4.21,6.439999999999998
1994,280,0.08,4.390000000000043
1994,280,0.08,4.390000000000043
1994,281,7.97,2.980000000000018
1994,281,7.97,2.980000000000018
1994,282,0.0,5.800000000000011
1994,282,0.0,5.800000000000011
1994,283,0.11,8.650000000000034
1994,283,0.11,8.650000000000034
1994,284,0.13,9.78000000000003
1994,284,0.13,9.78000000000003
1994,285,0.0,8.760000000000048
1994,285,0.0,8.760000000000048
1994,286,0.0,6.590000000000032
1994,286,0.0,6.590000000000032
1994,287,0.0,6.550000000000011
1994,287,0.0,6.550000000000011
1994,288,1.0,5.07000000000005
1994,288,1.0,5.07000000000005
1994,289,0.53,2.9600000000000364
1994,289,0.53,2.9600000000000364
1994,290,6.7,2.1200000000000045
1994,290,6.7,2.1200000000000045
1994,291,0.16,1.07000000000005
1994,291,0.16,1.07000000000005
1994,292,0.04,3.080000000000041
1994,292,0.04,3.080000000000041
1994,293,0.0,3.5200000000000387
1994,293,0.0,3.5200000000000387
1994,294,0.0,3.430000000000007
1994,294,0.0,3.430000000000007
1994,295,0.0,4.600000000000023
1994,295,0.0,4.600000000000023
1994,296,0.0,4.1299999999999955
1994,296,0.0,4.1299999999999955
1994,297,0.0,3.9700000000000273
1994,297,0.0,3.9700000000000273
1994,298,0.0,3.0600000000000023
1994,298,0.0,3.0600000000000023
1994,299,0.0,4.3700000000000045
1994,299,0.0,4.3700000000000045
1994,300,0.0,5.090000000000032
1994,300,0.0,5.090000000000032
1994,301,0.0,8.220000000000027
1994,301,0.0,8.220000000000027
1994,302,0.11,5.850000000000023
1994,302,0.11,5.850000000000023
1994,303,0.13,2.9700000000000273
1994,303,0.13,2.9700000000000273
1994,304,1.62,-1.8999999999999773
1994,304,1.62,-1.8999999999999773
1994,305,0.06,3.740000000000009
1994,305,0.06,3.740000000000009
1994,306,0.1,5.430000000000007
1994,306,0.1,5.430000000000007
1994,307,1.18,1.7900000000000205
1994,307,1.18,1.7900000000000205
1994,308,3.86,-1.7999999999999545
1994,308,3.86,-1.7999999999999545
1994,309,0.0,-0.8999999999999773
1994,309,0.0,-0.8999999999999773
1994,310,0.0,2.4399999999999977
1994,310,0.0,2.4399999999999977
1994,311,0.0,5.170000000000016
1994,311,0.0,5.170000000000016
1994,312,2.08,2.1200000000000045
1994,312,2.08,2.1200000000000045
1994,313,0.29,-1.509999999999991
1994,313,0.29,-1.509999999999991
1994,314,0.0,2.830000000000041
1994,314,0.0,2.830000000000041
1994,315,0.0,5.050000000000011
1994,315,0.0,5.050000000000011
1994,316,0.06,5.670000000000016
1994,316,0.06,5.670000000000016
1994,317,0.02,-0.20999999999997954
1994,317,0.02,-0.20999999999997954
1994,318,0.0,-5.5
1994,318,0.0,-5.5
1994,319,0.0,-5.2999999999999545
1994,319,0.0,-5.2999999999999545
1994,320,0.12,0.9399999999999977
1994,320,0.12,0.9399999999999977
1994,321,0.44,-2.659999999999968
1994,321,0.44,-2.659999999999968
1994,322,0.02,-6.009999999999991
1994,322,0.02,-6.009999999999991
1994,323,0.06,-3.5499999999999545
1994,323,0.06,-3.5499999999999545
1994,324,5.67,-3.0499999999999545
1994,324,5.67,-3.0499999999999545
1994,325,0.05,-4.149999999999977
1994,325,0.05,-4.149999999999977
1994,326,0.06,-5.919999999999959
1994,326,0.06,-5.919999999999959
1994,327,0.0,-3.7799999999999727
1994,327,0.0,-3.7799999999999727
1994,328,0.0,-1.3599999999999568
1994,328,0.0,-1.3599999999999568
1994,329,0.0,-1.3100000000000023
1994,329,0.0,-1.3100000000000023
1994,330,0.01,-1.9399999999999977
1994,330,0.01,-1.9399999999999977
1994,331,0.58,-8.609999999999957
1994,331,0.58,-8.609999999999957
1994,332,0.0,-11.439999999999998
1994,332,0.0,-11.439999999999998
1994,333,0.0,-12.269999999999982
1994,333,0.0,-12.269999999999982
1994,334,0.0,-2.569999999999993
1994,334,0.0,-2.569999999999993
1994,335,0.0,1.5
1994,335,0.0,1.5
1994,336,0.0,0.22000000000002728
1994,336,0.0,0.22000000000002728
1994,337,0.0,-1.25
1994,337,0.0,-1.25
1994,338,0.0,0.1400000000000432
1994,338,0.0,0.1400000000000432
1994,339,0.02,-0.7699999999999818
1994,339,0.02,-0.7699999999999818
1994,340,0.93,0.040000000000020464
1994,340,0.93,0.040000000000020464
1994,341,0.02,-2.0499999999999545
1994,341,0.02,-2.0499999999999545
1994,342,0.16,-6.42999999999995
1994,342,0.16,-6.42999999999995
1994,343,1.26,-10.779999999999973
1994,343,1.26,-10.779999999999973
1994,344,0.0,-10.769999999999982
1994,344,0.0,-10.769999999999982
1994,345,0.0,-3.6499999999999773
1994,345,0.0,-3.6499999999999773
1994,346,0.0,-6.310000000000002
1994,346,0.0,-6.310000000000002
1994,347,0.0,-3.349999999999966
1994,347,0.0,-3.349999999999966
1994,348,0.03,-6.669999999999959
1994,348,0.03,-6.669999999999959
1994,349,0.0,-7.899999999999977
1994,349,0.0,-7.899999999999977
1994,350,0.0,-6.859999999999957
1994,350,0.0,-6.859999999999957
1994,351,0.0,-2.8100000000000023
1994,351,0.0,-2.8100000000000023
1994,352,0.0,-1.0299999999999727
1994,352,0.0,-1.0299999999999727
1994,353,0.0,-2.2799999999999727
1994,353,0.0,-2.2799999999999727
1994,354,0.0,-5.279999999999973
1994,354,0.0,-5.279999999999973
1994,355,0.0,-1.6999999999999886
1994,355,0.0,-1.6999999999999886
1994,356,0.0,-0.06999999999999318
1994,356,0.0,-0.06999999999999318
1994,357,0.0,-0.339999999999975
1994,357,0.0,-0.339999999999975
1994,358,0.0,-0.5
1994,358,0.0,-0.5
1994,359,0.49,-1.3999999999999773
1994,359,0.49,-1.3999999999999773
1994,360,0.0,-0.9099999999999682
1994,360,0.0,-0.9099999999999682
1994,361,0.0,-2.2099999999999795
1994,361,0.0,-2.2099999999999795
1994,362,0.0,-1.2799999999999727
1994,362,0.0,-1.2799999999999727
1994,363,0.0,-1.009999999999991
1994,363,0.0,-1.009999999999991
1994,364,0.44,-1.8100000000000023
1994,364,0.44,-1.8100000000000023
1994,365,1.92,-8.629999999999995
1994,365,1.92,-8.629999999999995
1995,1,0.0,-11.17999999999995
1995,1,0.0,-11.17999999999995
1995,2,0.0,-7.46999999999997
1995,2,0.0,-7.46999999999997
1995,3,0.0,-8.329999999999984
1995,3,0.0,-8.329999999999984
1995,4,0.0,-8.589999999999975
1995,4,0.0,-8.589999999999975
1995,5,0.01,-5.979999999999961
1995,5,0.01,-5.979999999999961
1995,6,0.05,-5.579999999999984
1995,6,0.05,-5.579999999999984
1995,7,0.0,-6.569999999999993
1995,7,0.0,-6.569999999999993
1995,8,0.0,-3.3999999999999773
1995,8,0.0,-3.3999999999999773
1995,9,0.0,-1.9399999999999977
1995,9,0.0,-1.9399999999999977
1995,10,0.0,-0.1099999999999568
1995,10,0.0,-0.1099999999999568
1995,11,0.0,-0.25
1995,11,0.0,-0.25
1995,12,0.0,-3.819999999999993
1995,12,0.0,-3.819999999999993
1995,13,0.0,-5.419999999999959
1995,13,0.0,-5.419999999999959
1995,14,0.0,-3.17999999999995
1995,14,0.0,-3.17999999999995
1995,15,0.0,-0.46999999999997044
1995,15,0.0,-0.46999999999997044
1995,16,0.4,-2.909999999999968
1995,16,0.4,-2.909999999999968
1995,17,0.0,-8.75
1995,17,0.0,-8.75
1995,18,0.0,-9.899999999999977
1995,18,0.0,-9.899999999999977
1995,19,0.0,-7.569999999999993
1995,19,0.0,-7.569999999999993
1995,20,0.0,-6.229999999999961
1995,20,0.0,-6.229999999999961
1995,21,0.0,-6.739999999999952
1995,21,0.0,-6.739999999999952
1995,22,0.0,-9.819999999999993
1995,22,0.0,-9.819999999999993
1995,23,0.0,-8.229999999999961
1995,23,0.0,-8.229999999999961
1995,24,0.0,-4.789999999999964
1995,24,0.0,-4.789999999999964
1995,25,0.0,-1.4699999999999704
1995,25,0.0,-1.4699999999999704
1995,26,0.27,-0.6399999999999864
1995,26,0.27,-0.6399999999999864
1995,27,1.16,-2.759999999999991
1995,27,1.16,-2.759999999999991
1995,28,0.4,-4.229999999999961
1995,28,0.4,-4.229999999999961
1995,29,1.63,-6.199999999999989
1995,29,1.63,-6.199999999999989
1995,30,0.0,-5.949999999999989
1995,30,0.0,-5.949999999999989
1995,31,0.0,-1.8899999999999864
1995,31,0.0,-1.8899999999999864
1995,32,0.0,0.7800000000000296
1995,32,0.0,0.7800000000000296
1995,33,0.0,0.37999999999999545
1995,33,0.0,0.37999999999999545
1995,34,0.0,-3.359999999999957
1995,34,0.0,-3.359999999999957
1995,35,0.0,-1.2099999999999795
1995,35,0.0,-1.2099999999999795
1995,36,0.0,-1.169999999999959
1995,36,0.0,-1.169999999999959
1995,37,0.0,-1.1599999999999682
1995,37,0.0,-1.1599999999999682
1995,38,0.0,-1.5
1995,38,0.0,-1.5
1995,39,0.0,-0.7399999999999523
1995,39,0.0,-0.7399999999999523
1995,40,1.53,-1.8999999999999773
1995,40,1.53,-1.8999999999999773
1995,41,0.0,-3.9799999999999613
1995,41,0.0,-3.9799999999999613
1995,42,4.31,-9.149999999999977
1995,42,4.31,-9.149999999999977
1995,43,4.0,-10.899999999999977
1995,43,4.0,-10.899999999999977
1995,44,0.32,-7.019999999999982
1995,44,0.32,-7.019999999999982
1995,45,0.36,-2.359999999999957
1995,45,0.36,-2.359999999999957
1995,46,0.54,-3.589999999999975
1995,46,0.54,-3.589999999999975
1995,47,0.0,-5.539999999999964
1995,47,0.0,-5.539999999999964
1995,48,0.0,-2.8100000000000023
1995,48,0.0,-2.8100000000000023
1995,49,0.0,-1.4899999999999523
1995,49,0.0,-1.4899999999999523
1995,50,0.0,-2.2299999999999613
1995,50,0.0,-2.2299999999999613
1995,51,0.0,1.9600000000000364
1995,51,0.0,1.9600000000000364
1995,52,0.0,2.8500000000000227
1995,52,0.0,2.8500000000000227
1995,53,0.0,3.140000000000043
1995,53,0.0,3.140000000000043
1995,54,0.0,1.32000000000005
1995,54,0.0,1.32000000000005
1995,55,0.0,1.160000000000025
1995,55,0.0,1.160000000000025
1995,56,0.0,2.180000000000007
1995,56,0.0,2.180000000000007
1995,57,0.0,1.1899999999999977
1995,57,0.0,1.1899999999999977
1995,58,0.11,0.09000000000003183
1995,58,0.11,0.09000000000003183
1995,59,0.25,-0.6599999999999682
1995,59,0.25,-0.6599999999999682
1995,60,0.96,-4.199999999999989
1995,60,0.96,-4.199999999999989
1995,61,0.9,-5.0
1995,61,0.9,-5.0
1995,62,0.08,-1.9499999999999886
1995,62,0.08,-1.9499999999999886
1995,63,0.0,-1.329999999999984
1995,63,0.0,-1.329999999999984
1995,64,0.0,-2.7399999999999523
1995,64,0.0,-2.7399999999999523
1995,65,6.66,-2.7299999999999613
1995,65,6.66,-2.7299999999999613
1995,66,0.14,-8.859999999999957
1995,66,0.14,-8.859999999999957
1995,67,0.0,-5.899999999999977
1995,67,0.0,-5.899999999999977
1995,68,0.0,-1.1599999999999682
1995,68,0.0,-1.1599999999999682
1995,69,0.0,1.6899999999999977
1995,69,0.0,1.6899999999999977
1995,70,0.0,3.140000000000043
1995,70,0.0,3.140000000000043
1995,71,0.0,2.0100000000000477
1995,71,0.0,2.0100000000000477
1995,72,0.0,-0.589999999999975
1995,72,0.0,-0.589999999999975
1995,73,0.0,1.2000000000000455
1995,73,0.0,1.2000000000000455
1995,74,0.0,3.4399999999999977
1995,74,0.0,3.4399999999999977
1995,75,1.74,5.090000000000032
1995,75,1.74,5.090000000000032
1995,76,6.07,3.5100000000000477
1995,76,6.07,3.5100000000000477
1995,77,0.0,3.8600000000000136
1995,77,0.0,3.8600000000000136
1995,78,0.0,3.980000000000018
1995,78,0.0,3.980000000000018
1995,79,0.03,0.0
1995,79,0.03,0.0
1995,80,0.45,4.660000000000025
1995,80,0.45,4.660000000000025
1995,81,0.0,3.140000000000043
1995,81,0.0,3.140000000000043
1995,82,0.0,0.75
1995,82,0.0,0.75
1995,83,0.08,2.7600000000000477
1995,83,0.08,2.7600000000000477
1995,84,0.05,-0.8899999999999864
1995,84,0.05,-0.8899999999999864
1995,85,4.34,-4.6200000000000045
1995,85,4.34,-4.6200000000000045
1995,86,0.13,-5.319999999999993
1995,86,0.13,-5.319999999999993
1995,87,7.56,-5.029999999999973
1995,87,7.56,-5.029999999999973
1995,88,0.56,-6.829999999999984
1995,88,0.56,-6.829999999999984
1995,89,0.22,-6.319999999999993
1995,89,0.22,-6.319999999999993
1995,90,0.0,-5.289999999999964
1995,90,0.0,-5.289999999999964
1995,91,0.0,-2.339999999999975
1995,91,0.0,-2.339999999999975
1995,92,0.0,0.2300000000000182
1995,92,0.0,0.2300000000000182
1995,93,0.0,0.1400000000000432
1995,93,0.0,0.1400000000000432
1995,94,0.0,1.990000000000009
1995,94,0.0,1.990000000000009
1995,95,0.0,4.710000000000036
1995,95,0.0,4.710000000000036
1995,96,0.0,4.900000000000034
1995,96,0.0,4.900000000000034
1995,97,0.0,5.160000000000025
1995,97,0.0,5.160000000000025
1995,98,4.38,5.2000000000000455
1995,98,4.38,5.2000000000000455
1995,99,1.38,2.2100000000000364
1995,99,1.38,2.2100000000000364
1995,100,9.34,-5.67999999999995
1995,100,9.34,-5.67999999999995
1995,101,0.18,-6.419999999999959
1995,101,0.18,-6.419999999999959
1995,102,0.0,0.4600000000000364
1995,102,0.0,0.4600000000000364
1995,103,0.0,4.7000000000000455
1995,103,0.0,4.7000000000000455
1995,104,0.0,4.770000000000039
1995,104,0.0,4.770000000000039
1995,105,0.0,1.1400000000000432
1995,105,0.0,1.1400000000000432
1995,106,0.36,2.4399999999999977
1995,106,0.36,2.4399999999999977
1995,107,3.4,0.5900000000000318
1995,107,3.4,0.5900000000000318
1995,108,1.92,-1.0699999999999932
1995,108,1.92,-1.0699999999999932
1995,109,7.21,-1.17999999999995
1995,109,7.21,-1.17999999999995
1995,110,1.15,-2.509999999999991
1995,110,1.15,-2.509999999999991
1995,111,5.95,-2.2999999999999545
1995,111,5.95,-2.2999999999999545
1995,112,3.22,-3.1499999999999773
1995,112,3.22,-3.1499999999999773
1995,113,2.01,-3.4399999999999977
1995,113,2.01,-3.4399999999999977
1995,114,3.85,-2.1399999999999864
1995,114,3.85,-2.1399999999999864
1995,115,0.29,0.9200000000000159
1995,115,0.29,0.9200000000000159
1995,116,10.87,0.7800000000000296
1995,116,10.87,0.7800000000000296
1995,117,0.0,2.0200000000000387
1995,117,0.0,2.0200000000000387
1995,118,0.04,6.650000000000034
1995,118,0.04,6.650000000000034
1995,119,0.36,6.010000000000048
1995,119,0.36,6.010000000000048
1995,120,1.52,6.760000000000048
1995,120,1.52,6.760000000000048
1995,121,0.11,2.4500000000000455
1995,121,0.11,2.4500000000000455
1995,122,0.02,5.1299999999999955
1995,122,0.02,5.1299999999999955
1995,123,1.06,3.930000000000007
1995,123,1.06,3.930000000000007
1995,124,3.32,2.3799999999999955
1995,124,3.32,2.3799999999999955
1995,125,0.46,5.990000000000009
1995,125,0.46,5.990000000000009
1995,126,1.0,4.0
1995,126,1.0,4.0
1995,127,0.4,5.110000000000014
1995,127,0.4,5.110000000000014
1995,128,1.41,2.32000000000005
1995,128,1.41,2.32000000000005
1995,129,0.44,2.3000000000000114
1995,129,0.44,2.3000000000000114
1995,130,0.11,2.0600000000000023
1995,130,0.11,2.0600000000000023
1995,131,1.12,4.810000000000002
1995,131,1.12,4.810000000000002
1995,132,0.03,6.32000000000005
1995,132,0.03,6.32000000000005
1995,133,0.0,2.5
1995,133,0.0,2.5
1995,134,0.0,6.9500000000000455
1995,134,0.0,6.9500000000000455
1995,135,0.11,9.78000000000003
1995,135,0.11,9.78000000000003
1995,136,1.51,11.420000000000016
1995,136,1.51,11.420000000000016
1995,137,31.91,5.610000000000014
1995,137,31.91,5.610000000000014
1995,138,1.22,3.980000000000018
1995,138,1.22,3.980000000000018
1995,139,0.2,3.840000000000032
1995,139,0.2,3.840000000000032
1995,140,0.66,5.240000000000009
1995,140,0.66,5.240000000000009
1995,141,0.37,8.090000000000032
1995,141,0.37,8.090000000000032
1995,142,0.16,10.610000000000014
1995,142,0.16,10.610000000000014
1995,143,1.52,8.439999999999998
1995,143,1.52,8.439999999999998
1995,144,2.67,4.230000000000018
1995,144,2.67,4.230000000000018
1995,145,3.09,5.140000000000043
1995,145,3.09,5.140000000000043
1995,146,1.58,7.170000000000016
1995,146,1.58,7.170000000000016
1995,147,4.51,5.57000000000005
1995,147,4.51,5.57000000000005
1995,148,0.63,4.07000000000005
1995,148,0.63,4.07000000000005
1995,149,5.59,4.930000000000007
1995,149,5.59,4.930000000000007
1995,150,5.29,5.240000000000009
1995,150,5.29,5.240000000000009
1995,151,1.08,6.78000000000003
1995,151,1.08,6.78000000000003
1995,152,0.23,9.29000000000002
1995,152,0.23,9.29000000000002
1995,153,0.36,11.620000000000005
1995,153,0.36,11.620000000000005
1995,154,2.98,11.5
1995,154,2.98,11.5
1995,155,2.63,10.129999999999995
1995,155,2.63,10.129999999999995
1995,156,1.28,10.07000000000005
1995,156,1.28,10.07000000000005
1995,157,0.0,12.700000000000045
1995,157,0.0,12.700000000000045
1995,158,0.0,10.870000000000005
1995,158,0.0,10.870000000000005
1995,159,1.57,10.629999999999995
1995,159,1.57,10.629999999999995
1995,160,6.62,7.470000000000027
1995,160,6.62,7.470000000000027
1995,161,0.51,7.9500000000000455
1995,161,0.51,7.9500000000000455
1995,162,0.0,8.710000000000036
1995,162,0.0,8.710000000000036
1995,163,0.0,13.330000000000041
1995,163,0.0,13.330000000000041
1995,164,0.0,16.02000000000004
1995,164,0.0,16.02000000000004
1995,165,0.0,17.230000000000018
1995,165,0.0,17.230000000000018
1995,166,0.19,17.129999999999995
1995,166,0.19,17.129999999999995
1995,167,2.71,15.200000000000045
1995,167,2.71,15.200000000000045
1995,168,10.66,12.79000000000002
1995,168,10.66,12.79000000000002
1995,169,11.03,11.78000000000003
1995,169,11.03,11.78000000000003
1995,170,0.0,13.430000000000007
1995,170,0.0,13.430000000000007
1995,171,0.0,14.860000000000014
1995,171,0.0,14.860000000000014
1995,172,0.0,15.090000000000032
1995,172,0.0,15.090000000000032
1995,173,0.0,14.020000000000039
1995,173,0.0,14.020000000000039
1995,174,1.44,11.450000000000045
1995,174,1.44,11.450000000000045
1995,175,2.22,10.830000000000041
1995,175,2.22,10.830000000000041
1995,176,2.14,10.510000000000048
1995,176,2.14,10.510000000000048
1995,177,0.54,12.120000000000005
1995,177,0.54,12.120000000000005
1995,178,0.09,13.890000000000043
1995,178,0.09,13.890000000000043
1995,179,5.53,14.100000000000023
1995,179,5.53,14.100000000000023
1995,180,20.85,10.400000000000034
1995,180,20.85,10.400000000000034
1995,181,9.07,7.800000000000011
1995,181,9.07,7.800000000000011
1995,182,5.76,9.900000000000034
1995,182,5.76,9.900000000000034
1995,183,1.64,11.370000000000005
1995,183,1.64,11.370000000000005
1995,184,1.63,11.050000000000011
1995,184,1.63,11.050000000000011
1995,185,0.49,8.379999999999995
1995,185,0.49,8.379999999999995
1995,186,0.0,9.680000000000007
1995,186,0.0,9.680000000000007
1995,187,0.0,14.140000000000043
1995,187,0.0,14.140000000000043
1995,188,0.0,17.060000000000002
1995,188,0.0,17.060000000000002
1995,189,0.22,18.02000000000004
1995,189,0.22,18.02000000000004
1995,190,0.95,17.80000000000001
1995,190,0.95,17.80000000000001
1995,191,1.06,18.340000000000032
1995,191,1.06,18.340000000000032
1995,192,0.0,18.220000000000027
1995,192,0.0,18.220000000000027
1995,193,0.0,18.420000000000016
1995,193,0.0,18.420000000000016
1995,194,2.91,16.920000000000016
1995,194,2.91,16.920000000000016
1995,195,4.64,15.260000000000048
1995,195,4.64,15.260000000000048
1995,196,4.64,13.420000000000016
1995,196,4.64,13.420000000000016
1995,197,5.55,14.610000000000014
1995,197,5.55,14.610000000000014
1995,198,4.59,14.620000000000005
1995,198,4.59,14.620000000000005
1995,199,8.15,12.930000000000007
1995,199,8.15,12.930000000000007
1995,200,5.1,14.390000000000043
1995,200,5.1,14.390000000000043
1995,201,1.41,12.920000000000016
1995,201,1.41,12.920000000000016
1995,202,0.33,14.400000000000034
1995,202,0.33,14.400000000000034
1995,203,0.93,14.390000000000043
1995,203,0.93,14.390000000000043
1995,204,0.07,14.0
1995,204,0.07,14.0
1995,205,1.53,13.830000000000041
1995,205,1.53,13.830000000000041
1995,206,0.0,15.189999999999998
1995,206,0.0,15.189999999999998
1995,207,0.0,16.980000000000018
1995,207,0.0,16.980000000000018
1995,208,0.0,17.960000000000036
1995,208,0.0,17.960000000000036
1995,209,0.0,19.140000000000043
1995,209,0.0,19.140000000000043
1995,210,0.0,20.32000000000005
1995,210,0.0,20.32000000000005
1995,211,0.0,19.350000000000023
1995,211,0.0,19.350000000000023
1995,212,0.89,16.200000000000045
1995,212,0.89,16.200000000000045
1995,213,0.04,14.110000000000014
1995,213,0.04,14.110000000000014
1995,214,0.0,15.939999999999998
1995,214,0.0,15.939999999999998
1995,215,0.02,17.27000000000004
1995,215,0.02,17.27000000000004
1995,216,1.07,16.610000000000014
1995,216,1.07,16.610000000000014
1995,217,0.3,16.610000000000014
1995,217,0.3,16.610000000000014
1995,218,0.06,17.160000000000025
1995,218,0.06,17.160000000000025
1995,219,0.38,19.629999999999995
1995,219,0.38,19.629999999999995
1995,220,0.07,19.54000000000002
1995,220,0.07,19.54000000000002
1995,221,0.95,18.78000000000003
1995,221,0.95,18.78000000000003
1995,222,0.34,19.180000000000007
1995,222,0.34,19.180000000000007
1995,223,0.63,19.720000000000027
1995,223,0.63,19.720000000000027
1995,224,2.43,18.57000000000005
1995,224,2.43,18.57000000000005
1995,225,2.37,16.560000000000002
1995,225,2.37,16.560000000000002
1995,226,0.41,16.140000000000043
1995,226,0.41,16.140000000000043
1995,227,0.35,15.210000000000036
1995,227,0.35,15.210000000000036
1995,228,0.0,17.400000000000034
1995,228,0.0,17.400000000000034
1995,229,0.38,17.930000000000007
1995,229,0.38,17.930000000000007
1995,230,0.0,18.79000000000002
1995,230,0.0,18.79000000000002
1995,231,16.01,16.360000000000014
1995,231,16.01,16.360000000000014
1995,232,0.44,15.879999999999995
1995,232,0.44,15.879999999999995
1995,233,9.1,16.77000000000004
1995,233,9.1,16.77000000000004
1995,234,6.16,17.30000000000001
1995,234,6.16,17.30000000000001
1995,235,5.2,17.210000000000036
1995,235,5.2,17.210000000000036
1995,236,5.71,16.610000000000014
1995,236,5.71,16.610000000000014
1995,237,9.45,15.560000000000002
1995,237,9.45,15.560000000000002
1995,238,4.31,14.550000000000011
1995,238,4.31,14.550000000000011
1995,239,2.69,16.700000000000045
1995,239,2.69,16.700000000000045
1995,240,5.88,17.5
1995,240,5.88,17.5
1995,241,1.69,17.730000000000018
1995,241,1.69,17.730000000000018
1995,242,0.0,18.08000000000004
1995,242,0.0,18.08000000000004
1995,243,0.4,18.07000000000005
1995,243,0.4,18.07000000000005
1995,244,0.55,18.54000000000002
1995,244,0.55,18.54000000000002
1995,245,0.65,19.52000000000004
1995,245,0.65,19.52000000000004
1995,246,3.42,19.05000000000001
1995,246,3.42,19.05000000000001
1995,247,0.0,18.980000000000018
1995,247,0.0,18.980000000000018
1995,248,0.21,18.53000000000003
1995,248,0.21,18.53000000000003
1995,249,8.91,16.910000000000025
1995,249,8.91,16.910000000000025
1995,250,4.13,13.29000000000002
1995,250,4.13,13.29000000000002
1995,251,5.46,12.379999999999995
1995,251,5.46,12.379999999999995
1995,252,4.35,12.360000000000014
1995,252,4.35,12.360000000000014
1995,253,2.11,11.480000000000018
1995,253,2.11,11.480000000000018
1995,254,0.49,12.180000000000007
1995,254,0.49,12.180000000000007
1995,255,0.0,10.950000000000045
1995,255,0.0,10.950000000000045
1995,256,0.0,12.53000000000003
1995,256,0.0,12.53000000000003
1995,257,1.08,12.970000000000027
1995,257,1.08,12.970000000000027
1995,258,0.0,13.07000000000005
1995,258,0.0,13.07000000000005
1995,259,0.73,13.910000000000025
1995,259,0.73,13.910000000000025
1995,260,1.28,13.840000000000032
1995,260,1.28,13.840000000000032
1995,261,1.03,13.900000000000034
1995,261,1.03,13.900000000000034
1995,262,3.33,9.480000000000018
1995,262,3.33,9.480000000000018
1995,263,2.2,10.32000000000005
1995,263,2.2,10.32000000000005
1995,264,2.81,0.21000000000003638
1995,264,2.81,0.21000000000003638
1995,265,0.1,-0.7099999999999795
1995,265,0.1,-0.7099999999999795
1995,266,0.25,4.28000000000003
1995,266,0.25,4.28000000000003
1995,267,0.66,3.890000000000043
1995,267,0.66,3.890000000000043
1995,268,0.66,3.8100000000000023
1995,268,0.66,3.8100000000000023
1995,269,0.0,7.770000000000039
1995,269,0.0,7.770000000000039
1995,270,0.0,10.03000000000003
1995,270,0.0,10.03000000000003
1995,271,0.32,10.200000000000045
1995,271,0.32,10.200000000000045
1995,272,0.2,8.340000000000032
1995,272,0.2,8.340000000000032
1995,273,0.21,5.25
1995,273,0.21,5.25
1995,274,0.0,5.890000000000043
1995,274,0.0,5.890000000000043
1995,275,0.0,5.220000000000027
1995,275,0.0,5.220000000000027
1995,276,0.13,5.340000000000032
1995,276,0.13,5.340000000000032
1995,277,1.68,5.580000000000041
1995,277,1.68,5.580000000000041
1995,278,0.06,-0.5
1995,278,0.06,-0.5
1995,279,0.0,0.8799999999999955
1995,279,0.0,0.8799999999999955
1995,280,0.0,5.9500000000000455
1995,280,0.0,5.9500000000000455
1995,281,0.0,5.8799999999999955
1995,281,0.0,5.8799999999999955
1995,282,0.0,5.910000000000025
1995,282,0.0,5.910000000000025
1995,283,0.22,5.260000000000048
1995,283,0.22,5.260000000000048
1995,284,0.4,8.670000000000016
1995,284,0.4,8.670000000000016
1995,285,0.0,10.640000000000043
1995,285,0.0,10.640000000000043
1995,286,0.93,4.7000000000000455
1995,286,0.93,4.7000000000000455
1995,287,0.0,3.82000000000005
1995,287,0.0,3.82000000000005
1995,288,0.0,7.7000000000000455
1995,288,0.0,7.7000000000000455
1995,289,0.22,9.75
1995,289,0.22,9.75
1995,290,0.26,7.720000000000027
1995,290,0.26,7.720000000000027
1995,291,0.0,7.9500000000000455
1995,291,0.0,7.9500000000000455
1995,292,0.0,6.160000000000025
1995,292,0.0,6.160000000000025
1995,293,0.0,2.890000000000043
1995,293,0.0,2.890000000000043
1995,294,0.0,6.830000000000041
1995,294,0.0,6.830000000000041
1995,295,1.44,4.050000000000011
1995,295,1.44,4.050000000000011
1995,296,0.83,-4.649999999999977
1995,296,0.83,-4.649999999999977
1995,297,0.0,-0.5699999999999932
1995,297,0.0,-0.5699999999999932
1995,298,0.0,1.580000000000041
1995,298,0.0,1.580000000000041
1995,299,0.0,3.2600000000000477
1995,299,0.0,3.2600000000000477
1995,300,0.0,2.6299999999999955
1995,300,0.0,2.6299999999999955
1995,301,0.0,2.920000000000016
1995,301,0.0,2.920000000000016
1995,302,0.0,5.720000000000027
1995,302,0.0,5.720000000000027
1995,303,0.06,6.3799999999999955
1995,303,0.06,6.3799999999999955
1995,304,0.01,5.890000000000043
1995,304,0.01,5.890000000000043
1995,305,0.02,4.260000000000048
1995,305,0.02,4.260000000000048
1995,306,0.0,-2.2899999999999636
1995,306,0.0,-2.2899999999999636
1995,307,0.0,-6.419999999999959
1995,307,0.0,-6.419999999999959
1995,308,0.0,-4.479999999999961
1995,308,0.0,-4.479999999999961
1995,309,0.0,-2.2099999999999795
1995,309,0.0,-2.2099999999999795
1995,310,0.18,0.7100000000000364
1995,310,0.18,0.7100000000000364
1995,311,0.0,-0.8299999999999841
1995,311,0.0,-0.8299999999999841
1995,312,0.82,1.3600000000000136
1995,312,0.82,1.3600000000000136
1995,313,0.94,3.590000000000032
1995,313,0.94,3.590000000000032
1995,314,1.2,-1.0399999999999636
1995,314,1.2,-1.0399999999999636
1995,315,0.16,-2.909999999999968
1995,315,0.16,-2.909999999999968
1995,316,0.0,3.3100000000000023
1995,316,0.0,3.3100000000000023
1995,317,0.0,2.890000000000043
1995,317,0.0,2.890000000000043
1995,318,0.0,3.390000000000043
1995,318,0.0,3.390000000000043
1995,319,0.0,3.7200000000000273
1995,319,0.0,3.7200000000000273
1995,320,0.0,4.7000000000000455
1995,320,0.0,4.7000000000000455
1995,321,0.0,3.25
1995,321,0.0,3.25
1995,322,0.0,5.090000000000032
1995,322,0.0,5.090000000000032
1995,323,0.0,4.610000000000014
1995,323,0.0,4.610000000000014
1995,324,0.0,2.5600000000000023
1995,324,0.0,2.5600000000000023
1995,325,0.0,1.9800000000000182
1995,325,0.0,1.9800000000000182
1995,326,0.0,2.5
1995,326,0.0,2.5
1995,327,0.0,-0.07999999999998408
1995,327,0.0,-0.07999999999998408
1995,328,0.0,1.82000000000005
1995,328,0.0,1.82000000000005
1995,329,0.0,4.010000000000048
1995,329,0.0,4.010000000000048
1995,330,0.62,3.980000000000018
1995,330,0.62,3.980000000000018
1995,331,2.33,-4.329999999999984
1995,331,2.33,-4.329999999999984
1995,332,0.7,-7.609999999999957
1995,332,0.7,-7.609999999999957
1995,333,0.0,-1.6899999999999977
1995,333,0.0,-1.6899999999999977
1995,334,0.0,2.7600000000000477
1995,334,0.0,2.7600000000000477
1995,335,0.0,4.439999999999998
1995,335,0.0,4.439999999999998
1995,336,0.0,3.3500000000000227
1995,336,0.0,3.3500000000000227
1995,337,0.0,-0.40999999999996817
1995,337,0.0,-0.40999999999996817
1995,338,0.0,0.75
1995,338,0.0,0.75
1995,339,0.0,1.490000000000009
1995,339,0.0,1.490000000000009
1995,340,0.09,0.9900000000000091
1995,340,0.09,0.9900000000000091
1995,341,0.0,-1.8999999999999773
1995,341,0.0,-1.8999999999999773
1995,342,0.0,-3.109999999999957
1995,342,0.0,-3.109999999999957
1995,343,0.0,-5.71999999999997
1995,343,0.0,-5.71999999999997
1995,344,0.0,-2.359999999999957
1995,344,0.0,-2.359999999999957
1995,345,0.0,-0.6599999999999682
1995,345,0.0,-0.6599999999999682
1995,346,0.0,0.9600000000000364
1995,346,0.0,0.9600000000000364
1995,347,0.0,1.7800000000000296
1995,347,0.0,1.7800000000000296
1995,348,0.0,-1.2999999999999545
1995,348,0.0,-1.2999999999999545
1995,349,0.0,-3.2199999999999704
1995,349,0.0,-3.2199999999999704
1995,350,0.0,-1.9799999999999613
1995,350,0.0,-1.9799999999999613
1995,351,0.1,-5.099999999999966
1995,351,0.1,-5.099999999999966
1995,352,2.07,-8.449999999999989
1995,352,2.07,-8.449999999999989
1995,353,0.0,-7.659999999999968
1995,353,0.0,-7.659999999999968
1995,354,0.0,-8.319999999999993
1995,354,0.0,-8.319999999999993
1995,355,0.0,-9.439999999999998
1995,355,0.0,-9.439999999999998
1995,356,0.67,-9.939999999999998
1995,356,0.67,-9.939999999999998
1995,357,0.53,-11.849999999999966
1995,357,0.53,-11.849999999999966
1995,358,0.0,-9.359999999999957
1995,358,0.0,-9.359999999999957
1995,359,0.0,-7.319999999999993
1995,359,0.0,-7.319999999999993
1995,360,0.0,-4.899999999999977
1995,360,0.0,-4.899999999999977
1995,361,0.0,-5.779999999999973
1995,361,0.0,-5.779999999999973
1995,362,0.53,-6.6299999999999955
1995,362,0.53,-6.6299999999999955
1995,363,0.14,-6.92999999999995
1995,363,0.14,-6.92999999999995
1995,364,0.95,-7.21999999999997
1995,364,0.95,-7.21999999999997
1995,365,2.17,-4.569999999999993
1995,365,2.17,-4.569999999999993
1996,1,3.42,-8.21999999999997
1996,1,3.42,-8.21999999999997
1996,2,1.52,-12.899999999999977
1996,2,1.52,-12.899999999999977
1996,3,1.25,-7.509999999999991
1996,3,1.25,-7.509999999999991
1996,4,1.29,-5.21999999999997
1996,4,1.29,-5.21999999999997
1996,5,1.01,-7.7099999999999795
1996,5,1.01,-7.7099999999999795
1996,6,0.16,-10.779999999999973
1996,6,0.16,-10.779999999999973
1996,7,0.0,-6.92999999999995
1996,7,0.0,-6.92999999999995
1996,8,0.0,-1.6099999999999568
1996,8,0.0,-1.6099999999999568
1996,9,0.0,-1.7399999999999523
1996,9,0.0,-1.7399999999999523
1996,10,0.0,-1.1899999999999977
1996,10,0.0,-1.1899999999999977
1996,11,0.0,-5.069999999999993
1996,11,0.0,-5.069999999999993
1996,12,0.0,-0.7299999999999613
1996,12,0.0,-0.7299999999999613
1996,13,0.0,1.1000000000000227
1996,13,0.0,1.1000000000000227
1996,14,0.0,0.28000000000002956
1996,14,0.0,0.28000000000002956
1996,15,0.0,-0.16999999999995907
1996,15,0.0,-0.16999999999995907
1996,16,0.0,0.2300000000000182
1996,16,0.0,0.2300000000000182
1996,17,0.97,-0.7599999999999909
1996,17,0.97,-0.7599999999999909
1996,18,0.92,-11.039999999999964
1996,18,0.92,-11.039999999999964
1996,19,0.0,-8.42999999999995
1996,19,0.0,-8.42999999999995
1996,20,0.0,-8.379999999999995
1996,20,0.0,-8.379999999999995
1996,21,0.0,-7.079999999999984
1996,21,0.0,-7.079999999999984
1996,22,0.02,-4.779999999999973
1996,22,0.02,-4.779999999999973
1996,23,0.15,-9.810000000000002
1996,23,0.15,-9.810000000000002
1996,24,0.0,-10.849999999999966
1996,24,0.0,-10.849999999999966
1996,25,1.58,-6.649999999999977
1996,25,1.58,-6.649999999999977
1996,26,0.71,-11.819999999999993
1996,26,0.71,-11.819999999999993
1996,27,0.03,-12.349999999999966
1996,27,0.03,-12.349999999999966
1996,28,0.02,-4.859999999999957
1996,28,0.02,-4.859999999999957
1996,29,0.0,-6.2099999999999795
1996,29,0.0,-6.2099999999999795
1996,30,0.28,-2.92999999999995
1996,30,0.28,-2.92999999999995
1996,31,0.25,-3.2999999999999545
1996,31,0.25,-3.2999999999999545
1996,32,0.4,-6.519999999999982
1996,32,0.4,-6.519999999999982
1996,33,1.06,-13.359999999999957
1996,33,1.06,-13.359999999999957
1996,34,0.0,-12.67999999999995
1996,34,0.0,-12.67999999999995
1996,35,0.0,-8.759999999999991
1996,35,0.0,-8.759999999999991
1996,36,0.0,-2.1999999999999886
1996,36,0.0,-2.1999999999999886
1996,37,0.0,-0.9699999999999704
1996,37,0.0,-0.9699999999999704
1996,38,0.0,0.4000000000000341
1996,38,0.0,0.4000000000000341
1996,39,0.0,1.080000000000041
1996,39,0.0,1.080000000000041
1996,40,0.0,1.8900000000000432
1996,40,0.0,1.8900000000000432
1996,41,0.0,2.2900000000000205
1996,41,0.0,2.2900000000000205
1996,42,0.0,-0.25
1996,42,0.0,-0.25
1996,43,0.0,0.8400000000000318
1996,43,0.0,0.8400000000000318
1996,44,0.0,1.9300000000000068
1996,44,0.0,1.9300000000000068
1996,45,0.0,2.7900000000000205
1996,45,0.0,2.7900000000000205
1996,46,0.0,-0.17999999999994998
1996,46,0.0,-0.17999999999994998
1996,47,0.0,0.18999999999999773
1996,47,0.0,0.18999999999999773
1996,48,0.0,1.6899999999999977
1996,48,0.0,1.6899999999999977
1996,49,0.72,1.3400000000000318
1996,49,0.72,1.3400000000000318
1996,50,0.0,-0.06999999999999318
1996,50,0.0,-0.06999999999999318
1996,51,0.45,0.3300000000000409
1996,51,0.45,0.3300000000000409
1996,52,2.28,2.0400000000000205
1996,52,2.28,2.0400000000000205
1996,53,0.29,2.6000000000000227
1996,53,0.29,2.6000000000000227
1996,54,0.0,-3.6399999999999864
1996,54,0.0,-3.6399999999999864
1996,55,0.0,-2.329999999999984
1996,55,0.0,-2.329999999999984
1996,56,0.0,-0.9399999999999977
1996,56,0.0,-0.9399999999999977
1996,57,0.09,-2.8899999999999864
1996,57,0.09,-2.8899999999999864
1996,58,0.27,-10.5
1996,58,0.27,-10.5
1996,59,0.87,-11.539999999999964
1996,59,0.87,-11.539999999999964
1996,60,0.0,-10.069999999999993
1996,60,0.0,-10.069999999999993
1996,61,0.12,-10.049999999999955
1996,61,0.12,-10.049999999999955
1996,62,0.58,-7.089999999999975
1996,62,0.58,-7.089999999999975
1996,63,0.0,-4.8700000000000045
1996,63,0.0,-4.8700000000000045
1996,64,0.0,-1.589999999999975
1996,64,0.0,-1.589999999999975
1996,65,1.69,-2.1399999999999864
1996,65,1.69,-2.1399999999999864
1996,66,7.84,-5.96999999999997
1996,66,7.84,-5.96999999999997
1996,67,0.87,-7.92999999999995
1996,67,0.87,-7.92999999999995
1996,68,0.0,-5.810000000000002
1996,68,0.0,-5.810000000000002
1996,69,0.0,-3.5
1996,69,0.0,-3.5
1996,70,0.0,2.090000000000032
1996,70,0.0,2.090000000000032
1996,71,0.0,3.25
1996,71,0.0,3.25
1996,72,0.0,1.4300000000000068
1996,72,0.0,1.4300000000000068
1996,73,0.01,0.6700000000000159
1996,73,0.01,0.6700000000000159
1996,74,3.8,-1.2699999999999818
1996,74,3.8,-1.2699999999999818
1996,75,0.14,-3.7299999999999613
1996,75,0.14,-3.7299999999999613
1996,76,0.01,-2.509999999999991
1996,76,0.01,-2.509999999999991
1996,77,0.92,-4.229999999999961
1996,77,0.92,-4.229999999999961
1996,78,1.82,-7.659999999999968
1996,78,1.82,-7.659999999999968
1996,79,0.03,-8.269999999999982
1996,79,0.03,-8.269999999999982
1996,80,0.0,-4.339999999999975
1996,80,0.0,-4.339999999999975
1996,81,0.0,0.4900000000000091
1996,81,0.0,0.4900000000000091
1996,82,0.0,1.330000000000041
1996,82,0.0,1.330000000000041
1996,83,0.11,1.5900000000000318
1996,83,0.11,1.5900000000000318
1996,84,2.9,-5.0499999999999545
1996,84,2.9,-5.0499999999999545
1996,85,0.31,-8.479999999999961
1996,85,0.31,-8.479999999999961
1996,86,0.21,-6.0
1996,86,0.21,-6.0
1996,87,0.0,-2.2199999999999704
1996,87,0.0,-2.2199999999999704
1996,88,0.2,-0.2599999999999909
1996,88,0.2,-0.2599999999999909
1996,89,0.03,0.7700000000000387
1996,89,0.03,0.7700000000000387
1996,90,2.27,-0.8199999999999932
1996,90,2.27,-0.8199999999999932
1996,91,0.0,-0.19999999999998863
1996,91,0.0,-0.19999999999998863
1996,92,0.0,2.590000000000032
1996,92,0.0,2.590000000000032
1996,93,0.0,4.610000000000014
1996,93,0.0,4.610000000000014
1996,94,3.93,2.7800000000000296
1996,94,3.93,2.7800000000000296
1996,95,7.7,-0.8199999999999932
1996,95,7.7,-0.8199999999999932
1996,96,5.08,-2.659999999999968
1996,96,5.08,-2.659999999999968
1996,97,0.0,0.6400000000000432
1996,97,0.0,0.6400000000000432
1996,98,0.0,4.230000000000018
1996,98,0.0,4.230000000000018
1996,99,0.0,6.910000000000025
1996,99,0.0,6.910000000000025
1996,100,0.0,8.310000000000002
1996,100,0.0,8.310000000000002
1996,101,0.0,9.610000000000014
1996,101,0.0,9.610000000000014
1996,102,0.0,6.860000000000014
1996,102,0.0,6.860000000000014
1996,103,1.65,3.0200000000000387
1996,103,1.65,3.0200000000000387
1996,104,7.01,2.490000000000009
1996,104,7.01,2.490000000000009
1996,105,3.71,-3.25
1996,105,3.71,-3.25
1996,106,0.02,-1.3599999999999568
1996,106,0.02,-1.3599999999999568
1996,107,0.0,4.3799999999999955
1996,107,0.0,4.3799999999999955
1996,108,0.14,5.189999999999998
1996,108,0.14,5.189999999999998
1996,109,0.49,2.5600000000000023
1996,109,0.49,2.5600000000000023
1996,110,0.16,-0.6299999999999955
1996,110,0.16,-0.6299999999999955
1996,111,0.0,-2.4599999999999795
1996,111,0.0,-2.4599999999999795
1996,112,0.18,-1.5399999999999636
1996,112,0.18,-1.5399999999999636
1996,113,1.96,-1.7799999999999727
1996,113,1.96,-1.7799999999999727
1996,114,0.0,2.7600000000000477
1996,114,0.0,2.7600000000000477
1996,115,0.0,7.980000000000018
1996,115,0.0,7.980000000000018
1996,116,0.0,7.550000000000011
1996,116,0.0,7.550000000000011
1996,117,0.0,4.6299999999999955
1996,117,0.0,4.6299999999999955
1996,118,0.0,6.110000000000014
1996,118,0.0,6.110000000000014
1996,119,3.43,-1.1499999999999773
1996,119,3.43,-1.1499999999999773
1996,120,0.0,-5.2099999999999795
1996,120,0.0,-5.2099999999999795
1996,121,0.65,1.6400000000000432
1996,121,0.65,1.6400000000000432
1996,122,0.0,3.430000000000007
1996,122,0.0,3.430000000000007
1996,123,0.0,5.7000000000000455
1996,123,0.0,5.7000000000000455
1996,124,0.0,7.840000000000032
1996,124,0.0,7.840000000000032
1996,125,0.0,8.140000000000043
1996,125,0.0,8.140000000000043
1996,126,0.0,8.07000000000005
1996,126,0.0,8.07000000000005
1996,127,0.0,9.210000000000036
1996,127,0.0,9.210000000000036
1996,128,0.0,7.170000000000016
1996,128,0.0,7.170000000000016
1996,129,0.0,8.960000000000036
1996,129,0.0,8.960000000000036
1996,130,0.08,8.439999999999998
1996,130,0.08,8.439999999999998
1996,131,1.39,6.590000000000032
1996,131,1.39,6.590000000000032
1996,132,0.0,7.689999999999998
1996,132,0.0,7.689999999999998
1996,133,0.0,10.610000000000014
1996,133,0.0,10.610000000000014
1996,134,0.0,12.100000000000023
1996,134,0.0,12.100000000000023
1996,135,0.0,13.57000000000005
1996,135,0.0,13.57000000000005
1996,136,0.42,13.04000000000002
1996,136,0.42,13.04000000000002
1996,137,0.0,13.510000000000048
1996,137,0.0,13.510000000000048
1996,138,0.19,11.879999999999995
1996,138,0.19,11.879999999999995
1996,139,0.0,12.360000000000014
1996,139,0.0,12.360000000000014
1996,140,0.0,9.110000000000014
1996,140,0.0,9.110000000000014
1996,141,0.0,9.090000000000032
1996,141,0.0,9.090000000000032
1996,142,0.0,8.970000000000027
1996,142,0.0,8.970000000000027
1996,143,0.0,11.600000000000023
1996,143,0.0,11.600000000000023
1996,144,0.11,8.710000000000036
1996,144,0.11,8.710000000000036
1996,145,2.46,6.910000000000025
1996,145,2.46,6.910000000000025
1996,146,31.08,7.490000000000009
1996,146,31.08,7.490000000000009
1996,147,20.57,4.240000000000009
1996,147,20.57,4.240000000000009
1996,148,1.32,4.480000000000018
1996,148,1.32,4.480000000000018
1996,149,2.6,5.470000000000027
1996,149,2.6,5.470000000000027
1996,150,0.72,4.75
1996,150,0.72,4.75
1996,151,0.0,7.850000000000023
1996,151,0.0,7.850000000000023
1996,152,0.83,7.900000000000034
1996,152,0.83,7.900000000000034
1996,153,0.0,7.5400000000000205
1996,153,0.0,7.5400000000000205
1996,154,0.0,7.430000000000007
1996,154,0.0,7.430000000000007
1996,155,0.0,9.560000000000002
1996,155,0.0,9.560000000000002
1996,156,0.0,12.060000000000002
1996,156,0.0,12.060000000000002
1996,157,0.0,13.580000000000041
1996,157,0.0,13.580000000000041
1996,158,0.0,12.260000000000048
1996,158,0.0,12.260000000000048
1996,159,0.0,10.470000000000027
1996,159,0.0,10.470000000000027
1996,160,0.0,13.400000000000034
1996,160,0.0,13.400000000000034
1996,161,0.0,15.54000000000002
1996,161,0.0,15.54000000000002
1996,162,0.6,15.060000000000002
1996,162,0.6,15.060000000000002
1996,163,2.1,15.170000000000016
1996,163,2.1,15.170000000000016
1996,164,5.64,14.950000000000045
1996,164,5.64,14.950000000000045
1996,165,5.72,13.78000000000003
1996,165,5.72,13.78000000000003
1996,166,5.66,14.020000000000039
1996,166,5.66,14.020000000000039
1996,167,7.18,12.620000000000005
1996,167,7.18,12.620000000000005
1996,168,2.15,11.080000000000041
1996,168,2.15,11.080000000000041
1996,169,0.88,14.840000000000032
1996,169,0.88,14.840000000000032
1996,170,0.0,15.480000000000018
1996,170,0.0,15.480000000000018
1996,171,0.0,15.879999999999995
1996,171,0.0,15.879999999999995
1996,172,0.0,16.629999999999995
1996,172,0.0,16.629999999999995
1996,173,7.75,16.350000000000023
1996,173,7.75,16.350000000000023
1996,174,5.56,15.460000000000036
1996,174,5.56,15.460000000000036
1996,175,0.45,14.220000000000027
1996,175,0.45,14.220000000000027
1996,176,0.06,15.110000000000014
1996,176,0.06,15.110000000000014
1996,177,0.17,15.160000000000025
1996,177,0.17,15.160000000000025
1996,178,0.42,15.960000000000036
1996,178,0.42,15.960000000000036
1996,179,1.25,15.430000000000007
1996,179,1.25,15.430000000000007
1996,180,0.65,15.020000000000039
1996,180,0.65,15.020000000000039
1996,181,2.49,14.490000000000009
1996,181,2.49,14.490000000000009
1996,182,0.0,15.510000000000048
1996,182,0.0,15.510000000000048
1996,183,0.13,16.140000000000043
1996,183,0.13,16.140000000000043
1996,184,0.1,17.80000000000001
1996,184,0.1,17.80000000000001
1996,185,0.0,18.75
1996,185,0.0,18.75
1996,186,0.35,19.850000000000023
1996,186,0.35,19.850000000000023
1996,187,1.0,18.090000000000032
1996,187,1.0,18.090000000000032
1996,188,0.54,18.189999999999998
1996,188,0.54,18.189999999999998
1996,189,1.36,18.52000000000004
1996,189,1.36,18.52000000000004
1996,190,1.02,14.470000000000027
1996,190,1.02,14.470000000000027
1996,191,8.89,14.650000000000034
1996,191,8.89,14.650000000000034
1996,192,6.26,13.410000000000025
1996,192,6.26,13.410000000000025
1996,193,2.57,15.950000000000045
1996,193,2.57,15.950000000000045
1996,194,6.67,16.360000000000014
1996,194,6.67,16.360000000000014
1996,195,0.68,15.950000000000045
1996,195,0.68,15.950000000000045
1996,196,0.29,14.850000000000023
1996,196,0.29,14.850000000000023
1996,197,0.61,16.439999999999998
1996,197,0.61,16.439999999999998
1996,198,0.14,16.74000000000001
1996,198,0.14,16.74000000000001
1996,199,4.11,16.74000000000001
1996,199,4.11,16.74000000000001
1996,200,5.78,17.860000000000014
1996,200,5.78,17.860000000000014
1996,201,0.32,16.04000000000002
1996,201,0.32,16.04000000000002
1996,202,0.12,18.460000000000036
1996,202,0.12,18.460000000000036
1996,203,0.69,17.52000000000004
1996,203,0.69,17.52000000000004
1996,204,0.47,17.120000000000005
1996,204,0.47,17.120000000000005
1996,205,1.12,15.600000000000023
1996,205,1.12,15.600000000000023
1996,206,0.42,14.860000000000014
1996,206,0.42,14.860000000000014
1996,207,2.5,14.990000000000009
1996,207,2.5,14.990000000000009
1996,208,1.1,15.810000000000002
1996,208,1.1,15.810000000000002
1996,209,1.46,15.420000000000016
1996,209,1.46,15.420000000000016
1996,210,2.94,17.010000000000048
1996,210,2.94,17.010000000000048
1996,211,4.3,15.510000000000048
1996,211,4.3,15.510000000000048
1996,212,3.48,13.340000000000032
1996,212,3.48,13.340000000000032
1996,213,1.25,15.78000000000003
1996,213,1.25,15.78000000000003
1996,214,0.31,17.140000000000043
1996,214,0.31,17.140000000000043
1996,215,2.22,15.920000000000016
1996,215,2.22,15.920000000000016
1996,216,0.7,16.29000000000002
1996,216,0.7,16.29000000000002
1996,217,0.04,16.110000000000014
1996,217,0.04,16.110000000000014
1996,218,0.02,14.300000000000011
1996,218,0.02,14.300000000000011
1996,219,1.1,15.640000000000043
1996,219,1.1,15.640000000000043
1996,220,1.48,14.82000000000005
1996,220,1.48,14.82000000000005
1996,221,4.83,14.390000000000043
1996,221,4.83,14.390000000000043
1996,222,1.56,14.210000000000036
1996,222,1.56,14.210000000000036
1996,223,0.43,14.79000000000002
1996,223,0.43,14.79000000000002
1996,224,0.0,15.680000000000007
1996,224,0.0,15.680000000000007
1996,225,0.0,17.620000000000005
1996,225,0.0,17.620000000000005
1996,226,0.24,19.04000000000002
1996,226,0.24,19.04000000000002
1996,227,0.88,18.82000000000005
1996,227,0.88,18.82000000000005
1996,228,1.0,17.129999999999995
1996,228,1.0,17.129999999999995
1996,229,0.97,15.580000000000041
1996,229,0.97,15.580000000000041
1996,230,0.59,15.330000000000041
1996,230,0.59,15.330000000000041
1996,231,6.42,16.32000000000005
1996,231,6.42,16.32000000000005
1996,232,1.78,14.870000000000005
1996,232,1.78,14.870000000000005
1996,233,5.11,14.900000000000034
1996,233,5.11,14.900000000000034
1996,234,4.48,16.32000000000005
1996,234,4.48,16.32000000000005
1996,235,3.28,12.980000000000018
1996,235,3.28,12.980000000000018
1996,236,7.87,12.03000000000003
1996,236,7.87,12.03000000000003
1996,237,2.12,13.07000000000005
1996,237,2.12,13.07000000000005
1996,238,0.35,14.930000000000007
1996,238,0.35,14.930000000000007
1996,239,3.41,14.07000000000005
1996,239,3.41,14.07000000000005
1996,240,2.09,13.53000000000003
1996,240,2.09,13.53000000000003
1996,241,3.11,14.170000000000016
1996,241,3.11,14.170000000000016
1996,242,2.06,15.439999999999998
1996,242,2.06,15.439999999999998
1996,243,1.59,13.770000000000039
1996,243,1.59,13.770000000000039
1996,244,0.02,13.740000000000009
1996,244,0.02,13.740000000000009
1996,245,0.0,15.840000000000032
1996,245,0.0,15.840000000000032
1996,246,0.0,16.560000000000002
1996,246,0.0,16.560000000000002
1996,247,0.0,16.07000000000005
1996,247,0.0,16.07000000000005
1996,248,0.0,16.620000000000005
1996,248,0.0,16.620000000000005
1996,249,1.38,16.110000000000014
1996,249,1.38,16.110000000000014
1996,250,10.18,13.990000000000009
1996,250,10.18,13.990000000000009
1996,251,4.04,10.439999999999998
1996,251,4.04,10.439999999999998
1996,252,0.0,11.510000000000048
1996,252,0.0,11.510000000000048
1996,253,0.64,13.860000000000014
1996,253,0.64,13.860000000000014
1996,254,0.63,15.100000000000023
1996,254,0.63,15.100000000000023
1996,255,1.22,14.300000000000011
1996,255,1.22,14.300000000000011
1996,256,8.2,10.730000000000018
1996,256,8.2,10.730000000000018
1996,257,5.45,9.82000000000005
1996,257,5.45,9.82000000000005
1996,258,1.99,10.100000000000023
1996,258,1.99,10.100000000000023
1996,259,5.54,9.470000000000027
1996,259,5.54,9.470000000000027
1996,260,0.18,9.689999999999998
1996,260,0.18,9.689999999999998
1996,261,2.05,9.939999999999998
1996,261,2.05,9.939999999999998
1996,262,4.28,6.810000000000002
1996,262,4.28,6.810000000000002
1996,263,4.42,3.410000000000025
1996,263,4.42,3.410000000000025
1996,264,0.0,4.160000000000025
1996,264,0.0,4.160000000000025
1996,265,0.0,6.8799999999999955
1996,265,0.0,6.8799999999999955
1996,266,1.47,10.379999999999995
1996,266,1.47,10.379999999999995
1996,267,1.73,10.54000000000002
1996,267,1.73,10.54000000000002
1996,268,1.54,9.740000000000009
1996,268,1.54,9.740000000000009
1996,269,2.52,9.520000000000039
1996,269,2.52,9.520000000000039
1996,270,6.11,2.590000000000032
1996,270,6.11,2.590000000000032
1996,271,0.48,-2.0499999999999545
1996,271,0.48,-2.0499999999999545
1996,272,0.0,3.670000000000016
1996,272,0.0,3.670000000000016
1996,273,0.0,8.200000000000045
1996,273,0.0,8.200000000000045
1996,274,0.0,10.480000000000018
1996,274,0.0,10.480000000000018
1996,275,0.0,10.5
1996,275,0.0,10.5
1996,276,0.0,10.560000000000002
1996,276,0.0,10.560000000000002
1996,277,0.06,10.03000000000003
1996,277,0.06,10.03000000000003
1996,278,0.04,9.050000000000011
1996,278,0.04,9.050000000000011
1996,279,0.0,9.04000000000002
1996,279,0.0,9.04000000000002
1996,280,0.0,9.470000000000027
1996,280,0.0,9.470000000000027
1996,281,0.0,9.200000000000045
1996,281,0.0,9.200000000000045
1996,282,0.0,9.140000000000043
1996,282,0.0,9.140000000000043
1996,283,0.0,9.640000000000043
1996,283,0.0,9.640000000000043
1996,284,0.0,10.170000000000016
1996,284,0.0,10.170000000000016
1996,285,0.0,11.140000000000043
1996,285,0.0,11.140000000000043
1996,286,0.0,11.270000000000039
1996,286,0.0,11.270000000000039
1996,287,0.0,10.860000000000014
1996,287,0.0,10.860000000000014
1996,288,0.0,9.370000000000005
1996,288,0.0,9.370000000000005
1996,289,0.89,7.310000000000002
1996,289,0.89,7.310000000000002
1996,290,1.58,6.180000000000007
1996,290,1.58,6.180000000000007
1996,291,1.22,-0.6599999999999682
1996,291,1.22,-0.6599999999999682
1996,292,0.0,-0.9799999999999613
1996,292,0.0,-0.9799999999999613
1996,293,0.01,4.439999999999998
1996,293,0.01,4.439999999999998
1996,294,2.44,1.2000000000000455
1996,294,2.44,1.2000000000000455
1996,295,0.6,-6.109999999999957
1996,295,0.6,-6.109999999999957
1996,296,0.06,-5.989999999999952
1996,296,0.06,-5.989999999999952
1996,297,0.0,-0.8700000000000045
1996,297,0.0,-0.8700000000000045
1996,298,0.0,-0.44999999999998863
1996,298,0.0,-0.44999999999998863
1996,299,0.0,0.18000000000000682
1996,299,0.0,0.18000000000000682
1996,300,4.48,-2.589999999999975
1996,300,4.48,-2.589999999999975
1996,301,0.38,-3.089999999999975
1996,301,0.38,-3.089999999999975
1996,302,0.15,1.7700000000000387
1996,302,0.15,1.7700000000000387
1996,303,0.07,-0.5699999999999932
1996,303,0.07,-0.5699999999999932
1996,304,0.0,-2.5600000000000023
1996,304,0.0,-2.5600000000000023
1996,305,1.0,-3.2799999999999727
1996,305,1.0,-3.2799999999999727
1996,306,1.0,-3.1899999999999977
1996,306,1.0,-3.1899999999999977
1996,307,0.0,-1.8100000000000023
1996,307,0.0,-1.8100000000000023
1996,308,0.45,0.8799999999999955
1996,308,0.45,0.8799999999999955
1996,309,1.3,0.5500000000000114
1996,309,1.3,0.5500000000000114
1996,310,0.0,1.080000000000041
1996,310,0.0,1.080000000000041
1996,311,0.0,-1.8199999999999932
1996,311,0.0,-1.8199999999999932
1996,312,0.0,-4.67999999999995
1996,312,0.0,-4.67999999999995
1996,313,0.0,-2.259999999999991
1996,313,0.0,-2.259999999999991
1996,314,0.0,1.4600000000000364
1996,314,0.0,1.4600000000000364
1996,315,0.0,3.1899999999999977
1996,315,0.0,3.1899999999999977
1996,316,0.0,3.4700000000000273
1996,316,0.0,3.4700000000000273
1996,317,0.0,4.1200000000000045
1996,317,0.0,4.1200000000000045
1996,318,0.0,5.2000000000000455
1996,318,0.0,5.2000000000000455
1996,319,0.0,4.82000000000005
1996,319,0.0,4.82000000000005
1996,320,0.57,1.4399999999999977
1996,320,0.57,1.4399999999999977
1996,321,2.85,-2.2899999999999636
1996,321,2.85,-2.2899999999999636
1996,322,0.0,-6.779999999999973
1996,322,0.0,-6.779999999999973
1996,323,0.0,-0.67999999999995
1996,323,0.0,-0.67999999999995
1996,324,0.0,2.4600000000000364
1996,324,0.0,2.4600000000000364
1996,325,0.0,3.650000000000034
1996,325,0.0,3.650000000000034
1996,326,0.0,1.660000000000025
1996,326,0.0,1.660000000000025
1996,327,0.22,3.3100000000000023
1996,327,0.22,3.3100000000000023
1996,328,0.6,0.35000000000002274
1996,328,0.6,0.35000000000002274
1996,329,0.44,-3.409999999999968
1996,329,0.44,-3.409999999999968
1996,330,0.13,-2.419999999999959
1996,330,0.13,-2.419999999999959
1996,331,3.45,-4.039999999999964
1996,331,3.45,-4.039999999999964
1996,332,0.39,-6.889999999999986
1996,332,0.39,-6.889999999999986
1996,333,0.15,-6.259999999999991
1996,333,0.15,-6.259999999999991
1996,334,0.98,-5.659999999999968
1996,334,0.98,-5.659999999999968
1996,335,1.57,-7.6299999999999955
1996,335,1.57,-7.6299999999999955
1996,336,0.0,-8.759999999999991
1996,336,0.0,-8.759999999999991
1996,337,0.0,-8.029999999999973
1996,337,0.0,-8.029999999999973
1996,338,0.0,-11.899999999999977
1996,338,0.0,-11.899999999999977
1996,339,0.0,-10.069999999999993
1996,339,0.0,-10.069999999999993
1996,340,1.1,-7.25
1996,340,1.1,-7.25
1996,341,0.47,-4.21999999999997
1996,341,0.47,-4.21999999999997
1996,342,0.0,-8.259999999999991
1996,342,0.0,-8.259999999999991
1996,343,0.0,-3.579999999999984
1996,343,0.0,-3.579999999999984
1996,344,0.0,0.9900000000000091
1996,344,0.0,0.9900000000000091
1996,345,0.0,0.5900000000000318
1996,345,0.0,0.5900000000000318
1996,346,0.0,-1.419999999999959
1996,346,0.0,-1.419999999999959
1996,347,0.0,-2.319999999999993
1996,347,0.0,-2.319999999999993
1996,348,0.0,-1.9799999999999613
1996,348,0.0,-1.9799999999999613
1996,349,0.0,-4.009999999999991
1996,349,0.0,-4.009999999999991
1996,350,0.0,-11.639999999999986
1996,350,0.0,-11.639999999999986
1996,351,3.06,-8.359999999999957
1996,351,3.06,-8.359999999999957
1996,352,0.0,-16.120000000000005
1996,352,0.0,-16.120000000000005
1996,353,0.0,-21.079999999999984
1996,353,0.0,-21.079999999999984
1996,354,0.0,-14.189999999999998
1996,354,0.0,-14.189999999999998
1996,355,0.0,-8.819999999999993
1996,355,0.0,-8.819999999999993
1996,356,0.0,-5.2099999999999795
1996,356,0.0,-5.2099999999999795
1996,357,0.02,-4.849999999999966
1996,357,0.02,-4.849999999999966
1996,358,0.1,-7.089999999999975
1996,358,0.1,-7.089999999999975
1996,359,0.0,-10.25
1996,359,0.0,-10.25
1996,360,0.0,-5.989999999999952
1996,360,0.0,-5.989999999999952
1996,361,0.0,-4.439999999999998
1996,361,0.0,-4.439999999999998
1996,362,0.0,-2.3799999999999955
1996,362,0.0,-2.3799999999999955
1996,363,0.0,-4.069999999999993
1996,363,0.0,-4.069999999999993
1996,364,0.0,-3.67999999999995
1996,364,0.0,-3.67999999999995
1996,365,0.0,1.240000000000009
1996,365,0.0,1.240000000000009
1996,366,0.0,1.6000000000000227
1996,366,0.0,1.6000000000000227
1997,1,0.0,2.82000000000005
1997,1,0.0,2.82000000000005
1997,2,0.02,4.050000000000011
1997,2,0.02,4.050000000000011
1997,3,0.79,3.160000000000025
1997,3,0.79,3.160000000000025
1997,4,0.04,-4.75
1997,4,0.04,-4.75
1997,5,0.08,-10.0
1997,5,0.08,-10.0
1997,6,2.4,-12.5
1997,6,2.4,-12.5
1997,7,0.2,-13.039999999999964
1997,7,0.2,-13.039999999999964
1997,8,0.12,-9.729999999999961
1997,8,0.12,-9.729999999999961
1997,9,0.06,-9.579999999999984
1997,9,0.06,-9.579999999999984
1997,10,0.0,-8.310000000000002
1997,10,0.0,-8.310000000000002
1997,11,0.8,-9.71999999999997
1997,11,0.8,-9.71999999999997
1997,12,0.06,-22.629999999999967
1997,12,0.06,-22.629999999999967
1997,13,0.33,-11.949999999999989
1997,13,0.33,-11.949999999999989
1997,14,0.03,-7.2099999999999795
1997,14,0.03,-7.2099999999999795
1997,15,0.19,-8.779999999999973
1997,15,0.19,-8.779999999999973
1997,16,0.0,-10.089999999999975
1997,16,0.0,-10.089999999999975
1997,17,0.0,-8.0
1997,17,0.0,-8.0
1997,18,0.0,-2.5299999999999727
1997,18,0.0,-2.5299999999999727
1997,19,0.0,-0.6699999999999591
1997,19,0.0,-0.6699999999999591
1997,20,0.0,-0.16999999999995907
1997,20,0.0,-0.16999999999995907
1997,21,0.0,-3.8700000000000045
1997,21,0.0,-3.8700000000000045
1997,22,0.81,-8.159999999999968
1997,22,0.81,-8.159999999999968
1997,23,0.35,-4.669999999999959
1997,23,0.35,-4.669999999999959
1997,24,0.0,-7.579999999999984
1997,24,0.0,-7.579999999999984
1997,25,1.29,-8.069999999999993
1997,25,1.29,-8.069999999999993
1997,26,0.06,-2.25
1997,26,0.06,-2.25
1997,27,0.0,-3.7199999999999704
1997,27,0.0,-3.7199999999999704
1997,28,0.17,-5.159999999999968
1997,28,0.17,-5.159999999999968
1997,29,0.11,-4.2999999999999545
1997,29,0.11,-4.2999999999999545
1997,30,0.27,-4.149999999999977
1997,30,0.27,-4.149999999999977
1997,31,0.0,0.1400000000000432
1997,31,0.0,0.1400000000000432
1997,32,0.0,0.30000000000001137
1997,32,0.0,0.30000000000001137
1997,33,0.0,-2.359999999999957
1997,33,0.0,-2.359999999999957
1997,34,0.0,-3.919999999999959
1997,34,0.0,-3.919999999999959
1997,35,0.0,-10.109999999999957
1997,35,0.0,-10.109999999999957
1997,36,0.77,-8.849999999999966
1997,36,0.77,-8.849999999999966
1997,37,0.25,-7.529999999999973
1997,37,0.25,-7.529999999999973
1997,38,0.0,-9.949999999999989
1997,38,0.0,-9.949999999999989
1997,39,0.0,-10.189999999999998
1997,39,0.0,-10.189999999999998
1997,40,0.0,-8.379999999999995
1997,40,0.0,-8.379999999999995
1997,41,0.0,-7.669999999999959
1997,41,0.0,-7.669999999999959
1997,42,0.03,-5.109999999999957
1997,42,0.03,-5.109999999999957
1997,43,0.0,-6.67999999999995
1997,43,0.0,-6.67999999999995
1997,44,3.11,-5.529999999999973
1997,44,3.11,-5.529999999999973
1997,45,0.0,-8.159999999999968
1997,45,0.0,-8.159999999999968
1997,46,0.0,-5.729999999999961
1997,46,0.0,-5.729999999999961
1997,47,0.0,-3.2099999999999795
1997,47,0.0,-3.2099999999999795
1997,48,0.0,-0.67999999999995
1997,48,0.0,-0.67999999999995
1997,49,1.01,-0.5
1997,49,1.01,-0.5
1997,50,0.0,-3.4499999999999886
1997,50,0.0,-3.4499999999999886
1997,51,4.21,-3.5600000000000023
1997,51,4.21,-3.5600000000000023
1997,52,0.36,-8.339999999999975
1997,52,0.36,-8.339999999999975
1997,53,0.0,-11.120000000000005
1997,53,0.0,-11.120000000000005
1997,54,1.2,-9.539999999999964
1997,54,1.2,-9.539999999999964
1997,55,1.98,-11.129999999999995
1997,55,1.98,-11.129999999999995
1997,56,0.0,-8.819999999999993
1997,56,0.0,-8.819999999999993
1997,57,1.39,-7.089999999999975
1997,57,1.39,-7.089999999999975
1997,58,0.37,-7.409999999999968
1997,58,0.37,-7.409999999999968
1997,59,2.12,-6.229999999999961
1997,59,2.12,-6.229999999999961
1997,60,1.37,-9.099999999999966
1997,60,1.37,-9.099999999999966
1997,61,0.0,-5.609999999999957
1997,61,0.0,-5.609999999999957
1997,62,0.49,-3.8999999999999773
1997,62,0.49,-3.8999999999999773
1997,63,0.35,-6.649999999999977
1997,63,0.35,-6.649999999999977
1997,64,0.0,-9.739999999999952
1997,64,0.0,-9.739999999999952
1997,65,0.0,-3.92999999999995
1997,65,0.0,-3.92999999999995
1997,66,0.0,-2.5600000000000023
1997,66,0.0,-2.5600000000000023
1997,67,0.0,-1.919999999999959
1997,67,0.0,-1.919999999999959
1997,68,0.0,-2.2799999999999727
1997,68,0.0,-2.2799999999999727
1997,69,0.0,0.3300000000000409
1997,69,0.0,0.3300000000000409
1997,70,0.0,2.3799999999999955
1997,70,0.0,2.3799999999999955
1997,71,0.0,3.3000000000000114
1997,71,0.0,3.3000000000000114
1997,72,0.0,1.9600000000000364
1997,72,0.0,1.9600000000000364
1997,73,0.0,-4.479999999999961
1997,73,0.0,-4.479999999999961
1997,74,0.0,-2.1999999999999886
1997,74,0.0,-2.1999999999999886
1997,75,0.0,1.5900000000000318
1997,75,0.0,1.5900000000000318
1997,76,0.0,3.410000000000025
1997,76,0.0,3.410000000000025
1997,77,0.0,1.2300000000000182
1997,77,0.0,1.2300000000000182
1997,78,0.0,3.410000000000025
1997,78,0.0,3.410000000000025
1997,79,0.0,6.28000000000003
1997,79,0.0,6.28000000000003
1997,80,0.0,6.610000000000014
1997,80,0.0,6.610000000000014
1997,81,0.0,4.730000000000018
1997,81,0.0,4.730000000000018
1997,82,0.34,4.57000000000005
1997,82,0.34,4.57000000000005
1997,83,2.81,2.9399999999999977
1997,83,2.81,2.9399999999999977
1997,84,1.06,-4.389999999999986
1997,84,1.06,-4.389999999999986
1997,85,0.01,-1.2399999999999523
1997,85,0.01,-1.2399999999999523
1997,86,0.0,1.75
1997,86,0.0,1.75
1997,87,0.16,0.7100000000000364
1997,87,0.16,0.7100000000000364
1997,88,1.35,0.05000000000001137
1997,88,1.35,0.05000000000001137
1997,89,0.06,-1.3700000000000045
1997,89,0.06,-1.3700000000000045
1997,90,0.25,2.7800000000000296
1997,90,0.25,2.7800000000000296
1997,91,1.81,2.430000000000007
1997,91,1.81,2.430000000000007
1997,92,7.13,-1.919999999999959
1997,92,7.13,-1.919999999999959
1997,93,3.41,-0.12000000000000455
1997,93,3.41,-0.12000000000000455
1997,94,4.63,-0.339999999999975
1997,94,4.63,-0.339999999999975
1997,95,1.73,-4.589999999999975
1997,95,1.73,-4.589999999999975
1997,96,0.26,-9.310000000000002
1997,96,0.26,-9.310000000000002
1997,97,0.22,-6.229999999999961
1997,97,0.22,-6.229999999999961
1997,98,0.22,-1.849999999999966
1997,98,0.22,-1.849999999999966
1997,99,0.33,-2.3700000000000045
1997,99,0.33,-2.3700000000000045
1997,100,1.2,-4.899999999999977
1997,100,1.2,-4.899999999999977
1997,101,2.16,-12.109999999999957
1997,101,2.16,-12.109999999999957
1997,102,0.31,-12.620000000000005
1997,102,0.31,-12.620000000000005
1997,103,0.04,-9.149999999999977
1997,103,0.04,-9.149999999999977
1997,104,0.0,-4.6299999999999955
1997,104,0.0,-4.6299999999999955
1997,105,0.02,-1.3999999999999773
1997,105,0.02,-1.3999999999999773
1997,106,0.0,1.0100000000000477
1997,106,0.0,1.0100000000000477
1997,107,0.0,3.57000000000005
1997,107,0.0,3.57000000000005
1997,108,0.0,5.32000000000005
1997,108,0.0,5.32000000000005
1997,109,0.0,6.0
1997,109,0.0,6.0
1997,110,0.36,5.270000000000039
1997,110,0.36,5.270000000000039
1997,111,0.98,5.210000000000036
1997,111,0.98,5.210000000000036
1997,112,0.66,1.3000000000000114
1997,112,0.66,1.3000000000000114
1997,113,1.0,0.9399999999999977
1997,113,1.0,0.9399999999999977
1997,114,8.61,-0.1099999999999568
1997,114,8.61,-0.1099999999999568
1997,115,3.64,-2.3999999999999773
1997,115,3.64,-2.3999999999999773
1997,116,0.33,-0.1099999999999568
1997,116,0.33,-0.1099999999999568
1997,117,0.01,-2.0299999999999727
1997,117,0.01,-2.0299999999999727
1997,118,0.25,4.03000000000003
1997,118,0.25,4.03000000000003
1997,119,0.09,4.650000000000034
1997,119,0.09,4.650000000000034
1997,120,0.0,0.4200000000000159
1997,120,0.0,0.4200000000000159
1997,121,0.01,2.340000000000032
1997,121,0.01,2.340000000000032
1997,122,0.01,-2.1299999999999955
1997,122,0.01,-2.1299999999999955
1997,123,0.0,0.8000000000000114
1997,123,0.0,0.8000000000000114
1997,124,0.0,5.970000000000027
1997,124,0.0,5.970000000000027
1997,125,0.0,7.910000000000025
1997,125,0.0,7.910000000000025
1997,126,0.0,9.800000000000011
1997,126,0.0,9.800000000000011
1997,127,0.05,9.53000000000003
1997,127,0.05,9.53000000000003
1997,128,0.59,7.560000000000002
1997,128,0.59,7.560000000000002
1997,129,0.0,5.680000000000007
1997,129,0.0,5.680000000000007
1997,130,2.08,8.32000000000005
1997,130,2.08,8.32000000000005
1997,131,3.2,8.330000000000041
1997,131,3.2,8.330000000000041
1997,132,2.86,6.010000000000048
1997,132,2.86,6.010000000000048
1997,133,0.44,7.960000000000036
1997,133,0.44,7.960000000000036
1997,134,0.3,8.82000000000005
1997,134,0.3,8.82000000000005
1997,135,1.18,9.910000000000025
1997,135,1.18,9.910000000000025
1997,136,0.18,7.910000000000025
1997,136,0.18,7.910000000000025
1997,137,0.0,10.07000000000005
1997,137,0.0,10.07000000000005
1997,138,0.0,10.140000000000043
1997,138,0.0,10.140000000000043
1997,139,1.1,8.420000000000016
1997,139,1.1,8.420000000000016
1997,140,0.5,8.730000000000018
1997,140,0.5,8.730000000000018
1997,141,2.13,9.110000000000014
1997,141,2.13,9.110000000000014
1997,142,7.61,8.400000000000034
1997,142,7.61,8.400000000000034
1997,143,5.84,7.6200000000000045
1997,143,5.84,7.6200000000000045
1997,144,1.03,8.520000000000039
1997,144,1.03,8.520000000000039
1997,145,2.93,6.670000000000016
1997,145,2.93,6.670000000000016
1997,146,0.19,4.350000000000023
1997,146,0.19,4.350000000000023
1997,147,0.0,3.340000000000032
1997,147,0.0,3.340000000000032
1997,148,0.5,5.850000000000023
1997,148,0.5,5.850000000000023
1997,149,1.21,8.490000000000009
1997,149,1.21,8.490000000000009
1997,150,0.83,4.4500000000000455
1997,150,0.83,4.4500000000000455
1997,151,0.21,8.810000000000002
1997,151,0.21,8.810000000000002
1997,152,0.17,12.57000000000005
1997,152,0.17,12.57000000000005
1997,153,2.32,12.360000000000014
1997,153,2.32,12.360000000000014
1997,154,0.18,11.629999999999995
1997,154,0.18,11.629999999999995
1997,155,0.13,12.140000000000043
1997,155,0.13,12.140000000000043
1997,156,1.97,14.03000000000003
1997,156,1.97,14.03000000000003
1997,157,3.49,12.660000000000025
1997,157,3.49,12.660000000000025
1997,158,19.95,10.080000000000041
1997,158,19.95,10.080000000000041
1997,159,2.77,8.680000000000007
1997,159,2.77,8.680000000000007
1997,160,11.11,7.180000000000007
1997,160,11.11,7.180000000000007
1997,161,1.83,7.82000000000005
1997,161,1.83,7.82000000000005
1997,162,0.51,11.180000000000007
1997,162,0.51,11.180000000000007
1997,163,0.91,12.07000000000005
1997,163,0.91,12.07000000000005
1997,164,3.73,10.170000000000016
1997,164,3.73,10.170000000000016
1997,165,1.94,11.170000000000016
1997,165,1.94,11.170000000000016
1997,166,0.28,11.020000000000039
1997,166,0.28,11.020000000000039
1997,167,4.03,9.590000000000032
1997,167,4.03,9.590000000000032
1997,168,1.75,10.980000000000018
1997,168,1.75,10.980000000000018
1997,169,0.26,13.82000000000005
1997,169,0.26,13.82000000000005
1997,170,0.44,15.53000000000003
1997,170,0.44,15.53000000000003
1997,171,0.0,16.430000000000007
1997,171,0.0,16.430000000000007
1997,172,0.64,15.370000000000005
1997,172,0.64,15.370000000000005
1997,173,0.85,16.260000000000048
1997,173,0.85,16.260000000000048
1997,174,1.11,16.52000000000004
1997,174,1.11,16.52000000000004
1997,175,2.71,15.28000000000003
1997,175,2.71,15.28000000000003
1997,176,1.36,13.550000000000011
1997,176,1.36,13.550000000000011
1997,177,0.04,14.07000000000005
1997,177,0.04,14.07000000000005
1997,178,0.0,14.980000000000018
1997,178,0.0,14.980000000000018
1997,179,0.0,15.0
1997,179,0.0,15.0
1997,180,2.09,14.640000000000043
1997,180,2.09,14.640000000000043
1997,181,0.0,14.590000000000032
1997,181,0.0,14.590000000000032
1997,182,0.0,14.57000000000005
1997,182,0.0,14.57000000000005
1997,183,0.0,13.129999999999995
1997,183,0.0,13.129999999999995
1997,184,0.0,13.470000000000027
1997,184,0.0,13.470000000000027
1997,185,0.81,11.379999999999995
1997,185,0.81,11.379999999999995
1997,186,0.0,13.490000000000009
1997,186,0.0,13.490000000000009
1997,187,0.0,13.82000000000005
1997,187,0.0,13.82000000000005
1997,188,0.0,15.990000000000009
1997,188,0.0,15.990000000000009
1997,189,1.13,16.640000000000043
1997,189,1.13,16.640000000000043
1997,190,0.03,15.640000000000043
1997,190,0.03,15.640000000000043
1997,191,0.27,16.25
1997,191,0.27,16.25
1997,192,0.55,16.24000000000001
1997,192,0.55,16.24000000000001
1997,193,0.09,13.850000000000023
1997,193,0.09,13.850000000000023
1997,194,0.0,14.160000000000025
1997,194,0.0,14.160000000000025
1997,195,0.0,15.0
1997,195,0.0,15.0
1997,196,0.0,17.180000000000007
1997,196,0.0,17.180000000000007
1997,197,0.0,18.79000000000002
1997,197,0.0,18.79000000000002
1997,198,0.56,18.79000000000002
1997,198,0.56,18.79000000000002
1997,199,2.93,18.03000000000003
1997,199,2.93,18.03000000000003
1997,200,3.93,16.460000000000036
1997,200,3.93,16.460000000000036
1997,201,3.63,14.860000000000014
1997,201,3.63,14.860000000000014
1997,202,0.08,12.150000000000034
1997,202,0.08,12.150000000000034
1997,203,0.67,15.439999999999998
1997,203,0.67,15.439999999999998
1997,204,1.25,16.75
1997,204,1.25,16.75
1997,205,3.95,16.760000000000048
1997,205,3.95,16.760000000000048
1997,206,2.14,18.0
1997,206,2.14,18.0
1997,207,4.69,17.620000000000005
1997,207,4.69,17.620000000000005
1997,208,3.27,16.650000000000034
1997,208,3.27,16.650000000000034
1997,209,6.01,14.600000000000023
1997,209,6.01,14.600000000000023
1997,210,6.55,15.340000000000032
1997,210,6.55,15.340000000000032
1997,211,11.54,11.300000000000011
1997,211,11.54,11.300000000000011
1997,212,1.61,13.230000000000018
1997,212,1.61,13.230000000000018
1997,213,6.68,13.910000000000025
1997,213,6.68,13.910000000000025
1997,214,6.59,13.870000000000005
1997,214,6.59,13.870000000000005
1997,215,3.72,16.02000000000004
1997,215,3.72,16.02000000000004
1997,216,4.81,14.300000000000011
1997,216,4.81,14.300000000000011
1997,217,15.01,12.760000000000048
1997,217,15.01,12.760000000000048
1997,218,7.14,9.890000000000043
1997,218,7.14,9.890000000000043
1997,219,0.75,10.080000000000041
1997,219,0.75,10.080000000000041
1997,220,0.75,13.080000000000041
1997,220,0.75,13.080000000000041
1997,221,3.48,15.100000000000023
1997,221,3.48,15.100000000000023
1997,222,2.15,12.470000000000027
1997,222,2.15,12.470000000000027
1997,223,0.18,12.560000000000002
1997,223,0.18,12.560000000000002
1997,224,0.61,12.129999999999995
1997,224,0.61,12.129999999999995
1997,225,5.51,12.850000000000023
1997,225,5.51,12.850000000000023
1997,226,0.0,12.629999999999995
1997,226,0.0,12.629999999999995
1997,227,0.0,13.360000000000014
1997,227,0.0,13.360000000000014
1997,228,0.2,15.640000000000043
1997,228,0.2,15.640000000000043
1997,229,1.67,14.830000000000041
1997,229,1.67,14.830000000000041
1997,230,0.75,14.57000000000005
1997,230,0.75,14.57000000000005
1997,231,4.33,14.180000000000007
1997,231,4.33,14.180000000000007
1997,232,0.39,15.110000000000014
1997,232,0.39,15.110000000000014
1997,233,0.76,16.03000000000003
1997,233,0.76,16.03000000000003
1997,234,0.27,16.30000000000001
1997,234,0.27,16.30000000000001
1997,235,1.76,16.180000000000007
1997,235,1.76,16.180000000000007
1997,236,0.34,17.220000000000027
1997,236,0.34,17.220000000000027
1997,237,4.96,17.410000000000025
1997,237,4.96,17.410000000000025
1997,238,11.28,16.77000000000004
1997,238,11.28,16.77000000000004
1997,239,6.27,15.990000000000009
1997,239,6.27,15.990000000000009
1997,240,4.64,16.75
1997,240,4.64,16.75
1997,241,0.63,16.939999999999998
1997,241,0.63,16.939999999999998
1997,242,1.39,16.04000000000002
1997,242,1.39,16.04000000000002
1997,243,1.0,14.580000000000041
1997,243,1.0,14.580000000000041
1997,244,1.71,14.730000000000018
1997,244,1.71,14.730000000000018
1997,245,3.86,14.990000000000009
1997,245,3.86,14.990000000000009
1997,246,1.43,15.490000000000009
1997,246,1.43,15.490000000000009
1997,247,1.66,15.760000000000048
1997,247,1.66,15.760000000000048
1997,248,4.12,15.0
1997,248,4.12,15.0
1997,249,0.41,14.810000000000002
1997,249,0.41,14.810000000000002
1997,250,0.03,14.180000000000007
1997,250,0.03,14.180000000000007
1997,251,0.06,14.390000000000043
1997,251,0.06,14.390000000000043
1997,252,0.22,14.720000000000027
1997,252,0.22,14.720000000000027
1997,253,0.33,14.160000000000025
1997,253,0.33,14.160000000000025
1997,254,1.18,14.550000000000011
1997,254,1.18,14.550000000000011
1997,255,0.28,14.090000000000032
1997,255,0.28,14.090000000000032
1997,256,0.35,14.310000000000002
1997,256,0.35,14.310000000000002
1997,257,2.08,14.470000000000027
1997,257,2.08,14.470000000000027
1997,258,1.66,14.370000000000005
1997,258,1.66,14.370000000000005
1997,259,1.56,13.270000000000039
1997,259,1.56,13.270000000000039
1997,260,0.03,11.980000000000018
1997,260,0.03,11.980000000000018
1997,261,0.6,14.580000000000041
1997,261,0.6,14.580000000000041
1997,262,2.19,13.960000000000036
1997,262,2.19,13.960000000000036
1997,263,0.61,9.160000000000025
1997,263,0.61,9.160000000000025
1997,264,6.01,10.930000000000007
1997,264,6.01,10.930000000000007
1997,265,0.75,9.870000000000005
1997,265,0.75,9.870000000000005
1997,266,4.89,6.7900000000000205
1997,266,4.89,6.7900000000000205
1997,267,1.35,7.400000000000034
1997,267,1.35,7.400000000000034
1997,268,0.11,11.150000000000034
1997,268,0.11,11.150000000000034
1997,269,0.78,13.580000000000041
1997,269,0.78,13.580000000000041
1997,270,0.0,12.310000000000002
1997,270,0.0,12.310000000000002
1997,271,0.0,10.590000000000032
1997,271,0.0,10.590000000000032
1997,272,0.0,11.78000000000003
1997,272,0.0,11.78000000000003
1997,273,0.0,12.5
1997,273,0.0,12.5
1997,274,0.0,13.830000000000041
1997,274,0.0,13.830000000000041
1997,275,1.4,13.25
1997,275,1.4,13.25
1997,276,0.0,11.810000000000002
1997,276,0.0,11.810000000000002
1997,277,0.0,11.180000000000007
1997,277,0.0,11.180000000000007
1997,278,0.0,12.740000000000009
1997,278,0.0,12.740000000000009
1997,279,0.0,12.129999999999995
1997,279,0.0,12.129999999999995
1997,280,0.64,10.680000000000007
1997,280,0.64,10.680000000000007
1997,281,1.16,6.760000000000048
1997,281,1.16,6.760000000000048
1997,282,0.0,4.090000000000032
1997,282,0.0,4.090000000000032
1997,283,0.02,8.29000000000002
1997,283,0.02,8.29000000000002
1997,284,4.99,10.460000000000036
1997,284,4.99,10.460000000000036
1997,285,2.05,2.640000000000043
1997,285,2.05,2.640000000000043
1997,286,0.0,-4.8799999999999955
1997,286,0.0,-4.8799999999999955
1997,287,0.0,0.5
1997,287,0.0,0.5
1997,288,0.0,4.490000000000009
1997,288,0.0,4.490000000000009
1997,289,0.0,5.110000000000014
1997,289,0.0,5.110000000000014
1997,290,0.0,6.78000000000003
1997,290,0.0,6.78000000000003
1997,291,0.0,7.260000000000048
1997,291,0.0,7.260000000000048
1997,292,0.0,5.470000000000027
1997,292,0.0,5.470000000000027
1997,293,0.11,4.740000000000009
1997,293,0.11,4.740000000000009
1997,294,0.88,2.57000000000005
1997,294,0.88,2.57000000000005
1997,295,0.0,3.590000000000032
1997,295,0.0,3.590000000000032
1997,296,0.06,2.590000000000032
1997,296,0.06,2.590000000000032
1997,297,16.92,0.040000000000020464
1997,297,16.92,0.040000000000020464
1997,298,7.57,-8.789999999999964
1997,298,7.57,-8.789999999999964
1997,299,1.03,-7.060000000000002
1997,299,1.03,-7.060000000000002
1997,300,0.54,-2.0
1997,300,0.54,-2.0
1997,301,0.03,-0.589999999999975
1997,301,0.03,-0.589999999999975
1997,302,0.0,-1.009999999999991
1997,302,0.0,-1.009999999999991
1997,303,0.0,-0.22999999999996135
1997,303,0.0,-0.22999999999996135
1997,304,0.11,1.1899999999999977
1997,304,0.11,1.1899999999999977
1997,305,0.0,-1.759999999999991
1997,305,0.0,-1.759999999999991
1997,306,0.0,-5.509999999999991
1997,306,0.0,-5.509999999999991
1997,307,0.0,-2.589999999999975
1997,307,0.0,-2.589999999999975
1997,308,0.0,0.7900000000000205
1997,308,0.0,0.7900000000000205
1997,309,0.0,-0.92999999999995
1997,309,0.0,-0.92999999999995
1997,310,0.0,1.150000000000034
1997,310,0.0,1.150000000000034
1997,311,0.45,1.8700000000000045
1997,311,0.45,1.8700000000000045
1997,312,1.04,0.7600000000000477
1997,312,1.04,0.7600000000000477
1997,313,3.01,-3.169999999999959
1997,313,3.01,-3.169999999999959
1997,314,0.47,-5.67999999999995
1997,314,0.47,-5.67999999999995
1997,315,0.03,-3.329999999999984
1997,315,0.03,-3.329999999999984
1997,316,5.37,-5.189999999999998
1997,316,5.37,-5.189999999999998
1997,317,1.86,-5.199999999999989
1997,317,1.86,-5.199999999999989
1997,318,0.0,-8.949999999999989
1997,318,0.0,-8.949999999999989
1997,319,0.0,-13.5
1997,319,0.0,-13.5
1997,320,0.03,-9.669999999999959
1997,320,0.03,-9.669999999999959
1997,321,0.0,-7.21999999999997
1997,321,0.0,-7.21999999999997
1997,322,0.0,-6.579999999999984
1997,322,0.0,-6.579999999999984
1997,323,0.02,-4.899999999999977
1997,323,0.02,-4.899999999999977
1997,324,0.01,-2.42999999999995
1997,324,0.01,-2.42999999999995
1997,325,0.01,-5.1200000000000045
1997,325,0.01,-5.1200000000000045
1997,326,0.0,-6.2999999999999545
1997,326,0.0,-6.2999999999999545
1997,327,0.0,-4.149999999999977
1997,327,0.0,-4.149999999999977
1997,328,0.0,-1.589999999999975
1997,328,0.0,-1.589999999999975
1997,329,0.46,0.4200000000000159
1997,329,0.46,0.4200000000000159
1997,330,0.12,-0.5699999999999932
1997,330,0.12,-0.5699999999999932
1997,331,0.01,1.1100000000000136
1997,331,0.01,1.1100000000000136
1997,332,12.12,-2.92999999999995
1997,332,12.12,-2.92999999999995
1997,333,0.22,-4.289999999999964
1997,333,0.22,-4.289999999999964
1997,334,1.01,-5.479999999999961
1997,334,1.01,-5.479999999999961
1997,335,3.23,-3.92999999999995
1997,335,3.23,-3.92999999999995
1997,336,2.02,-6.329999999999984
1997,336,2.02,-6.329999999999984
1997,337,0.14,-8.599999999999966
1997,337,0.14,-8.599999999999966
1997,338,0.05,-6.699999999999989
1997,338,0.05,-6.699999999999989
1997,339,0.02,-5.519999999999982
1997,339,0.02,-5.519999999999982
1997,340,0.77,-3.509999999999991
1997,340,0.77,-3.509999999999991
1997,341,0.84,-2.339999999999975
1997,341,0.84,-2.339999999999975
1997,342,1.22,-4.5499999999999545
1997,342,1.22,-4.5499999999999545
1997,343,0.05,-6.439999999999998
1997,343,0.05,-6.439999999999998
1997,344,1.53,-9.189999999999998
1997,344,1.53,-9.189999999999998
1997,345,0.27,-11.909999999999968
1997,345,0.27,-11.909999999999968
1997,346,0.19,-10.409999999999968
1997,346,0.19,-10.409999999999968
1997,347,0.11,-5.139999999999986
1997,347,0.11,-5.139999999999986
1997,348,0.16,-1.8899999999999864
1997,348,0.16,-1.8899999999999864
1997,349,0.26,-1.7699999999999818
1997,349,0.26,-1.7699999999999818
1997,350,0.04,-5.269999999999982
1997,350,0.04,-5.269999999999982
1997,351,0.62,-3.159999999999968
1997,351,0.62,-3.159999999999968
1997,352,0.1,-2.2399999999999523
1997,352,0.1,-2.2399999999999523
1997,353,0.12,-3.6499999999999773
1997,353,0.12,-3.6499999999999773
1997,354,0.0,-6.389999999999986
1997,354,0.0,-6.389999999999986
1997,355,0.0,-5.199999999999989
1997,355,0.0,-5.199999999999989
1997,356,0.0,-7.189999999999998
1997,356,0.0,-7.189999999999998
1997,357,0.29,-7.779999999999973
1997,357,0.29,-7.779999999999973
1997,358,0.25,-8.299999999999955
1997,358,0.25,-8.299999999999955
1997,359,1.32,-12.199999999999989
1997,359,1.32,-12.199999999999989
1997,360,0.3,-12.439999999999998
1997,360,0.3,-12.439999999999998
1997,361,0.14,-8.46999999999997
1997,361,0.14,-8.46999999999997
1997,362,0.0,-12.299999999999955
1997,362,0.0,-12.299999999999955
1997,363,0.0,-6.310000000000002
1997,363,0.0,-6.310000000000002
1997,364,0.0,-3.409999999999968
1997,364,0.0,-3.409999999999968
1997,365,0.0,-3.4599999999999795
1997,365,0.0,-3.4599999999999795
1998,1,0.0,-1.3799999999999955
1998,1,0.0,-1.3799999999999955
1998,2,0.0,-1.099999999999966
1998,2,0.0,-1.099999999999966
1998,3,0.0,-1.2399999999999523
1998,3,0.0,-1.2399999999999523
1998,4,0.0,-3.42999999999995
1998,4,0.0,-3.42999999999995
1998,5,4.0,-5.21999999999997
1998,5,4.0,-5.21999999999997
1998,6,0.22,-6.139999999999986
1998,6,0.22,-6.139999999999986
1998,7,0.09,-9.079999999999984
1998,7,0.09,-9.079999999999984
1998,8,0.0,-7.75
1998,8,0.0,-7.75
1998,9,0.22,-8.129999999999995
1998,9,0.22,-8.129999999999995
1998,10,0.21,-6.46999999999997
1998,10,0.21,-6.46999999999997
1998,11,0.1,-5.239999999999952
1998,11,0.1,-5.239999999999952
1998,12,0.03,-4.560000000000002
1998,12,0.03,-4.560000000000002
1998,13,0.14,-4.479999999999961
1998,13,0.14,-4.479999999999961
1998,14,0.0,-6.310000000000002
1998,14,0.0,-6.310000000000002
1998,15,0.0,-6.259999999999991
1998,15,0.0,-6.259999999999991
1998,16,0.0,-4.389999999999986
1998,16,0.0,-4.389999999999986
1998,17,0.84,-3.9699999999999704
1998,17,0.84,-3.9699999999999704
1998,18,0.04,-4.109999999999957
1998,18,0.04,-4.109999999999957
1998,19,0.0,-2.819999999999993
1998,19,0.0,-2.819999999999993
1998,20,0.0,-5.71999999999997
1998,20,0.0,-5.71999999999997
1998,21,0.0,-9.909999999999968
1998,21,0.0,-9.909999999999968
1998,22,0.0,-10.669999999999959
1998,22,0.0,-10.669999999999959
1998,23,0.0,-8.75
1998,23,0.0,-8.75
1998,24,0.0,-5.849999999999966
1998,24,0.0,-5.849999999999966
1998,25,0.0,-6.419999999999959
1998,25,0.0,-6.419999999999959
1998,26,0.0,-8.769999999999982
1998,26,0.0,-8.769999999999982
1998,27,0.0,-4.569999999999993
1998,27,0.0,-4.569999999999993
1998,28,0.0,-4.439999999999998
1998,28,0.0,-4.439999999999998
1998,29,0.0,-5.71999999999997
1998,29,0.0,-5.71999999999997
1998,30,0.0,-5.019999999999982
1998,30,0.0,-5.019999999999982
1998,31,2.07,-5.359999999999957
1998,31,2.07,-5.359999999999957
1998,32,0.09,-8.67999999999995
1998,32,0.09,-8.67999999999995
1998,33,0.01,-7.060000000000002
1998,33,0.01,-7.060000000000002
1998,34,0.0,-5.349999999999966
1998,34,0.0,-5.349999999999966
1998,35,0.0,-2.5600000000000023
1998,35,0.0,-2.5600000000000023
1998,36,0.0,-3.109999999999957
1998,36,0.0,-3.109999999999957
1998,37,0.0,-3.069999999999993
1998,37,0.0,-3.069999999999993
1998,38,0.78,-3.7999999999999545
1998,38,0.78,-3.7999999999999545
1998,39,0.0,-4.759999999999991
1998,39,0.0,-4.759999999999991
1998,40,0.51,-4.239999999999952
1998,40,0.51,-4.239999999999952
1998,41,0.0,-7.669999999999959
1998,41,0.0,-7.669999999999959
1998,42,0.0,-8.92999999999995
1998,42,0.0,-8.92999999999995
1998,43,0.0,-7.1200000000000045
1998,43,0.0,-7.1200000000000045
1998,44,0.0,-5.819999999999993
1998,44,0.0,-5.819999999999993
1998,45,0.55,-3.4499999999999886
1998,45,0.55,-3.4499999999999886
1998,46,0.72,-3.0399999999999636
1998,46,0.72,-3.0399999999999636
1998,47,3.0,-3.2299999999999613
1998,47,3.0,-3.2299999999999613
1998,48,4.11,-4.599999999999966
1998,48,4.11,-4.599999999999966
1998,49,1.55,-5.829999999999984
1998,49,1.55,-5.829999999999984
1998,50,0.2,-5.849999999999966
1998,50,0.2,-5.849999999999966
1998,51,0.0,-7.009999999999991
1998,51,0.0,-7.009999999999991
1998,52,0.0,-5.3700000000000045
1998,52,0.0,-5.3700000000000045
1998,53,0.06,-4.060000000000002
1998,53,0.06,-4.060000000000002
1998,54,0.09,-3.7099999999999795
1998,54,0.09,-3.7099999999999795
1998,55,0.54,-1.75
1998,55,0.54,-1.75
1998,56,0.0,-3.42999999999995
1998,56,0.0,-3.42999999999995
1998,57,0.0,-9.649999999999977
1998,57,0.0,-9.649999999999977
1998,58,0.0,-11.779999999999973
1998,58,0.0,-11.779999999999973
1998,59,0.0,-12.95999999999998
1998,59,0.0,-12.95999999999998
1998,60,0.0,-12.329999999999984
1998,60,0.0,-12.329999999999984
1998,61,0.0,-9.879999999999995
1998,61,0.0,-9.879999999999995
1998,62,0.0,-6.319999999999993
1998,62,0.0,-6.319999999999993
1998,63,0.86,-4.229999999999961
1998,63,0.86,-4.229999999999961
1998,64,0.56,-5.949999999999989
1998,64,0.56,-5.949999999999989
1998,65,0.0,-3.509999999999991
1998,65,0.0,-3.509999999999991
1998,66,3.25,-6.609999999999957
1998,66,3.25,-6.609999999999957
1998,67,0.54,-11.759999999999991
1998,67,0.54,-11.759999999999991
1998,68,0.1,-8.5
1998,68,0.1,-8.5
1998,69,0.0,-8.299999999999955
1998,69,0.0,-8.299999999999955
1998,70,0.02,-6.1200000000000045
1998,70,0.02,-6.1200000000000045
1998,71,0.0,-3.7099999999999795
1998,71,0.0,-3.7099999999999795
1998,72,0.0,-1.4799999999999613
1998,72,0.0,-1.4799999999999613
1998,73,0.0,0.05000000000001137
1998,73,0.0,0.05000000000001137
1998,74,0.0,-0.07999999999998408
1998,74,0.0,-0.07999999999998408
1998,75,0.0,0.4500000000000455
1998,75,0.0,0.4500000000000455
1998,76,0.04,-1.1999999999999886
1998,76,0.04,-1.1999999999999886
1998,77,10.66,-1.6099999999999568
1998,77,10.66,-1.6099999999999568
1998,78,6.71,-6.75
1998,78,6.71,-6.75
1998,79,0.21,-6.609999999999957
1998,79,0.21,-6.609999999999957
1998,80,0.57,-3.759999999999991
1998,80,0.57,-3.759999999999991
1998,81,0.0,-1.0600000000000023
1998,81,0.0,-1.0600000000000023
1998,82,0.0,1.3600000000000136
1998,82,0.0,1.3600000000000136
1998,83,0.0,2.6899999999999977
1998,83,0.0,2.6899999999999977
1998,84,0.22,3.180000000000007
1998,84,0.22,3.180000000000007
1998,85,0.0,2.640000000000043
1998,85,0.0,2.640000000000043
1998,86,4.05,1.2100000000000364
1998,86,4.05,1.2100000000000364
1998,87,0.0,0.07000000000005002
1998,87,0.0,0.07000000000005002
1998,88,4.2,-0.5299999999999727
1998,88,4.2,-0.5299999999999727
1998,89,3.76,-5.949999999999989
1998,89,3.76,-5.949999999999989
1998,90,0.42,-5.509999999999991
1998,90,0.42,-5.509999999999991
1998,91,2.25,-1.669999999999959
1998,91,2.25,-1.669999999999959
1998,92,5.87,-0.01999999999998181
1998,92,5.87,-0.01999999999998181
1998,93,1.12,-2.109999999999957
1998,93,1.12,-2.109999999999957
1998,94,0.0,-0.9599999999999795
1998,94,0.0,-0.9599999999999795
1998,95,0.42,-0.5499999999999545
1998,95,0.42,-0.5499999999999545
1998,96,0.09,-0.339999999999975
1998,96,0.09,-0.339999999999975
1998,97,4.29,-3.25
1998,97,4.29,-3.25
1998,98,0.97,-3.269999999999982
1998,98,0.97,-3.269999999999982
1998,99,0.42,-2.9499999999999886
1998,99,0.42,-2.9499999999999886
1998,100,0.0,-1.9099999999999682
1998,100,0.0,-1.9099999999999682
1998,101,0.0,3.490000000000009
1998,101,0.0,3.490000000000009
1998,102,0.0,2.8500000000000227
1998,102,0.0,2.8500000000000227
1998,103,0.5,-1.759999999999991
1998,103,0.5,-1.759999999999991
1998,104,0.61,-1.7899999999999636
1998,104,0.61,-1.7899999999999636
1998,105,9.97,-2.7099999999999795
1998,105,9.97,-2.7099999999999795
1998,106,1.56,-4.46999999999997
1998,106,1.56,-4.46999999999997
1998,107,4.39,-4.75
1998,107,4.39,-4.75
1998,108,0.77,-4.239999999999952
1998,108,0.77,-4.239999999999952
1998,109,0.79,-4.149999999999977
1998,109,0.79,-4.149999999999977
1998,110,1.23,-1.079999999999984
1998,110,1.23,-1.079999999999984
1998,111,0.54,-0.8599999999999568
1998,111,0.54,-0.8599999999999568
1998,112,0.0,1.7100000000000364
1998,112,0.0,1.7100000000000364
1998,113,0.0,5.760000000000048
1998,113,0.0,5.760000000000048
1998,114,0.0,7.140000000000043
1998,114,0.0,7.140000000000043
1998,115,0.83,4.170000000000016
1998,115,0.83,4.170000000000016
1998,116,5.9,0.9800000000000182
1998,116,5.9,0.9800000000000182
1998,117,0.54,0.57000000000005
1998,117,0.54,0.57000000000005
1998,118,0.0,1.400000000000034
1998,118,0.0,1.400000000000034
1998,119,0.0,2.730000000000018
1998,119,0.0,2.730000000000018
1998,120,0.0,6.740000000000009
1998,120,0.0,6.740000000000009
1998,121,0.35,5.8799999999999955
1998,121,0.35,5.8799999999999955
1998,122,0.07,5.2900000000000205
1998,122,0.07,5.2900000000000205
1998,123,0.05,6.2900000000000205
1998,123,0.05,6.2900000000000205
1998,124,0.0,5.890000000000043
1998,124,0.0,5.890000000000043
1998,125,4.31,5.7000000000000455
1998,125,4.31,5.7000000000000455
1998,126,1.06,3.660000000000025
1998,126,1.06,3.660000000000025
1998,127,2.62,2.930000000000007
1998,127,2.62,2.930000000000007
1998,128,0.17,3.140000000000043
1998,128,0.17,3.140000000000043
1998,129,0.84,4.100000000000023
1998,129,0.84,4.100000000000023
1998,130,0.4,5.57000000000005
1998,130,0.4,5.57000000000005
1998,131,0.0,5.800000000000011
1998,131,0.0,5.800000000000011
1998,132,0.0,4.160000000000025
1998,132,0.0,4.160000000000025
1998,133,0.0,6.960000000000036
1998,133,0.0,6.960000000000036
1998,134,0.0,7.010000000000048
1998,134,0.0,7.010000000000048
1998,135,0.0,2.990000000000009
1998,135,0.0,2.990000000000009
1998,136,0.0,6.810000000000002
1998,136,0.0,6.810000000000002
1998,137,0.0,9.760000000000048
1998,137,0.0,9.760000000000048
1998,138,0.0,11.510000000000048
1998,138,0.0,11.510000000000048
1998,139,0.0,12.610000000000014
1998,139,0.0,12.610000000000014
1998,140,0.78,12.75
1998,140,0.78,12.75
1998,141,0.0,11.879999999999995
1998,141,0.0,11.879999999999995
1998,142,0.1,9.330000000000041
1998,142,0.1,9.330000000000041
1998,143,0.0,6.680000000000007
1998,143,0.0,6.680000000000007
1998,144,0.1,8.560000000000002
1998,144,0.1,8.560000000000002
1998,145,0.16,8.660000000000025
1998,145,0.16,8.660000000000025
1998,146,2.14,11.050000000000011
1998,146,2.14,11.050000000000011
1998,147,0.0,12.350000000000023
1998,147,0.0,12.350000000000023
1998,148,0.0,13.680000000000007
1998,148,0.0,13.680000000000007
1998,149,0.0,14.360000000000014
1998,149,0.0,14.360000000000014
1998,150,0.0,14.100000000000023
1998,150,0.0,14.100000000000023
1998,151,0.0,12.960000000000036
1998,151,0.0,12.960000000000036
1998,152,0.0,13.79000000000002
1998,152,0.0,13.79000000000002
1998,153,0.0,14.800000000000011
1998,153,0.0,14.800000000000011
1998,154,0.17,14.0
1998,154,0.17,14.0
1998,155,0.75,10.189999999999998
1998,155,0.75,10.189999999999998
1998,156,4.91,5.850000000000023
1998,156,4.91,5.850000000000023
1998,157,0.22,6.4500000000000455
1998,157,0.22,6.4500000000000455
1998,158,0.0,11.200000000000045
1998,158,0.0,11.200000000000045
1998,159,0.4,9.170000000000016
1998,159,0.4,9.170000000000016
1998,160,1.86,9.150000000000034
1998,160,1.86,9.150000000000034
1998,161,0.58,10.460000000000036
1998,161,0.58,10.460000000000036
1998,162,0.0,9.640000000000043
1998,162,0.0,9.640000000000043
1998,163,0.0,9.870000000000005
1998,163,0.0,9.870000000000005
1998,164,0.02,11.670000000000016
1998,164,0.02,11.670000000000016
1998,165,1.74,8.57000000000005
1998,165,1.74,8.57000000000005
1998,166,2.15,7.770000000000039
1998,166,2.15,7.770000000000039
1998,167,0.26,10.520000000000039
1998,167,0.26,10.520000000000039
1998,168,0.0,11.860000000000014
1998,168,0.0,11.860000000000014
1998,169,0.02,6.830000000000041
1998,169,0.02,6.830000000000041
1998,170,0.0,11.960000000000036
1998,170,0.0,11.960000000000036
1998,171,0.0,14.450000000000045
1998,171,0.0,14.450000000000045
1998,172,1.09,14.75
1998,172,1.09,14.75
1998,173,2.09,14.400000000000034
1998,173,2.09,14.400000000000034
1998,174,0.0,13.740000000000009
1998,174,0.0,13.740000000000009
1998,175,0.0,14.28000000000003
1998,175,0.0,14.28000000000003
1998,176,0.0,14.57000000000005
1998,176,0.0,14.57000000000005
1998,177,0.0,16.28000000000003
1998,177,0.0,16.28000000000003
1998,178,0.0,16.27000000000004
1998,178,0.0,16.27000000000004
1998,179,0.23,17.83000000000004
1998,179,0.23,17.83000000000004
1998,180,0.57,18.83000000000004
1998,180,0.57,18.83000000000004
1998,181,0.97,18.980000000000018
1998,181,0.97,18.980000000000018
1998,182,0.1,18.060000000000002
1998,182,0.1,18.060000000000002
1998,183,0.14,19.07000000000005
1998,183,0.14,19.07000000000005
1998,184,1.15,18.480000000000018
1998,184,1.15,18.480000000000018
1998,185,4.26,16.840000000000032
1998,185,4.26,16.840000000000032
1998,186,3.58,17.80000000000001
1998,186,3.58,17.80000000000001
1998,187,2.09,18.220000000000027
1998,187,2.09,18.220000000000027
1998,188,0.51,17.03000000000003
1998,188,0.51,17.03000000000003
1998,189,0.42,15.590000000000032
1998,189,0.42,15.590000000000032
1998,190,13.15,15.600000000000023
1998,190,13.15,15.600000000000023
1998,191,19.43,15.160000000000025
1998,191,19.43,15.160000000000025
1998,192,2.23,16.54000000000002
1998,192,2.23,16.54000000000002
1998,193,0.03,17.140000000000043
1998,193,0.03,17.140000000000043
1998,194,0.21,18.100000000000023
1998,194,0.21,18.100000000000023
1998,195,0.28,18.650000000000034
1998,195,0.28,18.650000000000034
1998,196,1.62,18.410000000000025
1998,196,1.62,18.410000000000025
1998,197,1.05,16.970000000000027
1998,197,1.05,16.970000000000027
1998,198,0.0,17.450000000000045
1998,198,0.0,17.450000000000045
1998,199,0.0,18.939999999999998
1998,199,0.0,18.939999999999998
1998,200,0.07,20.629999999999995
1998,200,0.07,20.629999999999995
1998,201,0.02,20.470000000000027
1998,201,0.02,20.470000000000027
1998,202,0.6,19.930000000000007
1998,202,0.6,19.930000000000007
1998,203,14.62,17.220000000000027
1998,203,14.62,17.220000000000027
1998,204,8.72,15.810000000000002
1998,204,8.72,15.810000000000002
1998,205,1.98,14.930000000000007
1998,205,1.98,14.930000000000007
1998,206,2.27,15.050000000000011
1998,206,2.27,15.050000000000011
1998,207,7.97,14.810000000000002
1998,207,7.97,14.810000000000002
1998,208,0.24,14.53000000000003
1998,208,0.24,14.53000000000003
1998,209,0.43,14.890000000000043
1998,209,0.43,14.890000000000043
1998,210,17.54,15.090000000000032
1998,210,17.54,15.090000000000032
1998,211,7.62,15.129999999999995
1998,211,7.62,15.129999999999995
1998,212,3.39,14.490000000000009
1998,212,3.39,14.490000000000009
1998,213,5.71,15.480000000000018
1998,213,5.71,15.480000000000018
1998,214,0.95,13.439999999999998
1998,214,0.95,13.439999999999998
1998,215,1.6,13.970000000000027
1998,215,1.6,13.970000000000027
1998,216,10.42,10.950000000000045
1998,216,10.42,10.950000000000045
1998,217,1.56,11.610000000000014
1998,217,1.56,11.610000000000014
1998,218,0.0,13.960000000000036
1998,218,0.0,13.960000000000036
1998,219,0.0,15.830000000000041
1998,219,0.0,15.830000000000041
1998,220,2.23,17.370000000000005
1998,220,2.23,17.370000000000005
1998,221,4.84,17.5
1998,221,4.84,17.5
1998,222,3.21,15.879999999999995
1998,222,3.21,15.879999999999995
1998,223,1.01,15.189999999999998
1998,223,1.01,15.189999999999998
1998,224,0.2,14.620000000000005
1998,224,0.2,14.620000000000005
1998,225,0.49,14.470000000000027
1998,225,0.49,14.470000000000027
1998,226,0.13,15.060000000000002
1998,226,0.13,15.060000000000002
1998,227,0.57,15.730000000000018
1998,227,0.57,15.730000000000018
1998,228,0.22,16.29000000000002
1998,228,0.22,16.29000000000002
1998,229,0.0,16.58000000000004
1998,229,0.0,16.58000000000004
1998,230,3.21,16.810000000000002
1998,230,3.21,16.810000000000002
1998,231,0.95,16.060000000000002
1998,231,0.95,16.060000000000002
1998,232,2.98,15.370000000000005
1998,232,2.98,15.370000000000005
1998,233,1.28,15.270000000000039
1998,233,1.28,15.270000000000039
1998,234,2.01,16.060000000000002
1998,234,2.01,16.060000000000002
1998,235,2.68,17.02000000000004
1998,235,2.68,17.02000000000004
1998,236,3.82,18.260000000000048
1998,236,3.82,18.260000000000048
1998,237,3.08,16.560000000000002
1998,237,3.08,16.560000000000002
1998,238,1.49,15.990000000000009
1998,238,1.49,15.990000000000009
1998,239,0.75,16.620000000000005
1998,239,0.75,16.620000000000005
1998,240,0.0,14.490000000000009
1998,240,0.0,14.490000000000009
1998,241,0.0,15.53000000000003
1998,241,0.0,15.53000000000003
1998,242,0.66,17.090000000000032
1998,242,0.66,17.090000000000032
1998,243,0.0,16.930000000000007
1998,243,0.0,16.930000000000007
1998,244,19.84,13.370000000000005
1998,244,19.84,13.370000000000005
1998,245,0.19,13.670000000000016
1998,245,0.19,13.670000000000016
1998,246,0.0,16.400000000000034
1998,246,0.0,16.400000000000034
1998,247,0.0,16.930000000000007
1998,247,0.0,16.930000000000007
1998,248,0.0,17.140000000000043
1998,248,0.0,17.140000000000043
1998,249,0.0,17.430000000000007
1998,249,0.0,17.430000000000007
1998,250,0.0,16.960000000000036
1998,250,0.0,16.960000000000036
1998,251,0.0,15.879999999999995
1998,251,0.0,15.879999999999995
1998,252,0.0,15.879999999999995
1998,252,0.0,15.879999999999995
1998,253,0.0,15.379999999999995
1998,253,0.0,15.379999999999995
1998,254,1.96,15.57000000000005
1998,254,1.96,15.57000000000005
1998,255,2.32,15.460000000000036
1998,255,2.32,15.460000000000036
1998,256,0.25,13.740000000000009
1998,256,0.25,13.740000000000009
1998,257,0.0,11.590000000000032
1998,257,0.0,11.590000000000032
1998,258,2.25,11.480000000000018
1998,258,2.25,11.480000000000018
1998,259,1.4,12.910000000000025
1998,259,1.4,12.910000000000025
1998,260,1.34,13.439999999999998
1998,260,1.34,13.439999999999998
1998,261,0.0,14.32000000000005
1998,261,0.0,14.32000000000005
1998,262,0.0,14.03000000000003
1998,262,0.0,14.03000000000003
1998,263,1.18,11.480000000000018
1998,263,1.18,11.480000000000018
1998,264,0.2,11.140000000000043
1998,264,0.2,11.140000000000043
1998,265,0.06,10.230000000000018
1998,265,0.06,10.230000000000018
1998,266,0.0,12.340000000000032
1998,266,0.0,12.340000000000032
1998,267,0.54,12.330000000000041
1998,267,0.54,12.330000000000041
1998,268,0.0,13.640000000000043
1998,268,0.0,13.640000000000043
1998,269,0.0,12.160000000000025
1998,269,0.0,12.160000000000025
1998,270,0.0,11.870000000000005
1998,270,0.0,11.870000000000005
1998,271,0.0,13.160000000000025
1998,271,0.0,13.160000000000025
1998,272,0.39,14.730000000000018
1998,272,0.39,14.730000000000018
1998,273,1.55,13.160000000000025
1998,273,1.55,13.160000000000025
1998,274,3.51,9.410000000000025
1998,274,3.51,9.410000000000025
1998,275,1.03,8.260000000000048
1998,275,1.03,8.260000000000048
1998,276,0.0,8.470000000000027
1998,276,0.0,8.470000000000027
1998,277,1.04,6.6299999999999955
1998,277,1.04,6.6299999999999955
1998,278,0.0,0.020000000000038654
1998,278,0.0,0.020000000000038654
1998,279,0.0,1.5200000000000387
1998,279,0.0,1.5200000000000387
1998,280,0.0,6.939999999999998
1998,280,0.0,6.939999999999998
1998,281,0.0,10.129999999999995
1998,281,0.0,10.129999999999995
1998,282,0.0,9.629999999999995
1998,282,0.0,9.629999999999995
1998,283,0.0,9.200000000000045
1998,283,0.0,9.200000000000045
1998,284,0.0,8.230000000000018
1998,284,0.0,8.230000000000018
1998,285,0.0,9.439999999999998
1998,285,0.0,9.439999999999998
1998,286,0.0,10.240000000000009
1998,286,0.0,10.240000000000009
1998,287,0.0,10.629999999999995
1998,287,0.0,10.629999999999995
1998,288,0.0,8.740000000000009
1998,288,0.0,8.740000000000009
1998,289,0.91,5.740000000000009
1998,289,0.91,5.740000000000009
1998,290,0.0,1.3100000000000023
1998,290,0.0,1.3100000000000023
1998,291,0.0,1.8400000000000318
1998,291,0.0,1.8400000000000318
1998,292,0.0,4.03000000000003
1998,292,0.0,4.03000000000003
1998,293,0.0,4.980000000000018
1998,293,0.0,4.980000000000018
1998,294,0.0,2.740000000000009
1998,294,0.0,2.740000000000009
1998,295,0.37,6.7000000000000455
1998,295,0.37,6.7000000000000455
1998,296,0.48,8.260000000000048
1998,296,0.48,8.260000000000048
1998,297,0.0,5.240000000000009
1998,297,0.0,5.240000000000009
1998,298,0.0,5.189999999999998
1998,298,0.0,5.189999999999998
1998,299,4.51,7.640000000000043
1998,299,4.51,7.640000000000043
1998,300,2.44,7.2900000000000205
1998,300,2.44,7.2900000000000205
1998,301,5.59,4.560000000000002
1998,301,5.59,4.560000000000002
1998,302,0.0,2.580000000000041
1998,302,0.0,2.580000000000041
1998,303,0.55,3.240000000000009
1998,303,0.55,3.240000000000009
1998,304,2.45,1.2200000000000273
1998,304,2.45,1.2200000000000273
1998,305,1.6,0.4399999999999977
1998,305,1.6,0.4399999999999977
1998,306,2.25,1.3700000000000045
1998,306,2.25,1.3700000000000045
1998,307,3.26,0.5300000000000296
1998,307,3.26,0.5300000000000296
1998,308,0.22,-2.4899999999999523
1998,308,0.22,-2.4899999999999523
1998,309,0.0,-3.769999999999982
1998,309,0.0,-3.769999999999982
1998,310,0.28,-2.2999999999999545
1998,310,0.28,-2.2999999999999545
1998,311,1.23,-3.519999999999982
1998,311,1.23,-3.519999999999982
1998,312,1.43,-2.9799999999999613
1998,312,1.43,-2.9799999999999613
1998,313,3.29,-2.7799999999999727
1998,313,3.29,-2.7799999999999727
1998,314,0.41,-9.17999999999995
1998,314,0.41,-9.17999999999995
1998,315,0.21,-6.229999999999961
1998,315,0.21,-6.229999999999961
1998,316,0.02,-1.2799999999999727
1998,316,0.02,-1.2799999999999727
1998,317,0.0,-0.22999999999996135
1998,317,0.0,-0.22999999999996135
1998,318,0.0,2.580000000000041
1998,318,0.0,2.580000000000041
1998,319,0.0,4.28000000000003
1998,319,0.0,4.28000000000003
1998,320,0.0,2.2700000000000387
1998,320,0.0,2.2700000000000387
1998,321,0.0,2.25
1998,321,0.0,2.25
1998,322,0.0,0.18999999999999773
1998,322,0.0,0.18999999999999773
1998,323,0.0,-3.7399999999999523
1998,323,0.0,-3.7399999999999523
1998,324,0.0,-5.4599999999999795
1998,324,0.0,-5.4599999999999795
1998,325,0.0,-1.6999999999999886
1998,325,0.0,-1.6999999999999886
1998,326,0.0,2.640000000000043
1998,326,0.0,2.640000000000043
1998,327,0.0,1.6200000000000045
1998,327,0.0,1.6200000000000045
1998,328,0.0,2.2900000000000205
1998,328,0.0,2.2900000000000205
1998,329,0.0,0.9700000000000273
1998,329,0.0,0.9700000000000273
1998,330,0.0,3.480000000000018
1998,330,0.0,3.480000000000018
1998,331,0.0,5.150000000000034
1998,331,0.0,5.150000000000034
1998,332,0.17,5.28000000000003
1998,332,0.17,5.28000000000003
1998,333,0.17,3.340000000000032
1998,333,0.17,3.340000000000032
1998,334,0.0,1.0500000000000114
1998,334,0.0,1.0500000000000114
1998,335,0.0,3.9399999999999977
1998,335,0.0,3.9399999999999977
1998,336,0.0,4.010000000000048
1998,336,0.0,4.010000000000048
1998,337,0.0,3.4600000000000364
1998,337,0.0,3.4600000000000364
1998,338,0.0,3.1100000000000136
1998,338,0.0,3.1100000000000136
1998,339,0.0,-0.4199999999999591
1998,339,0.0,-0.4199999999999591
1998,340,0.57,-5.75
1998,340,0.57,-5.75
1998,341,0.8,-9.889999999999986
1998,341,0.8,-9.889999999999986
1998,342,0.24,-9.649999999999977
1998,342,0.24,-9.649999999999977
1998,343,0.0,-7.519999999999982
1998,343,0.0,-7.519999999999982
1998,344,1.68,-11.049999999999955
1998,344,1.68,-11.049999999999955
1998,345,0.0,-6.859999999999957
1998,345,0.0,-6.859999999999957
1998,346,0.0,-4.139999999999986
1998,346,0.0,-4.139999999999986
1998,347,0.0,-3.169999999999959
1998,347,0.0,-3.169999999999959
1998,348,0.0,-0.5199999999999818
1998,348,0.0,-0.5199999999999818
1998,349,0.0,-0.839999999999975
1998,349,0.0,-0.839999999999975
1998,350,0.0,-0.45999999999997954
1998,350,0.0,-0.45999999999997954
1998,351,0.0,0.5500000000000114
1998,351,0.0,0.5500000000000114
1998,352,0.0,0.410000000000025
1998,352,0.0,0.410000000000025
1998,353,0.0,-9.319999999999993
1998,353,0.0,-9.319999999999993
1998,354,0.0,-6.649999999999977
1998,354,0.0,-6.649999999999977
1998,355,2.73,-13.529999999999973
1998,355,2.73,-13.529999999999973
1998,356,0.0,-13.989999999999952
1998,356,0.0,-13.989999999999952
1998,357,0.08,-13.659999999999968
1998,357,0.08,-13.659999999999968
1998,358,0.03,-12.919999999999959
1998,358,0.03,-12.919999999999959
1998,359,0.21,-9.599999999999966
1998,359,0.21,-9.599999999999966
1998,360,0.01,-5.6200000000000045
1998,360,0.01,-5.6200000000000045
1998,361,0.2,-6.649999999999977
1998,361,0.2,-6.649999999999977
1998,362,0.02,-5.989999999999952
1998,362,0.02,-5.989999999999952
1998,363,0.0,-3.7199999999999704
1998,363,0.0,-3.7199999999999704
1998,364,0.0,-1.1200000000000045
1998,364,0.0,-1.1200000000000045
1998,365,0.0,-1.6200000000000045
1998,365,0.0,-1.6200000000000045
1999,1,0.18,-1.2699999999999818
1999,1,0.18,-1.2699999999999818
1999,2,0.27,-7.819999999999993
1999,2,0.27,-7.819999999999993
1999,3,0.15,-10.729999999999961
1999,3,0.15,-10.729999999999961
1999,4,0.0,-10.199999999999989
1999,4,0.0,-10.199999999999989
1999,5,0.0,-4.96999999999997
1999,5,0.0,-4.96999999999997
1999,6,0.0,-3.909999999999968
1999,6,0.0,-3.909999999999968
1999,7,0.0,-2.6999999999999886
1999,7,0.0,-2.6999999999999886
1999,8,0.0,-6.239999999999952
1999,8,0.0,-6.239999999999952
1999,9,0.0,-8.339999999999975
1999,9,0.0,-8.339999999999975
1999,10,0.0,-5.529999999999973
1999,10,0.0,-5.529999999999973
1999,11,0.0,-1.42999999999995
1999,11,0.0,-1.42999999999995
1999,12,0.0,-0.9699999999999704
1999,12,0.0,-0.9699999999999704
1999,13,0.0,-4.849999999999966
1999,13,0.0,-4.849999999999966
1999,14,0.0,-5.2999999999999545
1999,14,0.0,-5.2999999999999545
1999,15,0.0,-1.3700000000000045
1999,15,0.0,-1.3700000000000045
1999,16,0.06,-3.3799999999999955
1999,16,0.06,-3.3799999999999955
1999,17,0.07,-4.92999999999995
1999,17,0.07,-4.92999999999995
1999,18,0.0,-4.149999999999977
1999,18,0.0,-4.149999999999977
1999,19,0.0,-1.599999999999966
1999,19,0.0,-1.599999999999966
1999,20,0.0,-2.6200000000000045
1999,20,0.0,-2.6200000000000045
1999,21,0.48,-3.9699999999999704
1999,21,0.48,-3.9699999999999704
1999,22,1.77,-6.609999999999957
1999,22,1.77,-6.609999999999957
1999,23,0.93,-6.7099999999999795
1999,23,0.93,-6.7099999999999795
1999,24,0.19,-1.7299999999999613
1999,24,0.19,-1.7299999999999613
1999,25,0.0,-0.25
1999,25,0.0,-0.25
1999,26,0.0,-0.6200000000000045
1999,26,0.0,-0.6200000000000045
1999,27,0.02,-8.0
1999,27,0.02,-8.0
1999,28,0.06,-6.7999999999999545
1999,28,0.06,-6.7999999999999545
1999,29,0.0,-7.539999999999964
1999,29,0.0,-7.539999999999964
1999,30,0.0,-4.979999999999961
1999,30,0.0,-4.979999999999961
1999,31,0.0,-4.21999999999997
1999,31,0.0,-4.21999999999997
1999,32,0.0,-4.46999999999997
1999,32,0.0,-4.46999999999997
1999,33,0.0,-7.919999999999959
1999,33,0.0,-7.919999999999959
1999,34,0.0,-4.3700000000000045
1999,34,0.0,-4.3700000000000045
1999,35,0.0,-2.329999999999984
1999,35,0.0,-2.329999999999984
1999,36,0.0,-1.1899999999999977
1999,36,0.0,-1.1899999999999977
1999,37,0.0,-3.9699999999999704
1999,37,0.0,-3.9699999999999704
1999,38,0.0,-2.8100000000000023
1999,38,0.0,-2.8100000000000023
1999,39,0.0,-0.23999999999995225
1999,39,0.0,-0.23999999999995225
1999,40,0.0,-1.0299999999999727
1999,40,0.0,-1.0299999999999727
1999,41,0.0,0.7700000000000387
1999,41,0.0,0.7700000000000387
1999,42,2.03,-9.839999999999975
1999,42,2.03,-9.839999999999975
1999,43,0.17,-8.979999999999961
1999,43,0.17,-8.979999999999961
1999,44,0.0,-1.7899999999999636
1999,44,0.0,-1.7899999999999636
1999,45,0.0,-1.089999999999975
1999,45,0.0,-1.089999999999975
1999,46,0.0,-3.009999999999991
1999,46,0.0,-3.009999999999991
1999,47,1.17,-7.4599999999999795
1999,47,1.17,-7.4599999999999795
1999,48,0.12,-5.5
1999,48,0.12,-5.5
1999,49,0.02,-6.819999999999993
1999,49,0.02,-6.819999999999993
1999,50,0.0,-4.509999999999991
1999,50,0.0,-4.509999999999991
1999,51,0.0,-7.769999999999982
1999,51,0.0,-7.769999999999982
1999,52,0.0,-6.8799999999999955
1999,52,0.0,-6.8799999999999955
1999,53,0.05,-5.089999999999975
1999,53,0.05,-5.089999999999975
1999,54,0.0,-7.649999999999977
1999,54,0.0,-7.649999999999977
1999,55,0.0,-2.849999999999966
1999,55,0.0,-2.849999999999966
1999,56,0.0,-1.509999999999991
1999,56,0.0,-1.509999999999991
1999,57,0.0,-2.4599999999999795
1999,57,0.0,-2.4599999999999795
1999,58,0.0,-5.3700000000000045
1999,58,0.0,-5.3700000000000045
1999,59,0.0,-0.5600000000000023
1999,59,0.0,-0.5600000000000023
1999,60,0.0,1.150000000000034
1999,60,0.0,1.150000000000034
1999,61,0.0,-1.849999999999966
1999,61,0.0,-1.849999999999966
1999,62,0.0,-2.2399999999999523
1999,62,0.0,-2.2399999999999523
1999,63,0.0,1.1000000000000227
1999,63,0.0,1.1000000000000227
1999,64,4.78,-3.2199999999999704
1999,64,4.78,-3.2199999999999704
1999,65,0.34,-4.5
1999,65,0.34,-4.5
1999,66,0.11,-2.3700000000000045
1999,66,0.11,-2.3700000000000045
1999,67,0.0,-2.4399999999999977
1999,67,0.0,-2.4399999999999977
1999,68,0.0,-3.819999999999993
1999,68,0.0,-3.819999999999993
1999,69,0.0,-2.099999999999966
1999,69,0.0,-2.099999999999966
1999,70,0.0,-1.75
1999,70,0.0,-1.75
1999,71,2.07,-3.6200000000000045
1999,71,2.07,-3.6200000000000045
1999,72,0.6,-4.329999999999984
1999,72,0.6,-4.329999999999984
1999,73,0.0,-0.16999999999995907
1999,73,0.0,-0.16999999999995907
1999,74,0.0,1.740000000000009
1999,74,0.0,1.740000000000009
1999,75,0.0,2.240000000000009
1999,75,0.0,2.240000000000009
1999,76,0.0,0.37000000000000455
1999,76,0.0,0.37000000000000455
1999,77,0.08,-1.6099999999999568
1999,77,0.08,-1.6099999999999568
1999,78,0.07,0.6899999999999977
1999,78,0.07,0.6899999999999977
1999,79,0.0,3.0
1999,79,0.0,3.0
1999,80,0.0,5.010000000000048
1999,80,0.0,5.010000000000048
1999,81,0.0,2.490000000000009
1999,81,0.0,2.490000000000009
1999,82,0.24,0.35000000000002274
1999,82,0.24,0.35000000000002274
1999,83,0.1,3.25
1999,83,0.1,3.25
1999,84,0.0,3.6899999999999977
1999,84,0.0,3.6899999999999977
1999,85,0.0,5.300000000000011
1999,85,0.0,5.300000000000011
1999,86,0.55,4.680000000000007
1999,86,0.55,4.680000000000007
1999,87,0.0,0.8799999999999955
1999,87,0.0,0.8799999999999955
1999,88,0.0,1.07000000000005
1999,88,0.0,1.07000000000005
1999,89,0.0,5.140000000000043
1999,89,0.0,5.140000000000043
1999,90,0.0,5.0400000000000205
1999,90,0.0,5.0400000000000205
1999,91,0.08,2.3000000000000114
1999,91,0.08,2.3000000000000114
1999,92,3.83,-2.0299999999999727
1999,92,3.83,-2.0299999999999727
1999,93,0.83,-5.579999999999984
1999,93,0.83,-5.579999999999984
1999,94,2.26,-5.599999999999966
1999,94,2.26,-5.599999999999966
1999,95,0.38,-3.519999999999982
1999,95,0.38,-3.519999999999982
1999,96,0.04,-0.0999999999999659
1999,96,0.04,-0.0999999999999659
1999,97,0.0,1.0500000000000114
1999,97,0.0,1.0500000000000114
1999,98,0.0,2.140000000000043
1999,98,0.0,2.140000000000043
1999,99,0.0,0.7700000000000387
1999,99,0.0,0.7700000000000387
1999,100,0.0,-3.9499999999999886
1999,100,0.0,-3.9499999999999886
1999,101,0.0,-1.4799999999999613
1999,101,0.0,-1.4799999999999613
1999,102,0.0,4.420000000000016
1999,102,0.0,4.420000000000016
1999,103,0.0,6.920000000000016
1999,103,0.0,6.920000000000016
1999,104,7.53,1.920000000000016
1999,104,7.53,1.920000000000016
1999,105,0.67,-5.849999999999966
1999,105,0.67,-5.849999999999966
1999,106,2.29,-7.759999999999991
1999,106,2.29,-7.759999999999991
1999,107,0.58,-5.319999999999993
1999,107,0.58,-5.319999999999993
1999,108,0.0,2.6299999999999955
1999,108,0.0,2.6299999999999955
1999,109,0.0,6.060000000000002
1999,109,0.0,6.060000000000002
1999,110,0.0,7.850000000000023
1999,110,0.0,7.850000000000023
1999,111,2.28,6.6299999999999955
1999,111,2.28,6.6299999999999955
1999,112,15.7,1.170000000000016
1999,112,15.7,1.170000000000016
1999,113,3.77,-2.0399999999999636
1999,113,3.77,-2.0399999999999636
1999,114,2.59,-1.099999999999966
1999,114,2.59,-1.099999999999966
1999,115,0.62,2.4700000000000273
1999,115,0.62,2.4700000000000273
1999,116,0.0,0.4500000000000455
1999,116,0.0,0.4500000000000455
1999,117,0.09,4.57000000000005
1999,117,0.09,4.57000000000005
1999,118,7.95,8.140000000000043
1999,118,7.95,8.140000000000043
1999,119,11.88,5.57000000000005
1999,119,11.88,5.57000000000005
1999,120,21.61,3.8600000000000136
1999,120,21.61,3.8600000000000136
1999,121,7.78,2.7800000000000296
1999,121,7.78,2.7800000000000296
1999,122,1.18,2.6299999999999955
1999,122,1.18,2.6299999999999955
1999,123,0.16,4.5400000000000205
1999,123,0.16,4.5400000000000205
1999,124,0.01,1.4600000000000364
1999,124,0.01,1.4600000000000364
1999,125,0.0,-1.6399999999999864
1999,125,0.0,-1.6399999999999864
1999,126,0.0,-1.2899999999999636
1999,126,0.0,-1.2899999999999636
1999,127,0.0,3.5100000000000477
1999,127,0.0,3.5100000000000477
1999,128,0.0,8.240000000000009
1999,128,0.0,8.240000000000009
1999,129,0.0,10.010000000000048
1999,129,0.0,10.010000000000048
1999,130,0.13,5.560000000000002
1999,130,0.13,5.560000000000002
1999,131,0.27,0.7300000000000182
1999,131,0.27,0.7300000000000182
1999,132,0.07,1.7700000000000387
1999,132,0.07,1.7700000000000387
1999,133,0.0,9.470000000000027
1999,133,0.0,9.470000000000027
1999,134,0.0,9.970000000000027
1999,134,0.0,9.970000000000027
1999,135,0.0,8.220000000000027
1999,135,0.0,8.220000000000027
1999,136,0.6,8.210000000000036
1999,136,0.6,8.210000000000036
1999,137,0.08,3.680000000000007
1999,137,0.08,3.680000000000007
1999,138,0.0,8.260000000000048
1999,138,0.0,8.260000000000048
1999,139,0.0,12.390000000000043
1999,139,0.0,12.390000000000043
1999,140,1.08,11.660000000000025
1999,140,1.08,11.660000000000025
1999,141,0.06,10.310000000000002
1999,141,0.06,10.310000000000002
1999,142,0.09,14.090000000000032
1999,142,0.09,14.090000000000032
1999,143,2.1,12.090000000000032
1999,143,2.1,12.090000000000032
1999,144,2.65,12.340000000000032
1999,144,2.65,12.340000000000032
1999,145,25.42,8.490000000000009
1999,145,25.42,8.490000000000009
1999,146,0.51,8.82000000000005
1999,146,0.51,8.82000000000005
1999,147,1.69,9.010000000000048
1999,147,1.69,9.010000000000048
1999,148,7.07,9.910000000000025
1999,148,7.07,9.910000000000025
1999,149,0.26,10.370000000000005
1999,149,0.26,10.370000000000005
1999,150,0.0,11.879999999999995
1999,150,0.0,11.879999999999995
1999,151,0.0,11.580000000000041
1999,151,0.0,11.580000000000041
1999,152,0.0,9.480000000000018
1999,152,0.0,9.480000000000018
1999,153,0.03,12.200000000000045
1999,153,0.03,12.200000000000045
1999,154,0.04,11.03000000000003
1999,154,0.04,11.03000000000003
1999,155,0.0,12.370000000000005
1999,155,0.0,12.370000000000005
1999,156,0.0,8.129999999999995
1999,156,0.0,8.129999999999995
1999,157,0.0,6.140000000000043
1999,157,0.0,6.140000000000043
1999,158,0.0,12.29000000000002
1999,158,0.0,12.29000000000002
1999,159,0.0,14.370000000000005
1999,159,0.0,14.370000000000005
1999,160,0.0,13.010000000000048
1999,160,0.0,13.010000000000048
1999,161,4.06,12.29000000000002
1999,161,4.06,12.29000000000002
1999,162,2.59,11.850000000000023
1999,162,2.59,11.850000000000023
1999,163,10.05,11.960000000000036
1999,163,10.05,11.960000000000036
1999,164,0.89,10.010000000000048
1999,164,0.89,10.010000000000048
1999,165,2.85,11.189999999999998
1999,165,2.85,11.189999999999998
1999,166,2.67,11.720000000000027
1999,166,2.67,11.720000000000027
1999,167,3.14,10.390000000000043
1999,167,3.14,10.390000000000043
1999,168,2.38,11.840000000000032
1999,168,2.38,11.840000000000032
1999,169,2.27,12.82000000000005
1999,169,2.27,12.82000000000005
1999,170,0.09,14.82000000000005
1999,170,0.09,14.82000000000005
1999,171,1.71,15.610000000000014
1999,171,1.71,15.610000000000014
1999,172,0.61,15.370000000000005
1999,172,0.61,15.370000000000005
1999,173,0.23,14.840000000000032
1999,173,0.23,14.840000000000032
1999,174,0.0,15.430000000000007
1999,174,0.0,15.430000000000007
1999,175,1.17,16.910000000000025
1999,175,1.17,16.910000000000025
1999,176,1.49,17.27000000000004
1999,176,1.49,17.27000000000004
1999,177,0.0,17.53000000000003
1999,177,0.0,17.53000000000003
1999,178,0.0,17.090000000000032
1999,178,0.0,17.090000000000032
1999,179,0.0,16.77000000000004
1999,179,0.0,16.77000000000004
1999,180,0.0,16.03000000000003
1999,180,0.0,16.03000000000003
1999,181,0.0,15.420000000000016
1999,181,0.0,15.420000000000016
1999,182,0.0,16.350000000000023
1999,182,0.0,16.350000000000023
1999,183,0.0,19.55000000000001
1999,183,0.0,19.55000000000001
1999,184,0.31,18.870000000000005
1999,184,0.31,18.870000000000005
1999,185,0.0,18.150000000000034
1999,185,0.0,18.150000000000034
1999,186,0.0,19.200000000000045
1999,186,0.0,19.200000000000045
1999,187,5.5,17.980000000000018
1999,187,5.5,17.980000000000018
1999,188,0.0,17.80000000000001
1999,188,0.0,17.80000000000001
1999,189,3.15,17.910000000000025
1999,189,3.15,17.910000000000025
1999,190,0.69,16.5
1999,190,0.69,16.5
1999,191,0.0,14.730000000000018
1999,191,0.0,14.730000000000018
1999,192,1.31,15.510000000000048
1999,192,1.31,15.510000000000048
1999,193,0.01,15.310000000000002
1999,193,0.01,15.310000000000002
1999,194,0.0,16.82000000000005
1999,194,0.0,16.82000000000005
1999,195,0.47,18.450000000000045
1999,195,0.47,18.450000000000045
1999,196,0.95,15.890000000000043
1999,196,0.95,15.890000000000043
1999,197,5.32,15.210000000000036
1999,197,5.32,15.210000000000036
1999,198,6.89,14.160000000000025
1999,198,6.89,14.160000000000025
1999,199,1.38,16.810000000000002
1999,199,1.38,16.810000000000002
1999,200,8.92,14.680000000000007
1999,200,8.92,14.680000000000007
1999,201,0.19,15.230000000000018
1999,201,0.19,15.230000000000018
1999,202,1.92,16.640000000000043
1999,202,1.92,16.640000000000043
1999,203,2.49,17.120000000000005
1999,203,2.49,17.120000000000005
1999,204,0.36,16.82000000000005
1999,204,0.36,16.82000000000005
1999,205,0.08,17.650000000000034
1999,205,0.08,17.650000000000034
1999,206,1.76,17.28000000000003
1999,206,1.76,17.28000000000003
1999,207,0.08,17.980000000000018
1999,207,0.08,17.980000000000018
1999,208,0.04,17.710000000000036
1999,208,0.04,17.710000000000036
1999,209,2.71,19.150000000000034
1999,209,2.71,19.150000000000034
1999,210,1.17,17.360000000000014
1999,210,1.17,17.360000000000014
1999,211,5.55,16.980000000000018
1999,211,5.55,16.980000000000018
1999,212,4.54,15.090000000000032
1999,212,4.54,15.090000000000032
1999,213,11.62,14.03000000000003
1999,213,11.62,14.03000000000003
1999,214,0.93,13.379999999999995
1999,214,0.93,13.379999999999995
1999,215,0.0,14.189999999999998
1999,215,0.0,14.189999999999998
1999,216,6.7,13.689999999999998
1999,216,6.7,13.689999999999998
1999,217,14.06,12.950000000000045
1999,217,14.06,12.950000000000045
1999,218,4.21,14.580000000000041
1999,218,4.21,14.580000000000041
1999,219,1.21,14.830000000000041
1999,219,1.21,14.830000000000041
1999,220,4.48,16.010000000000048
1999,220,4.48,16.010000000000048
1999,221,3.77,16.629999999999995
1999,221,3.77,16.629999999999995
1999,222,1.7,14.830000000000041
1999,222,1.7,14.830000000000041
1999,223,0.18,14.550000000000011
1999,223,0.18,14.550000000000011
1999,224,0.08,13.700000000000045
1999,224,0.08,13.700000000000045
1999,225,0.0,14.07000000000005
1999,225,0.0,14.07000000000005
1999,226,0.0,15.410000000000025
1999,226,0.0,15.410000000000025
1999,227,0.0,15.600000000000023
1999,227,0.0,15.600000000000023
1999,228,1.74,14.78000000000003
1999,228,1.74,14.78000000000003
1999,229,0.37,16.600000000000023
1999,229,0.37,16.600000000000023
1999,230,1.07,15.660000000000025
1999,230,1.07,15.660000000000025
1999,231,1.16,15.480000000000018
1999,231,1.16,15.480000000000018
1999,232,1.3,15.710000000000036
1999,232,1.3,15.710000000000036
1999,233,3.89,15.090000000000032
1999,233,3.89,15.090000000000032
1999,234,2.99,15.180000000000007
1999,234,2.99,15.180000000000007
1999,235,0.0,14.110000000000014
1999,235,0.0,14.110000000000014
1999,236,0.16,16.230000000000018
1999,236,0.16,16.230000000000018
1999,237,0.76,17.430000000000007
1999,237,0.76,17.430000000000007
1999,238,2.32,16.28000000000003
1999,238,2.32,16.28000000000003
1999,239,1.9,17.32000000000005
1999,239,1.9,17.32000000000005
1999,240,2.33,16.54000000000002
1999,240,2.33,16.54000000000002
1999,241,0.1,16.260000000000048
1999,241,0.1,16.260000000000048
1999,242,2.08,16.74000000000001
1999,242,2.08,16.74000000000001
1999,243,1.09,16.810000000000002
1999,243,1.09,16.810000000000002
1999,244,1.65,15.660000000000025
1999,244,1.65,15.660000000000025
1999,245,0.0,14.990000000000009
1999,245,0.0,14.990000000000009
1999,246,0.08,13.379999999999995
1999,246,0.08,13.379999999999995
1999,247,0.33,11.460000000000036
1999,247,0.33,11.460000000000036
1999,248,0.07,11.300000000000011
1999,248,0.07,11.300000000000011
1999,249,0.0,12.950000000000045
1999,249,0.0,12.950000000000045
1999,250,0.0,14.060000000000002
1999,250,0.0,14.060000000000002
1999,251,0.0,12.860000000000014
1999,251,0.0,12.860000000000014
1999,252,0.0,12.510000000000048
1999,252,0.0,12.510000000000048
1999,253,0.13,13.879999999999995
1999,253,0.13,13.879999999999995
1999,254,0.07,11.879999999999995
1999,254,0.07,11.879999999999995
1999,255,0.07,10.54000000000002
1999,255,0.07,10.54000000000002
1999,256,0.03,8.860000000000014
1999,256,0.03,8.860000000000014
1999,257,0.54,10.990000000000009
1999,257,0.54,10.990000000000009
1999,258,2.48,9.740000000000009
1999,258,2.48,9.740000000000009
1999,259,0.11,9.640000000000043
1999,259,0.11,9.640000000000043
1999,260,0.47,11.160000000000025
1999,260,0.47,11.160000000000025
1999,261,0.0,11.510000000000048
1999,261,0.0,11.510000000000048
1999,262,4.57,10.560000000000002
1999,262,4.57,10.560000000000002
1999,263,3.16,8.28000000000003
1999,263,3.16,8.28000000000003
1999,264,0.06,7.160000000000025
1999,264,0.06,7.160000000000025
1999,265,0.0,10.04000000000002
1999,265,0.0,10.04000000000002
1999,266,0.12,12.0
1999,266,0.12,12.0
1999,267,0.07,12.090000000000032
1999,267,0.07,12.090000000000032
1999,268,0.29,11.5
1999,268,0.29,11.5
1999,269,0.0,12.660000000000025
1999,269,0.0,12.660000000000025
1999,270,1.37,6.960000000000036
1999,270,1.37,6.960000000000036
1999,271,0.84,1.0900000000000318
1999,271,0.84,1.0900000000000318
1999,272,0.27,0.9300000000000068
1999,272,0.27,0.9300000000000068
1999,273,0.0,8.870000000000005
1999,273,0.0,8.870000000000005
1999,274,0.0,9.860000000000014
1999,274,0.0,9.860000000000014
1999,275,0.0,7.100000000000023
1999,275,0.0,7.100000000000023
1999,276,0.0,8.370000000000005
1999,276,0.0,8.370000000000005
1999,277,0.0,8.060000000000002
1999,277,0.0,8.060000000000002
1999,278,0.0,9.720000000000027
1999,278,0.0,9.720000000000027
1999,279,0.0,11.57000000000005
1999,279,0.0,11.57000000000005
1999,280,7.51,9.020000000000039
1999,280,7.51,9.020000000000039
1999,281,2.03,6.270000000000039
1999,281,2.03,6.270000000000039
1999,282,0.0,9.560000000000002
1999,282,0.0,9.560000000000002
1999,283,0.0,11.340000000000032
1999,283,0.0,11.340000000000032
1999,284,0.0,11.220000000000027
1999,284,0.0,11.220000000000027
1999,285,0.0,10.950000000000045
1999,285,0.0,10.950000000000045
1999,286,0.0,10.730000000000018
1999,286,0.0,10.730000000000018
1999,287,0.0,10.640000000000043
1999,287,0.0,10.640000000000043
1999,288,0.0,9.050000000000011
1999,288,0.0,9.050000000000011
1999,289,3.15,1.160000000000025
1999,289,3.15,1.160000000000025
1999,290,1.35,-5.449999999999989
1999,290,1.35,-5.449999999999989
1999,291,0.06,-2.17999999999995
1999,291,0.06,-2.17999999999995
1999,292,3.85,-2.0499999999999545
1999,292,3.85,-2.0499999999999545
1999,293,0.02,2.240000000000009
1999,293,0.02,2.240000000000009
1999,294,0.0,5.07000000000005
1999,294,0.0,5.07000000000005
1999,295,0.0,6.800000000000011
1999,295,0.0,6.800000000000011
1999,296,0.0,7.050000000000011
1999,296,0.0,7.050000000000011
1999,297,0.0,7.590000000000032
1999,297,0.0,7.590000000000032
1999,298,0.0,7.75
1999,298,0.0,7.75
1999,299,0.0,8.140000000000043
1999,299,0.0,8.140000000000043
1999,300,0.55,6.7000000000000455
1999,300,0.55,6.7000000000000455
1999,301,0.17,5.730000000000018
1999,301,0.17,5.730000000000018
1999,302,0.28,3.2100000000000364
1999,302,0.28,3.2100000000000364
1999,303,0.0,-0.2599999999999909
1999,303,0.0,-0.2599999999999909
1999,304,0.0,4.930000000000007
1999,304,0.0,4.930000000000007
1999,305,0.0,5.470000000000027
1999,305,0.0,5.470000000000027
1999,306,0.0,0.3100000000000023
1999,306,0.0,0.3100000000000023
1999,307,0.0,3.9500000000000455
1999,307,0.0,3.9500000000000455
1999,308,0.0,4.850000000000023
1999,308,0.0,4.850000000000023
1999,309,0.0,6.5400000000000205
1999,309,0.0,6.5400000000000205
1999,310,0.0,6.689999999999998
1999,310,0.0,6.689999999999998
1999,311,0.0,5.460000000000036
1999,311,0.0,5.460000000000036
1999,312,3.8,5.490000000000009
1999,312,3.8,5.490000000000009
1999,313,0.0,3.730000000000018
1999,313,0.0,3.730000000000018
1999,314,0.0,2.8500000000000227
1999,314,0.0,2.8500000000000227
1999,315,0.0,5.400000000000034
1999,315,0.0,5.400000000000034
1999,316,0.0,5.910000000000025
1999,316,0.0,5.910000000000025
1999,317,0.0,5.82000000000005
1999,317,0.0,5.82000000000005
1999,318,0.0,6.020000000000039
1999,318,0.0,6.020000000000039
1999,319,0.0,5.930000000000007
1999,319,0.0,5.930000000000007
1999,320,0.0,5.160000000000025
1999,320,0.0,5.160000000000025
1999,321,0.0,5.160000000000025
1999,321,0.0,5.160000000000025
1999,322,0.0,1.7000000000000455
1999,322,0.0,1.7000000000000455
1999,323,0.0,-2.169999999999959
1999,323,0.0,-2.169999999999959
1999,324,0.0,2.2000000000000455
1999,324,0.0,2.2000000000000455
1999,325,0.0,-1.9099999999999682
1999,325,0.0,-1.9099999999999682
1999,326,9.43,-3.7399999999999523
1999,326,9.43,-3.7399999999999523
1999,327,0.0,-8.849999999999966
1999,327,0.0,-8.849999999999966
1999,328,0.0,-8.279999999999973
1999,328,0.0,-8.279999999999973
1999,329,0.0,-7.189999999999998
1999,329,0.0,-7.189999999999998
1999,330,0.21,-0.060000000000002274
1999,330,0.21,-0.060000000000002274
1999,331,0.0,0.7400000000000091
1999,331,0.0,0.7400000000000091
1999,332,0.0,0.4800000000000182
1999,332,0.0,0.4800000000000182
1999,333,0.0,1.1899999999999977
1999,333,0.0,1.1899999999999977
1999,334,0.0,3.240000000000009
1999,334,0.0,3.240000000000009
1999,335,0.0,2.400000000000034
1999,335,0.0,2.400000000000034
1999,336,0.28,-0.9399999999999977
1999,336,0.28,-0.9399999999999977
1999,337,5.7,-4.069999999999993
1999,337,5.7,-4.069999999999993
1999,338,1.92,-8.060000000000002
1999,338,1.92,-8.060000000000002
1999,339,0.0,-7.399999999999977
1999,339,0.0,-7.399999999999977
1999,340,0.0,-3.9799999999999613
1999,340,0.0,-3.9799999999999613
1999,341,2.94,-5.029999999999973
1999,341,2.94,-5.029999999999973
1999,342,0.68,-6.67999999999995
1999,342,0.68,-6.67999999999995
1999,343,0.39,-9.20999999999998
1999,343,0.39,-9.20999999999998
1999,344,0.0,-4.589999999999975
1999,344,0.0,-4.589999999999975
1999,345,0.0,-6.269999999999982
1999,345,0.0,-6.269999999999982
1999,346,0.0,-8.339999999999975
1999,346,0.0,-8.339999999999975
1999,347,0.28,-4.6299999999999955
1999,347,0.28,-4.6299999999999955
1999,348,0.0,-9.319999999999993
1999,348,0.0,-9.319999999999993
1999,349,0.0,-11.539999999999964
1999,349,0.0,-11.539999999999964
1999,350,0.38,-5.399999999999977
1999,350,0.38,-5.399999999999977
1999,351,0.34,-4.039999999999964
1999,351,0.34,-4.039999999999964
1999,352,0.46,-5.449999999999989
1999,352,0.46,-5.449999999999989
1999,353,0.0,-8.079999999999984
1999,353,0.0,-8.079999999999984
1999,354,0.09,-9.5
1999,354,0.09,-9.5
1999,355,2.02,-10.370000000000005
1999,355,2.02,-10.370000000000005
1999,356,0.0,-11.0
1999,356,0.0,-11.0
1999,357,0.03,-7.649999999999977
1999,357,0.03,-7.649999999999977
1999,358,0.0,-3.8799999999999955
1999,358,0.0,-3.8799999999999955
1999,359,0.03,-3.0499999999999545
1999,359,0.03,-3.0499999999999545
1999,360,0.0,-3.3899999999999864
1999,360,0.0,-3.3899999999999864
1999,361,0.0,-3.329999999999984
1999,361,0.0,-3.329999999999984
1999,362,0.0,-0.8700000000000045
1999,362,0.0,-0.8700000000000045
1999,363,0.0,-0.17999999999994998
1999,363,0.0,-0.17999999999994998
1999,364,0.0,-3.4399999999999977
1999,364,0.0,-3.4399999999999977
1999,365,0.0,-4.019999999999982
1999,365,0.0,-4.019999999999982
2000,1,0.0,-3.8100000000000023
2000,1,0.0,-3.8100000000000023
2000,2,1.92,-7.21999999999997
2000,2,1.92,-7.21999999999997
2000,3,2.29,-11.049999999999955
2000,3,2.29,-11.049999999999955
2000,4,0.2,-11.849999999999966
2000,4,0.2,-11.849999999999966
2000,5,0.48,-6.669999999999959
2000,5,0.48,-6.669999999999959
2000,6,0.08,-12.319999999999993
2000,6,0.08,-12.319999999999993
2000,7,0.0,-8.349999999999966
2000,7,0.0,-8.349999999999966
2000,8,0.0,-7.029999999999973
2000,8,0.0,-7.029999999999973
2000,9,0.14,-9.449999999999989
2000,9,0.14,-9.449999999999989
2000,10,0.0,-8.169999999999959
2000,10,0.0,-8.169999999999959
2000,11,0.0,-3.909999999999968
2000,11,0.0,-3.909999999999968
2000,12,0.0,-1.9699999999999704
2000,12,0.0,-1.9699999999999704
2000,13,0.0,-5.310000000000002
2000,13,0.0,-5.310000000000002
2000,14,0.0,-2.019999999999982
2000,14,0.0,-2.019999999999982
2000,15,0.0,-0.6499999999999773
2000,15,0.0,-0.6499999999999773
2000,16,0.45,-0.1099999999999568
2000,16,0.45,-0.1099999999999568
2000,17,1.04,-0.19999999999998863
2000,17,1.04,-0.19999999999998863
2000,18,0.0,-0.5399999999999636
2000,18,0.0,-0.5399999999999636
2000,19,0.0,0.6100000000000136
2000,19,0.0,0.6100000000000136
2000,20,0.0,-0.9899999999999523
2000,20,0.0,-0.9899999999999523
2000,21,0.0,-0.3299999999999841
2000,21,0.0,-0.3299999999999841
2000,22,0.0,-2.2799999999999727
2000,22,0.0,-2.2799999999999727
2000,23,0.05,-5.449999999999989
2000,23,0.05,-5.449999999999989
2000,24,0.0,-3.0499999999999545
2000,24,0.0,-3.0499999999999545
2000,25,0.0,-0.6899999999999977
2000,25,0.0,-0.6899999999999977
2000,26,1.65,0.4200000000000159
2000,26,1.65,0.4200000000000159
2000,27,3.53,-3.009999999999991
2000,27,3.53,-3.009999999999991
2000,28,1.37,-8.17999999999995
2000,28,1.37,-8.17999999999995
2000,29,0.07,-10.849999999999966
2000,29,0.07,-10.849999999999966
2000,30,0.0,-9.789999999999964
2000,30,0.0,-9.789999999999964
2000,31,0.0,-8.109999999999957
2000,31,0.0,-8.109999999999957
2000,32,0.0,-6.149999999999977
2000,32,0.0,-6.149999999999977
2000,33,0.21,-0.6699999999999591
2000,33,0.21,-0.6699999999999591
2000,34,0.02,2.650000000000034
2000,34,0.02,2.650000000000034
2000,35,0.0,-3.579999999999984
2000,35,0.0,-3.579999999999984
2000,36,0.0,-0.049999999999954525
2000,36,0.0,-0.049999999999954525
2000,37,0.0,0.020000000000038654
2000,37,0.0,0.020000000000038654
2000,38,0.0,-0.6399999999999864
2000,38,0.0,-0.6399999999999864
2000,39,0.0,1.5900000000000318
2000,39,0.0,1.5900000000000318
2000,40,0.0,2.930000000000007
2000,40,0.0,2.930000000000007
2000,41,0.16,0.28000000000002956
2000,41,0.16,0.28000000000002956
2000,42,0.11,-0.2699999999999818
2000,42,0.11,-0.2699999999999818
2000,43,0.0,-0.9699999999999704
2000,43,0.0,-0.9699999999999704
2000,44,0.0,-2.579999999999984
2000,44,0.0,-2.579999999999984
2000,45,0.0,-0.5799999999999841
2000,45,0.0,-0.5799999999999841
2000,46,0.0,1.3700000000000045
2000,46,0.0,1.3700000000000045
2000,47,0.0,0.5100000000000477
2000,47,0.0,0.5100000000000477
2000,48,5.36,1.1100000000000136
2000,48,5.36,1.1100000000000136
2000,49,2.72,-3.909999999999968
2000,49,2.72,-3.909999999999968
2000,50,0.4,-3.2399999999999523
2000,50,0.4,-3.2399999999999523
2000,51,0.0,0.6200000000000045
2000,51,0.0,0.6200000000000045
2000,52,0.0,3.330000000000041
2000,52,0.0,3.330000000000041
2000,53,2.81,3.1200000000000045
2000,53,2.81,3.1200000000000045
2000,54,0.14,0.7600000000000477
2000,54,0.14,0.7600000000000477
2000,55,0.0,1.7000000000000455
2000,55,0.0,1.7000000000000455
2000,56,0.0,-3.1399999999999864
2000,56,0.0,-3.1399999999999864
2000,57,0.0,-5.109999999999957
2000,57,0.0,-5.109999999999957
2000,58,0.0,-0.14999999999997726
2000,58,0.0,-0.14999999999997726
2000,59,1.05,3.490000000000009
2000,59,1.05,3.490000000000009
2000,60,0.0,-0.12999999999999545
2000,60,0.0,-0.12999999999999545
2000,61,0.16,1.1200000000000045
2000,61,0.16,1.1200000000000045
2000,62,0.7,0.7700000000000387
2000,62,0.7,0.7700000000000387
2000,63,0.73,-0.19999999999998863
2000,63,0.73,-0.19999999999998863
2000,64,0.0,3.920000000000016
2000,64,0.0,3.920000000000016
2000,65,0.0,5.470000000000027
2000,65,0.0,5.470000000000027
2000,66,0.86,1.9700000000000273
2000,66,0.86,1.9700000000000273
2000,67,0.04,3.890000000000043
2000,67,0.04,3.890000000000043
2000,68,0.52,0.5900000000000318
2000,68,0.52,0.5900000000000318
2000,69,0.0,-0.12999999999999545
2000,69,0.0,-0.12999999999999545
2000,70,0.0,-3.6999999999999886
2000,70,0.0,-3.6999999999999886
2000,71,0.2,-2.8899999999999864
2000,71,0.2,-2.8899999999999864
2000,72,1.49,-1.17999999999995
2000,72,1.49,-1.17999999999995
2000,73,0.0,-0.9899999999999523
2000,73,0.0,-0.9899999999999523
2000,74,0.0,1.1899999999999977
2000,74,0.0,1.1899999999999977
2000,75,7.08,1.9300000000000068
2000,75,7.08,1.9300000000000068
2000,76,13.03,-3.7099999999999795
2000,76,13.03,-3.7099999999999795
2000,77,1.44,-0.15999999999996817
2000,77,1.44,-0.15999999999996817
2000,78,1.22,-2.9499999999999886
2000,78,1.22,-2.9499999999999886
2000,79,0.19,-1.339999999999975
2000,79,0.19,-1.339999999999975
2000,80,1.55,1.4399999999999977
2000,80,1.55,1.4399999999999977
2000,81,4.33,-4.019999999999982
2000,81,4.33,-4.019999999999982
2000,82,1.33,0.12000000000000455
2000,82,1.33,0.12000000000000455
2000,83,0.61,1.7000000000000455
2000,83,0.61,1.7000000000000455
2000,84,0.0,3.140000000000043
2000,84,0.0,3.140000000000043
2000,85,0.0,4.310000000000002
2000,85,0.0,4.310000000000002
2000,86,0.0,4.930000000000007
2000,86,0.0,4.930000000000007
2000,87,0.0,5.240000000000009
2000,87,0.0,5.240000000000009
2000,88,0.0,6.480000000000018
2000,88,0.0,6.480000000000018
2000,89,2.7,3.920000000000016
2000,89,2.7,3.920000000000016
2000,90,3.49,2.0600000000000023
2000,90,3.49,2.0600000000000023
2000,91,4.47,-3.1200000000000045
2000,91,4.47,-3.1200000000000045
2000,92,1.37,-4.689999999999998
2000,92,1.37,-4.689999999999998
2000,93,4.22,-1.7799999999999727
2000,93,4.22,-1.7799999999999727
2000,94,0.41,-3.4399999999999977
2000,94,0.41,-3.4399999999999977
2000,95,0.04,4.400000000000034
2000,95,0.04,4.400000000000034
2000,96,0.0,8.210000000000036
2000,96,0.0,8.210000000000036
2000,97,0.0,8.150000000000034
2000,97,0.0,8.150000000000034
2000,98,0.0,5.590000000000032
2000,98,0.0,5.590000000000032
2000,99,0.0,3.990000000000009
2000,99,0.0,3.990000000000009
2000,100,0.0,8.32000000000005
2000,100,0.0,8.32000000000005
2000,101,0.0,7.150000000000034
2000,101,0.0,7.150000000000034
2000,102,4.21,3.3100000000000023
2000,102,4.21,3.3100000000000023
2000,103,0.02,5.4500000000000455
2000,103,0.02,5.4500000000000455
2000,104,0.0,5.340000000000032
2000,104,0.0,5.340000000000032
2000,105,0.38,5.340000000000032
2000,105,0.38,5.340000000000032
2000,106,4.81,2.4600000000000364
2000,106,4.81,2.4600000000000364
2000,107,1.9,0.18999999999999773
2000,107,1.9,0.18999999999999773
2000,108,0.0,4.300000000000011
2000,108,0.0,4.300000000000011
2000,109,0.0,6.230000000000018
2000,109,0.0,6.230000000000018
2000,110,0.02,-0.3499999999999659
2000,110,0.02,-0.3499999999999659
2000,111,0.0,1.7100000000000364
2000,111,0.0,1.7100000000000364
2000,112,0.0,5.390000000000043
2000,112,0.0,5.390000000000043
2000,113,4.23,8.0
2000,113,4.23,8.0
2000,114,4.58,5.390000000000043
2000,114,4.58,5.390000000000043
2000,115,0.48,4.82000000000005
2000,115,0.48,4.82000000000005
2000,116,0.0,2.150000000000034
2000,116,0.0,2.150000000000034
2000,117,0.0,6.100000000000023
2000,117,0.0,6.100000000000023
2000,118,0.0,8.07000000000005
2000,118,0.0,8.07000000000005
2000,119,0.0,8.470000000000027
2000,119,0.0,8.470000000000027
2000,120,0.02,9.370000000000005
2000,120,0.02,9.370000000000005
2000,121,6.56,3.840000000000032
2000,121,6.56,3.840000000000032
2000,122,0.07,1.25
2000,122,0.07,1.25
2000,123,0.0,6.4500000000000455
2000,123,0.0,6.4500000000000455
2000,124,0.0,11.439999999999998
2000,124,0.0,11.439999999999998
2000,125,0.0,13.25
2000,125,0.0,13.25
2000,126,0.0,14.57000000000005
2000,126,0.0,14.57000000000005
2000,127,0.0,13.660000000000025
2000,127,0.0,13.660000000000025
2000,128,0.0,12.480000000000018
2000,128,0.0,12.480000000000018
2000,129,15.12,8.770000000000039
2000,129,15.12,8.770000000000039
2000,130,2.06,5.310000000000002
2000,130,2.06,5.310000000000002
2000,131,0.0,10.620000000000005
2000,131,0.0,10.620000000000005
2000,132,0.0,11.680000000000007
2000,132,0.0,11.680000000000007
2000,133,0.0,2.7700000000000387
2000,133,0.0,2.7700000000000387
2000,134,0.0,1.5400000000000205
2000,134,0.0,1.5400000000000205
2000,135,0.0,7.660000000000025
2000,135,0.0,7.660000000000025
2000,136,0.0,10.970000000000027
2000,136,0.0,10.970000000000027
2000,137,0.0,14.090000000000032
2000,137,0.0,14.090000000000032
2000,138,0.62,9.520000000000039
2000,138,0.62,9.520000000000039
2000,139,3.73,3.0200000000000387
2000,139,3.73,3.0200000000000387
2000,140,0.54,5.82000000000005
2000,140,0.54,5.82000000000005
2000,141,0.04,8.840000000000032
2000,141,0.04,8.840000000000032
2000,142,0.0,9.460000000000036
2000,142,0.0,9.460000000000036
2000,143,0.0,12.379999999999995
2000,143,0.0,12.379999999999995
2000,144,0.0,14.79000000000002
2000,144,0.0,14.79000000000002
2000,145,0.22,15.650000000000034
2000,145,0.22,15.650000000000034
2000,146,0.24,13.510000000000048
2000,146,0.24,13.510000000000048
2000,147,0.54,12.020000000000039
2000,147,0.54,12.020000000000039
2000,148,0.01,10.300000000000011
2000,148,0.01,10.300000000000011
2000,149,0.05,14.510000000000048
2000,149,0.05,14.510000000000048
2000,150,0.05,17.660000000000025
2000,150,0.05,17.660000000000025
2000,151,0.0,18.400000000000034
2000,151,0.0,18.400000000000034
2000,152,0.0,17.110000000000014
2000,152,0.0,17.110000000000014
2000,153,0.0,14.57000000000005
2000,153,0.0,14.57000000000005
2000,154,0.21,13.53000000000003
2000,154,0.21,13.53000000000003
2000,155,0.0,15.470000000000027
2000,155,0.0,15.470000000000027
2000,156,0.04,13.580000000000041
2000,156,0.04,13.580000000000041
2000,157,0.04,13.270000000000039
2000,157,0.04,13.270000000000039
2000,158,0.74,15.29000000000002
2000,158,0.74,15.29000000000002
2000,159,0.0,16.910000000000025
2000,159,0.0,16.910000000000025
2000,160,0.24,17.710000000000036
2000,160,0.24,17.710000000000036
2000,161,0.03,15.870000000000005
2000,161,0.03,15.870000000000005
2000,162,0.27,13.100000000000023
2000,162,0.27,13.100000000000023
2000,163,0.61,14.29000000000002
2000,163,0.61,14.29000000000002
2000,164,0.0,15.580000000000041
2000,164,0.0,15.580000000000041
2000,165,0.0,14.79000000000002
2000,165,0.0,14.79000000000002
2000,166,0.0,11.010000000000048
2000,166,0.0,11.010000000000048
2000,167,0.0,15.180000000000007
2000,167,0.0,15.180000000000007
2000,168,0.0,12.32000000000005
2000,168,0.0,12.32000000000005
2000,169,3.78,8.800000000000011
2000,169,3.78,8.800000000000011
2000,170,0.41,11.670000000000016
2000,170,0.41,11.670000000000016
2000,171,1.63,14.57000000000005
2000,171,1.63,14.57000000000005
2000,172,0.4,12.830000000000041
2000,172,0.4,12.830000000000041
2000,173,0.22,13.54000000000002
2000,173,0.22,13.54000000000002
2000,174,0.0,16.120000000000005
2000,174,0.0,16.120000000000005
2000,175,0.0,17.680000000000007
2000,175,0.0,17.680000000000007
2000,176,0.19,16.460000000000036
2000,176,0.19,16.460000000000036
2000,177,0.68,16.03000000000003
2000,177,0.68,16.03000000000003
2000,178,17.35,13.07000000000005
2000,178,17.35,13.07000000000005
2000,179,3.95,12.350000000000023
2000,179,3.95,12.350000000000023
2000,180,2.32,13.810000000000002
2000,180,2.32,13.810000000000002
2000,181,1.07,14.730000000000018
2000,181,1.07,14.730000000000018
2000,182,0.78,16.460000000000036
2000,182,0.78,16.460000000000036
2000,183,0.76,17.07000000000005
2000,183,0.76,17.07000000000005
2000,184,1.28,17.860000000000014
2000,184,1.28,17.860000000000014
2000,185,1.62,17.55000000000001
2000,185,1.62,17.55000000000001
2000,186,0.0,16.670000000000016
2000,186,0.0,16.670000000000016
2000,187,0.0,16.99000000000001
2000,187,0.0,16.99000000000001
2000,188,0.0,18.390000000000043
2000,188,0.0,18.390000000000043
2000,189,0.0,19.660000000000025
2000,189,0.0,19.660000000000025
2000,190,1.45,18.700000000000045
2000,190,1.45,18.700000000000045
2000,191,1.08,17.83000000000004
2000,191,1.08,17.83000000000004
2000,192,1.19,17.80000000000001
2000,192,1.19,17.80000000000001
2000,193,0.0,18.32000000000005
2000,193,0.0,18.32000000000005
2000,194,30.73,18.340000000000032
2000,194,30.73,18.340000000000032
2000,195,3.74,18.07000000000005
2000,195,3.74,18.07000000000005
2000,196,1.55,18.420000000000016
2000,196,1.55,18.420000000000016
2000,197,1.65,19.350000000000023
2000,197,1.65,19.350000000000023
2000,198,3.56,17.410000000000025
2000,198,3.56,17.410000000000025
2000,199,26.06,16.350000000000023
2000,199,26.06,16.350000000000023
2000,200,1.73,16.670000000000016
2000,200,1.73,16.670000000000016
2000,201,0.75,18.660000000000025
2000,201,0.75,18.660000000000025
2000,202,0.31,17.610000000000014
2000,202,0.31,17.610000000000014
2000,203,0.34,16.840000000000032
2000,203,0.34,16.840000000000032
2000,204,0.0,17.450000000000045
2000,204,0.0,17.450000000000045
2000,205,0.0,17.640000000000043
2000,205,0.0,17.640000000000043
2000,206,0.07,18.840000000000032
2000,206,0.07,18.840000000000032
2000,207,0.33,18.360000000000014
2000,207,0.33,18.360000000000014
2000,208,0.4,18.480000000000018
2000,208,0.4,18.480000000000018
2000,209,3.96,18.860000000000014
2000,209,3.96,18.860000000000014
2000,210,0.07,18.82000000000005
2000,210,0.07,18.82000000000005
2000,211,3.13,17.210000000000036
2000,211,3.13,17.210000000000036
2000,212,0.0,16.610000000000014
2000,212,0.0,16.610000000000014
2000,213,0.0,16.220000000000027
2000,213,0.0,16.220000000000027
2000,214,0.0,17.670000000000016
2000,214,0.0,17.670000000000016
2000,215,0.21,19.170000000000016
2000,215,0.21,19.170000000000016
2000,216,0.1,19.55000000000001
2000,216,0.1,19.55000000000001
2000,217,3.5,19.160000000000025
2000,217,3.5,19.160000000000025
2000,218,1.25,18.410000000000025
2000,218,1.25,18.410000000000025
2000,219,0.86,17.53000000000003
2000,219,0.86,17.53000000000003
2000,220,0.01,17.850000000000023
2000,220,0.01,17.850000000000023
2000,221,0.0,19.04000000000002
2000,221,0.0,19.04000000000002
2000,222,0.0,19.590000000000032
2000,222,0.0,19.590000000000032
2000,223,0.03,18.150000000000034
2000,223,0.03,18.150000000000034
2000,224,1.1,18.450000000000045
2000,224,1.1,18.450000000000045
2000,225,0.42,18.680000000000007
2000,225,0.42,18.680000000000007
2000,226,1.93,17.640000000000043
2000,226,1.93,17.640000000000043
2000,227,1.37,18.140000000000043
2000,227,1.37,18.140000000000043
2000,228,4.36,19.600000000000023
2000,228,4.36,19.600000000000023
2000,229,2.26,18.160000000000025
2000,229,2.26,18.160000000000025
2000,230,4.12,14.54000000000002
2000,230,4.12,14.54000000000002
2000,231,7.43,14.610000000000014
2000,231,7.43,14.610000000000014
2000,232,0.0,15.439999999999998
2000,232,0.0,15.439999999999998
2000,233,1.17,16.129999999999995
2000,233,1.17,16.129999999999995
2000,234,6.13,16.680000000000007
2000,234,6.13,16.680000000000007
2000,235,1.55,16.480000000000018
2000,235,1.55,16.480000000000018
2000,236,3.97,15.610000000000014
2000,236,3.97,15.610000000000014
2000,237,3.46,16.840000000000032
2000,237,3.46,16.840000000000032
2000,238,2.31,17.30000000000001
2000,238,2.31,17.30000000000001
2000,239,4.24,16.200000000000045
2000,239,4.24,16.200000000000045
2000,240,0.1,15.879999999999995
2000,240,0.1,15.879999999999995
2000,241,2.89,17.07000000000005
2000,241,2.89,17.07000000000005
2000,242,11.43,16.75
2000,242,11.43,16.75
2000,243,5.46,16.189999999999998
2000,243,5.46,16.189999999999998
2000,244,1.18,14.54000000000002
2000,244,1.18,14.54000000000002
2000,245,6.14,14.140000000000043
2000,245,6.14,14.140000000000043
2000,246,0.0,14.32000000000005
2000,246,0.0,14.32000000000005
2000,247,0.03,13.870000000000005
2000,247,0.03,13.870000000000005
2000,248,0.5,15.660000000000025
2000,248,0.5,15.660000000000025
2000,249,0.25,18.140000000000043
2000,249,0.25,18.140000000000043
2000,250,2.06,16.920000000000016
2000,250,2.06,16.920000000000016
2000,251,0.09,15.050000000000011
2000,251,0.09,15.050000000000011
2000,252,0.06,15.020000000000039
2000,252,0.06,15.020000000000039
2000,253,0.03,13.230000000000018
2000,253,0.03,13.230000000000018
2000,254,0.0,13.860000000000014
2000,254,0.0,13.860000000000014
2000,255,0.0,13.939999999999998
2000,255,0.0,13.939999999999998
2000,256,0.0,13.900000000000034
2000,256,0.0,13.900000000000034
2000,257,0.0,15.189999999999998
2000,257,0.0,15.189999999999998
2000,258,0.0,16.600000000000023
2000,258,0.0,16.600000000000023
2000,259,0.0,16.260000000000048
2000,259,0.0,16.260000000000048
2000,260,0.0,17.25
2000,260,0.0,17.25
2000,261,0.0,17.650000000000034
2000,261,0.0,17.650000000000034
2000,262,0.13,15.770000000000039
2000,262,0.13,15.770000000000039
2000,263,0.26,13.200000000000045
2000,263,0.26,13.200000000000045
2000,264,2.24,10.0
2000,264,2.24,10.0
2000,265,1.41,10.379999999999995
2000,265,1.41,10.379999999999995
2000,266,3.74,11.53000000000003
2000,266,3.74,11.53000000000003
2000,267,1.4,7.390000000000043
2000,267,1.4,7.390000000000043
2000,268,9.47,0.21000000000003638
2000,268,9.47,0.21000000000003638
2000,269,0.38,3.07000000000005
2000,269,0.38,3.07000000000005
2000,270,0.0,8.870000000000005
2000,270,0.0,8.870000000000005
2000,271,0.0,9.600000000000023
2000,271,0.0,9.600000000000023
2000,272,0.0,11.129999999999995
2000,272,0.0,11.129999999999995
2000,273,0.18,12.410000000000025
2000,273,0.18,12.410000000000025
2000,274,0.25,11.870000000000005
2000,274,0.25,11.870000000000005
2000,275,0.0,12.210000000000036
2000,275,0.0,12.210000000000036
2000,276,0.0,12.900000000000034
2000,276,0.0,12.900000000000034
2000,277,0.0,12.410000000000025
2000,277,0.0,12.410000000000025
2000,278,0.0,10.75
2000,278,0.0,10.75
2000,279,0.0,9.04000000000002
2000,279,0.0,9.04000000000002
2000,280,0.04,5.720000000000027
2000,280,0.04,5.720000000000027
2000,281,0.02,0.4700000000000273
2000,281,0.02,0.4700000000000273
2000,282,0.07,0.7000000000000455
2000,282,0.07,0.7000000000000455
2000,283,0.0,5.270000000000039
2000,283,0.0,5.270000000000039
2000,284,0.0,8.100000000000023
2000,284,0.0,8.100000000000023
2000,285,0.0,8.220000000000027
2000,285,0.0,8.220000000000027
2000,286,0.0,8.900000000000034
2000,286,0.0,8.900000000000034
2000,287,0.0,4.420000000000016
2000,287,0.0,4.420000000000016
2000,288,0.0,2.230000000000018
2000,288,0.0,2.230000000000018
2000,289,0.0,3.5
2000,289,0.0,3.5
2000,290,0.0,4.730000000000018
2000,290,0.0,4.730000000000018
2000,291,0.0,6.020000000000039
2000,291,0.0,6.020000000000039
2000,292,0.0,7.720000000000027
2000,292,0.0,7.720000000000027
2000,293,0.0,8.5
2000,293,0.0,8.5
2000,294,0.0,7.439999999999998
2000,294,0.0,7.439999999999998
2000,295,0.0,6.75
2000,295,0.0,6.75
2000,296,0.64,6.03000000000003
2000,296,0.64,6.03000000000003
2000,297,1.92,4.580000000000041
2000,297,1.92,4.580000000000041
2000,298,1.24,6.110000000000014
2000,298,1.24,6.110000000000014
2000,299,0.03,3.2100000000000364
2000,299,0.03,3.2100000000000364
2000,300,0.0,2.9500000000000455
2000,300,0.0,2.9500000000000455
2000,301,0.0,4.090000000000032
2000,301,0.0,4.090000000000032
2000,302,0.83,5.960000000000036
2000,302,0.83,5.960000000000036
2000,303,1.33,5.010000000000048
2000,303,1.33,5.010000000000048
2000,304,0.0,4.3799999999999955
2000,304,0.0,4.3799999999999955
2000,305,0.51,2.890000000000043
2000,305,0.51,2.890000000000043
2000,306,0.0,-1.3199999999999932
2000,306,0.0,-1.3199999999999932
2000,307,0.35,-3.7199999999999704
2000,307,0.35,-3.7199999999999704
2000,308,0.13,-2.9699999999999704
2000,308,0.13,-2.9699999999999704
2000,309,0.0,-0.08999999999997499
2000,309,0.0,-0.08999999999997499
2000,310,1.65,-0.46999999999997044
2000,310,1.65,-0.46999999999997044
2000,311,0.28,-7.089999999999975
2000,311,0.28,-7.089999999999975
2000,312,0.07,-10.189999999999998
2000,312,0.07,-10.189999999999998
2000,313,0.01,-5.449999999999989
2000,313,0.01,-5.449999999999989
2000,314,0.0,-3.759999999999991
2000,314,0.0,-3.759999999999991
2000,315,0.0,-3.4899999999999523
2000,315,0.0,-3.4899999999999523
2000,316,4.88,-4.579999999999984
2000,316,4.88,-4.579999999999984
2000,317,0.18,-10.529999999999973
2000,317,0.18,-10.529999999999973
2000,318,0.0,-13.979999999999961
2000,318,0.0,-13.979999999999961
2000,319,0.0,-9.519999999999982
2000,319,0.0,-9.519999999999982
2000,320,0.0,-6.689999999999998
2000,320,0.0,-6.689999999999998
2000,321,0.04,-13.069999999999993
2000,321,0.04,-13.069999999999993
2000,322,1.34,-12.779999999999973
2000,322,1.34,-12.779999999999973
2000,323,0.0,-11.799999999999955
2000,323,0.0,-11.799999999999955
2000,324,0.0,-7.939999999999998
2000,324,0.0,-7.939999999999998
2000,325,0.0,-7.139999999999986
2000,325,0.0,-7.139999999999986
2000,326,0.0,-4.4599999999999795
2000,326,0.0,-4.4599999999999795
2000,327,0.0,-1.9799999999999613
2000,327,0.0,-1.9799999999999613
2000,328,0.0,-3.5299999999999727
2000,328,0.0,-3.5299999999999727
2000,329,0.06,-5.399999999999977
2000,329,0.06,-5.399999999999977
2000,330,0.0,-7.17999999999995
2000,330,0.0,-7.17999999999995
2000,331,0.0,-5.289999999999964
2000,331,0.0,-5.289999999999964
2000,332,0.0,-3.7799999999999727
2000,332,0.0,-3.7799999999999727
2000,333,0.0,-4.009999999999991
2000,333,0.0,-4.009999999999991
2000,334,0.0,-4.21999999999997
2000,334,0.0,-4.21999999999997
2000,335,0.0,-1.589999999999975
2000,335,0.0,-1.589999999999975
2000,336,0.0,-6.029999999999973
2000,336,0.0,-6.029999999999973
2000,337,0.0,-3.7199999999999704
2000,337,0.0,-3.7199999999999704
2000,338,0.0,-1.8899999999999864
2000,338,0.0,-1.8899999999999864
2000,339,0.0,-2.9399999999999977
2000,339,0.0,-2.9399999999999977
2000,340,0.0,-2.3100000000000023
2000,340,0.0,-2.3100000000000023
2000,341,1.92,-3.67999999999995
2000,341,1.92,-3.67999999999995
2000,342,0.0,1.1400000000000432
2000,342,0.0,1.1400000000000432
2000,343,0.0,-2.2399999999999523
2000,343,0.0,-2.2399999999999523
2000,344,0.0,-1.9799999999999613
2000,344,0.0,-1.9799999999999613
2000,345,0.0,-3.509999999999991
2000,345,0.0,-3.509999999999991
2000,346,5.05,-7.5
2000,346,5.05,-7.5
2000,347,0.0,-9.199999999999989
2000,347,0.0,-9.199999999999989
2000,348,0.01,-6.739999999999952
2000,348,0.01,-6.739999999999952
2000,349,0.01,-7.659999999999968
2000,349,0.01,-7.659999999999968
2000,350,0.0,-7.310000000000002
2000,350,0.0,-7.310000000000002
2000,351,1.38,-9.649999999999977
2000,351,1.38,-9.649999999999977
2000,352,0.38,-4.7999999999999545
2000,352,0.38,-4.7999999999999545
2000,353,0.1,-11.339999999999975
2000,353,0.1,-11.339999999999975
2000,354,0.0,-7.96999999999997
2000,354,0.0,-7.96999999999997
2000,355,0.0,-6.609999999999957
2000,355,0.0,-6.609999999999957
2000,356,0.0,-11.21999999999997
2000,356,0.0,-11.21999999999997
2000,357,0.0,-5.279999999999973
2000,357,0.0,-5.279999999999973
2000,358,0.0,-6.6200000000000045
2000,358,0.0,-6.6200000000000045
2000,359,0.2,-6.1299999999999955
2000,359,0.2,-6.1299999999999955
2000,360,2.68,-5.689999999999998
2000,360,2.68,-5.689999999999998
2000,361,0.05,-8.889999999999986
2000,361,0.05,-8.889999999999986
2000,362,0.0,-5.339999999999975
2000,362,0.0,-5.339999999999975
2000,363,0.0,-3.019999999999982
2000,363,0.0,-3.019999999999982
2000,364,0.0,-7.479999999999961
2000,364,0.0,-7.479999999999961
2000,365,0.0,-6.489999999999952
2000,365,0.0,-6.489999999999952
2000,366,0.0,-6.029999999999973
2000,366,0.0,-6.029999999999973
2001,1,0.0,-6.649999999999977
2001,1,0.0,-6.649999999999977
2001,2,0.0,-8.099999999999966
2001,2,0.0,-8.099999999999966
2001,3,0.0,-4.509999999999991
2001,3,0.0,-4.509999999999991
2001,4,0.0,-1.009999999999991
2001,4,0.0,-1.009999999999991
2001,5,0.0,-0.15999999999996817
2001,5,0.0,-0.15999999999996817
2001,6,0.09,-0.15999999999996817
2001,6,0.09,-0.15999999999996817
2001,7,0.09,-6.419999999999959
2001,7,0.09,-6.419999999999959
2001,8,0.0,-6.3799999999999955
2001,8,0.0,-6.3799999999999955
2001,9,0.0,-4.189999999999998
2001,9,0.0,-4.189999999999998
2001,10,0.0,-2.9399999999999977
2001,10,0.0,-2.9399999999999977
2001,11,0.0,-5.389999999999986
2001,11,0.0,-5.389999999999986
2001,12,0.0,-3.159999999999968
2001,12,0.0,-3.159999999999968
2001,13,0.16,-4.5
2001,13,0.16,-4.5
2001,14,4.05,-9.939999999999998
2001,14,4.05,-9.939999999999998
2001,15,0.0,-11.560000000000002
2001,15,0.0,-11.560000000000002
2001,16,2.59,-10.310000000000002
2001,16,2.59,-10.310000000000002
2001,17,2.63,-13.659999999999968
2001,17,2.63,-13.659999999999968
2001,18,0.0,-11.639999999999986
2001,18,0.0,-11.639999999999986
2001,19,0.0,-10.519999999999982
2001,19,0.0,-10.519999999999982
2001,20,0.0,-7.529999999999973
2001,20,0.0,-7.529999999999973
2001,21,0.0,-8.909999999999968
2001,21,0.0,-8.909999999999968
2001,22,0.0,-3.8899999999999864
2001,22,0.0,-3.8899999999999864
2001,23,0.0,-4.759999999999991
2001,23,0.0,-4.759999999999991
2001,24,0.0,-5.75
2001,24,0.0,-5.75
2001,25,0.04,-5.839999999999975
2001,25,0.04,-5.839999999999975
2001,26,0.04,-7.67999999999995
2001,26,0.04,-7.67999999999995
2001,27,2.34,-6.8700000000000045
2001,27,2.34,-6.8700000000000045
2001,28,2.79,-6.839999999999975
2001,28,2.79,-6.839999999999975
2001,29,0.0,-8.139999999999986
2001,29,0.0,-8.139999999999986
2001,30,0.08,-8.859999999999957
2001,30,0.08,-8.859999999999957
2001,31,0.0,-10.149999999999977
2001,31,0.0,-10.149999999999977
2001,32,0.0,-11.70999999999998
2001,32,0.0,-11.70999999999998
2001,33,0.0,-5.92999999999995
2001,33,0.0,-5.92999999999995
2001,34,0.0,-2.8700000000000045
2001,34,0.0,-2.8700000000000045
2001,35,0.0,-4.449999999999989
2001,35,0.0,-4.449999999999989
2001,36,0.0,-1.3199999999999932
2001,36,0.0,-1.3199999999999932
2001,37,0.0,-2.9499999999999886
2001,37,0.0,-2.9499999999999886
2001,38,0.13,-1.3899999999999864
2001,38,0.13,-1.3899999999999864
2001,39,3.51,-4.0499999999999545
2001,39,3.51,-4.0499999999999545
2001,40,5.47,-12.870000000000005
2001,40,5.47,-12.870000000000005
2001,41,0.0,-6.989999999999952
2001,41,0.0,-6.989999999999952
2001,42,0.0,-5.449999999999989
2001,42,0.0,-5.449999999999989
2001,43,0.0,-6.789999999999964
2001,43,0.0,-6.789999999999964
2001,44,0.4,-4.479999999999961
2001,44,0.4,-4.479999999999961
2001,45,4.62,-4.279999999999973
2001,45,4.62,-4.279999999999973
2001,46,3.05,-7.060000000000002
2001,46,3.05,-7.060000000000002
2001,47,0.02,-6.019999999999982
2001,47,0.02,-6.019999999999982
2001,48,0.01,-3.609999999999957
2001,48,0.01,-3.609999999999957
2001,49,0.01,-1.839999999999975
2001,49,0.01,-1.839999999999975
2001,50,0.0,-2.0399999999999636
2001,50,0.0,-2.0399999999999636
2001,51,0.0,-2.3100000000000023
2001,51,0.0,-2.3100000000000023
2001,52,0.0,-2.3999999999999773
2001,52,0.0,-2.3999999999999773
2001,53,0.0,-3.009999999999991
2001,53,0.0,-3.009999999999991
2001,54,0.3,-0.6899999999999977
2001,54,0.3,-0.6899999999999977
2001,55,0.0,-4.229999999999961
2001,55,0.0,-4.229999999999961
2001,56,0.0,-7.259999999999991
2001,56,0.0,-7.259999999999991
2001,57,2.11,-4.589999999999975
2001,57,2.11,-4.589999999999975
2001,58,0.44,-4.6200000000000045
2001,58,0.44,-4.6200000000000045
2001,59,3.21,-5.699999999999989
2001,59,3.21,-5.699999999999989
2001,60,0.82,-4.17999999999995
2001,60,0.82,-4.17999999999995
2001,61,0.43,-3.8999999999999773
2001,61,0.43,-3.8999999999999773
2001,62,0.57,-4.5
2001,62,0.57,-4.5
2001,63,0.38,-3.7299999999999613
2001,63,0.38,-3.7299999999999613
2001,64,0.0,-1.6399999999999864
2001,64,0.0,-1.6399999999999864
2001,65,0.0,0.6700000000000159
2001,65,0.0,0.6700000000000159
2001,66,4.79,0.27000000000003865
2001,66,4.79,0.27000000000003865
2001,67,0.36,0.27000000000003865
2001,67,0.36,0.27000000000003865
2001,68,0.04,-1.009999999999991
2001,68,0.04,-1.009999999999991
2001,69,3.96,-0.2699999999999818
2001,69,3.96,-0.2699999999999818
2001,70,10.59,-4.029999999999973
2001,70,10.59,-4.029999999999973
2001,71,0.02,-4.779999999999973
2001,71,0.02,-4.779999999999973
2001,72,0.0,-3.8799999999999955
2001,72,0.0,-3.8799999999999955
2001,73,0.59,-3.6399999999999864
2001,73,0.59,-3.6399999999999864
2001,74,0.0,-7.829999999999984
2001,74,0.0,-7.829999999999984
2001,75,0.0,-7.310000000000002
2001,75,0.0,-7.310000000000002
2001,76,1.3,-4.839999999999975
2001,76,1.3,-4.839999999999975
2001,77,0.75,-5.46999999999997
2001,77,0.75,-5.46999999999997
2001,78,0.12,-3.7799999999999727
2001,78,0.12,-3.7799999999999727
2001,79,0.0,0.75
2001,79,0.0,0.75
2001,80,0.0,2.3700000000000045
2001,80,0.0,2.3700000000000045
2001,81,0.03,1.5200000000000387
2001,81,0.03,1.5200000000000387
2001,82,1.09,1.650000000000034
2001,82,1.09,1.650000000000034
2001,83,7.41,0.9700000000000273
2001,83,7.41,0.9700000000000273
2001,84,0.0,1.1899999999999977
2001,84,0.0,1.1899999999999977
2001,85,0.42,0.5200000000000387
2001,85,0.42,0.5200000000000387
2001,86,0.87,0.8900000000000432
2001,86,0.87,0.8900000000000432
2001,87,0.0,-0.5
2001,87,0.0,-0.5
2001,88,1.33,-0.6899999999999977
2001,88,1.33,-0.6899999999999977
2001,89,1.04,-1.4699999999999704
2001,89,1.04,-1.4699999999999704
2001,90,0.0,-1.7699999999999818
2001,90,0.0,-1.7699999999999818
2001,91,0.04,1.8799999999999955
2001,91,0.04,1.8799999999999955
2001,92,0.0,3.9700000000000273
2001,92,0.0,3.9700000000000273
2001,93,0.0,5.160000000000025
2001,93,0.0,5.160000000000025
2001,94,0.0,7.1299999999999955
2001,94,0.0,7.1299999999999955
2001,95,0.0,7.160000000000025
2001,95,0.0,7.160000000000025
2001,96,0.36,5.57000000000005
2001,96,0.36,5.57000000000005
2001,97,0.14,0.37000000000000455
2001,97,0.14,0.37000000000000455
2001,98,0.0,2.1000000000000227
2001,98,0.0,2.1000000000000227
2001,99,0.0,0.27000000000003865
2001,99,0.0,0.27000000000003865
2001,100,3.24,1.8400000000000318
2001,100,3.24,1.8400000000000318
2001,101,6.17,-2.0
2001,101,6.17,-2.0
2001,102,0.4,-2.349999999999966
2001,102,0.4,-2.349999999999966
2001,103,0.0,-1.2399999999999523
2001,103,0.0,-1.2399999999999523
2001,104,0.0,0.9399999999999977
2001,104,0.0,0.9399999999999977
2001,105,0.0,1.5900000000000318
2001,105,0.0,1.5900000000000318
2001,106,0.0,3.390000000000043
2001,106,0.0,3.390000000000043
2001,107,0.0,3.7600000000000477
2001,107,0.0,3.7600000000000477
2001,108,0.0,7.640000000000043
2001,108,0.0,7.640000000000043
2001,109,0.0,8.439999999999998
2001,109,0.0,8.439999999999998
2001,110,0.25,5.8700000000000045
2001,110,0.25,5.8700000000000045
2001,111,0.0,2.6200000000000045
2001,111,0.0,2.6200000000000045
2001,112,12.32,2.390000000000043
2001,112,12.32,2.390000000000043
2001,113,2.8,-1.0399999999999636
2001,113,2.8,-1.0399999999999636
2001,114,0.0,0.9600000000000364
2001,114,0.0,0.9600000000000364
2001,115,0.0,4.689999999999998
2001,115,0.0,4.689999999999998
2001,116,0.0,5.439999999999998
2001,116,0.0,5.439999999999998
2001,117,0.0,6.650000000000034
2001,117,0.0,6.650000000000034
2001,118,0.0,7.470000000000027
2001,118,0.0,7.470000000000027
2001,119,0.03,6.550000000000011
2001,119,0.03,6.550000000000011
2001,120,0.0,5.600000000000023
2001,120,0.0,5.600000000000023
2001,121,0.0,7.670000000000016
2001,121,0.0,7.670000000000016
2001,122,0.1,5.170000000000016
2001,122,0.1,5.170000000000016
2001,123,22.1,-1.599999999999966
2001,123,22.1,-1.599999999999966
2001,124,14.01,-1.7099999999999795
2001,124,14.01,-1.7099999999999795
2001,125,6.53,0.29000000000002046
2001,125,6.53,0.29000000000002046
2001,126,3.33,3.0100000000000477
2001,126,3.33,3.0100000000000477
2001,127,0.0,3.340000000000032
2001,127,0.0,3.340000000000032
2001,128,0.0,5.970000000000027
2001,128,0.0,5.970000000000027
2001,129,0.0,8.920000000000016
2001,129,0.0,8.920000000000016
2001,130,0.0,9.840000000000032
2001,130,0.0,9.840000000000032
2001,131,0.02,9.5
2001,131,0.02,9.5
2001,132,0.21,10.54000000000002
2001,132,0.21,10.54000000000002
2001,133,0.05,12.170000000000016
2001,133,0.05,12.170000000000016
2001,134,0.14,12.010000000000048
2001,134,0.14,12.010000000000048
2001,135,0.0,11.140000000000043
2001,135,0.0,11.140000000000043
2001,136,0.0,12.350000000000023
2001,136,0.0,12.350000000000023
2001,137,3.57,11.660000000000025
2001,137,3.57,11.660000000000025
2001,138,4.54,9.54000000000002
2001,138,4.54,9.54000000000002
2001,139,4.98,10.420000000000016
2001,139,4.98,10.420000000000016
2001,140,0.39,9.439999999999998
2001,140,0.39,9.439999999999998
2001,141,7.21,3.0500000000000114
2001,141,7.21,3.0500000000000114
2001,142,0.0,5.610000000000014
2001,142,0.0,5.610000000000014
2001,143,0.0,9.629999999999995
2001,143,0.0,9.629999999999995
2001,144,0.0,10.420000000000016
2001,144,0.0,10.420000000000016
2001,145,0.07,11.160000000000025
2001,145,0.07,11.160000000000025
2001,146,0.15,13.100000000000023
2001,146,0.15,13.100000000000023
2001,147,0.07,13.57000000000005
2001,147,0.07,13.57000000000005
2001,148,0.0,13.310000000000002
2001,148,0.0,13.310000000000002
2001,149,4.22,12.730000000000018
2001,149,4.22,12.730000000000018
2001,150,0.62,11.410000000000025
2001,150,0.62,11.410000000000025
2001,151,0.16,11.230000000000018
2001,151,0.16,11.230000000000018
2001,152,0.0,12.910000000000025
2001,152,0.0,12.910000000000025
2001,153,0.0,14.960000000000036
2001,153,0.0,14.960000000000036
2001,154,0.0,14.340000000000032
2001,154,0.0,14.340000000000032
2001,155,0.0,12.010000000000048
2001,155,0.0,12.010000000000048
2001,156,0.0,10.350000000000023
2001,156,0.0,10.350000000000023
2001,157,0.0,13.160000000000025
2001,157,0.0,13.160000000000025
2001,158,6.82,15.930000000000007
2001,158,6.82,15.930000000000007
2001,159,6.55,16.460000000000036
2001,159,6.55,16.460000000000036
2001,160,0.72,16.879999999999995
2001,160,0.72,16.879999999999995
2001,161,0.19,17.220000000000027
2001,161,0.19,17.220000000000027
2001,162,0.0,17.379999999999995
2001,162,0.0,17.379999999999995
2001,163,0.0,16.180000000000007
2001,163,0.0,16.180000000000007
2001,164,4.74,11.730000000000018
2001,164,4.74,11.730000000000018
2001,165,5.73,5.150000000000034
2001,165,5.73,5.150000000000034
2001,166,0.0,8.180000000000007
2001,166,0.0,8.180000000000007
2001,167,0.0,13.660000000000025
2001,167,0.0,13.660000000000025
2001,168,0.0,16.310000000000002
2001,168,0.0,16.310000000000002
2001,169,0.0,16.52000000000004
2001,169,0.0,16.52000000000004
2001,170,1.13,15.680000000000007
2001,170,1.13,15.680000000000007
2001,171,0.52,15.07000000000005
2001,171,0.52,15.07000000000005
2001,172,0.0,14.140000000000043
2001,172,0.0,14.140000000000043
2001,173,0.17,15.960000000000036
2001,173,0.17,15.960000000000036
2001,174,3.03,17.129999999999995
2001,174,3.03,17.129999999999995
2001,175,0.2,18.370000000000005
2001,175,0.2,18.370000000000005
2001,176,1.04,17.80000000000001
2001,176,1.04,17.80000000000001
2001,177,3.12,17.80000000000001
2001,177,3.12,17.80000000000001
2001,178,1.55,15.900000000000034
2001,178,1.55,15.900000000000034
2001,179,0.18,17.29000000000002
2001,179,0.18,17.29000000000002
2001,180,0.31,19.140000000000043
2001,180,0.31,19.140000000000043
2001,181,0.09,19.390000000000043
2001,181,0.09,19.390000000000043
2001,182,0.2,20.05000000000001
2001,182,0.2,20.05000000000001
2001,183,0.08,20.170000000000016
2001,183,0.08,20.170000000000016
2001,184,0.51,19.160000000000025
2001,184,0.51,19.160000000000025
2001,185,0.19,19.260000000000048
2001,185,0.19,19.260000000000048
2001,186,0.67,19.77000000000004
2001,186,0.67,19.77000000000004
2001,187,0.36,20.689999999999998
2001,187,0.36,20.689999999999998
2001,188,1.93,20.200000000000045
2001,188,1.93,20.200000000000045
2001,189,4.93,20.370000000000005
2001,189,4.93,20.370000000000005
2001,190,9.24,20.129999999999995
2001,190,9.24,20.129999999999995
2001,191,2.5,18.82000000000005
2001,191,2.5,18.82000000000005
2001,192,0.03,17.939999999999998
2001,192,0.03,17.939999999999998
2001,193,7.51,17.710000000000036
2001,193,7.51,17.710000000000036
2001,194,6.88,17.400000000000034
2001,194,6.88,17.400000000000034
2001,195,5.35,16.82000000000005
2001,195,5.35,16.82000000000005
2001,196,0.89,15.580000000000041
2001,196,0.89,15.580000000000041
2001,197,0.0,16.52000000000004
2001,197,0.0,16.52000000000004
2001,198,0.0,16.80000000000001
2001,198,0.0,16.80000000000001
2001,199,0.0,16.920000000000016
2001,199,0.0,16.920000000000016
2001,200,0.59,17.82000000000005
2001,200,0.59,17.82000000000005
2001,201,0.22,17.879999999999995
2001,201,0.22,17.879999999999995
2001,202,0.24,19.510000000000048
2001,202,0.24,19.510000000000048
2001,203,0.78,18.460000000000036
2001,203,0.78,18.460000000000036
2001,204,1.95,19.5
2001,204,1.95,19.5
2001,205,2.37,17.620000000000005
2001,205,2.37,17.620000000000005
2001,206,3.11,17.32000000000005
2001,206,3.11,17.32000000000005
2001,207,2.41,16.950000000000045
2001,207,2.41,16.950000000000045
2001,208,0.53,15.210000000000036
2001,208,0.53,15.210000000000036
2001,209,0.34,16.760000000000048
2001,209,0.34,16.760000000000048
2001,210,0.17,18.260000000000048
2001,210,0.17,18.260000000000048
2001,211,0.23,19.450000000000045
2001,211,0.23,19.450000000000045
2001,212,1.01,18.360000000000014
2001,212,1.01,18.360000000000014
2001,213,3.12,17.28000000000003
2001,213,3.12,17.28000000000003
2001,214,9.89,17.450000000000045
2001,214,9.89,17.450000000000045
2001,215,0.39,17.650000000000034
2001,215,0.39,17.650000000000034
2001,216,5.71,17.850000000000023
2001,216,5.71,17.850000000000023
2001,217,1.77,18.400000000000034
2001,217,1.77,18.400000000000034
2001,218,0.45,18.75
2001,218,0.45,18.75
2001,219,8.1,17.760000000000048
2001,219,8.1,17.760000000000048
2001,220,3.38,17.060000000000002
2001,220,3.38,17.060000000000002
2001,221,4.24,14.260000000000048
2001,221,4.24,14.260000000000048
2001,222,1.33,13.25
2001,222,1.33,13.25
2001,223,6.5,15.010000000000048
2001,223,6.5,15.010000000000048
2001,224,4.03,16.170000000000016
2001,224,4.03,16.170000000000016
2001,225,0.59,16.650000000000034
2001,225,0.59,16.650000000000034
2001,226,6.07,14.700000000000045
2001,226,6.07,14.700000000000045
2001,227,5.85,13.200000000000045
2001,227,5.85,13.200000000000045
2001,228,6.38,13.300000000000011
2001,228,6.38,13.300000000000011
2001,229,1.66,14.75
2001,229,1.66,14.75
2001,230,1.69,15.32000000000005
2001,230,1.69,15.32000000000005
2001,231,0.05,17.689999999999998
2001,231,0.05,17.689999999999998
2001,232,0.21,17.480000000000018
2001,232,0.21,17.480000000000018
2001,233,0.61,14.910000000000025
2001,233,0.61,14.910000000000025
2001,234,5.45,15.430000000000007
2001,234,5.45,15.430000000000007
2001,235,0.12,13.939999999999998
2001,235,0.12,13.939999999999998
2001,236,0.06,15.340000000000032
2001,236,0.06,15.340000000000032
2001,237,0.9,16.629999999999995
2001,237,0.9,16.629999999999995
2001,238,0.05,15.600000000000023
2001,238,0.05,15.600000000000023
2001,239,0.0,17.090000000000032
2001,239,0.0,17.090000000000032
2001,240,0.18,17.05000000000001
2001,240,0.18,17.05000000000001
2001,241,0.08,16.310000000000002
2001,241,0.08,16.310000000000002
2001,242,2.31,15.210000000000036
2001,242,2.31,15.210000000000036
2001,243,1.4,14.160000000000025
2001,243,1.4,14.160000000000025
2001,244,0.35,14.150000000000034
2001,244,0.35,14.150000000000034
2001,245,1.01,14.939999999999998
2001,245,1.01,14.939999999999998
2001,246,0.0,16.03000000000003
2001,246,0.0,16.03000000000003
2001,247,0.0,16.390000000000043
2001,247,0.0,16.390000000000043
2001,248,0.59,15.32000000000005
2001,248,0.59,15.32000000000005
2001,249,0.15,15.29000000000002
2001,249,0.15,15.29000000000002
2001,250,1.39,8.950000000000045
2001,250,1.39,8.950000000000045
2001,251,8.67,4.840000000000032
2001,251,8.67,4.840000000000032
2001,252,0.26,5.640000000000043
2001,252,0.26,5.640000000000043
2001,253,0.0,11.970000000000027
2001,253,0.0,11.970000000000027
2001,254,0.0,14.25
2001,254,0.0,14.25
2001,255,0.0,15.470000000000027
2001,255,0.0,15.470000000000027
2001,256,0.02,16.120000000000005
2001,256,0.02,16.120000000000005
2001,257,4.75,15.150000000000034
2001,257,4.75,15.150000000000034
2001,258,0.92,13.240000000000009
2001,258,0.92,13.240000000000009
2001,259,0.63,12.740000000000009
2001,259,0.63,12.740000000000009
2001,260,1.36,12.100000000000023
2001,260,1.36,12.100000000000023
2001,261,0.22,10.060000000000002
2001,261,0.22,10.060000000000002
2001,262,0.0,11.060000000000002
2001,262,0.0,11.060000000000002
2001,263,0.0,13.020000000000039
2001,263,0.0,13.020000000000039
2001,264,0.0,13.680000000000007
2001,264,0.0,13.680000000000007
2001,265,0.0,14.360000000000014
2001,265,0.0,14.360000000000014
2001,266,0.0,12.120000000000005
2001,266,0.0,12.120000000000005
2001,267,0.0,13.140000000000043
2001,267,0.0,13.140000000000043
2001,268,0.0,14.700000000000045
2001,268,0.0,14.700000000000045
2001,269,0.0,14.5
2001,269,0.0,14.5
2001,270,0.0,15.260000000000048
2001,270,0.0,15.260000000000048
2001,271,0.01,15.490000000000009
2001,271,0.01,15.490000000000009
2001,272,0.25,14.360000000000014
2001,272,0.25,14.360000000000014
2001,273,0.51,13.100000000000023
2001,273,0.51,13.100000000000023
2001,274,0.23,12.400000000000034
2001,274,0.23,12.400000000000034
2001,275,0.0,12.79000000000002
2001,275,0.0,12.79000000000002
2001,276,0.0,12.04000000000002
2001,276,0.0,12.04000000000002
2001,277,0.07,11.200000000000045
2001,277,0.07,11.200000000000045
2001,278,0.0,6.230000000000018
2001,278,0.0,6.230000000000018
2001,279,0.0,7.330000000000041
2001,279,0.0,7.330000000000041
2001,280,0.0,9.860000000000014
2001,280,0.0,9.860000000000014
2001,281,0.0,9.379999999999995
2001,281,0.0,9.379999999999995
2001,282,0.0,8.54000000000002
2001,282,0.0,8.54000000000002
2001,283,0.0,2.1200000000000045
2001,283,0.0,2.1200000000000045
2001,284,0.21,3.2200000000000273
2001,284,0.21,3.2200000000000273
2001,285,0.03,2.7900000000000205
2001,285,0.03,2.7900000000000205
2001,286,0.0,1.0400000000000205
2001,286,0.0,1.0400000000000205
2001,287,0.0,3.7000000000000455
2001,287,0.0,3.7000000000000455
2001,288,0.08,4.150000000000034
2001,288,0.08,4.150000000000034
2001,289,0.0,5.890000000000043
2001,289,0.0,5.890000000000043
2001,290,0.0,8.930000000000007
2001,290,0.0,8.930000000000007
2001,291,0.0,8.450000000000045
2001,291,0.0,8.450000000000045
2001,292,0.0,6.4500000000000455
2001,292,0.0,6.4500000000000455
2001,293,0.0,8.25
2001,293,0.0,8.25
2001,294,0.0,7.960000000000036
2001,294,0.0,7.960000000000036
2001,295,0.06,8.0
2001,295,0.06,8.0
2001,296,0.11,5.490000000000009
2001,296,0.11,5.490000000000009
2001,297,0.11,1.830000000000041
2001,297,0.11,1.830000000000041
2001,298,0.0,0.4800000000000182
2001,298,0.0,0.4800000000000182
2001,299,0.0,3.330000000000041
2001,299,0.0,3.330000000000041
2001,300,0.0,6.3700000000000045
2001,300,0.0,6.3700000000000045
2001,301,0.0,8.720000000000027
2001,301,0.0,8.720000000000027
2001,302,0.0,9.110000000000014
2001,302,0.0,9.110000000000014
2001,303,0.0,9.330000000000041
2001,303,0.0,9.330000000000041
2001,304,0.0,8.740000000000009
2001,304,0.0,8.740000000000009
2001,305,0.0,3.6100000000000136
2001,305,0.0,3.6100000000000136
2001,306,0.0,3.900000000000034
2001,306,0.0,3.900000000000034
2001,307,0.0,5.550000000000011
2001,307,0.0,5.550000000000011
2001,308,0.0,5.610000000000014
2001,308,0.0,5.610000000000014
2001,309,0.0,6.6200000000000045
2001,309,0.0,6.6200000000000045
2001,310,0.0,7.670000000000016
2001,310,0.0,7.670000000000016
2001,311,0.58,6.930000000000007
2001,311,0.58,6.930000000000007
2001,312,5.36,1.9500000000000455
2001,312,5.36,1.9500000000000455
2001,313,0.04,1.2700000000000387
2001,313,0.04,1.2700000000000387
2001,314,0.0,3.3799999999999955
2001,314,0.0,3.3799999999999955
2001,315,0.0,2.590000000000032
2001,315,0.0,2.590000000000032
2001,316,0.0,2.2600000000000477
2001,316,0.0,2.2600000000000477
2001,317,0.0,3.1899999999999977
2001,317,0.0,3.1899999999999977
2001,318,0.0,4.330000000000041
2001,318,0.0,4.330000000000041
2001,319,0.0,2.730000000000018
2001,319,0.0,2.730000000000018
2001,320,0.0,3.1000000000000227
2001,320,0.0,3.1000000000000227
2001,321,0.0,2.6299999999999955
2001,321,0.0,2.6299999999999955
2001,322,1.56,1.4700000000000273
2001,322,1.56,1.4700000000000273
2001,323,0.0,-1.1899999999999977
2001,323,0.0,-1.1899999999999977
2001,324,0.0,1.7200000000000273
2001,324,0.0,1.7200000000000273
2001,325,0.0,1.580000000000041
2001,325,0.0,1.580000000000041
2001,326,0.13,1.3400000000000318
2001,326,0.13,1.3400000000000318
2001,327,0.69,-0.37999999999999545
2001,327,0.69,-0.37999999999999545
2001,328,0.37,-4.739999999999952
2001,328,0.37,-4.739999999999952
2001,329,1.38,-2.339999999999975
2001,329,1.38,-2.339999999999975
2001,330,0.4,-7.089999999999975
2001,330,0.4,-7.089999999999975
2001,331,1.47,-9.799999999999955
2001,331,1.47,-9.799999999999955
2001,332,0.14,-12.45999999999998
2001,332,0.14,-12.45999999999998
2001,333,0.0,-7.069999999999993
2001,333,0.0,-7.069999999999993
2001,334,0.0,-6.759999999999991
2001,334,0.0,-6.759999999999991
2001,335,0.0,-7.789999999999964
2001,335,0.0,-7.789999999999964
2001,336,0.0,-2.5299999999999727
2001,336,0.0,-2.5299999999999727
2001,337,0.0,0.9700000000000273
2001,337,0.0,0.9700000000000273
2001,338,0.0,-1.589999999999975
2001,338,0.0,-1.589999999999975
2001,339,0.0,-4.399999999999977
2001,339,0.0,-4.399999999999977
2001,340,0.06,-6.359999999999957
2001,340,0.06,-6.359999999999957
2001,341,0.22,-5.46999999999997
2001,341,0.22,-5.46999999999997
2001,342,0.0,-9.389999999999986
2001,342,0.0,-9.389999999999986
2001,343,0.0,-4.099999999999966
2001,343,0.0,-4.099999999999966
2001,344,0.0,-3.6899999999999977
2001,344,0.0,-3.6899999999999977
2001,345,0.18,-6.96999999999997
2001,345,0.18,-6.96999999999997
2001,346,1.89,-8.239999999999952
2001,346,1.89,-8.239999999999952
2001,347,0.01,-10.199999999999989
2001,347,0.01,-10.199999999999989
2001,348,0.0,-6.310000000000002
2001,348,0.0,-6.310000000000002
2001,349,2.04,-5.409999999999968
2001,349,2.04,-5.409999999999968
2001,350,0.01,-8.879999999999995
2001,350,0.01,-8.879999999999995
2001,351,0.0,-4.449999999999989
2001,351,0.0,-4.449999999999989
2001,352,0.0,-3.9699999999999704
2001,352,0.0,-3.9699999999999704
2001,353,0.0,-7.069999999999993
2001,353,0.0,-7.069999999999993
2001,354,0.0,-3.7199999999999704
2001,354,0.0,-3.7199999999999704
2001,355,0.56,-2.6200000000000045
2001,355,0.56,-2.6200000000000045
2001,356,0.84,-8.389999999999986
2001,356,0.84,-8.389999999999986
2001,357,0.0,-9.810000000000002
2001,357,0.0,-9.810000000000002
2001,358,0.0,-9.239999999999952
2001,358,0.0,-9.239999999999952
2001,359,0.0,-9.039999999999964
2001,359,0.0,-9.039999999999964
2001,360,0.0,-6.92999999999995
2001,360,0.0,-6.92999999999995
2001,361,0.0,-6.109999999999957
2001,361,0.0,-6.109999999999957
2001,362,0.0,-6.17999999999995
2001,362,0.0,-6.17999999999995
2001,363,0.29,-6.739999999999952
2001,363,0.29,-6.739999999999952
2001,364,0.0,-7.560000000000002
2001,364,0.0,-7.560000000000002
2001,365,0.38,-9.060000000000002
2001,365,0.38,-9.060000000000002
2002,1,1.28,-8.5
2002,1,1.28,-8.5
2002,2,0.0,-12.169999999999959
2002,2,0.0,-12.169999999999959
2002,3,0.0,-6.42999999999995
2002,3,0.0,-6.42999999999995
2002,4,0.0,-4.21999999999997
2002,4,0.0,-4.21999999999997
2002,5,1.3,-9.109999999999957
2002,5,1.3,-9.109999999999957
2002,6,0.01,-7.339999999999975
2002,6,0.01,-7.339999999999975
2002,7,0.0,-2.9599999999999795
2002,7,0.0,-2.9599999999999795
2002,8,0.0,1.2000000000000455
2002,8,0.0,1.2000000000000455
2002,9,0.0,1.1000000000000227
2002,9,0.0,1.1000000000000227
2002,10,3.76,-2.859999999999957
2002,10,3.76,-2.859999999999957
2002,11,0.07,-5.529999999999973
2002,11,0.07,-5.529999999999973
2002,12,0.02,-4.909999999999968
2002,12,0.02,-4.909999999999968
2002,13,0.02,-4.92999999999995
2002,13,0.02,-4.92999999999995
2002,14,0.0,-10.589999999999975
2002,14,0.0,-10.589999999999975
2002,15,0.0,-6.669999999999959
2002,15,0.0,-6.669999999999959
2002,16,0.0,-7.310000000000002
2002,16,0.0,-7.310000000000002
2002,17,0.01,-7.839999999999975
2002,17,0.01,-7.839999999999975
2002,18,0.0,-10.889999999999986
2002,18,0.0,-10.889999999999986
2002,19,0.0,-12.20999999999998
2002,19,0.0,-12.20999999999998
2002,20,0.0,-10.439999999999998
2002,20,0.0,-10.439999999999998
2002,21,0.0,-8.70999999999998
2002,21,0.0,-8.70999999999998
2002,22,0.79,-4.779999999999973
2002,22,0.79,-4.779999999999973
2002,23,3.43,-8.870000000000005
2002,23,3.43,-8.870000000000005
2002,24,0.04,-12.449999999999989
2002,24,0.04,-12.449999999999989
2002,25,0.01,-4.7999999999999545
2002,25,0.01,-4.7999999999999545
2002,26,0.0,-1.669999999999959
2002,26,0.0,-1.669999999999959
2002,27,0.0,-2.1999999999999886
2002,27,0.0,-2.1999999999999886
2002,28,0.0,-4.0
2002,28,0.0,-4.0
2002,29,0.06,-5.569999999999993
2002,29,0.06,-5.569999999999993
2002,30,2.36,-8.289999999999964
2002,30,2.36,-8.289999999999964
2002,31,0.21,-14.079999999999984
2002,31,0.21,-14.079999999999984
2002,32,0.03,-12.120000000000005
2002,32,0.03,-12.120000000000005
2002,33,0.0,-7.310000000000002
2002,33,0.0,-7.310000000000002
2002,34,0.0,-8.239999999999952
2002,34,0.0,-8.239999999999952
2002,35,0.38,-7.389999999999986
2002,35,0.38,-7.389999999999986
2002,36,0.13,-9.799999999999955
2002,36,0.13,-9.799999999999955
2002,37,0.0,-7.689999999999998
2002,37,0.0,-7.689999999999998
2002,38,0.0,-5.310000000000002
2002,38,0.0,-5.310000000000002
2002,39,0.0,-4.389999999999986
2002,39,0.0,-4.389999999999986
2002,40,0.44,-9.92999999999995
2002,40,0.44,-9.92999999999995
2002,41,0.12,-10.989999999999952
2002,41,0.12,-10.989999999999952
2002,42,0.0,-1.7999999999999545
2002,42,0.0,-1.7999999999999545
2002,43,0.0,-4.359999999999957
2002,43,0.0,-4.359999999999957
2002,44,0.0,-9.329999999999984
2002,44,0.0,-9.329999999999984
2002,45,0.0,-4.7099999999999795
2002,45,0.0,-4.7099999999999795
2002,46,5.95,-7.289999999999964
2002,46,5.95,-7.289999999999964
2002,47,0.29,-4.75
2002,47,0.29,-4.75
2002,48,0.0,-3.1899999999999977
2002,48,0.0,-3.1899999999999977
2002,49,0.0,-2.67999999999995
2002,49,0.0,-2.67999999999995
2002,50,0.37,-4.71999999999997
2002,50,0.37,-4.71999999999997
2002,51,0.21,-5.8700000000000045
2002,51,0.21,-5.8700000000000045
2002,52,0.2,-5.839999999999975
2002,52,0.2,-5.839999999999975
2002,53,0.0,-3.7899999999999636
2002,53,0.0,-3.7899999999999636
2002,54,0.0,0.6800000000000068
2002,54,0.0,0.6800000000000068
2002,55,0.58,-1.2299999999999613
2002,55,0.58,-1.2299999999999613
2002,56,0.25,-7.92999999999995
2002,56,0.25,-7.92999999999995
2002,57,0.05,-14.96999999999997
2002,57,0.05,-14.96999999999997
2002,58,0.0,-9.379999999999995
2002,58,0.0,-9.379999999999995
2002,59,1.55,-7.810000000000002
2002,59,1.55,-7.810000000000002
2002,60,1.83,-10.949999999999989
2002,60,1.83,-10.949999999999989
2002,61,0.04,-18.73999999999998
2002,61,0.04,-18.73999999999998
2002,62,0.49,-17.629999999999967
2002,62,0.49,-17.629999999999967
2002,63,0.06,-9.539999999999964
2002,63,0.06,-9.539999999999964
2002,64,0.0,-5.239999999999952
2002,64,0.0,-5.239999999999952
2002,65,0.0,-4.139999999999986
2002,65,0.0,-4.139999999999986
2002,66,0.0,-1.9799999999999613
2002,66,0.0,-1.9799999999999613
2002,67,0.07,-3.0299999999999727
2002,67,0.07,-3.0299999999999727
2002,68,0.07,-10.269999999999982
2002,68,0.07,-10.269999999999982
2002,69,0.01,-3.2999999999999545
2002,69,0.01,-3.2999999999999545
2002,70,0.0,-2.5600000000000023
2002,70,0.0,-2.5600000000000023
2002,71,0.0,-0.8799999999999955
2002,71,0.0,-0.8799999999999955
2002,72,0.91,1.7300000000000182
2002,72,0.91,1.7300000000000182
2002,73,2.22,-1.349999999999966
2002,73,2.22,-1.349999999999966
2002,74,2.34,-7.529999999999973
2002,74,2.34,-7.529999999999973
2002,75,0.16,-7.169999999999959
2002,75,0.16,-7.169999999999959
2002,76,0.02,-8.269999999999982
2002,76,0.02,-8.269999999999982
2002,77,0.79,-5.649999999999977
2002,77,0.79,-5.649999999999977
2002,78,0.33,-4.989999999999952
2002,78,0.33,-4.989999999999952
2002,79,0.02,-2.8100000000000023
2002,79,0.02,-2.8100000000000023
2002,80,0.0,-0.44999999999998863
2002,80,0.0,-0.44999999999998863
2002,81,0.0,1.420000000000016
2002,81,0.0,1.420000000000016
2002,82,0.0,2.670000000000016
2002,82,0.0,2.670000000000016
2002,83,1.52,-0.45999999999997954
2002,83,1.52,-0.45999999999997954
2002,84,6.32,-3.7899999999999636
2002,84,6.32,-3.7899999999999636
2002,85,0.04,-3.359999999999957
2002,85,0.04,-3.359999999999957
2002,86,0.0,-0.6499999999999773
2002,86,0.0,-0.6499999999999773
2002,87,0.0,1.0
2002,87,0.0,1.0
2002,88,0.0,0.8799999999999955
2002,88,0.0,0.8799999999999955
2002,89,0.0,0.910000000000025
2002,89,0.0,0.910000000000025
2002,90,0.0,0.9300000000000068
2002,90,0.0,0.9300000000000068
2002,91,0.0,3.3700000000000045
2002,91,0.0,3.3700000000000045
2002,92,0.0,1.9700000000000273
2002,92,0.0,1.9700000000000273
2002,93,0.0,-3.079999999999984
2002,93,0.0,-3.079999999999984
2002,94,0.0,2.5100000000000477
2002,94,0.0,2.5100000000000477
2002,95,0.0,4.07000000000005
2002,95,0.0,4.07000000000005
2002,96,0.0,5.760000000000048
2002,96,0.0,5.760000000000048
2002,97,0.09,5.160000000000025
2002,97,0.09,5.160000000000025
2002,98,0.45,3.1100000000000136
2002,98,0.45,3.1100000000000136
2002,99,0.01,3.590000000000032
2002,99,0.01,3.590000000000032
2002,100,0.02,5.810000000000002
2002,100,0.02,5.810000000000002
2002,101,0.16,4.7900000000000205
2002,101,0.16,4.7900000000000205
2002,102,0.0,4.25
2002,102,0.0,4.25
2002,103,0.69,5.730000000000018
2002,103,0.69,5.730000000000018
2002,104,0.0,7.03000000000003
2002,104,0.0,7.03000000000003
2002,105,0.0,8.75
2002,105,0.0,8.75
2002,106,0.23,5.2000000000000455
2002,106,0.23,5.2000000000000455
2002,107,0.0,2.840000000000032
2002,107,0.0,2.840000000000032
2002,108,0.0,5.160000000000025
2002,108,0.0,5.160000000000025
2002,109,0.0,1.7800000000000296
2002,109,0.0,1.7800000000000296
2002,110,0.0,1.830000000000041
2002,110,0.0,1.830000000000041
2002,111,0.0,-1.6499999999999773
2002,111,0.0,-1.6499999999999773
2002,112,0.0,0.8100000000000023
2002,112,0.0,0.8100000000000023
2002,113,0.0,4.5400000000000205
2002,113,0.0,4.5400000000000205
2002,114,0.0,6.080000000000041
2002,114,0.0,6.080000000000041
2002,115,0.0,5.740000000000009
2002,115,0.0,5.740000000000009
2002,116,0.17,6.110000000000014
2002,116,0.17,6.110000000000014
2002,117,0.2,4.330000000000041
2002,117,0.2,4.330000000000041
2002,118,0.2,2.7600000000000477
2002,118,0.2,2.7600000000000477
2002,119,0.0,5.860000000000014
2002,119,0.0,5.860000000000014
2002,120,0.0,7.890000000000043
2002,120,0.0,7.890000000000043
2002,121,0.0,5.760000000000048
2002,121,0.0,5.760000000000048
2002,122,0.24,1.5
2002,122,0.24,1.5
2002,123,0.2,1.7700000000000387
2002,123,0.2,1.7700000000000387
2002,124,0.0,3.340000000000032
2002,124,0.0,3.340000000000032
2002,125,0.03,5.6200000000000045
2002,125,0.03,5.6200000000000045
2002,126,0.0,6.490000000000009
2002,126,0.0,6.490000000000009
2002,127,0.0,7.410000000000025
2002,127,0.0,7.410000000000025
2002,128,0.0,6.520000000000039
2002,128,0.0,6.520000000000039
2002,129,0.0,1.3400000000000318
2002,129,0.0,1.3400000000000318
2002,130,0.0,5.400000000000034
2002,130,0.0,5.400000000000034
2002,131,0.8,6.960000000000036
2002,131,0.8,6.960000000000036
2002,132,4.39,2.480000000000018
2002,132,4.39,2.480000000000018
2002,133,0.91,4.020000000000039
2002,133,0.91,4.020000000000039
2002,134,0.19,8.910000000000025
2002,134,0.19,8.910000000000025
2002,135,0.01,10.160000000000025
2002,135,0.01,10.160000000000025
2002,136,0.23,9.710000000000036
2002,136,0.23,9.710000000000036
2002,137,1.9,8.450000000000045
2002,137,1.9,8.450000000000045
2002,138,0.42,10.670000000000016
2002,138,0.42,10.670000000000016
2002,139,0.25,13.25
2002,139,0.25,13.25
2002,140,1.34,11.57000000000005
2002,140,1.34,11.57000000000005
2002,141,0.17,11.060000000000002
2002,141,0.17,11.060000000000002
2002,142,0.0,5.4500000000000455
2002,142,0.0,5.4500000000000455
2002,143,0.02,5.550000000000011
2002,143,0.02,5.550000000000011
2002,144,10.19,5.03000000000003
2002,144,10.19,5.03000000000003
2002,145,1.02,6.57000000000005
2002,145,1.02,6.57000000000005
2002,146,1.02,10.160000000000025
2002,146,1.02,10.160000000000025
2002,147,0.02,12.240000000000009
2002,147,0.02,12.240000000000009
2002,148,0.1,12.170000000000016
2002,148,0.1,12.170000000000016
2002,149,0.0,14.0
2002,149,0.0,14.0
2002,150,0.0,15.79000000000002
2002,150,0.0,15.79000000000002
2002,151,0.0,18.939999999999998
2002,151,0.0,18.939999999999998
2002,152,0.0,18.970000000000027
2002,152,0.0,18.970000000000027
2002,153,0.0,16.660000000000025
2002,153,0.0,16.660000000000025
2002,154,0.0,14.360000000000014
2002,154,0.0,14.360000000000014
2002,155,3.42,10.53000000000003
2002,155,3.42,10.53000000000003
2002,156,3.76,8.990000000000009
2002,156,3.76,8.990000000000009
2002,157,0.0,13.189999999999998
2002,157,0.0,13.189999999999998
2002,158,0.0,16.77000000000004
2002,158,0.0,16.77000000000004
2002,159,0.0,17.29000000000002
2002,159,0.0,17.29000000000002
2002,160,0.0,17.480000000000018
2002,160,0.0,17.480000000000018
2002,161,0.0,16.24000000000001
2002,161,0.0,16.24000000000001
2002,162,0.0,13.600000000000023
2002,162,0.0,13.600000000000023
2002,163,0.01,14.560000000000002
2002,163,0.01,14.560000000000002
2002,164,0.0,14.379999999999995
2002,164,0.0,14.379999999999995
2002,165,0.1,12.960000000000036
2002,165,0.1,12.960000000000036
2002,166,0.02,15.370000000000005
2002,166,0.02,15.370000000000005
2002,167,0.08,14.120000000000005
2002,167,0.08,14.120000000000005
2002,168,0.0,16.54000000000002
2002,168,0.0,16.54000000000002
2002,169,0.0,18.25
2002,169,0.0,18.25
2002,170,0.0,18.480000000000018
2002,170,0.0,18.480000000000018
2002,171,0.69,16.640000000000043
2002,171,0.69,16.640000000000043
2002,172,1.03,18.120000000000005
2002,172,1.03,18.120000000000005
2002,173,1.16,18.02000000000004
2002,173,1.16,18.02000000000004
2002,174,1.28,17.650000000000034
2002,174,1.28,17.650000000000034
2002,175,0.3,19.52000000000004
2002,175,0.3,19.52000000000004
2002,176,0.8,19.710000000000036
2002,176,0.8,19.710000000000036
2002,177,0.36,18.25
2002,177,0.36,18.25
2002,178,0.3,18.260000000000048
2002,178,0.3,18.260000000000048
2002,179,1.84,18.32000000000005
2002,179,1.84,18.32000000000005
2002,180,0.58,19.0
2002,180,0.58,19.0
2002,181,0.0,20.129999999999995
2002,181,0.0,20.129999999999995
2002,182,0.0,20.55000000000001
2002,182,0.0,20.55000000000001
2002,183,0.0,21.390000000000043
2002,183,0.0,21.390000000000043
2002,184,1.38,19.810000000000002
2002,184,1.38,19.810000000000002
2002,185,4.9,17.28000000000003
2002,185,4.9,17.28000000000003
2002,186,1.43,16.24000000000001
2002,186,1.43,16.24000000000001
2002,187,11.55,15.960000000000036
2002,187,11.55,15.960000000000036
2002,188,0.03,17.05000000000001
2002,188,0.03,17.05000000000001
2002,189,0.0,18.700000000000045
2002,189,0.0,18.700000000000045
2002,190,0.0,19.640000000000043
2002,190,0.0,19.640000000000043
2002,191,7.73,19.200000000000045
2002,191,7.73,19.200000000000045
2002,192,1.31,18.25
2002,192,1.31,18.25
2002,193,1.7,17.370000000000005
2002,193,1.7,17.370000000000005
2002,194,0.0,18.120000000000005
2002,194,0.0,18.120000000000005
2002,195,0.0,18.49000000000001
2002,195,0.0,18.49000000000001
2002,196,0.03,18.55000000000001
2002,196,0.03,18.55000000000001
2002,197,0.01,19.02000000000004
2002,197,0.01,19.02000000000004
2002,198,0.0,18.930000000000007
2002,198,0.0,18.930000000000007
2002,199,0.0,19.30000000000001
2002,199,0.0,19.30000000000001
2002,200,0.0,19.390000000000043
2002,200,0.0,19.390000000000043
2002,201,0.04,19.08000000000004
2002,201,0.04,19.08000000000004
2002,202,0.23,17.180000000000007
2002,202,0.23,17.180000000000007
2002,203,5.3,15.140000000000043
2002,203,5.3,15.140000000000043
2002,204,1.52,16.200000000000045
2002,204,1.52,16.200000000000045
2002,205,0.0,17.79000000000002
2002,205,0.0,17.79000000000002
2002,206,0.25,19.640000000000043
2002,206,0.25,19.640000000000043
2002,207,0.17,16.720000000000027
2002,207,0.17,16.720000000000027
2002,208,0.0,16.460000000000036
2002,208,0.0,16.460000000000036
2002,209,0.11,16.680000000000007
2002,209,0.11,16.680000000000007
2002,210,0.17,16.900000000000034
2002,210,0.17,16.900000000000034
2002,211,1.49,19.160000000000025
2002,211,1.49,19.160000000000025
2002,212,0.0,19.82000000000005
2002,212,0.0,19.82000000000005
2002,213,0.0,19.310000000000002
2002,213,0.0,19.310000000000002
2002,214,0.0,16.110000000000014
2002,214,0.0,16.110000000000014
2002,215,0.67,16.140000000000043
2002,215,0.67,16.140000000000043
2002,216,9.94,16.74000000000001
2002,216,9.94,16.74000000000001
2002,217,1.89,17.340000000000032
2002,217,1.89,17.340000000000032
2002,218,12.53,17.30000000000001
2002,218,12.53,17.30000000000001
2002,219,1.55,16.480000000000018
2002,219,1.55,16.480000000000018
2002,220,1.06,16.760000000000048
2002,220,1.06,16.760000000000048
2002,221,0.7,17.0
2002,221,0.7,17.0
2002,222,0.0,15.970000000000027
2002,222,0.0,15.970000000000027
2002,223,0.0,17.04000000000002
2002,223,0.0,17.04000000000002
2002,224,0.0,17.03000000000003
2002,224,0.0,17.03000000000003
2002,225,0.03,12.189999999999998
2002,225,0.03,12.189999999999998
2002,226,0.0,14.650000000000034
2002,226,0.0,14.650000000000034
2002,227,0.0,17.03000000000003
2002,227,0.0,17.03000000000003
2002,228,0.0,18.230000000000018
2002,228,0.0,18.230000000000018
2002,229,0.0,18.480000000000018
2002,229,0.0,18.480000000000018
2002,230,0.0,18.75
2002,230,0.0,18.75
2002,231,0.34,17.129999999999995
2002,231,0.34,17.129999999999995
2002,232,0.31,17.220000000000027
2002,232,0.31,17.220000000000027
2002,233,2.57,15.939999999999998
2002,233,2.57,15.939999999999998
2002,234,1.09,14.610000000000014
2002,234,1.09,14.610000000000014
2002,235,0.0,14.840000000000032
2002,235,0.0,14.840000000000032
2002,236,0.5,15.370000000000005
2002,236,0.5,15.370000000000005
2002,237,0.07,15.140000000000043
2002,237,0.07,15.140000000000043
2002,238,0.0,17.120000000000005
2002,238,0.0,17.120000000000005
2002,239,0.0,15.660000000000025
2002,239,0.0,15.660000000000025
2002,240,4.1,15.670000000000016
2002,240,4.1,15.670000000000016
2002,241,0.96,15.260000000000048
2002,241,0.96,15.260000000000048
2002,242,0.01,13.010000000000048
2002,242,0.01,13.010000000000048
2002,243,0.0,15.930000000000007
2002,243,0.0,15.930000000000007
2002,244,0.0,16.33000000000004
2002,244,0.0,16.33000000000004
2002,245,0.0,16.03000000000003
2002,245,0.0,16.03000000000003
2002,246,0.0,16.450000000000045
2002,246,0.0,16.450000000000045
2002,247,0.4,16.110000000000014
2002,247,0.4,16.110000000000014
2002,248,0.2,16.840000000000032
2002,248,0.2,16.840000000000032
2002,249,0.0,17.430000000000007
2002,249,0.0,17.430000000000007
2002,250,0.0,17.010000000000048
2002,250,0.0,17.010000000000048
2002,251,0.0,15.879999999999995
2002,251,0.0,15.879999999999995
2002,252,3.67,14.400000000000034
2002,252,3.67,14.400000000000034
2002,253,28.35,9.57000000000005
2002,253,28.35,9.57000000000005
2002,254,1.89,10.850000000000023
2002,254,1.89,10.850000000000023
2002,255,5.53,12.660000000000025
2002,255,5.53,12.660000000000025
2002,256,2.5,11.960000000000036
2002,256,2.5,11.960000000000036
2002,257,2.43,10.379999999999995
2002,257,2.43,10.379999999999995
2002,258,0.86,11.090000000000032
2002,258,0.86,11.090000000000032
2002,259,0.0,13.410000000000025
2002,259,0.0,13.410000000000025
2002,260,0.0,12.510000000000048
2002,260,0.0,12.510000000000048
2002,261,0.32,10.439999999999998
2002,261,0.32,10.439999999999998
2002,262,8.32,5.9500000000000455
2002,262,8.32,5.9500000000000455
2002,263,0.65,8.850000000000023
2002,263,0.65,8.850000000000023
2002,264,0.0,11.410000000000025
2002,264,0.0,11.410000000000025
2002,265,0.0,8.960000000000036
2002,265,0.0,8.960000000000036
2002,266,0.0,10.760000000000048
2002,266,0.0,10.760000000000048
2002,267,0.0,11.100000000000023
2002,267,0.0,11.100000000000023
2002,268,0.0,12.150000000000034
2002,268,0.0,12.150000000000034
2002,269,3.08,9.920000000000016
2002,269,3.08,9.920000000000016
2002,270,1.78,9.07000000000005
2002,270,1.78,9.07000000000005
2002,271,0.78,9.330000000000041
2002,271,0.78,9.330000000000041
2002,272,0.0,9.110000000000014
2002,272,0.0,9.110000000000014
2002,273,0.0,8.620000000000005
2002,273,0.0,8.620000000000005
2002,274,0.01,8.5
2002,274,0.01,8.5
2002,275,13.19,6.810000000000002
2002,275,13.19,6.810000000000002
2002,276,1.71,4.7000000000000455
2002,276,1.71,4.7000000000000455
2002,277,0.22,2.410000000000025
2002,277,0.22,2.410000000000025
2002,278,0.0,5.830000000000041
2002,278,0.0,5.830000000000041
2002,279,0.0,6.28000000000003
2002,279,0.0,6.28000000000003
2002,280,0.0,8.29000000000002
2002,280,0.0,8.29000000000002
2002,281,5.03,9.010000000000048
2002,281,5.03,9.010000000000048
2002,282,0.0,6.2000000000000455
2002,282,0.0,6.2000000000000455
2002,283,0.0,7.770000000000039
2002,283,0.0,7.770000000000039
2002,284,0.0,9.200000000000045
2002,284,0.0,9.200000000000045
2002,285,0.0,6.6200000000000045
2002,285,0.0,6.6200000000000045
2002,286,0.0,5.6200000000000045
2002,286,0.0,5.6200000000000045
2002,287,0.0,6.5400000000000205
2002,287,0.0,6.5400000000000205
2002,288,0.0,4.480000000000018
2002,288,0.0,4.480000000000018
2002,289,0.0,4.230000000000018
2002,289,0.0,4.230000000000018
2002,290,0.0,4.430000000000007
2002,290,0.0,4.430000000000007
2002,291,0.0,6.110000000000014
2002,291,0.0,6.110000000000014
2002,292,0.0,4.560000000000002
2002,292,0.0,4.560000000000002
2002,293,0.0,5.100000000000023
2002,293,0.0,5.100000000000023
2002,294,0.0,5.060000000000002
2002,294,0.0,5.060000000000002
2002,295,0.7,2.3700000000000045
2002,295,0.7,2.3700000000000045
2002,296,0.27,1.2300000000000182
2002,296,0.27,1.2300000000000182
2002,297,0.83,2.1899999999999977
2002,297,0.83,2.1899999999999977
2002,298,0.0,1.150000000000034
2002,298,0.0,1.150000000000034
2002,299,0.0,2.660000000000025
2002,299,0.0,2.660000000000025
2002,300,4.71,2.8500000000000227
2002,300,4.71,2.8500000000000227
2002,301,1.93,1.330000000000041
2002,301,1.93,1.330000000000041
2002,302,3.87,-0.7899999999999636
2002,302,3.87,-0.7899999999999636
2002,303,0.5,-7.8799999999999955
2002,303,0.5,-7.8799999999999955
2002,304,0.38,-3.019999999999982
2002,304,0.38,-3.019999999999982
2002,305,1.33,-3.169999999999959
2002,305,1.33,-3.169999999999959
2002,306,0.0,0.6100000000000136
2002,306,0.0,0.6100000000000136
2002,307,0.67,-7.529999999999973
2002,307,0.67,-7.529999999999973
2002,308,0.0,-4.159999999999968
2002,308,0.0,-4.159999999999968
2002,309,0.0,-5.699999999999989
2002,309,0.0,-5.699999999999989
2002,310,0.0,-1.9899999999999523
2002,310,0.0,-1.9899999999999523
2002,311,0.0,1.670000000000016
2002,311,0.0,1.670000000000016
2002,312,0.0,1.9500000000000455
2002,312,0.0,1.9500000000000455
2002,313,1.33,1.920000000000016
2002,313,1.33,1.920000000000016
2002,314,0.01,-2.75
2002,314,0.01,-2.75
2002,315,0.21,-4.769999999999982
2002,315,0.21,-4.769999999999982
2002,316,0.0,-7.0
2002,316,0.0,-7.0
2002,317,0.0,0.08000000000004093
2002,317,0.0,0.08000000000004093
2002,318,0.37,-1.3700000000000045
2002,318,0.37,-1.3700000000000045
2002,319,0.75,-3.359999999999957
2002,319,0.75,-3.359999999999957
2002,320,0.0,-4.609999999999957
2002,320,0.0,-4.609999999999957
2002,321,0.0,-0.3499999999999659
2002,321,0.0,-0.3499999999999659
2002,322,0.0,-2.569999999999993
2002,322,0.0,-2.569999999999993
2002,323,0.0,-2.6899999999999977
2002,323,0.0,-2.6899999999999977
2002,324,0.0,-0.6699999999999591
2002,324,0.0,-0.6699999999999591
2002,325,0.0,1.4300000000000068
2002,325,0.0,1.4300000000000068
2002,326,0.0,2.7200000000000273
2002,326,0.0,2.7200000000000273
2002,327,0.06,2.6000000000000227
2002,327,0.06,2.6000000000000227
2002,328,0.12,-0.6699999999999591
2002,328,0.12,-0.6699999999999591
2002,329,0.69,-5.46999999999997
2002,329,0.69,-5.46999999999997
2002,330,0.0,-7.819999999999993
2002,330,0.0,-7.819999999999993
2002,331,0.0,-7.089999999999975
2002,331,0.0,-7.089999999999975
2002,332,0.0,-3.6399999999999864
2002,332,0.0,-3.6399999999999864
2002,333,0.0,1.1200000000000045
2002,333,0.0,1.1200000000000045
2002,334,0.0,0.2400000000000091
2002,334,0.0,0.2400000000000091
2002,335,0.0,0.0
2002,335,0.0,0.0
2002,336,0.0,-1.9599999999999795
2002,336,0.0,-1.9599999999999795
2002,337,0.0,-1.5
2002,337,0.0,-1.5
2002,338,0.04,-3.079999999999984
2002,338,0.04,-3.079999999999984
2002,339,0.0,-4.7099999999999795
2002,339,0.0,-4.7099999999999795
2002,340,0.0,-5.21999999999997
2002,340,0.0,-5.21999999999997
2002,341,0.0,-4.079999999999984
2002,341,0.0,-4.079999999999984
2002,342,0.0,-5.109999999999957
2002,342,0.0,-5.109999999999957
2002,343,0.0,-4.71999999999997
2002,343,0.0,-4.71999999999997
2002,344,0.0,-3.259999999999991
2002,344,0.0,-3.259999999999991
2002,345,0.0,-4.099999999999966
2002,345,0.0,-4.099999999999966
2002,346,0.0,-7.859999999999957
2002,346,0.0,-7.859999999999957
2002,347,0.0,-5.009999999999991
2002,347,0.0,-5.009999999999991
2002,348,0.0,-2.589999999999975
2002,348,0.0,-2.589999999999975
2002,349,0.0,0.3900000000000432
2002,349,0.0,0.3900000000000432
2002,350,0.0,-2.0600000000000023
2002,350,0.0,-2.0600000000000023
2002,351,0.06,-2.8999999999999773
2002,351,0.06,-2.8999999999999773
2002,352,0.0,-7.8799999999999955
2002,352,0.0,-7.8799999999999955
2002,353,0.38,-11.509999999999991
2002,353,0.38,-11.509999999999991
2002,354,0.0,-10.609999999999957
2002,354,0.0,-10.609999999999957
2002,355,0.0,-9.359999999999957
2002,355,0.0,-9.359999999999957
2002,356,0.02,-10.789999999999964
2002,356,0.02,-10.789999999999964
2002,357,0.44,-9.379999999999995
2002,357,0.44,-9.379999999999995
2002,358,0.14,-10.549999999999955
2002,358,0.14,-10.549999999999955
2002,359,0.0,-11.089999999999975
2002,359,0.0,-11.089999999999975
2002,360,0.0,-12.389999999999986
2002,360,0.0,-12.389999999999986
2002,361,0.0,-7.669999999999959
2002,361,0.0,-7.669999999999959
2002,362,0.0,-1.579999999999984
2002,362,0.0,-1.579999999999984
2002,363,0.0,-0.38999999999998636
2002,363,0.0,-0.38999999999998636
2002,364,0.0,-5.1299999999999955
2002,364,0.0,-5.1299999999999955
2002,365,0.41,-3.909999999999968
2002,365,0.41,-3.909999999999968
2003,1,0.23,-5.529999999999973
2003,1,0.23,-5.529999999999973
2003,2,0.2,-7.449999999999989
2003,2,0.2,-7.449999999999989
2003,3,0.0,-2.6499999999999773
2003,3,0.0,-2.6499999999999773
2003,4,0.0,-0.37000000000000455
2003,4,0.0,-0.37000000000000455
2003,5,1.36,-1.1499999999999773
2003,5,1.36,-1.1499999999999773
2003,6,0.61,-2.9399999999999977
2003,6,0.61,-2.9399999999999977
2003,7,0.05,-1.7099999999999795
2003,7,0.05,-1.7099999999999795
2003,8,0.01,2.7600000000000477
2003,8,0.01,2.7600000000000477
2003,9,0.0,-1.759999999999991
2003,9,0.0,-1.759999999999991
2003,10,0.0,-5.169999999999959
2003,10,0.0,-5.169999999999959
2003,11,0.43,-4.339999999999975
2003,11,0.43,-4.339999999999975
2003,12,0.04,-5.609999999999957
2003,12,0.04,-5.609999999999957
2003,13,0.0,-2.4699999999999704
2003,13,0.0,-2.4699999999999704
2003,14,0.0,-1.1099999999999568
2003,14,0.0,-1.1099999999999568
2003,15,0.0,-1.8100000000000023
2003,15,0.0,-1.8100000000000023
2003,16,0.0,-7.9599999999999795
2003,16,0.0,-7.9599999999999795
2003,17,0.03,-8.359999999999957
2003,17,0.03,-8.359999999999957
2003,18,0.0,-7.529999999999973
2003,18,0.0,-7.529999999999973
2003,19,0.0,-2.1499999999999773
2003,19,0.0,-2.1499999999999773
2003,20,0.0,0.03000000000002956
2003,20,0.0,0.03000000000002956
2003,21,0.0,-1.4399999999999977
2003,21,0.0,-1.4399999999999977
2003,22,0.0,-2.2399999999999523
2003,22,0.0,-2.2399999999999523
2003,23,0.0,-1.6499999999999773
2003,23,0.0,-1.6499999999999773
2003,24,0.14,-1.2699999999999818
2003,24,0.14,-1.2699999999999818
2003,25,0.0,-2.2299999999999613
2003,25,0.0,-2.2299999999999613
2003,26,0.0,-3.659999999999968
2003,26,0.0,-3.659999999999968
2003,27,0.0,1.0500000000000114
2003,27,0.0,1.0500000000000114
2003,28,0.0,1.1899999999999977
2003,28,0.0,1.1899999999999977
2003,29,0.08,-1.67999999999995
2003,29,0.08,-1.67999999999995
2003,30,0.0,-0.7199999999999704
2003,30,0.0,-0.7199999999999704
2003,31,0.0,1.2800000000000296
2003,31,0.0,1.2800000000000296
2003,32,0.0,2.8799999999999955
2003,32,0.0,2.8799999999999955
2003,33,3.83,1.8600000000000136
2003,33,3.83,1.8600000000000136
2003,34,0.0,-6.689999999999998
2003,34,0.0,-6.689999999999998
2003,35,0.85,-9.870000000000005
2003,35,0.85,-9.870000000000005
2003,36,3.21,-10.229999999999961
2003,36,3.21,-10.229999999999961
2003,37,0.05,-12.609999999999957
2003,37,0.05,-12.609999999999957
2003,38,0.0,-14.859999999999957
2003,38,0.0,-14.859999999999957
2003,39,0.0,-11.739999999999952
2003,39,0.0,-11.739999999999952
2003,40,0.0,-11.359999999999957
2003,40,0.0,-11.359999999999957
2003,41,0.0,-9.819999999999993
2003,41,0.0,-9.819999999999993
2003,42,0.0,-5.779999999999973
2003,42,0.0,-5.779999999999973
2003,43,0.0,-2.5299999999999727
2003,43,0.0,-2.5299999999999727
2003,44,0.0,1.8799999999999955
2003,44,0.0,1.8799999999999955
2003,45,0.48,2.1000000000000227
2003,45,0.48,2.1000000000000227
2003,46,2.75,-2.079999999999984
2003,46,2.75,-2.079999999999984
2003,47,0.0,-2.339999999999975
2003,47,0.0,-2.339999999999975
2003,48,0.02,-1.4099999999999682
2003,48,0.02,-1.4099999999999682
2003,49,0.0,-4.319999999999993
2003,49,0.0,-4.319999999999993
2003,50,1.53,-6.159999999999968
2003,50,1.53,-6.159999999999968
2003,51,0.0,-6.089999999999975
2003,51,0.0,-6.089999999999975
2003,52,0.0,-5.109999999999957
2003,52,0.0,-5.109999999999957
2003,53,0.13,-5.649999999999977
2003,53,0.13,-5.649999999999977
2003,54,0.0,-8.299999999999955
2003,54,0.0,-8.299999999999955
2003,55,0.01,-9.96999999999997
2003,55,0.01,-9.96999999999997
2003,56,0.0,-5.639999999999986
2003,56,0.0,-5.639999999999986
2003,57,9.38,-5.169999999999959
2003,57,9.38,-5.169999999999959
2003,58,1.96,-5.109999999999957
2003,58,1.96,-5.109999999999957
2003,59,2.18,-5.859999999999957
2003,59,2.18,-5.859999999999957
2003,60,5.88,-6.6200000000000045
2003,60,5.88,-6.6200000000000045
2003,61,1.26,-8.120000000000005
2003,61,1.26,-8.120000000000005
2003,62,0.0,-5.919999999999959
2003,62,0.0,-5.919999999999959
2003,63,0.0,-4.060000000000002
2003,63,0.0,-4.060000000000002
2003,64,0.23,-6.579999999999984
2003,64,0.23,-6.579999999999984
2003,65,0.05,-6.079999999999984
2003,65,0.05,-6.079999999999984
2003,66,0.0,-2.4499999999999886
2003,66,0.0,-2.4499999999999886
2003,67,0.0,-0.2899999999999636
2003,67,0.0,-0.2899999999999636
2003,68,0.0,0.060000000000002274
2003,68,0.0,0.060000000000002274
2003,69,0.0,0.7600000000000477
2003,69,0.0,0.7600000000000477
2003,70,0.0,1.1400000000000432
2003,70,0.0,1.1400000000000432
2003,71,0.0,2.420000000000016
2003,71,0.0,2.420000000000016
2003,72,0.0,4.689999999999998
2003,72,0.0,4.689999999999998
2003,73,0.0,4.78000000000003
2003,73,0.0,4.78000000000003
2003,74,0.0,3.7900000000000205
2003,74,0.0,3.7900000000000205
2003,75,0.6,2.0200000000000387
2003,75,0.6,2.0200000000000387
2003,76,3.6,1.7600000000000477
2003,76,3.6,1.7600000000000477
2003,77,31.52,-1.3799999999999955
2003,77,31.52,-1.3799999999999955
2003,78,17.38,-2.1200000000000045
2003,78,17.38,-2.1200000000000045
2003,79,7.22,-3.42999999999995
2003,79,7.22,-3.42999999999995
2003,80,2.72,-2.2299999999999613
2003,80,2.72,-2.2299999999999613
2003,81,0.0,-4.42999999999995
2003,81,0.0,-4.42999999999995
2003,82,0.0,-0.5999999999999659
2003,82,0.0,-0.5999999999999659
2003,83,0.39,1.8600000000000136
2003,83,0.39,1.8600000000000136
2003,84,0.04,-1.0
2003,84,0.04,-1.0
2003,85,0.0,-1.5600000000000023
2003,85,0.0,-1.5600000000000023
2003,86,0.48,-1.9799999999999613
2003,86,0.48,-1.9799999999999613
2003,87,2.8,-9.819999999999993
2003,87,2.8,-9.819999999999993
2003,88,0.83,-10.069999999999993
2003,88,0.83,-10.069999999999993
2003,89,0.03,-5.169999999999959
2003,89,0.03,-5.169999999999959
2003,90,0.0,1.2300000000000182
2003,90,0.0,1.2300000000000182
2003,91,0.0,3.9399999999999977
2003,91,0.0,3.9399999999999977
2003,92,0.0,6.0400000000000205
2003,92,0.0,6.0400000000000205
2003,93,0.0,2.7700000000000387
2003,93,0.0,2.7700000000000387
2003,94,0.14,-2.769999999999982
2003,94,0.14,-2.769999999999982
2003,95,0.55,-4.349999999999966
2003,95,0.55,-4.349999999999966
2003,96,0.13,-4.2999999999999545
2003,96,0.13,-4.2999999999999545
2003,97,1.06,-7.069999999999993
2003,97,1.06,-7.069999999999993
2003,98,0.16,-5.92999999999995
2003,98,0.16,-5.92999999999995
2003,99,0.0,-0.25
2003,99,0.0,-0.25
2003,100,0.0,5.840000000000032
2003,100,0.0,5.840000000000032
2003,101,0.0,8.600000000000023
2003,101,0.0,8.600000000000023
2003,102,0.0,5.5400000000000205
2003,102,0.0,5.5400000000000205
2003,103,0.0,8.160000000000025
2003,103,0.0,8.160000000000025
2003,104,0.0,8.760000000000048
2003,104,0.0,8.760000000000048
2003,105,0.93,7.8700000000000045
2003,105,0.93,7.8700000000000045
2003,106,0.06,3.840000000000032
2003,106,0.06,3.840000000000032
2003,107,0.03,5.260000000000048
2003,107,0.03,5.260000000000048
2003,108,0.0,4.03000000000003
2003,108,0.0,4.03000000000003
2003,109,4.01,1.4399999999999977
2003,109,4.01,1.4399999999999977
2003,110,0.36,1.080000000000041
2003,110,0.36,1.080000000000041
2003,111,0.32,4.330000000000041
2003,111,0.32,4.330000000000041
2003,112,0.43,5.5
2003,112,0.43,5.5
2003,113,4.84,3.230000000000018
2003,113,4.84,3.230000000000018
2003,114,2.17,1.0400000000000205
2003,114,2.17,1.0400000000000205
2003,115,0.42,4.660000000000025
2003,115,0.42,4.660000000000025
2003,116,0.16,7.420000000000016
2003,116,0.16,7.420000000000016
2003,117,0.0,7.7900000000000205
2003,117,0.0,7.7900000000000205
2003,118,0.0,7.660000000000025
2003,118,0.0,7.660000000000025
2003,119,0.0,6.970000000000027
2003,119,0.0,6.970000000000027
2003,120,0.0,5.2000000000000455
2003,120,0.0,5.2000000000000455
2003,121,0.02,3.3100000000000023
2003,121,0.02,3.3100000000000023
2003,122,0.0,3.5300000000000296
2003,122,0.0,3.5300000000000296
2003,123,0.0,7.390000000000043
2003,123,0.0,7.390000000000043
2003,124,0.0,6.210000000000036
2003,124,0.0,6.210000000000036
2003,125,0.0,3.830000000000041
2003,125,0.0,3.830000000000041
2003,126,0.0,3.680000000000007
2003,126,0.0,3.680000000000007
2003,127,0.0,4.730000000000018
2003,127,0.0,4.730000000000018
2003,128,0.0,5.330000000000041
2003,128,0.0,5.330000000000041
2003,129,0.02,4.330000000000041
2003,129,0.02,4.330000000000041
2003,130,3.3,2.5400000000000205
2003,130,3.3,2.5400000000000205
2003,131,0.0,2.4700000000000273
2003,131,0.0,2.4700000000000273
2003,132,0.0,5.430000000000007
2003,132,0.0,5.430000000000007
2003,133,0.0,9.379999999999995
2003,133,0.0,9.379999999999995
2003,134,0.0,9.270000000000039
2003,134,0.0,9.270000000000039
2003,135,10.65,11.650000000000034
2003,135,10.65,11.650000000000034
2003,136,1.0,9.970000000000027
2003,136,1.0,9.970000000000027
2003,137,0.0,12.720000000000027
2003,137,0.0,12.720000000000027
2003,138,0.0,13.0
2003,138,0.0,13.0
2003,139,1.49,9.439999999999998
2003,139,1.49,9.439999999999998
2003,140,2.13,4.720000000000027
2003,140,2.13,4.720000000000027
2003,141,0.0,9.860000000000014
2003,141,0.0,9.860000000000014
2003,142,0.0,12.04000000000002
2003,142,0.0,12.04000000000002
2003,143,0.0,13.920000000000016
2003,143,0.0,13.920000000000016
2003,144,0.39,14.810000000000002
2003,144,0.39,14.810000000000002
2003,145,4.9,11.400000000000034
2003,145,4.9,11.400000000000034
2003,146,0.91,12.400000000000034
2003,146,0.91,12.400000000000034
2003,147,1.1,15.210000000000036
2003,147,1.1,15.210000000000036
2003,148,0.89,16.0
2003,148,0.89,16.0
2003,149,0.0,17.310000000000002
2003,149,0.0,17.310000000000002
2003,150,2.74,17.660000000000025
2003,150,2.74,17.660000000000025
2003,151,1.98,16.960000000000036
2003,151,1.98,16.960000000000036
2003,152,7.27,12.879999999999995
2003,152,7.27,12.879999999999995
2003,153,0.52,12.350000000000023
2003,153,0.52,12.350000000000023
2003,154,0.14,12.180000000000007
2003,154,0.14,12.180000000000007
2003,155,0.8,9.850000000000023
2003,155,0.8,9.850000000000023
2003,156,10.92,7.330000000000041
2003,156,10.92,7.330000000000041
2003,157,0.0,8.220000000000027
2003,157,0.0,8.220000000000027
2003,158,4.99,9.0
2003,158,4.99,9.0
2003,159,0.0,9.160000000000025
2003,159,0.0,9.160000000000025
2003,160,1.07,13.140000000000043
2003,160,1.07,13.140000000000043
2003,161,1.01,13.710000000000036
2003,161,1.01,13.710000000000036
2003,162,0.86,14.25
2003,162,0.86,14.25
2003,163,1.48,13.78000000000003
2003,163,1.48,13.78000000000003
2003,164,1.6,13.0
2003,164,1.6,13.0
2003,165,2.41,12.810000000000002
2003,165,2.41,12.810000000000002
2003,166,0.05,14.189999999999998
2003,166,0.05,14.189999999999998
2003,167,3.3,15.490000000000009
2003,167,3.3,15.490000000000009
2003,168,1.55,14.460000000000036
2003,168,1.55,14.460000000000036
2003,169,6.37,11.939999999999998
2003,169,6.37,11.939999999999998
2003,170,9.18,11.650000000000034
2003,170,9.18,11.650000000000034
2003,171,2.01,13.410000000000025
2003,171,2.01,13.410000000000025
2003,172,0.32,12.950000000000045
2003,172,0.32,12.950000000000045
2003,173,0.23,14.010000000000048
2003,173,0.23,14.010000000000048
2003,174,0.0,14.370000000000005
2003,174,0.0,14.370000000000005
2003,175,0.0,14.650000000000034
2003,175,0.0,14.650000000000034
2003,176,0.14,12.300000000000011
2003,176,0.14,12.300000000000011
2003,177,0.95,10.810000000000002
2003,177,0.95,10.810000000000002
2003,178,0.0,12.710000000000036
2003,178,0.0,12.710000000000036
2003,179,0.0,15.620000000000005
2003,179,0.0,15.620000000000005
2003,180,3.98,16.04000000000002
2003,180,3.98,16.04000000000002
2003,181,0.41,15.53000000000003
2003,181,0.41,15.53000000000003
2003,182,0.04,18.24000000000001
2003,182,0.04,18.24000000000001
2003,183,0.0,19.02000000000004
2003,183,0.0,19.02000000000004
2003,184,0.0,19.850000000000023
2003,184,0.0,19.850000000000023
2003,185,0.0,19.379999999999995
2003,185,0.0,19.379999999999995
2003,186,0.0,19.629999999999995
2003,186,0.0,19.629999999999995
2003,187,0.08,20.200000000000045
2003,187,0.08,20.200000000000045
2003,188,0.0,19.390000000000043
2003,188,0.0,19.390000000000043
2003,189,0.0,18.08000000000004
2003,189,0.0,18.08000000000004
2003,190,0.0,18.310000000000002
2003,190,0.0,18.310000000000002
2003,191,0.0,17.49000000000001
2003,191,0.0,17.49000000000001
2003,192,0.0,19.260000000000048
2003,192,0.0,19.260000000000048
2003,193,0.03,19.78000000000003
2003,193,0.03,19.78000000000003
2003,194,0.03,20.29000000000002
2003,194,0.03,20.29000000000002
2003,195,0.0,21.400000000000034
2003,195,0.0,21.400000000000034
2003,196,0.29,20.58000000000004
2003,196,0.29,20.58000000000004
2003,197,0.74,20.07000000000005
2003,197,0.74,20.07000000000005
2003,198,0.62,21.400000000000034
2003,198,0.62,21.400000000000034
2003,199,0.41,21.07000000000005
2003,199,0.41,21.07000000000005
2003,200,4.5,20.620000000000005
2003,200,4.5,20.620000000000005
2003,201,5.17,19.25
2003,201,5.17,19.25
2003,202,0.02,19.210000000000036
2003,202,0.02,19.210000000000036
2003,203,0.02,19.79000000000002
2003,203,0.02,19.79000000000002
2003,204,4.75,19.700000000000045
2003,204,4.75,19.700000000000045
2003,205,0.07,20.140000000000043
2003,205,0.07,20.140000000000043
2003,206,0.74,21.600000000000023
2003,206,0.74,21.600000000000023
2003,207,1.56,20.57000000000005
2003,207,1.56,20.57000000000005
2003,208,2.15,19.33000000000004
2003,208,2.15,19.33000000000004
2003,209,5.52,16.980000000000018
2003,209,5.52,16.980000000000018
2003,210,3.79,16.05000000000001
2003,210,3.79,16.05000000000001
2003,211,1.02,15.800000000000011
2003,211,1.02,15.800000000000011
2003,212,0.13,17.460000000000036
2003,212,0.13,17.460000000000036
2003,213,0.27,18.379999999999995
2003,213,0.27,18.379999999999995
2003,214,0.28,18.78000000000003
2003,214,0.28,18.78000000000003
2003,215,10.45,19.260000000000048
2003,215,10.45,19.260000000000048
2003,216,0.34,17.32000000000005
2003,216,0.34,17.32000000000005
2003,217,3.09,18.650000000000034
2003,217,3.09,18.650000000000034
2003,218,0.22,18.930000000000007
2003,218,0.22,18.930000000000007
2003,219,2.87,20.5
2003,219,2.87,20.5
2003,220,1.02,17.910000000000025
2003,220,1.02,17.910000000000025
2003,221,3.29,17.890000000000043
2003,221,3.29,17.890000000000043
2003,222,1.71,18.350000000000023
2003,222,1.71,18.350000000000023
2003,223,3.86,18.439999999999998
2003,223,3.86,18.439999999999998
2003,224,0.4,18.220000000000027
2003,224,0.4,18.220000000000027
2003,225,0.0,17.900000000000034
2003,225,0.0,17.900000000000034
2003,226,0.0,16.210000000000036
2003,226,0.0,16.210000000000036
2003,227,0.0,14.689999999999998
2003,227,0.0,14.689999999999998
2003,228,1.3,15.53000000000003
2003,228,1.3,15.53000000000003
2003,229,0.33,14.490000000000009
2003,229,0.33,14.490000000000009
2003,230,3.6,15.110000000000014
2003,230,3.6,15.110000000000014
2003,231,0.5,14.939999999999998
2003,231,0.5,14.939999999999998
2003,232,0.11,17.07000000000005
2003,232,0.11,17.07000000000005
2003,233,0.0,19.74000000000001
2003,233,0.0,19.74000000000001
2003,234,2.31,18.27000000000004
2003,234,2.31,18.27000000000004
2003,235,7.54,17.200000000000045
2003,235,7.54,17.200000000000045
2003,236,2.13,16.430000000000007
2003,236,2.13,16.430000000000007
2003,237,4.26,16.79000000000002
2003,237,4.26,16.79000000000002
2003,238,0.11,16.310000000000002
2003,238,0.11,16.310000000000002
2003,239,0.02,16.28000000000003
2003,239,0.02,16.28000000000003
2003,240,0.91,16.180000000000007
2003,240,0.91,16.180000000000007
2003,241,0.93,14.75
2003,241,0.93,14.75
2003,242,11.7,12.03000000000003
2003,242,11.7,12.03000000000003
2003,243,6.31,11.28000000000003
2003,243,6.31,11.28000000000003
2003,244,0.0,12.640000000000043
2003,244,0.0,12.640000000000043
2003,245,1.22,15.340000000000032
2003,245,1.22,15.340000000000032
2003,246,8.89,14.090000000000032
2003,246,8.89,14.090000000000032
2003,247,2.21,12.930000000000007
2003,247,2.21,12.930000000000007
2003,248,0.55,15.330000000000041
2003,248,0.55,15.330000000000041
2003,249,7.54,15.230000000000018
2003,249,7.54,15.230000000000018
2003,250,6.8,12.28000000000003
2003,250,6.8,12.28000000000003
2003,251,2.38,11.950000000000045
2003,251,2.38,11.950000000000045
2003,252,0.1,13.689999999999998
2003,252,0.1,13.689999999999998
2003,253,0.0,10.180000000000007
2003,253,0.0,10.180000000000007
2003,254,0.0,6.330000000000041
2003,254,0.0,6.330000000000041
2003,255,0.11,8.890000000000043
2003,255,0.11,8.890000000000043
2003,256,0.96,7.510000000000048
2003,256,0.96,7.510000000000048
2003,257,2.61,4.689999999999998
2003,257,2.61,4.689999999999998
2003,258,0.0,10.100000000000023
2003,258,0.0,10.100000000000023
2003,259,0.0,12.700000000000045
2003,259,0.0,12.700000000000045
2003,260,0.0,13.060000000000002
2003,260,0.0,13.060000000000002
2003,261,0.14,6.240000000000009
2003,261,0.14,6.240000000000009
2003,262,0.0,7.360000000000014
2003,262,0.0,7.360000000000014
2003,263,0.0,10.170000000000016
2003,263,0.0,10.170000000000016
2003,264,0.0,9.78000000000003
2003,264,0.0,9.78000000000003
2003,265,0.0,10.710000000000036
2003,265,0.0,10.710000000000036
2003,266,0.0,13.010000000000048
2003,266,0.0,13.010000000000048
2003,267,0.0,12.970000000000027
2003,267,0.0,12.970000000000027
2003,268,0.0,12.25
2003,268,0.0,12.25
2003,269,0.0,13.520000000000039
2003,269,0.0,13.520000000000039
2003,270,0.0,12.150000000000034
2003,270,0.0,12.150000000000034
2003,271,0.0,10.510000000000048
2003,271,0.0,10.510000000000048
2003,272,0.0,11.189999999999998
2003,272,0.0,11.189999999999998
2003,273,0.0,10.629999999999995
2003,273,0.0,10.629999999999995
2003,274,0.52,10.57000000000005
2003,274,0.52,10.57000000000005
2003,275,0.04,11.840000000000032
2003,275,0.04,11.840000000000032
2003,276,1.88,9.090000000000032
2003,276,1.88,9.090000000000032
2003,277,0.76,8.140000000000043
2003,277,0.76,8.140000000000043
2003,278,0.41,10.390000000000043
2003,278,0.41,10.390000000000043
2003,279,0.0,10.520000000000039
2003,279,0.0,10.520000000000039
2003,280,0.0,10.439999999999998
2003,280,0.0,10.439999999999998
2003,281,0.0,11.03000000000003
2003,281,0.0,11.03000000000003
2003,282,0.0,11.910000000000025
2003,282,0.0,11.910000000000025
2003,283,0.0,12.640000000000043
2003,283,0.0,12.640000000000043
2003,284,0.0,9.230000000000018
2003,284,0.0,9.230000000000018
2003,285,0.16,9.020000000000039
2003,285,0.16,9.020000000000039
2003,286,0.0,7.82000000000005
2003,286,0.0,7.82000000000005
2003,287,0.0,2.230000000000018
2003,287,0.0,2.230000000000018
2003,288,0.0,7.0400000000000205
2003,288,0.0,7.0400000000000205
2003,289,0.0,8.200000000000045
2003,289,0.0,8.200000000000045
2003,290,0.0,10.03000000000003
2003,290,0.0,10.03000000000003
2003,291,0.0,12.050000000000011
2003,291,0.0,12.050000000000011
2003,292,0.0,12.53000000000003
2003,292,0.0,12.53000000000003
2003,293,0.0,11.600000000000023
2003,293,0.0,11.600000000000023
2003,294,0.0,12.490000000000009
2003,294,0.0,12.490000000000009
2003,295,0.0,13.150000000000034
2003,295,0.0,13.150000000000034
2003,296,0.0,12.950000000000045
2003,296,0.0,12.950000000000045
2003,297,0.0,8.770000000000039
2003,297,0.0,8.770000000000039
2003,298,0.88,0.5300000000000296
2003,298,0.88,0.5300000000000296
2003,299,0.0,-1.3100000000000023
2003,299,0.0,-1.3100000000000023
2003,300,0.0,4.980000000000018
2003,300,0.0,4.980000000000018
2003,301,0.0,5.400000000000034
2003,301,0.0,5.400000000000034
2003,302,0.0,7.740000000000009
2003,302,0.0,7.740000000000009
2003,303,0.0,6.970000000000027
2003,303,0.0,6.970000000000027
2003,304,0.0,3.6000000000000227
2003,304,0.0,3.6000000000000227
2003,305,0.0,5.660000000000025
2003,305,0.0,5.660000000000025
2003,306,0.0,5.6200000000000045
2003,306,0.0,5.6200000000000045
2003,307,2.01,4.6299999999999955
2003,307,2.01,4.6299999999999955
2003,308,0.09,-1.3700000000000045
2003,308,0.09,-1.3700000000000045
2003,309,0.0,-5.149999999999977
2003,309,0.0,-5.149999999999977
2003,310,0.0,-3.9499999999999886
2003,310,0.0,-3.9499999999999886
2003,311,0.0,-0.7299999999999613
2003,311,0.0,-0.7299999999999613
2003,312,0.0,1.3000000000000114
2003,312,0.0,1.3000000000000114
2003,313,0.0,0.9600000000000364
2003,313,0.0,0.9600000000000364
2003,314,0.0,3.3100000000000023
2003,314,0.0,3.3100000000000023
2003,315,0.0,0.9900000000000091
2003,315,0.0,0.9900000000000091
2003,316,0.0,0.1400000000000432
2003,316,0.0,0.1400000000000432
2003,317,0.66,2.670000000000016
2003,317,0.66,2.670000000000016
2003,318,0.0,1.3600000000000136
2003,318,0.0,1.3600000000000136
2003,319,0.0,-1.329999999999984
2003,319,0.0,-1.329999999999984
2003,320,0.0,-1.7099999999999795
2003,320,0.0,-1.7099999999999795
2003,321,0.05,-1.599999999999966
2003,321,0.05,-1.599999999999966
2003,322,0.0,-4.449999999999989
2003,322,0.0,-4.449999999999989
2003,323,0.0,0.910000000000025
2003,323,0.0,0.910000000000025
2003,324,0.0,3.5500000000000114
2003,324,0.0,3.5500000000000114
2003,325,0.0,1.8799999999999955
2003,325,0.0,1.8799999999999955
2003,326,3.36,-1.5499999999999545
2003,326,3.36,-1.5499999999999545
2003,327,0.0,-13.71999999999997
2003,327,0.0,-13.71999999999997
2003,328,0.05,-8.159999999999968
2003,328,0.05,-8.159999999999968
2003,329,0.0,-5.729999999999961
2003,329,0.0,-5.729999999999961
2003,330,0.13,-9.25
2003,330,0.13,-9.25
2003,331,0.0,-11.519999999999982
2003,331,0.0,-11.519999999999982
2003,332,0.0,-10.089999999999975
2003,332,0.0,-10.089999999999975
2003,333,0.0,-1.8199999999999932
2003,333,0.0,-1.8199999999999932
2003,334,0.0,2.670000000000016
2003,334,0.0,2.670000000000016
2003,335,0.0,2.490000000000009
2003,335,0.0,2.490000000000009
2003,336,0.0,1.9800000000000182
2003,336,0.0,1.9800000000000182
2003,337,0.0,-2.7199999999999704
2003,337,0.0,-2.7199999999999704
2003,338,0.0,-1.6899999999999977
2003,338,0.0,-1.6899999999999977
2003,339,0.0,-2.5600000000000023
2003,339,0.0,-2.5600000000000023
2003,340,0.0,1.580000000000041
2003,340,0.0,1.580000000000041
2003,341,0.0,1.3000000000000114
2003,341,0.0,1.3000000000000114
2003,342,7.01,-1.3999999999999773
2003,342,7.01,-1.3999999999999773
2003,343,0.77,-7.819999999999993
2003,343,0.77,-7.819999999999993
2003,344,0.02,-7.989999999999952
2003,344,0.02,-7.989999999999952
2003,345,0.0,-7.92999999999995
2003,345,0.0,-7.92999999999995
2003,346,0.0,-9.239999999999952
2003,346,0.0,-9.239999999999952
2003,347,0.0,-8.370000000000005
2003,347,0.0,-8.370000000000005
2003,348,2.38,-3.6999999999999886
2003,348,2.38,-3.6999999999999886
2003,349,2.46,-5.2999999999999545
2003,349,2.46,-5.2999999999999545
2003,350,0.0,-11.159999999999968
2003,350,0.0,-11.159999999999968
2003,351,0.0,-3.7799999999999727
2003,351,0.0,-3.7799999999999727
2003,352,0.0,-2.1499999999999773
2003,352,0.0,-2.1499999999999773
2003,353,0.0,-0.4199999999999591
2003,353,0.0,-0.4199999999999591
2003,354,0.0,1.2100000000000364
2003,354,0.0,1.2100000000000364
2003,355,0.0,0.7100000000000364
2003,355,0.0,0.7100000000000364
2003,356,0.34,-3.9899999999999523
2003,356,0.34,-3.9899999999999523
2003,357,0.0,-5.199999999999989
2003,357,0.0,-5.199999999999989
2003,358,0.0,-2.009999999999991
2003,358,0.0,-2.009999999999991
2003,359,0.0,-1.599999999999966
2003,359,0.0,-1.599999999999966
2003,360,0.51,-2.079999999999984
2003,360,0.51,-2.079999999999984
2003,361,0.0,-8.419999999999959
2003,361,0.0,-8.419999999999959
2003,362,0.0,-13.909999999999968
2003,362,0.0,-13.909999999999968
2003,363,0.0,-13.889999999999986
2003,363,0.0,-13.889999999999986
2003,364,0.0,-5.759999999999991
2003,364,0.0,-5.759999999999991
2003,365,0.0,-3.829999999999984
2003,365,0.0,-3.829999999999984
2004,1,0.0,-4.1200000000000045
2004,1,0.0,-4.1200000000000045
2004,2,1.8,-2.9599999999999795
2004,2,1.8,-2.9599999999999795
2004,3,2.31,-4.17999999999995
2004,3,2.31,-4.17999999999995
2004,4,0.0,-11.70999999999998
2004,4,0.0,-11.70999999999998
2004,5,0.0,-17.049999999999955
2004,5,0.0,-17.049999999999955
2004,6,0.0,-13.239999999999952
2004,6,0.0,-13.239999999999952
2004,7,0.0,-3.6899999999999977
2004,7,0.0,-3.6899999999999977
2004,8,0.0,-4.359999999999957
2004,8,0.0,-4.359999999999957
2004,9,0.0,-3.4799999999999613
2004,9,0.0,-3.4799999999999613
2004,10,0.0,-1.3999999999999773
2004,10,0.0,-1.3999999999999773
2004,11,0.0,-0.48999999999995225
2004,11,0.0,-0.48999999999995225
2004,12,0.0,-1.1599999999999682
2004,12,0.0,-1.1599999999999682
2004,13,0.0,-2.109999999999957
2004,13,0.0,-2.109999999999957
2004,14,0.0,-1.5600000000000023
2004,14,0.0,-1.5600000000000023
2004,15,0.0,-0.9499999999999886
2004,15,0.0,-0.9499999999999886
2004,16,0.07,-1.4899999999999523
2004,16,0.07,-1.4899999999999523
2004,17,0.0,-5.3799999999999955
2004,17,0.0,-5.3799999999999955
2004,18,0.0,-5.669999999999959
2004,18,0.0,-5.669999999999959
2004,19,0.0,-5.1200000000000045
2004,19,0.0,-5.1200000000000045
2004,20,4.92,-4.96999999999997
2004,20,4.92,-4.96999999999997
2004,21,0.17,-6.979999999999961
2004,21,0.17,-6.979999999999961
2004,22,0.0,-7.7999999999999545
2004,22,0.0,-7.7999999999999545
2004,23,0.09,-3.9799999999999613
2004,23,0.09,-3.9799999999999613
2004,24,0.04,-1.4799999999999613
2004,24,0.04,-1.4799999999999613
2004,25,0.0,-4.389999999999986
2004,25,0.0,-4.389999999999986
2004,26,2.83,-13.259999999999991
2004,26,2.83,-13.259999999999991
2004,27,0.0,-13.659999999999968
2004,27,0.0,-13.659999999999968
2004,28,0.0,-7.769999999999982
2004,28,0.0,-7.769999999999982
2004,29,0.0,-6.359999999999957
2004,29,0.0,-6.359999999999957
2004,30,0.0,-4.609999999999957
2004,30,0.0,-4.609999999999957
2004,31,6.12,-3.9599999999999795
2004,31,6.12,-3.9599999999999795
2004,32,0.4,-8.529999999999973
2004,32,0.4,-8.529999999999973
2004,33,0.0,-12.329999999999984
2004,33,0.0,-12.329999999999984
2004,34,0.0,-9.669999999999959
2004,34,0.0,-9.669999999999959
2004,35,2.46,-6.810000000000002
2004,35,2.46,-6.810000000000002
2004,36,3.83,-9.569999999999993
2004,36,3.83,-9.569999999999993
2004,37,0.31,-11.609999999999957
2004,37,0.31,-11.609999999999957
2004,38,0.1,-8.75
2004,38,0.1,-8.75
2004,39,0.0,-7.42999999999995
2004,39,0.0,-7.42999999999995
2004,40,0.0,-11.819999999999993
2004,40,0.0,-11.819999999999993
2004,41,0.0,-9.509999999999991
2004,41,0.0,-9.509999999999991
2004,42,3.81,-9.909999999999968
2004,42,3.81,-9.909999999999968
2004,43,0.0,-15.259999999999991
2004,43,0.0,-15.259999999999991
2004,44,0.0,-12.769999999999982
2004,44,0.0,-12.769999999999982
2004,45,0.0,-6.269999999999982
2004,45,0.0,-6.269999999999982
2004,46,0.04,-4.949999999999989
2004,46,0.04,-4.949999999999989
2004,47,0.28,-7.099999999999966
2004,47,0.28,-7.099999999999966
2004,48,0.0,-4.649999999999977
2004,48,0.0,-4.649999999999977
2004,49,0.0,2.2700000000000387
2004,49,0.0,2.2700000000000387
2004,50,3.99,1.5
2004,50,3.99,1.5
2004,51,1.58,-3.6999999999999886
2004,51,1.58,-3.6999999999999886
2004,52,0.0,-3.609999999999957
2004,52,0.0,-3.609999999999957
2004,53,0.28,-3.0
2004,53,0.28,-3.0
2004,54,0.13,-3.009999999999991
2004,54,0.13,-3.009999999999991
2004,55,0.0,-3.859999999999957
2004,55,0.0,-3.859999999999957
2004,56,0.0,-2.5600000000000023
2004,56,0.0,-2.5600000000000023
2004,57,0.0,-0.9899999999999523
2004,57,0.0,-0.9899999999999523
2004,58,0.0,0.75
2004,58,0.0,0.75
2004,59,0.0,0.12000000000000455
2004,59,0.0,0.12000000000000455
2004,60,1.08,-5.239999999999952
2004,60,1.08,-5.239999999999952
2004,61,0.47,-6.7099999999999795
2004,61,0.47,-6.7099999999999795
2004,62,0.0,-5.0499999999999545
2004,62,0.0,-5.0499999999999545
2004,63,0.0,-4.239999999999952
2004,63,0.0,-4.239999999999952
2004,64,0.0,-3.0399999999999636
2004,64,0.0,-3.0399999999999636
2004,65,9.34,-5.649999999999977
2004,65,9.34,-5.649999999999977
2004,66,0.06,-5.029999999999973
2004,66,0.06,-5.029999999999973
2004,67,0.0,-1.759999999999991
2004,67,0.0,-1.759999999999991
2004,68,0.0,2.0200000000000387
2004,68,0.0,2.0200000000000387
2004,69,0.0,2.8000000000000114
2004,69,0.0,2.8000000000000114
2004,70,0.0,3.740000000000009
2004,70,0.0,3.740000000000009
2004,71,0.37,1.25
2004,71,0.37,1.25
2004,72,0.0,0.4399999999999977
2004,72,0.0,0.4399999999999977
2004,73,0.0,0.8300000000000409
2004,73,0.0,0.8300000000000409
2004,74,0.0,0.6800000000000068
2004,74,0.0,0.6800000000000068
2004,75,0.74,-0.5600000000000023
2004,75,0.74,-0.5600000000000023
2004,76,0.0,-1.4699999999999704
2004,76,0.0,-1.4699999999999704
2004,77,0.0,1.3600000000000136
2004,77,0.0,1.3600000000000136
2004,78,0.0,3.2900000000000205
2004,78,0.0,3.2900000000000205
2004,79,0.0,6.020000000000039
2004,79,0.0,6.020000000000039
2004,80,0.0,8.0
2004,80,0.0,8.0
2004,81,0.0,7.9500000000000455
2004,81,0.0,7.9500000000000455
2004,82,0.0,8.810000000000002
2004,82,0.0,8.810000000000002
2004,83,0.0,9.03000000000003
2004,83,0.0,9.03000000000003
2004,84,0.07,8.54000000000002
2004,84,0.07,8.54000000000002
2004,85,0.03,7.8799999999999955
2004,85,0.03,7.8799999999999955
2004,86,0.0,7.53000000000003
2004,86,0.0,7.53000000000003
2004,87,0.0,3.990000000000009
2004,87,0.0,3.990000000000009
2004,88,0.0,-2.609999999999957
2004,88,0.0,-2.609999999999957
2004,89,0.0,-1.9899999999999523
2004,89,0.0,-1.9899999999999523
2004,90,0.0,3.660000000000025
2004,90,0.0,3.660000000000025
2004,91,0.0,6.670000000000016
2004,91,0.0,6.670000000000016
2004,92,0.0,8.430000000000007
2004,92,0.0,8.430000000000007
2004,93,0.0,8.150000000000034
2004,93,0.0,8.150000000000034
2004,94,16.36,2.8600000000000136
2004,94,16.36,2.8600000000000136
2004,95,1.05,3.1100000000000136
2004,95,1.05,3.1100000000000136
2004,96,3.46,4.920000000000016
2004,96,3.46,4.920000000000016
2004,97,0.44,5.420000000000016
2004,97,0.44,5.420000000000016
2004,98,0.55,5.080000000000041
2004,98,0.55,5.080000000000041
2004,99,11.15,4.57000000000005
2004,99,11.15,4.57000000000005
2004,100,12.65,3.82000000000005
2004,100,12.65,3.82000000000005
2004,101,4.54,-2.1999999999999886
2004,101,4.54,-2.1999999999999886
2004,102,2.72,-4.609999999999957
2004,102,2.72,-4.609999999999957
2004,103,2.1,-3.109999999999957
2004,103,2.1,-3.109999999999957
2004,104,0.0,0.7100000000000364
2004,104,0.0,0.7100000000000364
2004,105,0.0,5.430000000000007
2004,105,0.0,5.430000000000007
2004,106,0.0,5.740000000000009
2004,106,0.0,5.740000000000009
2004,107,0.0,6.75
2004,107,0.0,6.75
2004,108,0.0,8.170000000000016
2004,108,0.0,8.170000000000016
2004,109,0.0,5.960000000000036
2004,109,0.0,5.960000000000036
2004,110,0.0,3.7000000000000455
2004,110,0.0,3.7000000000000455
2004,111,0.0,3.990000000000009
2004,111,0.0,3.990000000000009
2004,112,0.48,2.7900000000000205
2004,112,0.48,2.7900000000000205
2004,113,12.11,0.020000000000038654
2004,113,12.11,0.020000000000038654
2004,114,8.19,-1.919999999999959
2004,114,8.19,-1.919999999999959
2004,115,2.48,-2.0
2004,115,2.48,-2.0
2004,116,0.73,0.03000000000002956
2004,116,0.73,0.03000000000002956
2004,117,0.0,2.1100000000000136
2004,117,0.0,2.1100000000000136
2004,118,0.0,5.9500000000000455
2004,118,0.0,5.9500000000000455
2004,119,0.0,7.110000000000014
2004,119,0.0,7.110000000000014
2004,120,0.0,6.330000000000041
2004,120,0.0,6.330000000000041
2004,121,5.07,-0.19999999999998863
2004,121,5.07,-0.19999999999998863
2004,122,1.62,-1.5399999999999636
2004,122,1.62,-1.5399999999999636
2004,123,0.0,4.990000000000009
2004,123,0.0,4.990000000000009
2004,124,0.0,8.080000000000041
2004,124,0.0,8.080000000000041
2004,125,0.0,10.220000000000027
2004,125,0.0,10.220000000000027
2004,126,0.0,12.520000000000039
2004,126,0.0,12.520000000000039
2004,127,0.0,13.010000000000048
2004,127,0.0,13.010000000000048
2004,128,0.0,12.760000000000048
2004,128,0.0,12.760000000000048
2004,129,0.0,12.210000000000036
2004,129,0.0,12.210000000000036
2004,130,0.0,12.25
2004,130,0.0,12.25
2004,131,0.0,12.75
2004,131,0.0,12.75
2004,132,0.0,12.150000000000034
2004,132,0.0,12.150000000000034
2004,133,6.55,7.32000000000005
2004,133,6.55,7.32000000000005
2004,134,5.24,3.5500000000000114
2004,134,5.24,3.5500000000000114
2004,135,2.74,2.5200000000000387
2004,135,2.74,2.5200000000000387
2004,136,0.08,6.3799999999999955
2004,136,0.08,6.3799999999999955
2004,137,0.0,10.160000000000025
2004,137,0.0,10.160000000000025
2004,138,0.0,11.050000000000011
2004,138,0.0,11.050000000000011
2004,139,0.0,12.03000000000003
2004,139,0.0,12.03000000000003
2004,140,0.14,13.25
2004,140,0.14,13.25
2004,141,0.0,13.340000000000032
2004,141,0.0,13.340000000000032
2004,142,0.0,12.950000000000045
2004,142,0.0,12.950000000000045
2004,143,0.0,10.629999999999995
2004,143,0.0,10.629999999999995
2004,144,0.0,8.75
2004,144,0.0,8.75
2004,145,0.0,9.990000000000009
2004,145,0.0,9.990000000000009
2004,146,0.0,8.890000000000043
2004,146,0.0,8.890000000000043
2004,147,0.0,9.640000000000043
2004,147,0.0,9.640000000000043
2004,148,0.0,10.189999999999998
2004,148,0.0,10.189999999999998
2004,149,0.0,12.420000000000016
2004,149,0.0,12.420000000000016
2004,150,0.0,11.560000000000002
2004,150,0.0,11.560000000000002
2004,151,0.0,3.9700000000000273
2004,151,0.0,3.9700000000000273
2004,152,0.0,4.920000000000016
2004,152,0.0,4.920000000000016
2004,153,0.0,9.490000000000009
2004,153,0.0,9.490000000000009
2004,154,0.36,13.200000000000045
2004,154,0.36,13.200000000000045
2004,155,0.99,12.29000000000002
2004,155,0.99,12.29000000000002
2004,156,0.0,16.230000000000018
2004,156,0.0,16.230000000000018
2004,157,0.05,14.970000000000027
2004,157,0.05,14.970000000000027
2004,158,0.11,16.53000000000003
2004,158,0.11,16.53000000000003
2004,159,0.0,17.980000000000018
2004,159,0.0,17.980000000000018
2004,160,0.0,18.120000000000005
2004,160,0.0,18.120000000000005
2004,161,0.81,16.120000000000005
2004,161,0.81,16.120000000000005
2004,162,0.16,12.990000000000009
2004,162,0.16,12.990000000000009
2004,163,0.2,8.800000000000011
2004,163,0.2,8.800000000000011
2004,164,0.0,10.360000000000014
2004,164,0.0,10.360000000000014
2004,165,0.0,12.28000000000003
2004,165,0.0,12.28000000000003
2004,166,0.0,16.230000000000018
2004,166,0.0,16.230000000000018
2004,167,0.0,17.600000000000023
2004,167,0.0,17.600000000000023
2004,168,0.08,16.150000000000034
2004,168,0.08,16.150000000000034
2004,169,8.31,12.960000000000036
2004,169,8.31,12.960000000000036
2004,170,5.0,11.840000000000032
2004,170,5.0,11.840000000000032
2004,171,1.16,12.629999999999995
2004,171,1.16,12.629999999999995
2004,172,1.08,14.03000000000003
2004,172,1.08,14.03000000000003
2004,173,13.13,11.860000000000014
2004,173,13.13,11.860000000000014
2004,174,2.43,8.080000000000041
2004,174,2.43,8.080000000000041
2004,175,0.0,11.82000000000005
2004,175,0.0,11.82000000000005
2004,176,0.13,14.410000000000025
2004,176,0.13,14.410000000000025
2004,177,7.29,13.629999999999995
2004,177,7.29,13.629999999999995
2004,178,3.23,11.590000000000032
2004,178,3.23,11.590000000000032
2004,179,11.36,11.370000000000005
2004,179,11.36,11.370000000000005
2004,180,17.41,11.300000000000011
2004,180,17.41,11.300000000000011
2004,181,5.72,13.0
2004,181,5.72,13.0
2004,182,7.28,12.680000000000007
2004,182,7.28,12.680000000000007
2004,183,0.78,12.990000000000009
2004,183,0.78,12.990000000000009
2004,184,0.0,15.29000000000002
2004,184,0.0,15.29000000000002
2004,185,0.0,15.5
2004,185,0.0,15.5
2004,186,0.0,15.04000000000002
2004,186,0.0,15.04000000000002
2004,187,0.09,14.010000000000048
2004,187,0.09,14.010000000000048
2004,188,0.74,14.189999999999998
2004,188,0.74,14.189999999999998
2004,189,0.0,15.78000000000003
2004,189,0.0,15.78000000000003
2004,190,0.06,17.379999999999995
2004,190,0.06,17.379999999999995
2004,191,0.0,18.390000000000043
2004,191,0.0,18.390000000000043
2004,192,3.56,17.730000000000018
2004,192,3.56,17.730000000000018
2004,193,0.94,17.460000000000036
2004,193,0.94,17.460000000000036
2004,194,0.1,19.32000000000005
2004,194,0.1,19.32000000000005
2004,195,0.14,19.55000000000001
2004,195,0.14,19.55000000000001
2004,196,4.36,19.460000000000036
2004,196,4.36,19.460000000000036
2004,197,2.7,19.53000000000003
2004,197,2.7,19.53000000000003
2004,198,8.46,16.83000000000004
2004,198,8.46,16.83000000000004
2004,199,16.92,15.050000000000011
2004,199,16.92,15.050000000000011
2004,200,2.62,15.960000000000036
2004,200,2.62,15.960000000000036
2004,201,1.04,17.27000000000004
2004,201,1.04,17.27000000000004
2004,202,13.13,17.629999999999995
2004,202,13.13,17.629999999999995
2004,203,3.28,17.160000000000025
2004,203,3.28,17.160000000000025
2004,204,7.41,16.620000000000005
2004,204,7.41,16.620000000000005
2004,205,8.79,12.689999999999998
2004,205,8.79,12.689999999999998
2004,206,7.14,11.740000000000009
2004,206,7.14,11.740000000000009
2004,207,2.43,11.79000000000002
2004,207,2.43,11.79000000000002
2004,208,2.7,13.960000000000036
2004,208,2.7,13.960000000000036
2004,209,0.14,14.360000000000014
2004,209,0.14,14.360000000000014
2004,210,1.33,13.32000000000005
2004,210,1.33,13.32000000000005
2004,211,1.29,13.120000000000005
2004,211,1.29,13.120000000000005
2004,212,0.42,15.0
2004,212,0.42,15.0
2004,213,0.03,16.120000000000005
2004,213,0.03,16.120000000000005
2004,214,0.26,18.200000000000045
2004,214,0.26,18.200000000000045
2004,215,0.33,18.640000000000043
2004,215,0.33,18.640000000000043
2004,216,0.09,16.950000000000045
2004,216,0.09,16.950000000000045
2004,217,0.37,17.04000000000002
2004,217,0.37,17.04000000000002
2004,218,5.38,17.470000000000027
2004,218,5.38,17.470000000000027
2004,219,2.94,15.200000000000045
2004,219,2.94,15.200000000000045
2004,220,0.96,16.220000000000027
2004,220,0.96,16.220000000000027
2004,221,0.01,15.680000000000007
2004,221,0.01,15.680000000000007
2004,222,0.16,15.670000000000016
2004,222,0.16,15.670000000000016
2004,223,0.0,15.78000000000003
2004,223,0.0,15.78000000000003
2004,224,0.87,13.890000000000043
2004,224,0.87,13.890000000000043
2004,225,0.21,13.310000000000002
2004,225,0.21,13.310000000000002
2004,226,1.89,13.460000000000036
2004,226,1.89,13.460000000000036
2004,227,0.16,13.900000000000034
2004,227,0.16,13.900000000000034
2004,228,0.0,14.920000000000016
2004,228,0.0,14.920000000000016
2004,229,0.04,15.29000000000002
2004,229,0.04,15.29000000000002
2004,230,1.01,15.510000000000048
2004,230,1.01,15.510000000000048
2004,231,0.52,14.220000000000027
2004,231,0.52,14.220000000000027
2004,232,19.41,10.520000000000039
2004,232,19.41,10.520000000000039
2004,233,4.9,11.300000000000011
2004,233,4.9,11.300000000000011
2004,234,6.51,11.980000000000018
2004,234,6.51,11.980000000000018
2004,235,1.11,13.79000000000002
2004,235,1.11,13.79000000000002
2004,236,0.26,13.510000000000048
2004,236,0.26,13.510000000000048
2004,237,0.06,12.710000000000036
2004,237,0.06,12.710000000000036
2004,238,0.0,12.050000000000011
2004,238,0.0,12.050000000000011
2004,239,0.0,13.730000000000018
2004,239,0.0,13.730000000000018
2004,240,4.92,11.75
2004,240,4.92,11.75
2004,241,2.24,8.860000000000014
2004,241,2.24,8.860000000000014
2004,242,0.0,12.330000000000041
2004,242,0.0,12.330000000000041
2004,243,2.06,14.189999999999998
2004,243,2.06,14.189999999999998
2004,244,0.16,14.670000000000016
2004,244,0.16,14.670000000000016
2004,245,0.36,14.150000000000034
2004,245,0.36,14.150000000000034
2004,246,0.0,15.180000000000007
2004,246,0.0,15.180000000000007
2004,247,0.0,15.230000000000018
2004,247,0.0,15.230000000000018
2004,248,1.59,13.450000000000045
2004,248,1.59,13.450000000000045
2004,249,0.0,9.379999999999995
2004,249,0.0,9.379999999999995
2004,250,0.0,9.740000000000009
2004,250,0.0,9.740000000000009
2004,251,0.0,12.260000000000048
2004,251,0.0,12.260000000000048
2004,252,0.0,14.060000000000002
2004,252,0.0,14.060000000000002
2004,253,0.0,15.150000000000034
2004,253,0.0,15.150000000000034
2004,254,0.0,14.830000000000041
2004,254,0.0,14.830000000000041
2004,255,0.0,14.010000000000048
2004,255,0.0,14.010000000000048
2004,256,0.24,15.670000000000016
2004,256,0.24,15.670000000000016
2004,257,0.0,15.460000000000036
2004,257,0.0,15.460000000000036
2004,258,0.0,14.430000000000007
2004,258,0.0,14.430000000000007
2004,259,0.05,10.270000000000039
2004,259,0.05,10.270000000000039
2004,260,0.0,12.220000000000027
2004,260,0.0,12.220000000000027
2004,261,0.0,14.340000000000032
2004,261,0.0,14.340000000000032
2004,262,0.0,15.670000000000016
2004,262,0.0,15.670000000000016
2004,263,1.97,13.650000000000034
2004,263,1.97,13.650000000000034
2004,264,0.0,11.400000000000034
2004,264,0.0,11.400000000000034
2004,265,6.6,8.850000000000023
2004,265,6.6,8.850000000000023
2004,266,1.92,4.210000000000036
2004,266,1.92,4.210000000000036
2004,267,0.19,4.2900000000000205
2004,267,0.19,4.2900000000000205
2004,268,0.0,7.7900000000000205
2004,268,0.0,7.7900000000000205
2004,269,0.32,8.740000000000009
2004,269,0.32,8.740000000000009
2004,270,0.9,9.370000000000005
2004,270,0.9,9.370000000000005
2004,271,0.2,9.840000000000032
2004,271,0.2,9.840000000000032
2004,272,8.71,8.170000000000016
2004,272,8.71,8.170000000000016
2004,273,0.58,8.910000000000025
2004,273,0.58,8.910000000000025
2004,274,0.83,8.410000000000025
2004,274,0.83,8.410000000000025
2004,275,1.38,5.020000000000039
2004,275,1.38,5.020000000000039
2004,276,0.06,6.850000000000023
2004,276,0.06,6.850000000000023
2004,277,0.32,8.060000000000002
2004,277,0.32,8.060000000000002
2004,278,5.18,7.610000000000014
2004,278,5.18,7.610000000000014
2004,279,0.0,7.25
2004,279,0.0,7.25
2004,280,2.56,6.2000000000000455
2004,280,2.56,6.2000000000000455
2004,281,1.72,6.860000000000014
2004,281,1.72,6.860000000000014
2004,282,0.0,7.580000000000041
2004,282,0.0,7.580000000000041
2004,283,0.0,8.890000000000043
2004,283,0.0,8.890000000000043
2004,284,0.0,8.770000000000039
2004,284,0.0,8.770000000000039
2004,285,0.0,5.6200000000000045
2004,285,0.0,5.6200000000000045
2004,286,0.0,5.7000000000000455
2004,286,0.0,5.7000000000000455
2004,287,8.39,3.390000000000043
2004,287,8.39,3.390000000000043
2004,288,0.0,2.670000000000016
2004,288,0.0,2.670000000000016
2004,289,0.0,6.220000000000027
2004,289,0.0,6.220000000000027
2004,290,0.0,6.830000000000041
2004,290,0.0,6.830000000000041
2004,291,0.0,8.020000000000039
2004,291,0.0,8.020000000000039
2004,292,0.0,4.57000000000005
2004,292,0.0,4.57000000000005
2004,293,0.0,4.580000000000041
2004,293,0.0,4.580000000000041
2004,294,0.03,6.2900000000000205
2004,294,0.03,6.2900000000000205
2004,295,0.0,8.0
2004,295,0.0,8.0
2004,296,0.17,5.400000000000034
2004,296,0.17,5.400000000000034
2004,297,0.0,2.0500000000000114
2004,297,0.0,2.0500000000000114
2004,298,0.0,4.600000000000023
2004,298,0.0,4.600000000000023
2004,299,0.0,3.2600000000000477
2004,299,0.0,3.2600000000000477
2004,300,0.0,4.430000000000007
2004,300,0.0,4.430000000000007
2004,301,0.0,6.090000000000032
2004,301,0.0,6.090000000000032
2004,302,0.0,7.25
2004,302,0.0,7.25
2004,303,0.13,2.5300000000000296
2004,303,0.13,2.5300000000000296
2004,304,0.0,-0.7599999999999909
2004,304,0.0,-0.7599999999999909
2004,305,0.0,-1.0
2004,305,0.0,-1.0
2004,306,11.02,-5.8799999999999955
2004,306,11.02,-5.8799999999999955
2004,307,0.52,-8.859999999999957
2004,307,0.52,-8.859999999999957
2004,308,0.79,-1.3599999999999568
2004,308,0.79,-1.3599999999999568
2004,309,0.02,0.5
2004,309,0.02,0.5
2004,310,0.0,3.3600000000000136
2004,310,0.0,3.3600000000000136
2004,311,0.0,5.160000000000025
2004,311,0.0,5.160000000000025
2004,312,0.0,5.710000000000036
2004,312,0.0,5.710000000000036
2004,313,0.0,7.170000000000016
2004,313,0.0,7.170000000000016
2004,314,0.0,7.100000000000023
2004,314,0.0,7.100000000000023
2004,315,4.86,2.2600000000000477
2004,315,4.86,2.2600000000000477
2004,316,0.0,-2.1899999999999977
2004,316,0.0,-2.1899999999999977
2004,317,0.24,-0.2699999999999818
2004,317,0.24,-0.2699999999999818
2004,318,0.3,-2.849999999999966
2004,318,0.3,-2.849999999999966
2004,319,0.0,-1.9799999999999613
2004,319,0.0,-1.9799999999999613
2004,320,0.0,-0.5999999999999659
2004,320,0.0,-0.5999999999999659
2004,321,0.0,1.8600000000000136
2004,321,0.0,1.8600000000000136
2004,322,0.04,2.330000000000041
2004,322,0.04,2.330000000000041
2004,323,0.04,0.09000000000003183
2004,323,0.04,0.09000000000003183
2004,324,0.0,-0.3199999999999932
2004,324,0.0,-0.3199999999999932
2004,325,0.22,-4.019999999999982
2004,325,0.22,-4.019999999999982
2004,326,0.69,-4.3700000000000045
2004,326,0.69,-4.3700000000000045
2004,327,0.08,-2.1899999999999977
2004,327,0.08,-2.1899999999999977
2004,328,0.15,-2.6999999999999886
2004,328,0.15,-2.6999999999999886
2004,329,0.0,-6.569999999999993
2004,329,0.0,-6.569999999999993
2004,330,0.0,-3.25
2004,330,0.0,-3.25
2004,331,0.0,-1.509999999999991
2004,331,0.0,-1.509999999999991
2004,332,0.79,-6.6299999999999955
2004,332,0.79,-6.6299999999999955
2004,333,3.69,-4.1299999999999955
2004,333,3.69,-4.1299999999999955
2004,334,0.04,-13.71999999999997
2004,334,0.04,-13.71999999999997
2004,335,0.0,-12.95999999999998
2004,335,0.0,-12.95999999999998
2004,336,0.0,-9.589999999999975
2004,336,0.0,-9.589999999999975
2004,337,0.0,-11.560000000000002
2004,337,0.0,-11.560000000000002
2004,338,0.0,-7.509999999999991
2004,338,0.0,-7.509999999999991
2004,339,0.0,-3.6999999999999886
2004,339,0.0,-3.6999999999999886
2004,340,0.0,-3.2099999999999795
2004,340,0.0,-3.2099999999999795
2004,341,0.0,-6.769999999999982
2004,341,0.0,-6.769999999999982
2004,342,0.0,-7.2099999999999795
2004,342,0.0,-7.2099999999999795
2004,343,0.0,-5.589999999999975
2004,343,0.0,-5.589999999999975
2004,344,0.0,-3.0600000000000023
2004,344,0.0,-3.0600000000000023
2004,345,0.74,-1.349999999999966
2004,345,0.74,-1.349999999999966
2004,346,0.0,2.1200000000000045
2004,346,0.0,2.1200000000000045
2004,347,0.0,2.640000000000043
2004,347,0.0,2.640000000000043
2004,348,0.0,-0.8199999999999932
2004,348,0.0,-0.8199999999999932
2004,349,0.0,-1.2299999999999613
2004,349,0.0,-1.2299999999999613
2004,350,3.0,-2.6999999999999886
2004,350,3.0,-2.6999999999999886
2004,351,0.17,-5.419999999999959
2004,351,0.17,-5.419999999999959
2004,352,0.07,-4.039999999999964
2004,352,0.07,-4.039999999999964
2004,353,0.0,-3.849999999999966
2004,353,0.0,-3.849999999999966
2004,354,0.0,-2.859999999999957
2004,354,0.0,-2.859999999999957
2004,355,0.0,-0.9699999999999704
2004,355,0.0,-0.9699999999999704
2004,356,0.0,-5.569999999999993
2004,356,0.0,-5.569999999999993
2004,357,2.27,-11.70999999999998
2004,357,2.27,-11.70999999999998
2004,358,0.01,-15.96999999999997
2004,358,0.01,-15.96999999999997
2004,359,0.32,-13.669999999999959
2004,359,0.32,-13.669999999999959
2004,360,0.0,-4.569999999999993
2004,360,0.0,-4.569999999999993
2004,361,0.0,-2.9699999999999704
2004,361,0.0,-2.9699999999999704
2004,362,0.0,-0.9399999999999977
2004,362,0.0,-0.9399999999999977
2004,363,0.0,-1.839999999999975
2004,363,0.0,-1.839999999999975
2004,364,0.0,-1.1200000000000045
2004,364,0.0,-1.1200000000000045
2004,365,0.69,-0.7999999999999545
2004,365,0.69,-0.7999999999999545
2004,366,0.0,-2.4799999999999613
2004,366,0.0,-2.4799999999999613
2005,1,0.0,-1.6499999999999773
2005,1,0.0,-1.6499999999999773
2005,2,0.0,-3.4399999999999977
2005,2,0.0,-3.4399999999999977
2005,3,0.0,-2.3899999999999864
2005,3,0.0,-2.3899999999999864
2005,4,3.77,-1.759999999999991
2005,4,3.77,-1.759999999999991
2005,5,0.96,-8.569999999999993
2005,5,0.96,-8.569999999999993
2005,6,0.0,-8.139999999999986
2005,6,0.0,-8.139999999999986
2005,7,0.03,-11.019999999999982
2005,7,0.03,-11.019999999999982
2005,8,0.06,-5.1299999999999955
2005,8,0.06,-5.1299999999999955
2005,9,0.0,-1.099999999999966
2005,9,0.0,-1.099999999999966
2005,10,0.0,0.6400000000000432
2005,10,0.0,0.6400000000000432
2005,11,0.0,-0.9599999999999795
2005,11,0.0,-0.9599999999999795
2005,12,5.9,-3.159999999999968
2005,12,5.9,-3.159999999999968
2005,13,0.0,-9.0
2005,13,0.0,-9.0
2005,14,0.21,-8.579999999999984
2005,14,0.21,-8.579999999999984
2005,15,0.0,-7.419999999999959
2005,15,0.0,-7.419999999999959
2005,16,0.0,-5.439999999999998
2005,16,0.0,-5.439999999999998
2005,17,0.0,-3.4699999999999704
2005,17,0.0,-3.4699999999999704
2005,18,0.0,-2.839999999999975
2005,18,0.0,-2.839999999999975
2005,19,0.0,1.0200000000000387
2005,19,0.0,1.0200000000000387
2005,20,0.0,3.1299999999999955
2005,20,0.0,3.1299999999999955
2005,21,0.0,3.410000000000025
2005,21,0.0,3.410000000000025
2005,22,0.0,-0.6999999999999886
2005,22,0.0,-0.6999999999999886
2005,23,0.0,1.25
2005,23,0.0,1.25
2005,24,0.0,2.6299999999999955
2005,24,0.0,2.6299999999999955
2005,25,0.0,0.8900000000000432
2005,25,0.0,0.8900000000000432
2005,26,0.0,-0.7099999999999795
2005,26,0.0,-0.7099999999999795
2005,27,0.0,-0.38999999999998636
2005,27,0.0,-0.38999999999998636
2005,28,0.05,-1.2399999999999523
2005,28,0.05,-1.2399999999999523
2005,29,9.12,-2.819999999999993
2005,29,9.12,-2.819999999999993
2005,30,1.98,-4.199999999999989
2005,30,1.98,-4.199999999999989
2005,31,1.1,-5.46999999999997
2005,31,1.1,-5.46999999999997
2005,32,0.13,-7.17999999999995
2005,32,0.13,-7.17999999999995
2005,33,0.23,-8.759999999999991
2005,33,0.23,-8.759999999999991
2005,34,0.24,-5.169999999999959
2005,34,0.24,-5.169999999999959
2005,35,0.33,-2.6200000000000045
2005,35,0.33,-2.6200000000000045
2005,36,0.03,-1.6999999999999886
2005,36,0.03,-1.6999999999999886
2005,37,0.0,-2.9599999999999795
2005,37,0.0,-2.9599999999999795
2005,38,0.0,-5.099999999999966
2005,38,0.0,-5.099999999999966
2005,39,0.0,-6.229999999999961
2005,39,0.0,-6.229999999999961
2005,40,0.0,-9.269999999999982
2005,40,0.0,-9.269999999999982
2005,41,0.02,-5.569999999999993
2005,41,0.02,-5.569999999999993
2005,42,0.02,-0.7799999999999727
2005,42,0.02,-0.7799999999999727
2005,43,0.0,2.6200000000000045
2005,43,0.0,2.6200000000000045
2005,44,0.0,-0.0999999999999659
2005,44,0.0,-0.0999999999999659
2005,45,0.0,-0.7199999999999704
2005,45,0.0,-0.7199999999999704
2005,46,0.01,-3.1999999999999886
2005,46,0.01,-3.1999999999999886
2005,47,0.03,-4.839999999999975
2005,47,0.03,-4.839999999999975
2005,48,0.0,-3.849999999999966
2005,48,0.0,-3.849999999999966
2005,49,0.03,-2.5299999999999727
2005,49,0.03,-2.5299999999999727
2005,50,0.05,0.27000000000003865
2005,50,0.05,0.27000000000003865
2005,51,0.0,-1.6099999999999568
2005,51,0.0,-1.6099999999999568
2005,52,0.0,-2.159999999999968
2005,52,0.0,-2.159999999999968
2005,53,1.01,-1.089999999999975
2005,53,1.01,-1.089999999999975
2005,54,0.57,-2.829999999999984
2005,54,0.57,-2.829999999999984
2005,55,0.0,-5.689999999999998
2005,55,0.0,-5.689999999999998
2005,56,0.0,-4.6299999999999955
2005,56,0.0,-4.6299999999999955
2005,57,0.48,-3.819999999999993
2005,57,0.48,-3.819999999999993
2005,58,0.05,-5.21999999999997
2005,58,0.05,-5.21999999999997
2005,59,0.0,-5.539999999999964
2005,59,0.0,-5.539999999999964
2005,60,0.0,-4.849999999999966
2005,60,0.0,-4.849999999999966
2005,61,4.84,-4.339999999999975
2005,61,4.84,-4.339999999999975
2005,62,0.0,-2.2999999999999545
2005,62,0.0,-2.2999999999999545
2005,63,0.0,-0.8700000000000045
2005,63,0.0,-0.8700000000000045
2005,64,0.0,0.3900000000000432
2005,64,0.0,0.3900000000000432
2005,65,0.0,1.0900000000000318
2005,65,0.0,1.0900000000000318
2005,66,0.0,-0.39999999999997726
2005,66,0.0,-0.39999999999997726
2005,67,0.0,-0.8299999999999841
2005,67,0.0,-0.8299999999999841
2005,68,0.52,-0.7399999999999523
2005,68,0.52,-0.7399999999999523
2005,69,0.0,1.2700000000000387
2005,69,0.0,1.2700000000000387
2005,70,0.0,1.1000000000000227
2005,70,0.0,1.1000000000000227
2005,71,0.0,2.480000000000018
2005,71,0.0,2.480000000000018
2005,72,4.48,-2.069999999999993
2005,72,4.48,-2.069999999999993
2005,73,1.66,-8.019999999999982
2005,73,1.66,-8.019999999999982
2005,74,0.04,-9.339999999999975
2005,74,0.04,-9.339999999999975
2005,75,0.03,-7.259999999999991
2005,75,0.03,-7.259999999999991
2005,76,0.05,-4.599999999999966
2005,76,0.05,-4.599999999999966
2005,77,0.0,-3.829999999999984
2005,77,0.0,-3.829999999999984
2005,78,0.0,-3.519999999999982
2005,78,0.0,-3.519999999999982
2005,79,0.0,0.2300000000000182
2005,79,0.0,0.2300000000000182
2005,80,2.04,-1.42999999999995
2005,80,2.04,-1.42999999999995
2005,81,0.02,-3.009999999999991
2005,81,0.02,-3.009999999999991
2005,82,0.03,0.4399999999999977
2005,82,0.03,0.4399999999999977
2005,83,2.36,-1.5499999999999545
2005,83,2.36,-1.5499999999999545
2005,84,1.99,-3.9399999999999977
2005,84,1.99,-3.9399999999999977
2005,85,0.13,-4.3700000000000045
2005,85,0.13,-4.3700000000000045
2005,86,0.11,-2.769999999999982
2005,86,0.11,-2.769999999999982
2005,87,0.0,4.110000000000014
2005,87,0.0,4.110000000000014
2005,88,5.02,2.5400000000000205
2005,88,5.02,2.5400000000000205
2005,89,10.23,-2.9499999999999886
2005,89,10.23,-2.9499999999999886
2005,90,2.1,-5.289999999999964
2005,90,2.1,-5.289999999999964
2005,91,0.93,-4.649999999999977
2005,91,0.93,-4.649999999999977
2005,92,0.02,1.4700000000000273
2005,92,0.02,1.4700000000000273
2005,93,0.0,4.82000000000005
2005,93,0.0,4.82000000000005
2005,94,0.0,5.260000000000048
2005,94,0.0,5.260000000000048
2005,95,7.44,1.7900000000000205
2005,95,7.44,1.7900000000000205
2005,96,0.0,0.7700000000000387
2005,96,0.0,0.7700000000000387
2005,97,0.0,4.800000000000011
2005,97,0.0,4.800000000000011
2005,98,0.0,7.1299999999999955
2005,98,0.0,7.1299999999999955
2005,99,0.0,2.830000000000041
2005,99,0.0,2.830000000000041
2005,100,32.44,-0.9499999999999886
2005,100,32.44,-0.9499999999999886
2005,101,0.0,-4.739999999999952
2005,101,0.0,-4.739999999999952
2005,102,0.0,-2.829999999999984
2005,102,0.0,-2.829999999999984
2005,103,0.0,2.9399999999999977
2005,103,0.0,2.9399999999999977
2005,104,0.0,6.590000000000032
2005,104,0.0,6.590000000000032
2005,105,0.0,6.730000000000018
2005,105,0.0,6.730000000000018
2005,106,0.0,7.100000000000023
2005,106,0.0,7.100000000000023
2005,107,0.0,8.57000000000005
2005,107,0.0,8.57000000000005
2005,108,0.0,8.180000000000007
2005,108,0.0,8.180000000000007
2005,109,0.0,7.689999999999998
2005,109,0.0,7.689999999999998
2005,110,0.0,6.060000000000002
2005,110,0.0,6.060000000000002
2005,111,0.0,2.2900000000000205
2005,111,0.0,2.2900000000000205
2005,112,0.0,2.080000000000041
2005,112,0.0,2.080000000000041
2005,113,0.0,4.28000000000003
2005,113,0.0,4.28000000000003
2005,114,19.42,5.32000000000005
2005,114,19.42,5.32000000000005
2005,115,15.25,2.5200000000000387
2005,115,15.25,2.5200000000000387
2005,116,0.53,2.420000000000016
2005,116,0.53,2.420000000000016
2005,117,0.02,4.660000000000025
2005,117,0.02,4.660000000000025
2005,118,1.16,4.25
2005,118,1.16,4.25
2005,119,0.24,-0.08999999999997499
2005,119,0.24,-0.08999999999997499
2005,120,1.7,-1.3799999999999955
2005,120,1.7,-1.3799999999999955
2005,121,2.28,-1.589999999999975
2005,121,2.28,-1.589999999999975
2005,122,3.08,-1.2999999999999545
2005,122,3.08,-1.2999999999999545
2005,123,1.3,2.5
2005,123,1.3,2.5
2005,124,0.09,4.75
2005,124,0.09,4.75
2005,125,0.0,6.939999999999998
2005,125,0.0,6.939999999999998
2005,126,0.48,9.400000000000034
2005,126,0.48,9.400000000000034
2005,127,0.23,6.4500000000000455
2005,127,0.23,6.4500000000000455
2005,128,0.0,5.1299999999999955
2005,128,0.0,5.1299999999999955
2005,129,0.0,7.07000000000005
2005,129,0.0,7.07000000000005
2005,130,0.13,9.78000000000003
2005,130,0.13,9.78000000000003
2005,131,0.0,8.600000000000023
2005,131,0.0,8.600000000000023
2005,132,0.0,4.260000000000048
2005,132,0.0,4.260000000000048
2005,133,0.0,4.670000000000016
2005,133,0.0,4.670000000000016
2005,134,0.0,6.930000000000007
2005,134,0.0,6.930000000000007
2005,135,0.0,8.79000000000002
2005,135,0.0,8.79000000000002
2005,136,0.0,10.850000000000023
2005,136,0.0,10.850000000000023
2005,137,0.0,10.910000000000025
2005,137,0.0,10.910000000000025
2005,138,0.0,8.5
2005,138,0.0,8.5
2005,139,0.0,12.700000000000045
2005,139,0.0,12.700000000000045
2005,140,0.0,16.32000000000005
2005,140,0.0,16.32000000000005
2005,141,0.0,17.230000000000018
2005,141,0.0,17.230000000000018
2005,142,0.0,17.100000000000023
2005,142,0.0,17.100000000000023
2005,143,0.0,16.720000000000027
2005,143,0.0,16.720000000000027
2005,144,0.0,15.720000000000027
2005,144,0.0,15.720000000000027
2005,145,0.0,14.04000000000002
2005,145,0.0,14.04000000000002
2005,146,0.0,10.050000000000011
2005,146,0.0,10.050000000000011
2005,147,0.0,9.240000000000009
2005,147,0.0,9.240000000000009
2005,148,0.0,10.860000000000014
2005,148,0.0,10.860000000000014
2005,149,4.3,11.910000000000025
2005,149,4.3,11.910000000000025
2005,150,2.99,10.430000000000007
2005,150,2.99,10.430000000000007
2005,151,3.3,8.760000000000048
2005,151,3.3,8.760000000000048
2005,152,0.0,10.57000000000005
2005,152,0.0,10.57000000000005
2005,153,0.11,12.910000000000025
2005,153,0.11,12.910000000000025
2005,154,2.11,11.310000000000002
2005,154,2.11,11.310000000000002
2005,155,0.39,6.860000000000014
2005,155,0.39,6.860000000000014
2005,156,0.73,8.82000000000005
2005,156,0.73,8.82000000000005
2005,157,0.0,12.760000000000048
2005,157,0.0,12.760000000000048
2005,158,0.0,12.53000000000003
2005,158,0.0,12.53000000000003
2005,159,0.0,11.470000000000027
2005,159,0.0,11.470000000000027
2005,160,0.31,11.580000000000041
2005,160,0.31,11.580000000000041
2005,161,6.33,9.850000000000023
2005,161,6.33,9.850000000000023
2005,162,0.49,8.610000000000014
2005,162,0.49,8.610000000000014
2005,163,7.55,9.830000000000041
2005,163,7.55,9.830000000000041
2005,164,0.33,7.590000000000032
2005,164,0.33,7.590000000000032
2005,165,0.0,10.890000000000043
2005,165,0.0,10.890000000000043
2005,166,0.05,15.060000000000002
2005,166,0.05,15.060000000000002
2005,167,1.02,16.340000000000032
2005,167,1.02,16.340000000000032
2005,168,0.06,16.470000000000027
2005,168,0.06,16.470000000000027
2005,169,0.0,17.400000000000034
2005,169,0.0,17.400000000000034
2005,170,0.0,18.450000000000045
2005,170,0.0,18.450000000000045
2005,171,0.04,19.460000000000036
2005,171,0.04,19.460000000000036
2005,172,3.37,19.600000000000023
2005,172,3.37,19.600000000000023
2005,173,0.53,18.700000000000045
2005,173,0.53,18.700000000000045
2005,174,1.82,17.910000000000025
2005,174,1.82,17.910000000000025
2005,175,3.25,16.410000000000025
2005,175,3.25,16.410000000000025
2005,176,6.44,16.25
2005,176,6.44,16.25
2005,177,0.21,15.810000000000002
2005,177,0.21,15.810000000000002
2005,178,0.74,15.700000000000045
2005,178,0.74,15.700000000000045
2005,179,0.0,16.610000000000014
2005,179,0.0,16.610000000000014
2005,180,0.64,15.670000000000016
2005,180,0.64,15.670000000000016
2005,181,0.05,16.08000000000004
2005,181,0.05,16.08000000000004
2005,182,0.0,16.30000000000001
2005,182,0.0,16.30000000000001
2005,183,0.0,17.439999999999998
2005,183,0.0,17.439999999999998
2005,184,0.0,17.110000000000014
2005,184,0.0,17.110000000000014
2005,185,0.0,15.0
2005,185,0.0,15.0
2005,186,0.83,16.49000000000001
2005,186,0.83,16.49000000000001
2005,187,0.0,18.010000000000048
2005,187,0.0,18.010000000000048
2005,188,0.09,18.53000000000003
2005,188,0.09,18.53000000000003
2005,189,0.0,19.58000000000004
2005,189,0.0,19.58000000000004
2005,190,0.0,18.99000000000001
2005,190,0.0,18.99000000000001
2005,191,0.0,17.900000000000034
2005,191,0.0,17.900000000000034
2005,192,0.0,18.060000000000002
2005,192,0.0,18.060000000000002
2005,193,0.22,19.25
2005,193,0.22,19.25
2005,194,0.0,19.620000000000005
2005,194,0.0,19.620000000000005
2005,195,0.0,19.600000000000023
2005,195,0.0,19.600000000000023
2005,196,1.9,20.189999999999998
2005,196,1.9,20.189999999999998
2005,197,0.68,20.24000000000001
2005,197,0.68,20.24000000000001
2005,198,0.07,20.939999999999998
2005,198,0.07,20.939999999999998
2005,199,0.05,17.590000000000032
2005,199,0.05,17.590000000000032
2005,200,0.0,18.910000000000025
2005,200,0.0,18.910000000000025
2005,201,0.0,21.460000000000036
2005,201,0.0,21.460000000000036
2005,202,0.15,22.850000000000023
2005,202,0.15,22.850000000000023
2005,203,0.11,21.960000000000036
2005,203,0.11,21.960000000000036
2005,204,1.59,20.80000000000001
2005,204,1.59,20.80000000000001
2005,205,1.99,18.810000000000002
2005,205,1.99,18.810000000000002
2005,206,11.04,16.939999999999998
2005,206,11.04,16.939999999999998
2005,207,7.02,14.590000000000032
2005,207,7.02,14.590000000000032
2005,208,4.93,13.03000000000003
2005,208,4.93,13.03000000000003
2005,209,0.67,16.390000000000043
2005,209,0.67,16.390000000000043
2005,210,0.0,18.150000000000034
2005,210,0.0,18.150000000000034
2005,211,0.0,19.52000000000004
2005,211,0.0,19.52000000000004
2005,212,0.0,20.29000000000002
2005,212,0.0,20.29000000000002
2005,213,0.1,19.180000000000007
2005,213,0.1,19.180000000000007
2005,214,0.0,19.170000000000016
2005,214,0.0,19.170000000000016
2005,215,1.94,19.04000000000002
2005,215,1.94,19.04000000000002
2005,216,28.71,12.600000000000023
2005,216,28.71,12.600000000000023
2005,217,6.16,12.430000000000007
2005,217,6.16,12.430000000000007
2005,218,1.71,15.629999999999995
2005,218,1.71,15.629999999999995
2005,219,0.0,16.120000000000005
2005,219,0.0,16.120000000000005
2005,220,0.0,17.25
2005,220,0.0,17.25
2005,221,0.82,18.370000000000005
2005,221,0.82,18.370000000000005
2005,222,1.8,16.980000000000018
2005,222,1.8,16.980000000000018
2005,223,3.53,15.890000000000043
2005,223,3.53,15.890000000000043
2005,224,5.84,13.480000000000018
2005,224,5.84,13.480000000000018
2005,225,2.35,13.07000000000005
2005,225,2.35,13.07000000000005
2005,226,3.25,12.29000000000002
2005,226,3.25,12.29000000000002
2005,227,0.05,13.490000000000009
2005,227,0.05,13.490000000000009
2005,228,3.62,15.07000000000005
2005,228,3.62,15.07000000000005
2005,229,1.18,13.990000000000009
2005,229,1.18,13.990000000000009
2005,230,0.17,14.600000000000023
2005,230,0.17,14.600000000000023
2005,231,0.06,15.54000000000002
2005,231,0.06,15.54000000000002
2005,232,5.85,16.0
2005,232,5.85,16.0
2005,233,12.94,13.660000000000025
2005,233,12.94,13.660000000000025
2005,234,0.54,14.470000000000027
2005,234,0.54,14.470000000000027
2005,235,1.18,14.82000000000005
2005,235,1.18,14.82000000000005
2005,236,0.66,15.200000000000045
2005,236,0.66,15.200000000000045
2005,237,0.49,16.82000000000005
2005,237,0.49,16.82000000000005
2005,238,1.05,15.78000000000003
2005,238,1.05,15.78000000000003
2005,239,0.35,16.05000000000001
2005,239,0.35,16.05000000000001
2005,240,0.23,15.210000000000036
2005,240,0.23,15.210000000000036
2005,241,0.0,15.78000000000003
2005,241,0.0,15.78000000000003
2005,242,0.0,16.950000000000045
2005,242,0.0,16.950000000000045
2005,243,0.0,15.410000000000025
2005,243,0.0,15.410000000000025
2005,244,0.23,14.010000000000048
2005,244,0.23,14.010000000000048
2005,245,0.0,15.410000000000025
2005,245,0.0,15.410000000000025
2005,246,0.09,15.890000000000043
2005,246,0.09,15.890000000000043
2005,247,0.0,15.800000000000011
2005,247,0.0,15.800000000000011
2005,248,0.45,16.650000000000034
2005,248,0.45,16.650000000000034
2005,249,1.51,16.49000000000001
2005,249,1.51,16.49000000000001
2005,250,1.22,15.270000000000039
2005,250,1.22,15.270000000000039
2005,251,0.52,17.400000000000034
2005,251,0.52,17.400000000000034
2005,252,0.75,16.28000000000003
2005,252,0.75,16.28000000000003
2005,253,0.37,15.04000000000002
2005,253,0.37,15.04000000000002
2005,254,0.08,14.210000000000036
2005,254,0.08,14.210000000000036
2005,255,0.0,13.75
2005,255,0.0,13.75
2005,256,0.05,11.520000000000039
2005,256,0.05,11.520000000000039
2005,257,1.19,9.520000000000039
2005,257,1.19,9.520000000000039
2005,258,0.0,8.680000000000007
2005,258,0.0,8.680000000000007
2005,259,0.0,11.840000000000032
2005,259,0.0,11.840000000000032
2005,260,0.0,12.670000000000016
2005,260,0.0,12.670000000000016
2005,261,0.0,12.730000000000018
2005,261,0.0,12.730000000000018
2005,262,0.0,12.650000000000034
2005,262,0.0,12.650000000000034
2005,263,0.0,14.620000000000005
2005,263,0.0,14.620000000000005
2005,264,0.0,16.510000000000048
2005,264,0.0,16.510000000000048
2005,265,3.75,13.830000000000041
2005,265,3.75,13.830000000000041
2005,266,0.4,12.340000000000032
2005,266,0.4,12.340000000000032
2005,267,0.0,14.439999999999998
2005,267,0.0,14.439999999999998
2005,268,0.0,13.300000000000011
2005,268,0.0,13.300000000000011
2005,269,0.0,11.680000000000007
2005,269,0.0,11.680000000000007
2005,270,0.0,14.300000000000011
2005,270,0.0,14.300000000000011
2005,271,7.09,10.100000000000023
2005,271,7.09,10.100000000000023
2005,272,0.0,8.640000000000043
2005,272,0.0,8.640000000000043
2005,273,0.0,12.110000000000014
2005,273,0.0,12.110000000000014
2005,274,0.0,13.020000000000039
2005,274,0.0,13.020000000000039
2005,275,0.0,13.430000000000007
2005,275,0.0,13.430000000000007
2005,276,0.0,12.930000000000007
2005,276,0.0,12.930000000000007
2005,277,0.0,13.120000000000005
2005,277,0.0,13.120000000000005
2005,278,1.02,7.340000000000032
2005,278,1.02,7.340000000000032
2005,279,0.0,3.8500000000000227
2005,279,0.0,3.8500000000000227
2005,280,0.0,7.680000000000007
2005,280,0.0,7.680000000000007
2005,281,0.0,11.560000000000002
2005,281,0.0,11.560000000000002
2005,282,8.94,9.379999999999995
2005,282,8.94,9.379999999999995
2005,283,10.21,0.4600000000000364
2005,283,10.21,0.4600000000000364
2005,284,0.69,-0.48999999999995225
2005,284,0.69,-0.48999999999995225
2005,285,0.01,0.5
2005,285,0.01,0.5
2005,286,0.0,4.260000000000048
2005,286,0.0,4.260000000000048
2005,287,0.0,8.020000000000039
2005,287,0.0,8.020000000000039
2005,288,0.0,6.960000000000036
2005,288,0.0,6.960000000000036
2005,289,0.0,7.970000000000027
2005,289,0.0,7.970000000000027
2005,290,0.0,8.650000000000034
2005,290,0.0,8.650000000000034
2005,291,0.0,9.480000000000018
2005,291,0.0,9.480000000000018
2005,292,1.48,7.850000000000023
2005,292,1.48,7.850000000000023
2005,293,0.12,5.510000000000048
2005,293,0.12,5.510000000000048
2005,294,0.0,6.0400000000000205
2005,294,0.0,6.0400000000000205
2005,295,0.0,6.060000000000002
2005,295,0.0,6.060000000000002
2005,296,0.0,4.5400000000000205
2005,296,0.0,4.5400000000000205
2005,297,0.0,5.2000000000000455
2005,297,0.0,5.2000000000000455
2005,298,0.0,6.8799999999999955
2005,298,0.0,6.8799999999999955
2005,299,0.0,6.3700000000000045
2005,299,0.0,6.3700000000000045
2005,300,0.0,4.890000000000043
2005,300,0.0,4.890000000000043
2005,301,0.0,6.340000000000032
2005,301,0.0,6.340000000000032
2005,302,0.05,5.710000000000036
2005,302,0.05,5.710000000000036
2005,303,0.71,2.7100000000000364
2005,303,0.71,2.7100000000000364
2005,304,0.0,-0.5
2005,304,0.0,-0.5
2005,305,0.0,3.9600000000000364
2005,305,0.0,3.9600000000000364
2005,306,0.0,6.610000000000014
2005,306,0.0,6.610000000000014
2005,307,0.0,6.390000000000043
2005,307,0.0,6.390000000000043
2005,308,0.0,3.740000000000009
2005,308,0.0,3.740000000000009
2005,309,0.45,0.060000000000002274
2005,309,0.45,0.060000000000002274
2005,310,0.08,0.8700000000000045
2005,310,0.08,0.8700000000000045
2005,311,0.0,5.310000000000002
2005,311,0.0,5.310000000000002
2005,312,0.0,7.25
2005,312,0.0,7.25
2005,313,0.0,6.470000000000027
2005,313,0.0,6.470000000000027
2005,314,0.0,7.740000000000009
2005,314,0.0,7.740000000000009
2005,315,0.0,7.75
2005,315,0.0,7.75
2005,316,0.64,3.340000000000032
2005,316,0.64,3.340000000000032
2005,317,0.0,0.28000000000002956
2005,317,0.0,0.28000000000002956
2005,318,0.0,0.6299999999999955
2005,318,0.0,0.6299999999999955
2005,319,2.44,-7.489999999999952
2005,319,2.44,-7.489999999999952
2005,320,0.06,-7.5
2005,320,0.06,-7.5
2005,321,0.99,-3.92999999999995
2005,321,0.99,-3.92999999999995
2005,322,0.21,-5.7999999999999545
2005,322,0.21,-5.7999999999999545
2005,323,0.01,-3.569999999999993
2005,323,0.01,-3.569999999999993
2005,324,0.0,-5.2099999999999795
2005,324,0.0,-5.2099999999999795
2005,325,0.0,0.12000000000000455
2005,325,0.0,0.12000000000000455
2005,326,0.0,1.0900000000000318
2005,326,0.0,1.0900000000000318
2005,327,0.0,1.4500000000000455
2005,327,0.0,1.4500000000000455
2005,328,0.0,0.6299999999999955
2005,328,0.0,0.6299999999999955
2005,329,0.0,-1.599999999999966
2005,329,0.0,-1.599999999999966
2005,330,0.0,-0.5099999999999909
2005,330,0.0,-0.5099999999999909
2005,331,0.0,-6.539999999999964
2005,331,0.0,-6.539999999999964
2005,332,0.0,-11.519999999999982
2005,332,0.0,-11.519999999999982
2005,333,0.0,-11.060000000000002
2005,333,0.0,-11.060000000000002
2005,334,0.05,-5.8799999999999955
2005,334,0.05,-5.8799999999999955
2005,335,0.0,-7.979999999999961
2005,335,0.0,-7.979999999999961
2005,336,0.0,-1.4599999999999795
2005,336,0.0,-1.4599999999999795
2005,337,3.93,-2.839999999999975
2005,337,3.93,-2.839999999999975
2005,338,0.0,-12.379999999999995
2005,338,0.0,-12.379999999999995
2005,339,0.02,-14.729999999999961
2005,339,0.02,-14.729999999999961
2005,340,0.0,-12.229999999999961
2005,340,0.0,-12.229999999999961
2005,341,0.41,-16.939999999999998
2005,341,0.41,-16.939999999999998
2005,342,0.02,-15.060000000000002
2005,342,0.02,-15.060000000000002
2005,343,0.0,-8.25
2005,343,0.0,-8.25
2005,344,0.03,-6.0499999999999545
2005,344,0.03,-6.0499999999999545
2005,345,0.0,-3.849999999999966
2005,345,0.0,-3.849999999999966
2005,346,0.0,-3.5299999999999727
2005,346,0.0,-3.5299999999999727
2005,347,0.0,-4.239999999999952
2005,347,0.0,-4.239999999999952
2005,348,0.0,-9.699999999999989
2005,348,0.0,-9.699999999999989
2005,349,0.0,-14.729999999999961
2005,349,0.0,-14.729999999999961
2005,350,0.0,-12.649999999999977
2005,350,0.0,-12.649999999999977
2005,351,0.27,-13.75
2005,351,0.27,-13.75
2005,352,0.0,-10.839999999999975
2005,352,0.0,-10.839999999999975
2005,353,0.0,-6.560000000000002
2005,353,0.0,-6.560000000000002
2005,354,0.14,-4.2999999999999545
2005,354,0.14,-4.2999999999999545
2005,355,0.0,-1.349999999999966
2005,355,0.0,-1.349999999999966
2005,356,0.0,0.9500000000000455
2005,356,0.0,0.9500000000000455
2005,357,0.0,0.34000000000003183
2005,357,0.0,0.34000000000003183
2005,358,0.0,-2.909999999999968
2005,358,0.0,-2.909999999999968
2005,359,0.0,0.5100000000000477
2005,359,0.0,0.5100000000000477
2005,360,0.0,1.150000000000034
2005,360,0.0,1.150000000000034
2005,361,0.0,-1.2099999999999795
2005,361,0.0,-1.2099999999999795
2005,362,0.0,-1.1399999999999864
2005,362,0.0,-1.1399999999999864
2005,363,0.0,-0.16999999999995907
2005,363,0.0,-0.16999999999995907
2005,364,0.0,-6.289999999999964
2005,364,0.0,-6.289999999999964
2005,365,0.1,-0.7899999999999636
2005,365,0.1,-0.7899999999999636
2006,1,0.02,-0.6200000000000045
2006,1,0.02,-0.6200000000000045
2006,2,0.0,-1.759999999999991
2006,2,0.0,-1.759999999999991
2006,3,0.0,0.5500000000000114
2006,3,0.0,0.5500000000000114
2006,4,0.0,-3.109999999999957
2006,4,0.0,-3.109999999999957
2006,5,0.0,-6.089999999999975
2006,5,0.0,-6.089999999999975
2006,6,0.0,-0.8899999999999864
2006,6,0.0,-0.8899999999999864
2006,7,0.0,2.2000000000000455
2006,7,0.0,2.2000000000000455
2006,8,0.0,-2.3899999999999864
2006,8,0.0,-2.3899999999999864
2006,9,0.0,-7.060000000000002
2006,9,0.0,-7.060000000000002
2006,10,0.0,-5.5
2006,10,0.0,-5.5
2006,11,0.0,-1.5499999999999545
2006,11,0.0,-1.5499999999999545
2006,12,0.0,-3.5
2006,12,0.0,-3.5
2006,13,0.0,-7.0499999999999545
2006,13,0.0,-7.0499999999999545
2006,14,0.0,0.34000000000003183
2006,14,0.0,0.34000000000003183
2006,15,0.0,-1.1999999999999886
2006,15,0.0,-1.1999999999999886
2006,16,0.84,-6.889999999999986
2006,16,0.84,-6.889999999999986
2006,17,0.0,-10.289999999999964
2006,17,0.0,-10.289999999999964
2006,18,0.06,-4.039999999999964
2006,18,0.06,-4.039999999999964
2006,19,6.08,-5.089999999999975
2006,19,6.08,-5.089999999999975
2006,20,0.0,-8.92999999999995
2006,20,0.0,-8.92999999999995
2006,21,0.05,-10.529999999999973
2006,21,0.05,-10.529999999999973
2006,22,0.01,-8.539999999999964
2006,22,0.01,-8.539999999999964
2006,23,0.0,-10.029999999999973
2006,23,0.0,-10.029999999999973
2006,24,0.17,-4.389999999999986
2006,24,0.17,-4.389999999999986
2006,25,0.02,-2.9899999999999523
2006,25,0.02,-2.9899999999999523
2006,26,0.0,-3.069999999999993
2006,26,0.0,-3.069999999999993
2006,27,0.0,-7.229999999999961
2006,27,0.0,-7.229999999999961
2006,28,0.0,-8.439999999999998
2006,28,0.0,-8.439999999999998
2006,29,0.0,-7.669999999999959
2006,29,0.0,-7.669999999999959
2006,30,0.0,-8.319999999999993
2006,30,0.0,-8.319999999999993
2006,31,0.0,-1.9599999999999795
2006,31,0.0,-1.9599999999999795
2006,32,0.0,-2.6299999999999955
2006,32,0.0,-2.6299999999999955
2006,33,0.44,-2.579999999999984
2006,33,0.44,-2.579999999999984
2006,34,0.0,-6.639999999999986
2006,34,0.0,-6.639999999999986
2006,35,0.0,-5.669999999999959
2006,35,0.0,-5.669999999999959
2006,36,0.19,-4.1200000000000045
2006,36,0.19,-4.1200000000000045
2006,37,0.0,-9.359999999999957
2006,37,0.0,-9.359999999999957
2006,38,0.0,-5.17999999999995
2006,38,0.0,-5.17999999999995
2006,39,0.0,-2.509999999999991
2006,39,0.0,-2.509999999999991
2006,40,0.16,-0.3299999999999841
2006,40,0.16,-0.3299999999999841
2006,41,0.26,-9.099999999999966
2006,41,0.26,-9.099999999999966
2006,42,0.18,-13.979999999999961
2006,42,0.18,-13.979999999999961
2006,43,0.0,-6.67999999999995
2006,43,0.0,-6.67999999999995
2006,44,0.0,-3.769999999999982
2006,44,0.0,-3.769999999999982
2006,45,0.0,-3.169999999999959
2006,45,0.0,-3.169999999999959
2006,46,0.0,-3.1899999999999977
2006,46,0.0,-3.1899999999999977
2006,47,1.16,-7.539999999999964
2006,47,1.16,-7.539999999999964
2006,48,0.0,-13.0
2006,48,0.0,-13.0
2006,49,0.0,-9.599999999999966
2006,49,0.0,-9.599999999999966
2006,50,0.0,-6.289999999999964
2006,50,0.0,-6.289999999999964
2006,51,0.0,-8.989999999999952
2006,51,0.0,-8.989999999999952
2006,52,0.0,-10.739999999999952
2006,52,0.0,-10.739999999999952
2006,53,0.0,-10.560000000000002
2006,53,0.0,-10.560000000000002
2006,54,0.0,-7.439999999999998
2006,54,0.0,-7.439999999999998
2006,55,0.0,-5.159999999999968
2006,55,0.0,-5.159999999999968
2006,56,0.0,-3.9599999999999795
2006,56,0.0,-3.9599999999999795
2006,57,0.0,-3.67999999999995
2006,57,0.0,-3.67999999999995
2006,58,0.0,0.35000000000002274
2006,58,0.0,0.35000000000002274
2006,59,0.0,1.920000000000016
2006,59,0.0,1.920000000000016
2006,60,0.0,1.910000000000025
2006,60,0.0,1.910000000000025
2006,61,0.0,-1.0699999999999932
2006,61,0.0,-1.0699999999999932
2006,62,0.0,-0.009999999999990905
2006,62,0.0,-0.009999999999990905
2006,63,0.0,1.7200000000000273
2006,63,0.0,1.7200000000000273
2006,64,0.0,-0.7999999999999545
2006,64,0.0,-0.7999999999999545
2006,65,0.0,1.8000000000000114
2006,65,0.0,1.8000000000000114
2006,66,0.0,2.680000000000007
2006,66,0.0,2.680000000000007
2006,67,0.38,-1.2199999999999704
2006,67,0.38,-1.2199999999999704
2006,68,0.02,-6.989999999999952
2006,68,0.02,-6.989999999999952
2006,69,1.25,-7.359999999999957
2006,69,1.25,-7.359999999999957
2006,70,0.0,-9.269999999999982
2006,70,0.0,-9.269999999999982
2006,71,1.44,-6.46999999999997
2006,71,1.44,-6.46999999999997
2006,72,0.02,-11.489999999999952
2006,72,0.02,-11.489999999999952
2006,73,0.4,-11.009999999999991
2006,73,0.4,-11.009999999999991
2006,74,0.29,-3.0499999999999545
2006,74,0.29,-3.0499999999999545
2006,75,0.09,-6.4599999999999795
2006,75,0.09,-6.4599999999999795
2006,76,0.0,-1.3799999999999955
2006,76,0.0,-1.3799999999999955
2006,77,0.0,-0.049999999999954525
2006,77,0.0,-0.049999999999954525
2006,78,5.83,-2.1299999999999955
2006,78,5.83,-2.1299999999999955
2006,79,0.83,-6.029999999999973
2006,79,0.83,-6.029999999999973
2006,80,1.32,-9.479999999999961
2006,80,1.32,-9.479999999999961
2006,81,0.82,-5.769999999999982
2006,81,0.82,-5.769999999999982
2006,82,0.07,-7.25
2006,82,0.07,-7.25
2006,83,0.0,-4.919999999999959
2006,83,0.0,-4.919999999999959
2006,84,0.0,-2.5
2006,84,0.0,-2.5
2006,85,0.22,-0.839999999999975
2006,85,0.22,-0.839999999999975
2006,86,0.16,-5.810000000000002
2006,86,0.16,-5.810000000000002
2006,87,0.0,-1.5
2006,87,0.0,-1.5
2006,88,0.0,1.4399999999999977
2006,88,0.0,1.4399999999999977
2006,89,0.0,-0.6499999999999773
2006,89,0.0,-0.6499999999999773
2006,90,0.0,-2.6499999999999773
2006,90,0.0,-2.6499999999999773
2006,91,0.0,1.7000000000000455
2006,91,0.0,1.7000000000000455
2006,92,0.0,-1.9099999999999682
2006,92,0.0,-1.9099999999999682
2006,93,0.0,-1.25
2006,93,0.0,-1.25
2006,94,0.0,2.5200000000000387
2006,94,0.0,2.5200000000000387
2006,95,0.05,5.03000000000003
2006,95,0.05,5.03000000000003
2006,96,1.18,0.6299999999999955
2006,96,1.18,0.6299999999999955
2006,97,0.0,-1.829999999999984
2006,97,0.0,-1.829999999999984
2006,98,0.42,1.2000000000000455
2006,98,0.42,1.2000000000000455
2006,99,0.0,5.410000000000025
2006,99,0.0,5.410000000000025
2006,100,0.0,6.400000000000034
2006,100,0.0,6.400000000000034
2006,101,0.0,4.7000000000000455
2006,101,0.0,4.7000000000000455
2006,102,0.0,5.010000000000048
2006,102,0.0,5.010000000000048
2006,103,0.0,9.260000000000048
2006,103,0.0,9.260000000000048
2006,104,0.0,8.980000000000018
2006,104,0.0,8.980000000000018
2006,105,3.79,7.2900000000000205
2006,105,3.79,7.2900000000000205
2006,106,0.0,5.53000000000003
2006,106,0.0,5.53000000000003
2006,107,0.0,7.8700000000000045
2006,107,0.0,7.8700000000000045
2006,108,0.0,1.4399999999999977
2006,108,0.0,1.4399999999999977
2006,109,0.0,-1.349999999999966
2006,109,0.0,-1.349999999999966
2006,110,0.0,2.82000000000005
2006,110,0.0,2.82000000000005
2006,111,0.0,5.110000000000014
2006,111,0.0,5.110000000000014
2006,112,0.0,9.680000000000007
2006,112,0.0,9.680000000000007
2006,113,0.0,11.100000000000023
2006,113,0.0,11.100000000000023
2006,114,0.07,5.990000000000009
2006,114,0.07,5.990000000000009
2006,115,4.52,-2.409999999999968
2006,115,4.52,-2.409999999999968
2006,116,0.0,-0.6499999999999773
2006,116,0.0,-0.6499999999999773
2006,117,0.0,4.270000000000039
2006,117,0.0,4.270000000000039
2006,118,2.86,2.8700000000000045
2006,118,2.86,2.8700000000000045
2006,119,0.33,-1.0
2006,119,0.33,-1.0
2006,120,0.0,2.7600000000000477
2006,120,0.0,2.7600000000000477
2006,121,1.68,4.670000000000016
2006,121,1.68,4.670000000000016
2006,122,0.0,6.310000000000002
2006,122,0.0,6.310000000000002
2006,123,0.96,7.439999999999998
2006,123,0.96,7.439999999999998
2006,124,0.45,6.420000000000016
2006,124,0.45,6.420000000000016
2006,125,1.25,5.960000000000036
2006,125,1.25,5.960000000000036
2006,126,5.22,5.770000000000039
2006,126,5.22,5.770000000000039
2006,127,0.02,7.110000000000014
2006,127,0.02,7.110000000000014
2006,128,0.0,7.970000000000027
2006,128,0.0,7.970000000000027
2006,129,0.0,6.53000000000003
2006,129,0.0,6.53000000000003
2006,130,2.28,3.150000000000034
2006,130,2.28,3.150000000000034
2006,131,0.0,3.6899999999999977
2006,131,0.0,3.6899999999999977
2006,132,0.0,8.830000000000041
2006,132,0.0,8.830000000000041
2006,133,0.0,11.110000000000014
2006,133,0.0,11.110000000000014
2006,134,0.91,11.04000000000002
2006,134,0.91,11.04000000000002
2006,135,0.16,8.920000000000016
2006,135,0.16,8.920000000000016
2006,136,0.0,9.25
2006,136,0.0,9.25
2006,137,0.0,11.360000000000014
2006,137,0.0,11.360000000000014
2006,138,0.03,13.160000000000025
2006,138,0.03,13.160000000000025
2006,139,0.12,14.57000000000005
2006,139,0.12,14.57000000000005
2006,140,0.26,14.390000000000043
2006,140,0.26,14.390000000000043
2006,141,0.0,14.850000000000023
2006,141,0.0,14.850000000000023
2006,142,1.8,15.439999999999998
2006,142,1.8,15.439999999999998
2006,143,5.36,11.110000000000014
2006,143,5.36,11.110000000000014
2006,144,0.0,10.740000000000009
2006,144,0.0,10.740000000000009
2006,145,0.0,14.920000000000016
2006,145,0.0,14.920000000000016
2006,146,0.0,15.560000000000002
2006,146,0.0,15.560000000000002
2006,147,0.0,13.82000000000005
2006,147,0.0,13.82000000000005
2006,148,0.0,12.060000000000002
2006,148,0.0,12.060000000000002
2006,149,0.0,8.420000000000016
2006,149,0.0,8.420000000000016
2006,150,0.99,10.310000000000002
2006,150,0.99,10.310000000000002
2006,151,0.31,10.760000000000048
2006,151,0.31,10.760000000000048
2006,152,0.0,11.730000000000018
2006,152,0.0,11.730000000000018
2006,153,0.64,14.660000000000025
2006,153,0.64,14.660000000000025
2006,154,0.08,16.689999999999998
2006,154,0.08,16.689999999999998
2006,155,0.0,16.379999999999995
2006,155,0.0,16.379999999999995
2006,156,0.0,17.370000000000005
2006,156,0.0,17.370000000000005
2006,157,1.07,18.220000000000027
2006,157,1.07,18.220000000000027
2006,158,0.0,18.04000000000002
2006,158,0.0,18.04000000000002
2006,159,0.04,16.730000000000018
2006,159,0.04,16.730000000000018
2006,160,0.0,14.310000000000002
2006,160,0.0,14.310000000000002
2006,161,0.0,14.590000000000032
2006,161,0.0,14.590000000000032
2006,162,0.24,15.129999999999995
2006,162,0.24,15.129999999999995
2006,163,1.06,16.689999999999998
2006,163,1.06,16.689999999999998
2006,164,0.0,17.160000000000025
2006,164,0.0,17.160000000000025
2006,165,0.0,18.230000000000018
2006,165,0.0,18.230000000000018
2006,166,0.0,15.830000000000041
2006,166,0.0,15.830000000000041
2006,167,1.19,12.53000000000003
2006,167,1.19,12.53000000000003
2006,168,0.41,10.970000000000027
2006,168,0.41,10.970000000000027
2006,169,0.0,14.5
2006,169,0.0,14.5
2006,170,0.0,18.55000000000001
2006,170,0.0,18.55000000000001
2006,171,0.0,18.33000000000004
2006,171,0.0,18.33000000000004
2006,172,0.72,15.470000000000027
2006,172,0.72,15.470000000000027
2006,173,2.17,15.100000000000023
2006,173,2.17,15.100000000000023
2006,174,0.09,14.550000000000011
2006,174,0.09,14.550000000000011
2006,175,0.87,15.28000000000003
2006,175,0.87,15.28000000000003
2006,176,3.11,13.460000000000036
2006,176,3.11,13.460000000000036
2006,177,3.68,11.980000000000018
2006,177,3.68,11.980000000000018
2006,178,0.71,13.28000000000003
2006,178,0.71,13.28000000000003
2006,179,1.12,14.390000000000043
2006,179,1.12,14.390000000000043
2006,180,0.79,15.580000000000041
2006,180,0.79,15.580000000000041
2006,181,0.0,17.220000000000027
2006,181,0.0,17.220000000000027
2006,182,2.97,17.629999999999995
2006,182,2.97,17.629999999999995
2006,183,8.17,16.420000000000016
2006,183,8.17,16.420000000000016
2006,184,6.01,15.390000000000043
2006,184,6.01,15.390000000000043
2006,185,2.45,14.770000000000039
2006,185,2.45,14.770000000000039
2006,186,7.24,15.090000000000032
2006,186,7.24,15.090000000000032
2006,187,14.23,14.370000000000005
2006,187,14.23,14.370000000000005
2006,188,2.73,15.490000000000009
2006,188,2.73,15.490000000000009
2006,189,23.72,14.5
2006,189,23.72,14.5
2006,190,18.03,12.020000000000039
2006,190,18.03,12.020000000000039
2006,191,3.2,12.82000000000005
2006,191,3.2,12.82000000000005
2006,192,1.65,15.350000000000023
2006,192,1.65,15.350000000000023
2006,193,0.11,16.32000000000005
2006,193,0.11,16.32000000000005
2006,194,0.0,17.54000000000002
2006,194,0.0,17.54000000000002
2006,195,0.0,18.180000000000007
2006,195,0.0,18.180000000000007
2006,196,0.57,20.010000000000048
2006,196,0.57,20.010000000000048
2006,197,1.26,20.55000000000001
2006,197,1.26,20.55000000000001
2006,198,0.4,20.920000000000016
2006,198,0.4,20.920000000000016
2006,199,4.91,19.200000000000045
2006,199,4.91,19.200000000000045
2006,200,0.59,19.090000000000032
2006,200,0.59,19.090000000000032
2006,201,3.89,19.25
2006,201,3.89,19.25
2006,202,2.46,18.210000000000036
2006,202,2.46,18.210000000000036
2006,203,0.01,17.03000000000003
2006,203,0.01,17.03000000000003
2006,204,1.39,17.910000000000025
2006,204,1.39,17.910000000000025
2006,205,0.39,19.57000000000005
2006,205,0.39,19.57000000000005
2006,206,6.94,18.27000000000004
2006,206,6.94,18.27000000000004
2006,207,4.78,17.450000000000045
2006,207,4.78,17.450000000000045
2006,208,2.04,17.450000000000045
2006,208,2.04,17.450000000000045
2006,209,0.0,17.379999999999995
2006,209,0.0,17.379999999999995
2006,210,0.08,18.160000000000025
2006,210,0.08,18.160000000000025
2006,211,0.19,19.200000000000045
2006,211,0.19,19.200000000000045
2006,212,1.25,19.120000000000005
2006,212,1.25,19.120000000000005
2006,213,0.64,15.400000000000034
2006,213,0.64,15.400000000000034
2006,214,8.98,15.629999999999995
2006,214,8.98,15.629999999999995
2006,215,3.98,14.520000000000039
2006,215,3.98,14.520000000000039
2006,216,5.43,15.090000000000032
2006,216,5.43,15.090000000000032
2006,217,1.37,16.29000000000002
2006,217,1.37,16.29000000000002
2006,218,6.68,14.230000000000018
2006,218,6.68,14.230000000000018
2006,219,11.66,16.120000000000005
2006,219,11.66,16.120000000000005
2006,220,2.91,15.100000000000023
2006,220,2.91,15.100000000000023
2006,221,2.73,18.350000000000023
2006,221,2.73,18.350000000000023
2006,222,7.71,17.910000000000025
2006,222,7.71,17.910000000000025
2006,223,1.76,17.189999999999998
2006,223,1.76,17.189999999999998
2006,224,0.66,17.450000000000045
2006,224,0.66,17.450000000000045
2006,225,8.34,15.160000000000025
2006,225,8.34,15.160000000000025
2006,226,5.46,14.439999999999998
2006,226,5.46,14.439999999999998
2006,227,0.19,15.230000000000018
2006,227,0.19,15.230000000000018
2006,228,0.49,15.580000000000041
2006,228,0.49,15.580000000000041
2006,229,1.6,16.510000000000048
2006,229,1.6,16.510000000000048
2006,230,1.33,16.629999999999995
2006,230,1.33,16.629999999999995
2006,231,5.71,13.340000000000032
2006,231,5.71,13.340000000000032
2006,232,2.9,14.580000000000041
2006,232,2.9,14.580000000000041
2006,233,0.47,15.54000000000002
2006,233,0.47,15.54000000000002
2006,234,3.63,15.400000000000034
2006,234,3.63,15.400000000000034
2006,235,0.0,16.78000000000003
2006,235,0.0,16.78000000000003
2006,236,0.1,17.120000000000005
2006,236,0.1,17.120000000000005
2006,237,3.48,15.600000000000023
2006,237,3.48,15.600000000000023
2006,238,15.29,12.830000000000041
2006,238,15.29,12.830000000000041
2006,239,4.42,11.590000000000032
2006,239,4.42,11.590000000000032
2006,240,0.13,10.600000000000023
2006,240,0.13,10.600000000000023
2006,241,2.34,12.120000000000005
2006,241,2.34,12.120000000000005
2006,242,0.04,14.53000000000003
2006,242,0.04,14.53000000000003
2006,243,0.87,15.710000000000036
2006,243,0.87,15.710000000000036
2006,244,2.43,14.180000000000007
2006,244,2.43,14.180000000000007
2006,245,0.02,10.310000000000002
2006,245,0.02,10.310000000000002
2006,246,0.26,10.730000000000018
2006,246,0.26,10.730000000000018
2006,247,0.0,11.360000000000014
2006,247,0.0,11.360000000000014
2006,248,0.0,12.25
2006,248,0.0,12.25
2006,249,0.0,13.54000000000002
2006,249,0.0,13.54000000000002
2006,250,0.58,12.760000000000048
2006,250,0.58,12.760000000000048
2006,251,8.88,10.960000000000036
2006,251,8.88,10.960000000000036
2006,252,3.08,10.490000000000009
2006,252,3.08,10.490000000000009
2006,253,0.16,10.54000000000002
2006,253,0.16,10.54000000000002
2006,254,1.03,11.0
2006,254,1.03,11.0
2006,255,1.38,11.03000000000003
2006,255,1.38,11.03000000000003
2006,256,0.0,13.220000000000027
2006,256,0.0,13.220000000000027
2006,257,0.16,13.840000000000032
2006,257,0.16,13.840000000000032
2006,258,0.17,11.400000000000034
2006,258,0.17,11.400000000000034
2006,259,0.0,9.360000000000014
2006,259,0.0,9.360000000000014
2006,260,0.0,3.2000000000000455
2006,260,0.0,3.2000000000000455
2006,261,0.0,3.740000000000009
2006,261,0.0,3.740000000000009
2006,262,0.0,8.32000000000005
2006,262,0.0,8.32000000000005
2006,263,0.0,10.430000000000007
2006,263,0.0,10.430000000000007
2006,264,15.5,7.5
2006,264,15.5,7.5
2006,265,4.31,2.930000000000007
2006,265,4.31,2.930000000000007
2006,266,2.4,1.6800000000000068
2006,266,2.4,1.6800000000000068
2006,267,0.0,3.9500000000000455
2006,267,0.0,3.9500000000000455
2006,268,0.0,6.300000000000011
2006,268,0.0,6.300000000000011
2006,269,0.05,7.420000000000016
2006,269,0.05,7.420000000000016
2006,270,0.0,7.270000000000039
2006,270,0.0,7.270000000000039
2006,271,0.0,7.710000000000036
2006,271,0.0,7.710000000000036
2006,272,0.0,10.04000000000002
2006,272,0.0,10.04000000000002
2006,273,0.0,10.550000000000011
2006,273,0.0,10.550000000000011
2006,274,0.0,11.060000000000002
2006,274,0.0,11.060000000000002
2006,275,0.0,11.340000000000032
2006,275,0.0,11.340000000000032
2006,276,1.97,11.560000000000002
2006,276,1.97,11.560000000000002
2006,277,1.11,9.550000000000011
2006,277,1.11,9.550000000000011
2006,278,0.02,11.640000000000043
2006,278,0.02,11.640000000000043
2006,279,0.0,11.970000000000027
2006,279,0.0,11.970000000000027
2006,280,0.0,11.340000000000032
2006,280,0.0,11.340000000000032
2006,281,4.47,7.970000000000027
2006,281,4.47,7.970000000000027
2006,282,4.14,3.3100000000000023
2006,282,4.14,3.3100000000000023
2006,283,1.33,2.640000000000043
2006,283,1.33,2.640000000000043
2006,284,0.0,3.9600000000000364
2006,284,0.0,3.9600000000000364
2006,285,0.0,4.53000000000003
2006,285,0.0,4.53000000000003
2006,286,0.0,5.310000000000002
2006,286,0.0,5.310000000000002
2006,287,0.0,6.510000000000048
2006,287,0.0,6.510000000000048
2006,288,0.79,7.390000000000043
2006,288,0.79,7.390000000000043
2006,289,1.01,6.600000000000023
2006,289,1.01,6.600000000000023
2006,290,6.6,3.6899999999999977
2006,290,6.6,3.6899999999999977
2006,291,0.18,-3.4699999999999704
2006,291,0.18,-3.4699999999999704
2006,292,0.65,-4.829999999999984
2006,292,0.65,-4.829999999999984
2006,293,1.2,-1.2999999999999545
2006,293,1.2,-1.2999999999999545
2006,294,0.41,-3.9499999999999886
2006,294,0.41,-3.9499999999999886
2006,295,0.0,-5.789999999999964
2006,295,0.0,-5.789999999999964
2006,296,0.0,-0.8999999999999773
2006,296,0.0,-0.8999999999999773
2006,297,0.0,1.7800000000000296
2006,297,0.0,1.7800000000000296
2006,298,0.0,2.170000000000016
2006,298,0.0,2.170000000000016
2006,299,28.33,-1.3899999999999864
2006,299,28.33,-1.3899999999999864
2006,300,0.57,-2.409999999999968
2006,300,0.57,-2.409999999999968
2006,301,0.93,1.3100000000000023
2006,301,0.93,1.3100000000000023
2006,302,0.0,1.7700000000000387
2006,302,0.0,1.7700000000000387
2006,303,0.0,0.4800000000000182
2006,303,0.0,0.4800000000000182
2006,304,0.0,-2.2099999999999795
2006,304,0.0,-2.2099999999999795
2006,305,0.0,-3.8799999999999955
2006,305,0.0,-3.8799999999999955
2006,306,0.0,-3.7899999999999636
2006,306,0.0,-3.7899999999999636
2006,307,0.0,-0.5499999999999545
2006,307,0.0,-0.5499999999999545
2006,308,0.02,0.12000000000000455
2006,308,0.02,0.12000000000000455
2006,309,0.0,-1.0199999999999818
2006,309,0.0,-1.0199999999999818
2006,310,0.0,-0.7899999999999636
2006,310,0.0,-0.7899999999999636
2006,311,0.0,3.490000000000009
2006,311,0.0,3.490000000000009
2006,312,0.0,5.7900000000000205
2006,312,0.0,5.7900000000000205
2006,313,0.0,4.270000000000039
2006,313,0.0,4.270000000000039
2006,314,0.0,-3.009999999999991
2006,314,0.0,-3.009999999999991
2006,315,0.0,-2.599999999999966
2006,315,0.0,-2.599999999999966
2006,316,0.7,-1.4699999999999704
2006,316,0.7,-1.4699999999999704
2006,317,0.03,-5.21999999999997
2006,317,0.03,-5.21999999999997
2006,318,1.04,-2.859999999999957
2006,318,1.04,-2.859999999999957
2006,319,0.11,-6.339999999999975
2006,319,0.11,-6.339999999999975
2006,320,0.0,-0.9899999999999523
2006,320,0.0,-0.9899999999999523
2006,321,0.0,-0.7199999999999704
2006,321,0.0,-0.7199999999999704
2006,322,0.0,-0.6099999999999568
2006,322,0.0,-0.6099999999999568
2006,323,0.0,-2.099999999999966
2006,323,0.0,-2.099999999999966
2006,324,0.0,0.8600000000000136
2006,324,0.0,0.8600000000000136
2006,325,0.0,3.180000000000007
2006,325,0.0,3.180000000000007
2006,326,0.0,3.0400000000000205
2006,326,0.0,3.0400000000000205
2006,327,0.0,2.840000000000032
2006,327,0.0,2.840000000000032
2006,328,0.0,0.29000000000002046
2006,328,0.0,0.29000000000002046
2006,329,0.0,-0.16999999999995907
2006,329,0.0,-0.16999999999995907
2006,330,0.0,-1.2999999999999545
2006,330,0.0,-1.2999999999999545
2006,331,0.0,-2.599999999999966
2006,331,0.0,-2.599999999999966
2006,332,0.17,-3.159999999999968
2006,332,0.17,-3.159999999999968
2006,333,6.25,-9.669999999999959
2006,333,6.25,-9.669999999999959
2006,334,0.0,-16.319999999999993
2006,334,0.0,-16.319999999999993
2006,335,0.0,-8.370000000000005
2006,335,0.0,-8.370000000000005
2006,336,1.09,-12.649999999999977
2006,336,1.09,-12.649999999999977
2006,337,0.02,-13.379999999999995
2006,337,0.02,-13.379999999999995
2006,338,0.0,-6.25
2006,338,0.0,-6.25
2006,339,0.08,-3.42999999999995
2006,339,0.08,-3.42999999999995
2006,340,0.07,-5.289999999999964
2006,340,0.07,-5.289999999999964
2006,341,0.0,-5.579999999999984
2006,341,0.0,-5.579999999999984
2006,342,0.0,-0.8100000000000023
2006,342,0.0,-0.8100000000000023
2006,343,0.0,0.9399999999999977
2006,343,0.0,0.9399999999999977
2006,344,0.0,-0.9499999999999886
2006,344,0.0,-0.9499999999999886
2006,345,1.15,-2.019999999999982
2006,345,1.15,-2.019999999999982
2006,346,0.0,-2.8899999999999864
2006,346,0.0,-2.8899999999999864
2006,347,0.0,-1.8999999999999773
2006,347,0.0,-1.8999999999999773
2006,348,0.0,1.1000000000000227
2006,348,0.0,1.1000000000000227
2006,349,0.0,1.8799999999999955
2006,349,0.0,1.8799999999999955
2006,350,0.0,2.150000000000034
2006,350,0.0,2.150000000000034
2006,351,0.0,-0.75
2006,351,0.0,-0.75
2006,352,0.13,-2.2899999999999636
2006,352,0.13,-2.2899999999999636
2006,353,0.41,-3.419999999999959
2006,353,0.41,-3.419999999999959
2006,354,25.84,-3.7399999999999523
2006,354,25.84,-3.7399999999999523
2006,355,0.57,-8.839999999999975
2006,355,0.57,-8.839999999999975
2006,356,0.32,-6.7099999999999795
2006,356,0.32,-6.7099999999999795
2006,357,0.0,-7.539999999999964
2006,357,0.0,-7.539999999999964
2006,358,0.18,-6.3799999999999955
2006,358,0.18,-6.3799999999999955
2006,359,0.13,-9.769999999999982
2006,359,0.13,-9.769999999999982
2006,360,0.2,-2.9399999999999977
2006,360,0.2,-2.9399999999999977
2006,361,0.44,-2.9799999999999613
2006,361,0.44,-2.9799999999999613
2006,362,6.02,-4.339999999999975
2006,362,6.02,-4.339999999999975
2006,363,6.13,-7.2099999999999795
2006,363,6.13,-7.2099999999999795
2006,364,1.64,-7.71999999999997
2006,364,1.64,-7.71999999999997
2006,365,0.01,-7.329999999999984
2006,365,0.01,-7.329999999999984
2007,1,0.0,-7.3700000000000045
2007,1,0.0,-7.3700000000000045
2007,2,0.0,-6.029999999999973
2007,2,0.0,-6.029999999999973
2007,3,0.55,-3.259999999999991
2007,3,0.55,-3.259999999999991
2007,4,0.68,-1.3999999999999773
2007,4,0.68,-1.3999999999999773
2007,5,2.98,-5.9599999999999795
2007,5,2.98,-5.9599999999999795
2007,6,0.08,-12.489999999999952
2007,6,0.08,-12.489999999999952
2007,7,0.0,-12.449999999999989
2007,7,0.0,-12.449999999999989
2007,8,0.2,-4.7099999999999795
2007,8,0.2,-4.7099999999999795
2007,9,0.0,-3.669999999999959
2007,9,0.0,-3.669999999999959
2007,10,0.0,-2.839999999999975
2007,10,0.0,-2.839999999999975
2007,11,0.0,-3.2199999999999704
2007,11,0.0,-3.2199999999999704
2007,12,0.08,-5.349999999999966
2007,12,0.08,-5.349999999999966
2007,13,1.74,-4.71999999999997
2007,13,1.74,-4.71999999999997
2007,14,0.26,-11.479999999999961
2007,14,0.26,-11.479999999999961
2007,15,0.0,-17.089999999999975
2007,15,0.0,-17.089999999999975
2007,16,0.07,-13.489999999999952
2007,16,0.07,-13.489999999999952
2007,17,0.0,-11.579999999999984
2007,17,0.0,-11.579999999999984
2007,18,0.0,-10.849999999999966
2007,18,0.0,-10.849999999999966
2007,19,0.0,-7.389999999999986
2007,19,0.0,-7.389999999999986
2007,20,0.76,-5.909999999999968
2007,20,0.76,-5.909999999999968
2007,21,2.89,-8.299999999999955
2007,21,2.89,-8.299999999999955
2007,22,0.0,-12.199999999999989
2007,22,0.0,-12.199999999999989
2007,23,0.03,-7.3700000000000045
2007,23,0.03,-7.3700000000000045
2007,24,0.0,-5.349999999999966
2007,24,0.0,-5.349999999999966
2007,25,0.1,-4.009999999999991
2007,25,0.1,-4.009999999999991
2007,26,0.0,-3.6999999999999886
2007,26,0.0,-3.6999999999999886
2007,27,0.12,-8.95999999999998
2007,27,0.12,-8.95999999999998
2007,28,0.0,-10.419999999999959
2007,28,0.0,-10.419999999999959
2007,29,0.0,-8.149999999999977
2007,29,0.0,-8.149999999999977
2007,30,0.05,-10.799999999999955
2007,30,0.05,-10.799999999999955
2007,31,0.03,-10.029999999999973
2007,31,0.03,-10.029999999999973
2007,32,0.62,-15.019999999999982
2007,32,0.62,-15.019999999999982
2007,33,1.28,-17.42999999999998
2007,33,1.28,-17.42999999999998
2007,34,0.1,-11.889999999999986
2007,34,0.1,-11.889999999999986
2007,35,0.0,-5.5499999999999545
2007,35,0.0,-5.5499999999999545
2007,36,0.0,-2.5399999999999636
2007,36,0.0,-2.5399999999999636
2007,37,0.0,0.5100000000000477
2007,37,0.0,0.5100000000000477
2007,38,0.0,-0.16999999999995907
2007,38,0.0,-0.16999999999995907
2007,39,0.0,-1.8199999999999932
2007,39,0.0,-1.8199999999999932
2007,40,0.0,-4.019999999999982
2007,40,0.0,-4.019999999999982
2007,41,0.0,-3.839999999999975
2007,41,0.0,-3.839999999999975
2007,42,0.0,-2.9499999999999886
2007,42,0.0,-2.9499999999999886
2007,43,0.0,-3.0499999999999545
2007,43,0.0,-3.0499999999999545
2007,44,0.0,-8.199999999999989
2007,44,0.0,-8.199999999999989
2007,45,0.97,-8.899999999999977
2007,45,0.97,-8.899999999999977
2007,46,0.25,-10.609999999999957
2007,46,0.25,-10.609999999999957
2007,47,0.81,-5.639999999999986
2007,47,0.81,-5.639999999999986
2007,48,0.52,-6.71999999999997
2007,48,0.52,-6.71999999999997
2007,49,0.03,-4.659999999999968
2007,49,0.03,-4.659999999999968
2007,50,0.0,-2.519999999999982
2007,50,0.0,-2.519999999999982
2007,51,0.0,-4.560000000000002
2007,51,0.0,-4.560000000000002
2007,52,0.0,-3.6200000000000045
2007,52,0.0,-3.6200000000000045
2007,53,0.0,-2.6399999999999864
2007,53,0.0,-2.6399999999999864
2007,54,0.18,-2.3899999999999864
2007,54,0.18,-2.3899999999999864
2007,55,0.0,-7.139999999999986
2007,55,0.0,-7.139999999999986
2007,56,0.0,-9.21999999999997
2007,56,0.0,-9.21999999999997
2007,57,0.0,-6.739999999999952
2007,57,0.0,-6.739999999999952
2007,58,0.0,-5.699999999999989
2007,58,0.0,-5.699999999999989
2007,59,4.37,-5.759999999999991
2007,59,4.37,-5.759999999999991
2007,60,0.0,-12.169999999999959
2007,60,0.0,-12.169999999999959
2007,61,0.0,-14.379999999999995
2007,61,0.0,-14.379999999999995
2007,62,0.0,-14.449999999999989
2007,62,0.0,-14.449999999999989
2007,63,0.32,-7.509999999999991
2007,63,0.32,-7.509999999999991
2007,64,0.0,-1.4899999999999523
2007,64,0.0,-1.4899999999999523
2007,65,0.0,-0.12999999999999545
2007,65,0.0,-0.12999999999999545
2007,66,0.27,0.32000000000005
2007,66,0.27,0.32000000000005
2007,67,0.0,-1.1599999999999682
2007,67,0.0,-1.1599999999999682
2007,68,0.0,-1.8700000000000045
2007,68,0.0,-1.8700000000000045
2007,69,0.88,0.03000000000002956
2007,69,0.88,0.03000000000002956
2007,70,2.06,-0.8899999999999864
2007,70,2.06,-0.8899999999999864
2007,71,0.0,0.9500000000000455
2007,71,0.0,0.9500000000000455
2007,72,0.0,2.170000000000016
2007,72,0.0,2.170000000000016
2007,73,0.0,2.240000000000009
2007,73,0.0,2.240000000000009
2007,74,0.0,0.5400000000000205
2007,74,0.0,0.5400000000000205
2007,75,0.0,-0.46999999999997044
2007,75,0.0,-0.46999999999997044
2007,76,0.0,2.5500000000000114
2007,76,0.0,2.5500000000000114
2007,77,0.0,3.140000000000043
2007,77,0.0,3.140000000000043
2007,78,0.0,3.57000000000005
2007,78,0.0,3.57000000000005
2007,79,0.0,3.75
2007,79,0.0,3.75
2007,80,0.0,3.3700000000000045
2007,80,0.0,3.3700000000000045
2007,81,0.0,3.3600000000000136
2007,81,0.0,3.3600000000000136
2007,82,0.01,3.5500000000000114
2007,82,0.01,3.5500000000000114
2007,83,7.26,2.140000000000043
2007,83,7.26,2.140000000000043
2007,84,0.95,2.920000000000016
2007,84,0.95,2.920000000000016
2007,85,0.0,3.990000000000009
2007,85,0.0,3.990000000000009
2007,86,0.0,4.5400000000000205
2007,86,0.0,4.5400000000000205
2007,87,0.97,3.4500000000000455
2007,87,0.97,3.4500000000000455
2007,88,1.24,-5.349999999999966
2007,88,1.24,-5.349999999999966
2007,89,0.54,-7.9599999999999795
2007,89,0.54,-7.9599999999999795
2007,90,0.19,-4.8799999999999955
2007,90,0.19,-4.8799999999999955
2007,91,0.0,-1.589999999999975
2007,91,0.0,-1.589999999999975
2007,92,0.0,1.4399999999999977
2007,92,0.0,1.4399999999999977
2007,93,0.0,1.1899999999999977
2007,93,0.0,1.1899999999999977
2007,94,0.0,3.230000000000018
2007,94,0.0,3.230000000000018
2007,95,0.0,4.8700000000000045
2007,95,0.0,4.8700000000000045
2007,96,0.0,2.1100000000000136
2007,96,0.0,2.1100000000000136
2007,97,0.09,-2.8700000000000045
2007,97,0.09,-2.8700000000000045
2007,98,1.52,-0.06999999999999318
2007,98,1.52,-0.06999999999999318
2007,99,0.61,3.910000000000025
2007,99,0.61,3.910000000000025
2007,100,0.24,1.2900000000000205
2007,100,0.24,1.2900000000000205
2007,101,0.0,-5.509999999999991
2007,101,0.0,-5.509999999999991
2007,102,2.09,-3.419999999999959
2007,102,2.09,-3.419999999999959
2007,103,0.91,-4.089999999999975
2007,103,0.91,-4.089999999999975
2007,104,0.03,-5.71999999999997
2007,104,0.03,-5.71999999999997
2007,105,0.0,0.040000000000020464
2007,105,0.0,0.040000000000020464
2007,106,0.32,3.240000000000009
2007,106,0.32,3.240000000000009
2007,107,11.65,1.4300000000000068
2007,107,11.65,1.4300000000000068
2007,108,0.18,1.6400000000000432
2007,108,0.18,1.6400000000000432
2007,109,0.0,1.7100000000000364
2007,109,0.0,1.7100000000000364
2007,110,0.0,2.430000000000007
2007,110,0.0,2.430000000000007
2007,111,0.0,4.800000000000011
2007,111,0.0,4.800000000000011
2007,112,2.19,1.9300000000000068
2007,112,2.19,1.9300000000000068
2007,113,0.05,3.9399999999999977
2007,113,0.05,3.9399999999999977
2007,114,16.87,1.8100000000000023
2007,114,16.87,1.8100000000000023
2007,115,4.02,-1.9899999999999523
2007,115,4.02,-1.9899999999999523
2007,116,0.15,0.5100000000000477
2007,116,0.15,0.5100000000000477
2007,117,0.37,2.1200000000000045
2007,117,0.37,2.1200000000000045
2007,118,0.0,5.920000000000016
2007,118,0.0,5.920000000000016
2007,119,0.0,9.29000000000002
2007,119,0.0,9.29000000000002
2007,120,0.05,8.379999999999995
2007,120,0.05,8.379999999999995
2007,121,3.28,6.660000000000025
2007,121,3.28,6.660000000000025
2007,122,0.14,5.970000000000027
2007,122,0.14,5.970000000000027
2007,123,0.03,6.439999999999998
2007,123,0.03,6.439999999999998
2007,124,0.0,4.890000000000043
2007,124,0.0,4.890000000000043
2007,125,5.5,3.080000000000041
2007,125,5.5,3.080000000000041
2007,126,2.21,0.18000000000000682
2007,126,2.21,0.18000000000000682
2007,127,31.59,-0.6200000000000045
2007,127,31.59,-0.6200000000000045
2007,128,3.84,0.7900000000000205
2007,128,3.84,0.7900000000000205
2007,129,0.0,3.2200000000000273
2007,129,0.0,3.2200000000000273
2007,130,0.08,6.610000000000014
2007,130,0.08,6.610000000000014
2007,131,0.15,9.54000000000002
2007,131,0.15,9.54000000000002
2007,132,0.0,10.980000000000018
2007,132,0.0,10.980000000000018
2007,133,0.0,11.420000000000016
2007,133,0.0,11.420000000000016
2007,134,0.09,10.920000000000016
2007,134,0.09,10.920000000000016
2007,135,2.79,7.410000000000025
2007,135,2.79,7.410000000000025
2007,136,0.36,7.720000000000027
2007,136,0.36,7.720000000000027
2007,137,5.0,8.379999999999995
2007,137,5.0,8.379999999999995
2007,138,0.83,9.29000000000002
2007,138,0.83,9.29000000000002
2007,139,1.34,10.420000000000016
2007,139,1.34,10.420000000000016
2007,140,2.47,10.980000000000018
2007,140,2.47,10.980000000000018
2007,141,0.28,10.28000000000003
2007,141,0.28,10.28000000000003
2007,142,1.13,8.180000000000007
2007,142,1.13,8.180000000000007
2007,143,4.04,3.670000000000016
2007,143,4.04,3.670000000000016
2007,144,6.87,2.650000000000034
2007,144,6.87,2.650000000000034
2007,145,0.04,6.810000000000002
2007,145,0.04,6.810000000000002
2007,146,0.28,9.050000000000011
2007,146,0.28,9.050000000000011
2007,147,0.26,10.650000000000034
2007,147,0.26,10.650000000000034
2007,148,0.05,12.330000000000041
2007,148,0.05,12.330000000000041
2007,149,1.19,11.160000000000025
2007,149,1.19,11.160000000000025
2007,150,0.21,6.07000000000005
2007,150,0.21,6.07000000000005
2007,151,0.03,7.2000000000000455
2007,151,0.03,7.2000000000000455
2007,152,0.0,8.379999999999995
2007,152,0.0,8.379999999999995
2007,153,0.23,10.310000000000002
2007,153,0.23,10.310000000000002
2007,154,4.23,10.82000000000005
2007,154,4.23,10.82000000000005
2007,155,1.45,10.660000000000025
2007,155,1.45,10.660000000000025
2007,156,0.82,12.460000000000036
2007,156,0.82,12.460000000000036
2007,157,0.0,12.670000000000016
2007,157,0.0,12.670000000000016
2007,158,0.06,4.860000000000014
2007,158,0.06,4.860000000000014
2007,159,0.03,5.28000000000003
2007,159,0.03,5.28000000000003
2007,160,0.0,11.54000000000002
2007,160,0.0,11.54000000000002
2007,161,0.0,14.650000000000034
2007,161,0.0,14.650000000000034
2007,162,0.15,15.230000000000018
2007,162,0.15,15.230000000000018
2007,163,3.07,12.420000000000016
2007,163,3.07,12.420000000000016
2007,164,2.52,9.680000000000007
2007,164,2.52,9.680000000000007
2007,165,0.0,11.310000000000002
2007,165,0.0,11.310000000000002
2007,166,0.04,14.810000000000002
2007,166,0.04,14.810000000000002
2007,167,3.05,16.460000000000036
2007,167,3.05,16.460000000000036
2007,168,1.06,16.910000000000025
2007,168,1.06,16.910000000000025
2007,169,0.0,15.04000000000002
2007,169,0.0,15.04000000000002
2007,170,0.0,14.650000000000034
2007,170,0.0,14.650000000000034
2007,171,0.0,17.680000000000007
2007,171,0.0,17.680000000000007
2007,172,0.11,18.460000000000036
2007,172,0.11,18.460000000000036
2007,173,0.4,18.090000000000032
2007,173,0.4,18.090000000000032
2007,174,0.17,15.970000000000027
2007,174,0.17,15.970000000000027
2007,175,0.0,18.060000000000002
2007,175,0.0,18.060000000000002
2007,176,3.45,18.78000000000003
2007,176,3.45,18.78000000000003
2007,177,1.22,18.210000000000036
2007,177,1.22,18.210000000000036
2007,178,1.24,15.210000000000036
2007,178,1.24,15.210000000000036
2007,179,1.32,15.450000000000045
2007,179,1.32,15.450000000000045
2007,180,0.78,16.27000000000004
2007,180,0.78,16.27000000000004
2007,181,0.47,18.260000000000048
2007,181,0.47,18.260000000000048
2007,182,0.54,18.58000000000004
2007,182,0.54,18.58000000000004
2007,183,0.17,18.74000000000001
2007,183,0.17,18.74000000000001
2007,184,1.02,19.400000000000034
2007,184,1.02,19.400000000000034
2007,185,6.37,16.879999999999995
2007,185,6.37,16.879999999999995
2007,186,1.61,15.939999999999998
2007,186,1.61,15.939999999999998
2007,187,0.81,15.600000000000023
2007,187,0.81,15.600000000000023
2007,188,5.54,16.920000000000016
2007,188,5.54,16.920000000000016
2007,189,1.95,17.810000000000002
2007,189,1.95,17.810000000000002
2007,190,0.26,16.700000000000045
2007,190,0.26,16.700000000000045
2007,191,2.24,17.210000000000036
2007,191,2.24,17.210000000000036
2007,192,1.97,16.960000000000036
2007,192,1.97,16.960000000000036
2007,193,3.17,16.04000000000002
2007,193,3.17,16.04000000000002
2007,194,0.02,14.920000000000016
2007,194,0.02,14.920000000000016
2007,195,0.71,16.32000000000005
2007,195,0.71,16.32000000000005
2007,196,0.76,17.210000000000036
2007,196,0.76,17.210000000000036
2007,197,0.0,18.710000000000036
2007,197,0.0,18.710000000000036
2007,198,0.11,20.010000000000048
2007,198,0.11,20.010000000000048
2007,199,3.31,19.200000000000045
2007,199,3.31,19.200000000000045
2007,200,2.96,18.439999999999998
2007,200,2.96,18.439999999999998
2007,201,7.8,16.560000000000002
2007,201,7.8,16.560000000000002
2007,202,4.23,17.439999999999998
2007,202,4.23,17.439999999999998
2007,203,0.8,18.660000000000025
2007,203,0.8,18.660000000000025
2007,204,0.0,18.420000000000016
2007,204,0.0,18.420000000000016
2007,205,0.29,18.140000000000043
2007,205,0.29,18.140000000000043
2007,206,2.53,18.180000000000007
2007,206,2.53,18.180000000000007
2007,207,8.42,17.480000000000018
2007,207,8.42,17.480000000000018
2007,208,4.24,16.340000000000032
2007,208,4.24,16.340000000000032
2007,209,11.06,16.110000000000014
2007,209,11.06,16.110000000000014
2007,210,6.42,15.939999999999998
2007,210,6.42,15.939999999999998
2007,211,1.01,15.960000000000036
2007,211,1.01,15.960000000000036
2007,212,1.45,16.860000000000014
2007,212,1.45,16.860000000000014
2007,213,0.0,18.120000000000005
2007,213,0.0,18.120000000000005
2007,214,0.0,16.04000000000002
2007,214,0.0,16.04000000000002
2007,215,5.83,16.49000000000001
2007,215,5.83,16.49000000000001
2007,216,12.41,17.860000000000014
2007,216,12.41,17.860000000000014
2007,217,8.14,17.920000000000016
2007,217,8.14,17.920000000000016
2007,218,12.43,16.57000000000005
2007,218,12.43,16.57000000000005
2007,219,3.38,16.010000000000048
2007,219,3.38,16.010000000000048
2007,220,0.48,15.07000000000005
2007,220,0.48,15.07000000000005
2007,221,0.0,17.189999999999998
2007,221,0.0,17.189999999999998
2007,222,0.0,18.27000000000004
2007,222,0.0,18.27000000000004
2007,223,0.83,18.189999999999998
2007,223,0.83,18.189999999999998
2007,224,1.38,18.210000000000036
2007,224,1.38,18.210000000000036
2007,225,0.83,19.640000000000043
2007,225,0.83,19.640000000000043
2007,226,2.46,19.930000000000007
2007,226,2.46,19.930000000000007
2007,227,8.9,17.689999999999998
2007,227,8.9,17.689999999999998
2007,228,0.88,16.980000000000018
2007,228,0.88,16.980000000000018
2007,229,3.29,17.07000000000005
2007,229,3.29,17.07000000000005
2007,230,5.87,17.140000000000043
2007,230,5.87,17.140000000000043
2007,231,2.71,17.400000000000034
2007,231,2.71,17.400000000000034
2007,232,0.67,17.54000000000002
2007,232,0.67,17.54000000000002
2007,233,0.08,17.850000000000023
2007,233,0.08,17.850000000000023
2007,234,1.15,19.05000000000001
2007,234,1.15,19.05000000000001
2007,235,0.84,16.840000000000032
2007,235,0.84,16.840000000000032
2007,236,1.57,13.990000000000009
2007,236,1.57,13.990000000000009
2007,237,0.05,15.600000000000023
2007,237,0.05,15.600000000000023
2007,238,0.0,17.840000000000032
2007,238,0.0,17.840000000000032
2007,239,0.15,17.660000000000025
2007,239,0.15,17.660000000000025
2007,240,2.77,13.900000000000034
2007,240,2.77,13.900000000000034
2007,241,8.91,14.410000000000025
2007,241,8.91,14.410000000000025
2007,242,3.5,14.79000000000002
2007,242,3.5,14.79000000000002
2007,243,0.54,16.150000000000034
2007,243,0.54,16.150000000000034
2007,244,1.1,16.670000000000016
2007,244,1.1,16.670000000000016
2007,245,2.21,16.340000000000032
2007,245,2.21,16.340000000000032
2007,246,1.09,16.30000000000001
2007,246,1.09,16.30000000000001
2007,247,5.01,16.160000000000025
2007,247,5.01,16.160000000000025
2007,248,1.15,16.230000000000018
2007,248,1.15,16.230000000000018
2007,249,4.8,15.420000000000016
2007,249,4.8,15.420000000000016
2007,250,0.0,13.810000000000002
2007,250,0.0,13.810000000000002
2007,251,0.03,13.550000000000011
2007,251,0.03,13.550000000000011
2007,252,0.66,12.53000000000003
2007,252,0.66,12.53000000000003
2007,253,0.44,12.07000000000005
2007,253,0.44,12.07000000000005
2007,254,0.18,11.980000000000018
2007,254,0.18,11.980000000000018
2007,255,0.0,13.430000000000007
2007,255,0.0,13.430000000000007
2007,256,0.21,13.670000000000016
2007,256,0.21,13.670000000000016
2007,257,0.0,13.410000000000025
2007,257,0.0,13.410000000000025
2007,258,0.0,14.600000000000023
2007,258,0.0,14.600000000000023
2007,259,1.21,15.0
2007,259,1.21,15.0
2007,260,2.43,13.32000000000005
2007,260,2.43,13.32000000000005
2007,261,0.0,10.670000000000016
2007,261,0.0,10.670000000000016
2007,262,0.0,11.189999999999998
2007,262,0.0,11.189999999999998
2007,263,0.0,13.520000000000039
2007,263,0.0,13.520000000000039
2007,264,0.0,13.730000000000018
2007,264,0.0,13.730000000000018
2007,265,0.0,13.760000000000048
2007,265,0.0,13.760000000000048
2007,266,0.04,14.300000000000011
2007,266,0.04,14.300000000000011
2007,267,0.0,8.760000000000048
2007,267,0.0,8.760000000000048
2007,268,0.0,5.860000000000014
2007,268,0.0,5.860000000000014
2007,269,0.0,7.900000000000034
2007,269,0.0,7.900000000000034
2007,270,0.0,8.75
2007,270,0.0,8.75
2007,271,0.0,10.689999999999998
2007,271,0.0,10.689999999999998
2007,272,0.04,11.770000000000039
2007,272,0.04,11.770000000000039
2007,273,0.03,8.550000000000011
2007,273,0.03,8.550000000000011
2007,274,0.0,10.950000000000045
2007,274,0.0,10.950000000000045
2007,275,0.0,9.930000000000007
2007,275,0.0,9.930000000000007
2007,276,0.0,9.580000000000041
2007,276,0.0,9.580000000000041
2007,277,0.0,10.850000000000023
2007,277,0.0,10.850000000000023
2007,278,0.0,12.230000000000018
2007,278,0.0,12.230000000000018
2007,279,0.0,12.140000000000043
2007,279,0.0,12.140000000000043
2007,280,0.01,5.170000000000016
2007,280,0.01,5.170000000000016
2007,281,0.02,4.050000000000011
2007,281,0.02,4.050000000000011
2007,282,0.0,9.32000000000005
2007,282,0.0,9.32000000000005
2007,283,0.0,11.480000000000018
2007,283,0.0,11.480000000000018
2007,284,0.09,11.020000000000039
2007,284,0.09,11.020000000000039
2007,285,0.0,10.360000000000014
2007,285,0.0,10.360000000000014
2007,286,0.0,9.28000000000003
2007,286,0.0,9.28000000000003
2007,287,9.09,3.8600000000000136
2007,287,9.09,3.8600000000000136
2007,288,1.57,2.390000000000043
2007,288,1.57,2.390000000000043
2007,289,0.0,4.4500000000000455
2007,289,0.0,4.4500000000000455
2007,290,0.0,4.78000000000003
2007,290,0.0,4.78000000000003
2007,291,0.0,-0.21999999999997044
2007,291,0.0,-0.21999999999997044
2007,292,0.0,3.140000000000043
2007,292,0.0,3.140000000000043
2007,293,0.0,7.7000000000000455
2007,293,0.0,7.7000000000000455
2007,294,8.48,1.0400000000000205
2007,294,8.48,1.0400000000000205
2007,295,0.19,-7.3700000000000045
2007,295,0.19,-7.3700000000000045
2007,296,0.6,-0.19999999999998863
2007,296,0.6,-0.19999999999998863
2007,297,0.0,1.9700000000000273
2007,297,0.0,1.9700000000000273
2007,298,0.0,4.740000000000009
2007,298,0.0,4.740000000000009
2007,299,0.0,4.330000000000041
2007,299,0.0,4.330000000000041
2007,300,0.0,0.22000000000002728
2007,300,0.0,0.22000000000002728
2007,301,0.0,2.2100000000000364
2007,301,0.0,2.2100000000000364
2007,302,0.0,2.6100000000000136
2007,302,0.0,2.6100000000000136
2007,303,0.0,3.920000000000016
2007,303,0.0,3.920000000000016
2007,304,0.06,1.7700000000000387
2007,304,0.06,1.7700000000000387
2007,305,0.0,-0.39999999999997726
2007,305,0.0,-0.39999999999997726
2007,306,0.0,-1.0699999999999932
2007,306,0.0,-1.0699999999999932
2007,307,0.0,-0.5999999999999659
2007,307,0.0,-0.5999999999999659
2007,308,0.06,1.830000000000041
2007,308,0.06,1.830000000000041
2007,309,0.0,2.150000000000034
2007,309,0.0,2.150000000000034
2007,310,0.0,1.4500000000000455
2007,310,0.0,1.4500000000000455
2007,311,0.0,2.07000000000005
2007,311,0.0,2.07000000000005
2007,312,0.0,2.25
2007,312,0.0,2.25
2007,313,0.0,2.400000000000034
2007,313,0.0,2.400000000000034
2007,314,0.0,3.3700000000000045
2007,314,0.0,3.3700000000000045
2007,315,0.0,2.57000000000005
2007,315,0.0,2.57000000000005
2007,316,0.0,1.830000000000041
2007,316,0.0,1.830000000000041
2007,317,0.0,2.5200000000000387
2007,317,0.0,2.5200000000000387
2007,318,0.0,0.8100000000000023
2007,318,0.0,0.8100000000000023
2007,319,0.0,-0.8899999999999864
2007,319,0.0,-0.8899999999999864
2007,320,0.12,2.430000000000007
2007,320,0.12,2.430000000000007
2007,321,0.0,1.6899999999999977
2007,321,0.0,1.6899999999999977
2007,322,0.0,2.1299999999999955
2007,322,0.0,2.1299999999999955
2007,323,0.0,4.110000000000014
2007,323,0.0,4.110000000000014
2007,324,0.0,3.390000000000043
2007,324,0.0,3.390000000000043
2007,325,0.0,-7.359999999999957
2007,325,0.0,-7.359999999999957
2007,326,0.0,-11.349999999999966
2007,326,0.0,-11.349999999999966
2007,327,0.0,-8.779999999999973
2007,327,0.0,-8.779999999999973
2007,328,1.49,-10.70999999999998
2007,328,1.49,-10.70999999999998
2007,329,0.1,-4.7999999999999545
2007,329,0.1,-4.7999999999999545
2007,330,0.02,-4.17999999999995
2007,330,0.02,-4.17999999999995
2007,331,0.3,-3.819999999999993
2007,331,0.3,-3.819999999999993
2007,332,0.03,-5.3799999999999955
2007,332,0.03,-5.3799999999999955
2007,333,0.25,-7.3799999999999955
2007,333,0.25,-7.3799999999999955
2007,334,0.0,-3.2199999999999704
2007,334,0.0,-3.2199999999999704
2007,335,0.0,1.740000000000009
2007,335,0.0,1.740000000000009
2007,336,0.0,-5.029999999999973
2007,336,0.0,-5.029999999999973
2007,337,0.0,-3.019999999999982
2007,337,0.0,-3.019999999999982
2007,338,0.0,2.830000000000041
2007,338,0.0,2.830000000000041
2007,339,0.0,0.35000000000002274
2007,339,0.0,0.35000000000002274
2007,340,0.71,-1.009999999999991
2007,340,0.71,-1.009999999999991
2007,341,2.16,-0.7599999999999909
2007,341,2.16,-0.7599999999999909
2007,342,0.84,0.12000000000000455
2007,342,0.84,0.12000000000000455
2007,343,0.24,-8.289999999999964
2007,343,0.24,-8.289999999999964
2007,344,0.46,-7.060000000000002
2007,344,0.46,-7.060000000000002
2007,345,1.95,-8.289999999999964
2007,345,1.95,-8.289999999999964
2007,346,0.0,-9.289999999999964
2007,346,0.0,-9.289999999999964
2007,347,3.76,-8.20999999999998
2007,347,3.76,-8.20999999999998
2007,348,2.19,-9.419999999999959
2007,348,2.19,-9.419999999999959
2007,349,0.02,-15.889999999999986
2007,349,0.02,-15.889999999999986
2007,350,0.16,-9.659999999999968
2007,350,0.16,-9.659999999999968
2007,351,0.06,-6.169999999999959
2007,351,0.06,-6.169999999999959
2007,352,0.51,-6.759999999999991
2007,352,0.51,-6.759999999999991
2007,353,0.0,-5.229999999999961
2007,353,0.0,-5.229999999999961
2007,354,0.0,-5.25
2007,354,0.0,-5.25
2007,355,0.04,-4.560000000000002
2007,355,0.04,-4.560000000000002
2007,356,0.04,-13.199999999999989
2007,356,0.04,-13.199999999999989
2007,357,0.04,-9.399999999999977
2007,357,0.04,-9.399999999999977
2007,358,0.13,-9.21999999999997
2007,358,0.13,-9.21999999999997
2007,359,2.33,-5.889999999999986
2007,359,2.33,-5.889999999999986
2007,360,0.05,-13.689999999999998
2007,360,0.05,-13.689999999999998
2007,361,0.0,-12.779999999999973
2007,361,0.0,-12.779999999999973
2007,362,1.7,-17.74999999999997
2007,362,1.7,-17.74999999999997
2007,363,0.0,-16.029999999999973
2007,363,0.0,-16.029999999999973
2007,364,0.85,-12.589999999999975
2007,364,0.85,-12.589999999999975
2007,365,0.49,-12.620000000000005
2007,365,0.49,-12.620000000000005
2008,1,0.0,-17.589999999999975
2008,1,0.0,-17.589999999999975
2008,2,0.06,-7.609999999999957
2008,2,0.06,-7.609999999999957
2008,3,0.0,-2.4499999999999886
2008,3,0.0,-2.4499999999999886
2008,4,0.0,-2.6399999999999864
2008,4,0.0,-2.6399999999999864
2008,5,0.0,-2.159999999999968
2008,5,0.0,-2.159999999999968
2008,6,1.16,-3.109999999999957
2008,6,1.16,-3.109999999999957
2008,7,0.0,-7.599999999999966
2008,7,0.0,-7.599999999999966
2008,8,5.72,-10.129999999999995
2008,8,5.72,-10.129999999999995
2008,9,1.34,-6.729999999999961
2008,9,1.34,-6.729999999999961
2008,10,0.1,-9.759999999999991
2008,10,0.1,-9.759999999999991
2008,11,0.39,-7.769999999999982
2008,11,0.39,-7.769999999999982
2008,12,0.0,-10.799999999999955
2008,12,0.0,-10.799999999999955
2008,13,0.0,-12.089999999999975
2008,13,0.0,-12.089999999999975
2008,14,0.0,-10.799999999999955
2008,14,0.0,-10.799999999999955
2008,15,0.78,-5.67999999999995
2008,15,0.78,-5.67999999999995
2008,16,0.02,-13.069999999999993
2008,16,0.02,-13.069999999999993
2008,17,0.02,-19.019999999999982
2008,17,0.02,-19.019999999999982
2008,18,0.0,-14.659999999999968
2008,18,0.0,-14.659999999999968
2008,19,0.08,-14.339999999999975
2008,19,0.08,-14.339999999999975
2008,20,0.07,-9.25
2008,20,0.07,-9.25
2008,21,0.0,-8.589999999999975
2008,21,0.0,-8.589999999999975
2008,22,0.0,-10.629999999999995
2008,22,0.0,-10.629999999999995
2008,23,0.0,-10.560000000000002
2008,23,0.0,-10.560000000000002
2008,24,0.0,-9.5
2008,24,0.0,-9.5
2008,25,0.0,-7.069999999999993
2008,25,0.0,-7.069999999999993
2008,26,0.0,-7.46999999999997
2008,26,0.0,-7.46999999999997
2008,27,0.0,-4.479999999999961
2008,27,0.0,-4.479999999999961
2008,28,0.0,-1.349999999999966
2008,28,0.0,-1.349999999999966
2008,29,0.4,-11.5
2008,29,0.4,-11.5
2008,30,0.0,-11.669999999999959
2008,30,0.0,-11.669999999999959
2008,31,1.59,-15.289999999999964
2008,31,1.59,-15.289999999999964
2008,32,0.0,-7.6299999999999955
2008,32,0.0,-7.6299999999999955
2008,33,0.0,-11.099999999999966
2008,33,0.0,-11.099999999999966
2008,34,0.0,-10.169999999999959
2008,34,0.0,-10.169999999999959
2008,35,0.0,-6.9599999999999795
2008,35,0.0,-6.9599999999999795
2008,36,4.31,-11.069999999999993
2008,36,4.31,-11.069999999999993
2008,37,0.2,-11.939999999999998
2008,37,0.2,-11.939999999999998
2008,38,0.0,-12.329999999999984
2008,38,0.0,-12.329999999999984
2008,39,0.54,-7.789999999999964
2008,39,0.54,-7.789999999999964
2008,40,0.15,-7.779999999999973
2008,40,0.15,-7.779999999999973
2008,41,0.0,-4.42999999999995
2008,41,0.0,-4.42999999999995
2008,42,0.0,-4.149999999999977
2008,42,0.0,-4.149999999999977
2008,43,0.06,-7.519999999999982
2008,43,0.06,-7.519999999999982
2008,44,0.0,-4.349999999999966
2008,44,0.0,-4.349999999999966
2008,45,1.46,-4.579999999999984
2008,45,1.46,-4.579999999999984
2008,46,0.16,-5.439999999999998
2008,46,0.16,-5.439999999999998
2008,47,0.0,-4.829999999999984
2008,47,0.0,-4.829999999999984
2008,48,0.47,-9.259999999999991
2008,48,0.47,-9.259999999999991
2008,49,0.1,-11.069999999999993
2008,49,0.1,-11.069999999999993
2008,50,0.0,-6.319999999999993
2008,50,0.0,-6.319999999999993
2008,51,0.0,-3.7799999999999727
2008,51,0.0,-3.7799999999999727
2008,52,0.0,-4.759999999999991
2008,52,0.0,-4.759999999999991
2008,53,0.71,-5.759999999999991
2008,53,0.71,-5.759999999999991
2008,54,0.99,-4.7099999999999795
2008,54,0.99,-4.7099999999999795
2008,55,0.02,-3.4499999999999886
2008,55,0.02,-3.4499999999999886
2008,56,1.0,-2.7799999999999727
2008,56,1.0,-2.7799999999999727
2008,57,0.54,-6.96999999999997
2008,57,0.54,-6.96999999999997
2008,58,0.0,-4.4599999999999795
2008,58,0.0,-4.4599999999999795
2008,59,0.0,-1.3799999999999955
2008,59,0.0,-1.3799999999999955
2008,60,0.0,-2.349999999999966
2008,60,0.0,-2.349999999999966
2008,61,0.0,0.6299999999999955
2008,61,0.0,0.6299999999999955
2008,62,1.49,-0.67999999999995
2008,62,1.49,-0.67999999999995
2008,63,0.51,-11.25
2008,63,0.51,-11.25
2008,64,0.22,-6.079999999999984
2008,64,0.22,-6.079999999999984
2008,65,0.96,-9.42999999999995
2008,65,0.96,-9.42999999999995
2008,66,0.02,-11.92999999999995
2008,66,0.02,-11.92999999999995
2008,67,0.3,-9.509999999999991
2008,67,0.3,-9.509999999999991
2008,68,0.0,-5.6200000000000045
2008,68,0.0,-5.6200000000000045
2008,69,0.99,-4.419999999999959
2008,69,0.99,-4.419999999999959
2008,70,0.0,-4.939999999999998
2008,70,0.0,-4.939999999999998
2008,71,0.0,-2.92999999999995
2008,71,0.0,-2.92999999999995
2008,72,0.0,-1.1299999999999955
2008,72,0.0,-1.1299999999999955
2008,73,0.0,-2.8899999999999864
2008,73,0.0,-2.8899999999999864
2008,74,7.83,-2.5299999999999727
2008,74,7.83,-2.5299999999999727
2008,75,0.08,-6.239999999999952
2008,75,0.08,-6.239999999999952
2008,76,1.72,-4.089999999999975
2008,76,1.72,-4.089999999999975
2008,77,3.14,-4.3700000000000045
2008,77,3.14,-4.3700000000000045
2008,78,0.15,-6.6200000000000045
2008,78,0.15,-6.6200000000000045
2008,79,0.0,-4.8700000000000045
2008,79,0.0,-4.8700000000000045
2008,80,0.0,-0.9899999999999523
2008,80,0.0,-0.9899999999999523
2008,81,0.0,-2.019999999999982
2008,81,0.0,-2.019999999999982
2008,82,0.0,-3.9399999999999977
2008,82,0.0,-3.9399999999999977
2008,83,0.18,-5.639999999999986
2008,83,0.18,-5.639999999999986
2008,84,0.0,-1.3799999999999955
2008,84,0.0,-1.3799999999999955
2008,85,0.0,1.5500000000000114
2008,85,0.0,1.5500000000000114
2008,86,0.0,2.75
2008,86,0.0,2.75
2008,87,0.0,1.9600000000000364
2008,87,0.0,1.9600000000000364
2008,88,0.0,-0.46999999999997044
2008,88,0.0,-0.46999999999997044
2008,89,0.0,1.8000000000000114
2008,89,0.0,1.8000000000000114
2008,90,0.2,1.9700000000000273
2008,90,0.2,1.9700000000000273
2008,91,1.35,0.8600000000000136
2008,91,1.35,0.8600000000000136
2008,92,0.0,-3.4699999999999704
2008,92,0.0,-3.4699999999999704
2008,93,0.0,0.57000000000005
2008,93,0.0,0.57000000000005
2008,94,0.0,0.4800000000000182
2008,94,0.0,0.4800000000000182
2008,95,0.14,-1.5699999999999932
2008,95,0.14,-1.5699999999999932
2008,96,0.0,0.7800000000000296
2008,96,0.0,0.7800000000000296
2008,97,0.0,-0.7299999999999613
2008,97,0.0,-0.7299999999999613
2008,98,1.54,0.4000000000000341
2008,98,1.54,0.4000000000000341
2008,99,0.0,-1.7899999999999636
2008,99,0.0,-1.7899999999999636
2008,100,0.0,1.5
2008,100,0.0,1.5
2008,101,7.03,-1.0199999999999818
2008,101,7.03,-1.0199999999999818
2008,102,0.4,-6.0
2008,102,0.4,-6.0
2008,103,0.81,-7.479999999999961
2008,103,0.81,-7.479999999999961
2008,104,0.0,-3.859999999999957
2008,104,0.0,-3.859999999999957
2008,105,0.0,1.7100000000000364
2008,105,0.0,1.7100000000000364
2008,106,0.0,5.2000000000000455
2008,106,0.0,5.2000000000000455
2008,107,0.0,3.25
2008,107,0.0,3.25
2008,108,8.62,-4.279999999999973
2008,108,8.62,-4.279999999999973
2008,109,0.75,-3.0600000000000023
2008,109,0.75,-3.0600000000000023
2008,110,0.0,3.07000000000005
2008,110,0.0,3.07000000000005
2008,111,0.0,5.210000000000036
2008,111,0.0,5.210000000000036
2008,112,0.0,2.5500000000000114
2008,112,0.0,2.5500000000000114
2008,113,0.0,2.080000000000041
2008,113,0.0,2.080000000000041
2008,114,0.0,6.150000000000034
2008,114,0.0,6.150000000000034
2008,115,0.0,5.400000000000034
2008,115,0.0,5.400000000000034
2008,116,0.0,-0.9499999999999886
2008,116,0.0,-0.9499999999999886
2008,117,0.0,-2.0600000000000023
2008,117,0.0,-2.0600000000000023
2008,118,0.0,-2.579999999999984
2008,118,0.0,-2.579999999999984
2008,119,0.0,2.590000000000032
2008,119,0.0,2.590000000000032
2008,120,0.0,6.160000000000025
2008,120,0.0,6.160000000000025
2008,121,0.0,7.510000000000048
2008,121,0.0,7.510000000000048
2008,122,2.36,2.3799999999999955
2008,122,2.36,2.3799999999999955
2008,123,0.31,-4.7999999999999545
2008,123,0.31,-4.7999999999999545
2008,124,0.0,-2.8799999999999955
2008,124,0.0,-2.8799999999999955
2008,125,0.0,2.2200000000000273
2008,125,0.0,2.2200000000000273
2008,126,0.0,6.460000000000036
2008,126,0.0,6.460000000000036
2008,127,0.0,8.140000000000043
2008,127,0.0,8.140000000000043
2008,128,2.6,6.5
2008,128,2.6,6.5
2008,129,0.75,5.9500000000000455
2008,129,0.75,5.9500000000000455
2008,130,0.0,3.9399999999999977
2008,130,0.0,3.9399999999999977
2008,131,1.16,3.3500000000000227
2008,131,1.16,3.3500000000000227
2008,132,0.0,2.590000000000032
2008,132,0.0,2.590000000000032
2008,133,0.0,7.730000000000018
2008,133,0.0,7.730000000000018
2008,134,5.78,2.4600000000000364
2008,134,5.78,2.4600000000000364
2008,135,1.36,2.1899999999999977
2008,135,1.36,2.1899999999999977
2008,136,9.77,2.9500000000000455
2008,136,9.77,2.9500000000000455
2008,137,0.0,2.8000000000000114
2008,137,0.0,2.8000000000000114
2008,138,0.14,7.28000000000003
2008,138,0.14,7.28000000000003
2008,139,0.0,9.840000000000032
2008,139,0.0,9.840000000000032
2008,140,0.0,11.740000000000009
2008,140,0.0,11.740000000000009
2008,141,0.05,13.0
2008,141,0.05,13.0
2008,142,0.0,13.04000000000002
2008,142,0.0,13.04000000000002
2008,143,0.39,9.340000000000032
2008,143,0.39,9.340000000000032
2008,144,0.22,4.78000000000003
2008,144,0.22,4.78000000000003
2008,145,0.01,3.930000000000007
2008,145,0.01,3.930000000000007
2008,146,0.0,6.680000000000007
2008,146,0.0,6.680000000000007
2008,147,1.38,9.610000000000014
2008,147,1.38,9.610000000000014
2008,148,0.57,7.180000000000007
2008,148,0.57,7.180000000000007
2008,149,0.05,9.330000000000041
2008,149,0.05,9.330000000000041
2008,150,0.04,11.680000000000007
2008,150,0.04,11.680000000000007
2008,151,0.0,9.120000000000005
2008,151,0.0,9.120000000000005
2008,152,0.0,10.800000000000011
2008,152,0.0,10.800000000000011
2008,153,0.0,12.78000000000003
2008,153,0.0,12.78000000000003
2008,154,0.0,14.450000000000045
2008,154,0.0,14.450000000000045
2008,155,0.0,12.890000000000043
2008,155,0.0,12.890000000000043
2008,156,0.67,11.420000000000016
2008,156,0.67,11.420000000000016
2008,157,16.99,8.32000000000005
2008,157,16.99,8.32000000000005
2008,158,0.0,7.720000000000027
2008,158,0.0,7.720000000000027
2008,159,0.0,12.360000000000014
2008,159,0.0,12.360000000000014
2008,160,0.03,10.210000000000036
2008,160,0.03,10.210000000000036
2008,161,0.0,7.439999999999998
2008,161,0.0,7.439999999999998
2008,162,0.0,11.480000000000018
2008,162,0.0,11.480000000000018
2008,163,0.0,12.300000000000011
2008,163,0.0,12.300000000000011
2008,164,0.0,6.03000000000003
2008,164,0.0,6.03000000000003
2008,165,0.0,7.590000000000032
2008,165,0.0,7.590000000000032
2008,166,0.0,12.32000000000005
2008,166,0.0,12.32000000000005
2008,167,0.0,15.080000000000041
2008,167,0.0,15.080000000000041
2008,168,0.0,15.720000000000027
2008,168,0.0,15.720000000000027
2008,169,0.0,15.53000000000003
2008,169,0.0,15.53000000000003
2008,170,0.0,16.870000000000005
2008,170,0.0,16.870000000000005
2008,171,0.0,15.180000000000007
2008,171,0.0,15.180000000000007
2008,172,0.0,14.220000000000027
2008,172,0.0,14.220000000000027
2008,173,0.72,13.57000000000005
2008,173,0.72,13.57000000000005
2008,174,0.03,15.330000000000041
2008,174,0.03,15.330000000000041
2008,175,1.6,15.430000000000007
2008,175,1.6,15.430000000000007
2008,176,2.08,15.060000000000002
2008,176,2.08,15.060000000000002
2008,177,0.02,16.80000000000001
2008,177,0.02,16.80000000000001
2008,178,0.0,17.03000000000003
2008,178,0.0,17.03000000000003
2008,179,0.0,16.04000000000002
2008,179,0.0,16.04000000000002
2008,180,0.13,15.680000000000007
2008,180,0.13,15.680000000000007
2008,181,0.14,14.450000000000045
2008,181,0.14,14.450000000000045
2008,182,0.0,15.770000000000039
2008,182,0.0,15.770000000000039
2008,183,0.0,16.710000000000036
2008,183,0.0,16.710000000000036
2008,184,0.0,16.379999999999995
2008,184,0.0,16.379999999999995
2008,185,0.45,16.27000000000004
2008,185,0.45,16.27000000000004
2008,186,0.62,16.75
2008,186,0.62,16.75
2008,187,0.26,18.560000000000002
2008,187,0.26,18.560000000000002
2008,188,4.39,17.77000000000004
2008,188,4.39,17.77000000000004
2008,189,0.27,14.580000000000041
2008,189,0.27,14.580000000000041
2008,190,3.1,13.410000000000025
2008,190,3.1,13.410000000000025
2008,191,0.39,14.960000000000036
2008,191,0.39,14.960000000000036
2008,192,0.07,16.850000000000023
2008,192,0.07,16.850000000000023
2008,193,0.0,18.640000000000043
2008,193,0.0,18.640000000000043
2008,194,0.0,16.220000000000027
2008,194,0.0,16.220000000000027
2008,195,0.0,15.29000000000002
2008,195,0.0,15.29000000000002
2008,196,1.81,17.02000000000004
2008,196,1.81,17.02000000000004
2008,197,0.0,17.760000000000048
2008,197,0.0,17.760000000000048
2008,198,0.0,18.810000000000002
2008,198,0.0,18.810000000000002
2008,199,2.38,18.420000000000016
2008,199,2.38,18.420000000000016
2008,200,1.0,16.0
2008,200,1.0,16.0
2008,201,0.47,17.189999999999998
2008,201,0.47,17.189999999999998
2008,202,1.13,18.939999999999998
2008,202,1.13,18.939999999999998
2008,203,0.0,18.600000000000023
2008,203,0.0,18.600000000000023
2008,204,0.0,19.150000000000034
2008,204,0.0,19.150000000000034
2008,205,1.99,18.939999999999998
2008,205,1.99,18.939999999999998
2008,206,3.09,18.180000000000007
2008,206,3.09,18.180000000000007
2008,207,4.13,18.400000000000034
2008,207,4.13,18.400000000000034
2008,208,0.61,17.460000000000036
2008,208,0.61,17.460000000000036
2008,209,0.86,17.930000000000007
2008,209,0.86,17.930000000000007
2008,210,0.17,17.970000000000027
2008,210,0.17,17.970000000000027
2008,211,0.01,16.310000000000002
2008,211,0.01,16.310000000000002
2008,212,0.07,17.379999999999995
2008,212,0.07,17.379999999999995
2008,213,0.0,18.58000000000004
2008,213,0.0,18.58000000000004
2008,214,0.0,19.590000000000032
2008,214,0.0,19.590000000000032
2008,215,0.06,20.210000000000036
2008,215,0.06,20.210000000000036
2008,216,0.14,20.010000000000048
2008,216,0.14,20.010000000000048
2008,217,1.68,17.960000000000036
2008,217,1.68,17.960000000000036
2008,218,2.81,17.900000000000034
2008,218,2.81,17.900000000000034
2008,219,0.8,15.760000000000048
2008,219,0.8,15.760000000000048
2008,220,3.86,14.340000000000032
2008,220,3.86,14.340000000000032
2008,221,2.32,14.510000000000048
2008,221,2.32,14.510000000000048
2008,222,2.59,16.33000000000004
2008,222,2.59,16.33000000000004
2008,223,10.65,15.480000000000018
2008,223,10.65,15.480000000000018
2008,224,3.69,14.57000000000005
2008,224,3.69,14.57000000000005
2008,225,0.0,16.110000000000014
2008,225,0.0,16.110000000000014
2008,226,0.84,16.430000000000007
2008,226,0.84,16.430000000000007
2008,227,1.0,14.970000000000027
2008,227,1.0,14.970000000000027
2008,228,10.15,11.220000000000027
2008,228,10.15,11.220000000000027
2008,229,17.3,8.260000000000048
2008,229,17.3,8.260000000000048
2008,230,5.58,8.930000000000007
2008,230,5.58,8.930000000000007
2008,231,0.0,10.840000000000032
2008,231,0.0,10.840000000000032
2008,232,0.0,12.770000000000039
2008,232,0.0,12.770000000000039
2008,233,0.03,15.410000000000025
2008,233,0.03,15.410000000000025
2008,234,0.09,16.28000000000003
2008,234,0.09,16.28000000000003
2008,235,0.0,17.78000000000003
2008,235,0.0,17.78000000000003
2008,236,6.91,15.78000000000003
2008,236,6.91,15.78000000000003
2008,237,0.93,17.05000000000001
2008,237,0.93,17.05000000000001
2008,238,1.08,16.510000000000048
2008,238,1.08,16.510000000000048
2008,239,0.0,16.090000000000032
2008,239,0.0,16.090000000000032
2008,240,2.07,16.970000000000027
2008,240,2.07,16.970000000000027
2008,241,0.02,16.439999999999998
2008,241,0.02,16.439999999999998
2008,242,0.15,15.220000000000027
2008,242,0.15,15.220000000000027
2008,243,0.34,16.230000000000018
2008,243,0.34,16.230000000000018
2008,244,0.37,15.939999999999998
2008,244,0.37,15.939999999999998
2008,245,0.68,14.189999999999998
2008,245,0.68,14.189999999999998
2008,246,0.0,13.170000000000016
2008,246,0.0,13.170000000000016
2008,247,0.0,10.050000000000011
2008,247,0.0,10.050000000000011
2008,248,0.0,11.460000000000036
2008,248,0.0,11.460000000000036
2008,249,0.0,10.930000000000007
2008,249,0.0,10.930000000000007
2008,250,0.0,10.470000000000027
2008,250,0.0,10.470000000000027
2008,251,0.14,11.560000000000002
2008,251,0.14,11.560000000000002
2008,252,0.0,11.939999999999998
2008,252,0.0,11.939999999999998
2008,253,0.0,12.150000000000034
2008,253,0.0,12.150000000000034
2008,254,0.19,12.54000000000002
2008,254,0.19,12.54000000000002
2008,255,0.0,10.900000000000034
2008,255,0.0,10.900000000000034
2008,256,17.8,9.170000000000016
2008,256,17.8,9.170000000000016
2008,257,0.0,8.930000000000007
2008,257,0.0,8.930000000000007
2008,258,0.0,10.160000000000025
2008,258,0.0,10.160000000000025
2008,259,0.0,10.170000000000016
2008,259,0.0,10.170000000000016
2008,260,0.0,11.610000000000014
2008,260,0.0,11.610000000000014
2008,261,0.0,13.07000000000005
2008,261,0.0,13.07000000000005
2008,262,0.52,12.260000000000048
2008,262,0.52,12.260000000000048
2008,263,1.31,11.129999999999995
2008,263,1.31,11.129999999999995
2008,264,1.82,10.870000000000005
2008,264,1.82,10.870000000000005
2008,265,1.62,12.53000000000003
2008,265,1.62,12.53000000000003
2008,266,0.04,12.910000000000025
2008,266,0.04,12.910000000000025
2008,267,0.0,11.560000000000002
2008,267,0.0,11.560000000000002
2008,268,0.0,11.700000000000045
2008,268,0.0,11.700000000000045
2008,269,0.0,13.460000000000036
2008,269,0.0,13.460000000000036
2008,270,0.0,14.450000000000045
2008,270,0.0,14.450000000000045
2008,271,2.25,13.189999999999998
2008,271,2.25,13.189999999999998
2008,272,0.0,12.480000000000018
2008,272,0.0,12.480000000000018
2008,273,0.0,12.460000000000036
2008,273,0.0,12.460000000000036
2008,274,0.0,12.390000000000043
2008,274,0.0,12.390000000000043
2008,275,0.0,12.330000000000041
2008,275,0.0,12.330000000000041
2008,276,0.56,11.600000000000023
2008,276,0.56,11.600000000000023
2008,277,0.0,11.050000000000011
2008,277,0.0,11.050000000000011
2008,278,0.0,10.240000000000009
2008,278,0.0,10.240000000000009
2008,279,0.0,8.82000000000005
2008,279,0.0,8.82000000000005
2008,280,0.8,5.6299999999999955
2008,280,0.8,5.6299999999999955
2008,281,0.0,5.6299999999999955
2008,281,0.0,5.6299999999999955
2008,282,0.0,9.25
2008,282,0.0,9.25
2008,283,0.0,10.07000000000005
2008,283,0.0,10.07000000000005
2008,284,0.0,8.420000000000016
2008,284,0.0,8.420000000000016
2008,285,0.94,6.760000000000048
2008,285,0.94,6.760000000000048
2008,286,2.93,6.390000000000043
2008,286,2.93,6.390000000000043
2008,287,0.0,1.2700000000000387
2008,287,0.0,1.2700000000000387
2008,288,0.0,2.900000000000034
2008,288,0.0,2.900000000000034
2008,289,0.0,4.580000000000041
2008,289,0.0,4.580000000000041
2008,290,0.0,5.670000000000016
2008,290,0.0,5.670000000000016
2008,291,0.0,6.800000000000011
2008,291,0.0,6.800000000000011
2008,292,0.0,9.230000000000018
2008,292,0.0,9.230000000000018
2008,293,0.0,8.590000000000032
2008,293,0.0,8.590000000000032
2008,294,0.06,6.7000000000000455
2008,294,0.06,6.7000000000000455
2008,295,0.01,5.740000000000009
2008,295,0.01,5.740000000000009
2008,296,4.41,-1.9799999999999613
2008,296,4.41,-1.9799999999999613
2008,297,0.31,-4.17999999999995
2008,297,0.31,-4.17999999999995
2008,298,0.33,1.400000000000034
2008,298,0.33,1.400000000000034
2008,299,0.08,3.8799999999999955
2008,299,0.08,3.8799999999999955
2008,300,0.0,5.970000000000027
2008,300,0.0,5.970000000000027
2008,301,0.0,4.720000000000027
2008,301,0.0,4.720000000000027
2008,302,0.0,6.470000000000027
2008,302,0.0,6.470000000000027
2008,303,0.0,6.710000000000036
2008,303,0.0,6.710000000000036
2008,304,0.0,6.6200000000000045
2008,304,0.0,6.6200000000000045
2008,305,0.0,7.0400000000000205
2008,305,0.0,7.0400000000000205
2008,306,0.0,7.5400000000000205
2008,306,0.0,7.5400000000000205
2008,307,0.0,7.480000000000018
2008,307,0.0,7.480000000000018
2008,308,0.0,6.640000000000043
2008,308,0.0,6.640000000000043
2008,309,0.0,5.180000000000007
2008,309,0.0,5.180000000000007
2008,310,0.05,-0.3199999999999932
2008,310,0.05,-0.3199999999999932
2008,311,0.0,-5.699999999999989
2008,311,0.0,-5.699999999999989
2008,312,0.0,-3.9499999999999886
2008,312,0.0,-3.9499999999999886
2008,313,0.0,-0.3499999999999659
2008,313,0.0,-0.3499999999999659
2008,314,0.0,0.8100000000000023
2008,314,0.0,0.8100000000000023
2008,315,0.07,1.1299999999999955
2008,315,0.07,1.1299999999999955
2008,316,0.0,-1.1999999999999886
2008,316,0.0,-1.1999999999999886
2008,317,0.0,-2.4399999999999977
2008,317,0.0,-2.4399999999999977
2008,318,0.49,1.8100000000000023
2008,318,0.49,1.8100000000000023
2008,319,0.24,-1.339999999999975
2008,319,0.24,-1.339999999999975
2008,320,0.0,-7.5
2008,320,0.0,-7.5
2008,321,0.0,-0.47999999999996135
2008,321,0.0,-0.47999999999996135
2008,322,0.0,1.670000000000016
2008,322,0.0,1.670000000000016
2008,323,0.0,3.0300000000000296
2008,323,0.0,3.0300000000000296
2008,324,0.0,2.5200000000000387
2008,324,0.0,2.5200000000000387
2008,325,0.0,-2.259999999999991
2008,325,0.0,-2.259999999999991
2008,326,0.0,-2.079999999999984
2008,326,0.0,-2.079999999999984
2008,327,0.0,-0.12000000000000455
2008,327,0.0,-0.12000000000000455
2008,328,0.0,0.37999999999999545
2008,328,0.0,0.37999999999999545
2008,329,0.0,-1.669999999999959
2008,329,0.0,-1.669999999999959
2008,330,0.0,1.3700000000000045
2008,330,0.0,1.3700000000000045
2008,331,0.0,1.330000000000041
2008,331,0.0,1.330000000000041
2008,332,0.0,2.090000000000032
2008,332,0.0,2.090000000000032
2008,333,1.97,-1.5600000000000023
2008,333,1.97,-1.5600000000000023
2008,334,0.41,-5.6200000000000045
2008,334,0.41,-5.6200000000000045
2008,335,0.34,-4.889999999999986
2008,335,0.34,-4.889999999999986
2008,336,0.47,-4.289999999999964
2008,336,0.47,-4.289999999999964
2008,337,0.0,-0.25
2008,337,0.0,-0.25
2008,338,0.0,-4.3799999999999955
2008,338,0.0,-4.3799999999999955
2008,339,0.72,-9.199999999999989
2008,339,0.72,-9.199999999999989
2008,340,0.03,-8.949999999999989
2008,340,0.03,-8.949999999999989
2008,341,0.0,-1.6599999999999682
2008,341,0.0,-1.6599999999999682
2008,342,0.0,0.8000000000000114
2008,342,0.0,0.8000000000000114
2008,343,0.0,-0.9599999999999795
2008,343,0.0,-0.9599999999999795
2008,344,4.1,-8.989999999999952
2008,344,4.1,-8.989999999999952
2008,345,0.38,-6.279999999999973
2008,345,0.38,-6.279999999999973
2008,346,0.08,-4.109999999999957
2008,346,0.08,-4.109999999999957
2008,347,0.0,-4.529999999999973
2008,347,0.0,-4.529999999999973
2008,348,0.09,-2.6399999999999864
2008,348,0.09,-2.6399999999999864
2008,349,1.94,-6.919999999999959
2008,349,1.94,-6.919999999999959
2008,350,0.0,-15.529999999999973
2008,350,0.0,-15.529999999999973
2008,351,0.1,-9.649999999999977
2008,351,0.1,-9.649999999999977
2008,352,0.0,-8.159999999999968
2008,352,0.0,-8.159999999999968
2008,353,1.12,-4.759999999999991
2008,353,1.12,-4.759999999999991
2008,354,0.0,-7.319999999999993
2008,354,0.0,-7.319999999999993
2008,355,0.0,-11.009999999999991
2008,355,0.0,-11.009999999999991
2008,356,0.0,-13.529999999999973
2008,356,0.0,-13.529999999999973
2008,357,0.08,-6.149999999999977
2008,357,0.08,-6.149999999999977
2008,358,0.0,-7.669999999999959
2008,358,0.0,-7.669999999999959
2008,359,0.0,-13.159999999999968
2008,359,0.0,-13.159999999999968
2008,360,0.0,-7.199999999999989
2008,360,0.0,-7.199999999999989
2008,361,0.82,-4.439999999999998
2008,361,0.82,-4.439999999999998
2008,362,0.0,-14.329999999999984
2008,362,0.0,-14.329999999999984
2008,363,0.0,-7.399999999999977
2008,363,0.0,-7.399999999999977
2008,364,0.0,-3.0600000000000023
2008,364,0.0,-3.0600000000000023
2008,365,0.0,-0.9099999999999682
2008,365,0.0,-0.9099999999999682
2008,366,0.0,-3.3700000000000045
2008,366,0.0,-3.3700000000000045
2009,1,0.0,-2.759999999999991
2009,1,0.0,-2.759999999999991
2009,2,0.0,-2.159999999999968
2009,2,0.0,-2.159999999999968
2009,3,0.0,-2.5600000000000023
2009,3,0.0,-2.5600000000000023
2009,4,0.79,-11.45999999999998
2009,4,0.79,-11.45999999999998
2009,5,0.07,-10.779999999999973
2009,5,0.07,-10.779999999999973
2009,6,0.0,-10.509999999999991
2009,6,0.0,-10.509999999999991
2009,7,0.0,-6.289999999999964
2009,7,0.0,-6.289999999999964
2009,8,0.0,-1.8599999999999568
2009,8,0.0,-1.8599999999999568
2009,9,0.0,-2.579999999999984
2009,9,0.0,-2.579999999999984
2009,10,0.83,-8.599999999999966
2009,10,0.83,-8.599999999999966
2009,11,0.0,-8.539999999999964
2009,11,0.0,-8.539999999999964
2009,12,3.82,-7.060000000000002
2009,12,3.82,-7.060000000000002
2009,13,0.38,-7.479999999999961
2009,13,0.38,-7.479999999999961
2009,14,0.05,-5.909999999999968
2009,14,0.05,-5.909999999999968
2009,15,0.11,-6.159999999999968
2009,15,0.11,-6.159999999999968
2009,16,0.0,-4.729999999999961
2009,16,0.0,-4.729999999999961
2009,17,0.0,-2.92999999999995
2009,17,0.0,-2.92999999999995
2009,18,0.0,-3.7299999999999613
2009,18,0.0,-3.7299999999999613
2009,19,0.0,-1.67999999999995
2009,19,0.0,-1.67999999999995
2009,20,0.0,-1.839999999999975
2009,20,0.0,-1.839999999999975
2009,21,0.0,-0.37999999999999545
2009,21,0.0,-0.37999999999999545
2009,22,0.0,0.09000000000003183
2009,22,0.0,0.09000000000003183
2009,23,0.13,0.30000000000001137
2009,23,0.13,0.30000000000001137
2009,24,0.51,-2.0
2009,24,0.51,-2.0
2009,25,0.0,-2.1999999999999886
2009,25,0.0,-2.1999999999999886
2009,26,0.62,-4.919999999999959
2009,26,0.62,-4.919999999999959
2009,27,0.66,-11.689999999999998
2009,27,0.66,-11.689999999999998
2009,28,0.0,-11.060000000000002
2009,28,0.0,-11.060000000000002
2009,29,0.0,-9.669999999999959
2009,29,0.0,-9.669999999999959
2009,30,0.0,-3.589999999999975
2009,30,0.0,-3.589999999999975
2009,31,0.0,-2.0299999999999727
2009,31,0.0,-2.0299999999999727
2009,32,0.0,-2.9399999999999977
2009,32,0.0,-2.9399999999999977
2009,33,0.0,-3.599999999999966
2009,33,0.0,-3.599999999999966
2009,34,0.0,-3.009999999999991
2009,34,0.0,-3.009999999999991
2009,35,0.0,-2.3899999999999864
2009,35,0.0,-2.3899999999999864
2009,36,0.0,-0.6399999999999864
2009,36,0.0,-0.6399999999999864
2009,37,0.0,-0.44999999999998863
2009,37,0.0,-0.44999999999998863
2009,38,0.0,-2.0499999999999545
2009,38,0.0,-2.0499999999999545
2009,39,0.0,-0.5600000000000023
2009,39,0.0,-0.5600000000000023
2009,40,0.41,-3.8899999999999864
2009,40,0.41,-3.8899999999999864
2009,41,0.11,-6.17999999999995
2009,41,0.11,-6.17999999999995
2009,42,0.0,-8.919999999999959
2009,42,0.0,-8.919999999999959
2009,43,0.0,-8.659999999999968
2009,43,0.0,-8.659999999999968
2009,44,1.13,-8.099999999999966
2009,44,1.13,-8.099999999999966
2009,45,0.11,-8.349999999999966
2009,45,0.11,-8.349999999999966
2009,46,0.01,-9.819999999999993
2009,46,0.01,-9.819999999999993
2009,47,0.0,-4.7099999999999795
2009,47,0.0,-4.7099999999999795
2009,48,0.0,-3.839999999999975
2009,48,0.0,-3.839999999999975
2009,49,0.0,-6.9599999999999795
2009,49,0.0,-6.9599999999999795
2009,50,0.0,-7.609999999999957
2009,50,0.0,-7.609999999999957
2009,51,0.0,-5.5499999999999545
2009,51,0.0,-5.5499999999999545
2009,52,0.0,-5.519999999999982
2009,52,0.0,-5.519999999999982
2009,53,0.0,-1.2999999999999545
2009,53,0.0,-1.2999999999999545
2009,54,0.0,0.9399999999999977
2009,54,0.0,0.9399999999999977
2009,55,0.0,2.2600000000000477
2009,55,0.0,2.2600000000000477
2009,56,0.0,1.1299999999999955
2009,56,0.0,1.1299999999999955
2009,57,0.0,0.7600000000000477
2009,57,0.0,0.7600000000000477
2009,58,0.0,-1.4899999999999523
2009,58,0.0,-1.4899999999999523
2009,59,0.0,-5.7099999999999795
2009,59,0.0,-5.7099999999999795
2009,60,0.0,-0.5299999999999727
2009,60,0.0,-0.5299999999999727
2009,61,0.0,3.6100000000000136
2009,61,0.0,3.6100000000000136
2009,62,0.0,4.270000000000039
2009,62,0.0,4.270000000000039
2009,63,0.0,3.7100000000000364
2009,63,0.0,3.7100000000000364
2009,64,0.0,2.0600000000000023
2009,64,0.0,2.0600000000000023
2009,65,0.0,-0.25
2009,65,0.0,-0.25
2009,66,0.71,-1.1999999999999886
2009,66,0.71,-1.1999999999999886
2009,67,0.0,-3.2299999999999613
2009,67,0.0,-3.2299999999999613
2009,68,0.0,-0.23999999999995225
2009,68,0.0,-0.23999999999995225
2009,69,0.19,-3.509999999999991
2009,69,0.19,-3.509999999999991
2009,70,0.0,-3.6499999999999773
2009,70,0.0,-3.6499999999999773
2009,71,0.14,-0.6299999999999955
2009,71,0.14,-0.6299999999999955
2009,72,0.56,-3.1299999999999955
2009,72,0.56,-3.1299999999999955
2009,73,0.0,-2.8999999999999773
2009,73,0.0,-2.8999999999999773
2009,74,0.0,-0.5
2009,74,0.0,-0.5
2009,75,0.0,0.6100000000000136
2009,75,0.0,0.6100000000000136
2009,76,0.0,3.660000000000025
2009,76,0.0,3.660000000000025
2009,77,0.0,3.8799999999999955
2009,77,0.0,3.8799999999999955
2009,78,0.0,3.920000000000016
2009,78,0.0,3.920000000000016
2009,79,0.0,5.490000000000009
2009,79,0.0,5.490000000000009
2009,80,0.0,6.060000000000002
2009,80,0.0,6.060000000000002
2009,81,0.0,6.400000000000034
2009,81,0.0,6.400000000000034
2009,82,1.1,1.6800000000000068
2009,82,1.1,1.6800000000000068
2009,83,0.0,-2.0299999999999727
2009,83,0.0,-2.0299999999999727
2009,84,2.06,-2.8100000000000023
2009,84,2.06,-2.8100000000000023
2009,85,11.48,-3.9399999999999977
2009,85,11.48,-3.9399999999999977
2009,86,0.63,-12.229999999999961
2009,86,0.63,-12.229999999999961
2009,87,0.48,-6.759999999999991
2009,87,0.48,-6.759999999999991
2009,88,0.0,-3.1499999999999773
2009,88,0.0,-3.1499999999999773
2009,89,0.0,-3.839999999999975
2009,89,0.0,-3.839999999999975
2009,90,0.0,-10.279999999999973
2009,90,0.0,-10.279999999999973
2009,91,4.07,-6.939999999999998
2009,91,4.07,-6.939999999999998
2009,92,0.8,-7.42999999999995
2009,92,0.8,-7.42999999999995
2009,93,1.12,-2.019999999999982
2009,93,1.12,-2.019999999999982
2009,94,2.29,-2.7799999999999727
2009,94,2.29,-2.7799999999999727
2009,95,0.06,-9.789999999999964
2009,95,0.06,-9.789999999999964
2009,96,0.06,-7.9599999999999795
2009,96,0.06,-7.9599999999999795
2009,97,0.0,-1.7999999999999545
2009,97,0.0,-1.7999999999999545
2009,98,0.0,0.9300000000000068
2009,98,0.0,0.9300000000000068
2009,99,0.0,-0.2999999999999545
2009,99,0.0,-0.2999999999999545
2009,100,0.0,-1.3199999999999932
2009,100,0.0,-1.3199999999999932
2009,101,0.0,2.150000000000034
2009,101,0.0,2.150000000000034
2009,102,8.1,0.05000000000001137
2009,102,8.1,0.05000000000001137
2009,103,0.25,-0.12000000000000455
2009,103,0.25,-0.12000000000000455
2009,104,0.0,2.8100000000000023
2009,104,0.0,2.8100000000000023
2009,105,0.0,4.78000000000003
2009,105,0.0,4.78000000000003
2009,106,4.93,2.6899999999999977
2009,106,4.93,2.6899999999999977
2009,107,21.04,-0.7399999999999523
2009,107,21.04,-0.7399999999999523
2009,108,5.33,-2.6200000000000045
2009,108,5.33,-2.6200000000000045
2009,109,0.9,-1.7199999999999704
2009,109,0.9,-1.7199999999999704
2009,110,0.0,2.0600000000000023
2009,110,0.0,2.0600000000000023
2009,111,0.0,4.850000000000023
2009,111,0.0,4.850000000000023
2009,112,0.0,5.8799999999999955
2009,112,0.0,5.8799999999999955
2009,113,0.0,6.980000000000018
2009,113,0.0,6.980000000000018
2009,114,0.0,7.5400000000000205
2009,114,0.0,7.5400000000000205
2009,115,0.0,6.0
2009,115,0.0,6.0
2009,116,0.12,3.480000000000018
2009,116,0.12,3.480000000000018
2009,117,4.53,-1.169999999999959
2009,117,4.53,-1.169999999999959
2009,118,0.06,3.4700000000000273
2009,118,0.06,3.4700000000000273
2009,119,0.0,7.520000000000039
2009,119,0.0,7.520000000000039
2009,120,0.0,7.210000000000036
2009,120,0.0,7.210000000000036
2009,121,0.0,7.3799999999999955
2009,121,0.0,7.3799999999999955
2009,122,2.52,7.640000000000043
2009,122,2.52,7.640000000000043
2009,123,1.12,5.2900000000000205
2009,123,1.12,5.2900000000000205
2009,124,0.41,6.110000000000014
2009,124,0.41,6.110000000000014
2009,125,0.0,6.8799999999999955
2009,125,0.0,6.8799999999999955
2009,126,0.0,7.9500000000000455
2009,126,0.0,7.9500000000000455
2009,127,0.0,11.04000000000002
2009,127,0.0,11.04000000000002
2009,128,0.0,9.129999999999995
2009,128,0.0,9.129999999999995
2009,129,0.0,6.390000000000043
2009,129,0.0,6.390000000000043
2009,130,0.77,8.470000000000027
2009,130,0.77,8.470000000000027
2009,131,0.0,8.210000000000036
2009,131,0.0,8.210000000000036
2009,132,0.0,11.580000000000041
2009,132,0.0,11.580000000000041
2009,133,0.0,10.710000000000036
2009,133,0.0,10.710000000000036
2009,134,0.0,8.879999999999995
2009,134,0.0,8.879999999999995
2009,135,0.0,10.180000000000007
2009,135,0.0,10.180000000000007
2009,136,2.23,7.75
2009,136,2.23,7.75
2009,137,0.01,10.260000000000048
2009,137,0.01,10.260000000000048
2009,138,0.0,13.710000000000036
2009,138,0.0,13.710000000000036
2009,139,0.27,15.920000000000016
2009,139,0.27,15.920000000000016
2009,140,0.0,13.680000000000007
2009,140,0.0,13.680000000000007
2009,141,5.7,11.770000000000039
2009,141,5.7,11.770000000000039
2009,142,8.22,8.930000000000007
2009,142,8.22,8.930000000000007
2009,143,4.74,8.720000000000027
2009,143,4.74,8.720000000000027
2009,144,6.75,9.430000000000007
2009,144,6.75,9.430000000000007
2009,145,1.92,9.170000000000016
2009,145,1.92,9.170000000000016
2009,146,10.16,7.060000000000002
2009,146,10.16,7.060000000000002
2009,147,2.49,7.03000000000003
2009,147,2.49,7.03000000000003
2009,148,0.11,9.920000000000016
2009,148,0.11,9.920000000000016
2009,149,1.95,11.28000000000003
2009,149,1.95,11.28000000000003
2009,150,6.8,11.990000000000009
2009,150,6.8,11.990000000000009
2009,151,4.91,11.230000000000018
2009,151,4.91,11.230000000000018
2009,152,5.81,10.900000000000034
2009,152,5.81,10.900000000000034
2009,153,12.83,8.160000000000025
2009,153,12.83,8.160000000000025
2009,154,1.14,7.600000000000023
2009,154,1.14,7.600000000000023
2009,155,0.05,11.240000000000009
2009,155,0.05,11.240000000000009
2009,156,0.24,13.480000000000018
2009,156,0.24,13.480000000000018
2009,157,0.13,11.770000000000039
2009,157,0.13,11.770000000000039
2009,158,0.0,10.020000000000039
2009,158,0.0,10.020000000000039
2009,159,0.03,8.5
2009,159,0.03,8.5
2009,160,0.13,10.25
2009,160,0.13,10.25
2009,161,0.2,8.960000000000036
2009,161,0.2,8.960000000000036
2009,162,1.94,9.03000000000003
2009,162,1.94,9.03000000000003
2009,163,0.27,9.720000000000027
2009,163,0.27,9.720000000000027
2009,164,0.88,12.110000000000014
2009,164,0.88,12.110000000000014
2009,165,3.18,12.460000000000036
2009,165,3.18,12.460000000000036
2009,166,0.19,11.400000000000034
2009,166,0.19,11.400000000000034
2009,167,0.33,11.590000000000032
2009,167,0.33,11.590000000000032
2009,168,0.08,13.840000000000032
2009,168,0.08,13.840000000000032
2009,169,0.15,12.79000000000002
2009,169,0.15,12.79000000000002
2009,170,0.21,12.460000000000036
2009,170,0.21,12.460000000000036
2009,171,3.93,12.910000000000025
2009,171,3.93,12.910000000000025
2009,172,0.06,12.050000000000011
2009,172,0.06,12.050000000000011
2009,173,0.0,14.330000000000041
2009,173,0.0,14.330000000000041
2009,174,4.03,16.75
2009,174,4.03,16.75
2009,175,2.43,16.420000000000016
2009,175,2.43,16.420000000000016
2009,176,8.96,16.970000000000027
2009,176,8.96,16.970000000000027
2009,177,12.41,15.860000000000014
2009,177,12.41,15.860000000000014
2009,178,0.5,13.810000000000002
2009,178,0.5,13.810000000000002
2009,179,3.25,15.439999999999998
2009,179,3.25,15.439999999999998
2009,180,0.0,15.800000000000011
2009,180,0.0,15.800000000000011
2009,181,1.86,16.180000000000007
2009,181,1.86,16.180000000000007
2009,182,0.08,16.82000000000005
2009,182,0.08,16.82000000000005
2009,183,6.98,16.810000000000002
2009,183,6.98,16.810000000000002
2009,184,9.03,16.150000000000034
2009,184,9.03,16.150000000000034
2009,185,2.41,15.180000000000007
2009,185,2.41,15.180000000000007
2009,186,8.58,13.520000000000039
2009,186,8.58,13.520000000000039
2009,187,0.05,14.610000000000014
2009,187,0.05,14.610000000000014
2009,188,0.12,16.090000000000032
2009,188,0.12,16.090000000000032
2009,189,0.0,16.28000000000003
2009,189,0.0,16.28000000000003
2009,190,0.0,17.129999999999995
2009,190,0.0,17.129999999999995
2009,191,0.0,17.939999999999998
2009,191,0.0,17.939999999999998
2009,192,4.21,19.200000000000045
2009,192,4.21,19.200000000000045
2009,193,4.03,18.700000000000045
2009,193,4.03,18.700000000000045
2009,194,2.39,18.260000000000048
2009,194,2.39,18.260000000000048
2009,195,0.01,18.08000000000004
2009,195,0.01,18.08000000000004
2009,196,0.0,17.410000000000025
2009,196,0.0,17.410000000000025
2009,197,0.0,16.640000000000043
2009,197,0.0,16.640000000000043
2009,198,0.0,16.260000000000048
2009,198,0.0,16.260000000000048
2009,199,0.0,16.439999999999998
2009,199,0.0,16.439999999999998
2009,200,1.55,17.210000000000036
2009,200,1.55,17.210000000000036
2009,201,2.06,17.83000000000004
2009,201,2.06,17.83000000000004
2009,202,9.42,15.450000000000045
2009,202,9.42,15.450000000000045
2009,203,6.9,15.870000000000005
2009,203,6.9,15.870000000000005
2009,204,0.67,16.760000000000048
2009,204,0.67,16.760000000000048
2009,205,0.0,18.29000000000002
2009,205,0.0,18.29000000000002
2009,206,3.08,18.07000000000005
2009,206,3.08,18.07000000000005
2009,207,8.11,14.82000000000005
2009,207,8.11,14.82000000000005
2009,208,1.58,14.740000000000009
2009,208,1.58,14.740000000000009
2009,209,2.39,15.400000000000034
2009,209,2.39,15.400000000000034
2009,210,7.1,14.350000000000023
2009,210,7.1,14.350000000000023
2009,211,7.53,11.110000000000014
2009,211,7.53,11.110000000000014
2009,212,3.15,13.54000000000002
2009,212,3.15,13.54000000000002
2009,213,1.76,13.660000000000025
2009,213,1.76,13.660000000000025
2009,214,0.28,15.82000000000005
2009,214,0.28,15.82000000000005
2009,215,0.39,17.450000000000045
2009,215,0.39,17.450000000000045
2009,216,0.0,17.470000000000027
2009,216,0.0,17.470000000000027
2009,217,0.0,18.610000000000014
2009,217,0.0,18.610000000000014
2009,218,7.02,18.180000000000007
2009,218,7.02,18.180000000000007
2009,219,0.63,16.78000000000003
2009,219,0.63,16.78000000000003
2009,220,0.0,14.78000000000003
2009,220,0.0,14.78000000000003
2009,221,1.98,13.150000000000034
2009,221,1.98,13.150000000000034
2009,222,0.0,14.100000000000023
2009,222,0.0,14.100000000000023
2009,223,0.11,15.129999999999995
2009,223,0.11,15.129999999999995
2009,224,0.0,16.350000000000023
2009,224,0.0,16.350000000000023
2009,225,0.0,17.870000000000005
2009,225,0.0,17.870000000000005
2009,226,1.52,16.05000000000001
2009,226,1.52,16.05000000000001
2009,227,0.94,13.480000000000018
2009,227,0.94,13.480000000000018
2009,228,0.0,13.150000000000034
2009,228,0.0,13.150000000000034
2009,229,0.0,12.54000000000002
2009,229,0.0,12.54000000000002
2009,230,3.43,13.240000000000009
2009,230,3.43,13.240000000000009
2009,231,0.0,13.120000000000005
2009,231,0.0,13.120000000000005
2009,232,0.0,13.120000000000005
2009,232,0.0,13.120000000000005
2009,233,0.0,15.610000000000014
2009,233,0.0,15.610000000000014
2009,234,0.0,17.430000000000007
2009,234,0.0,17.430000000000007
2009,235,0.7,18.650000000000034
2009,235,0.7,18.650000000000034
2009,236,1.83,16.460000000000036
2009,236,1.83,16.460000000000036
2009,237,2.83,13.970000000000027
2009,237,2.83,13.970000000000027
2009,238,4.16,14.04000000000002
2009,238,4.16,14.04000000000002
2009,239,1.21,14.200000000000045
2009,239,1.21,14.200000000000045
2009,240,0.13,14.600000000000023
2009,240,0.13,14.600000000000023
2009,241,0.63,15.160000000000025
2009,241,0.63,15.160000000000025
2009,242,1.87,14.550000000000011
2009,242,1.87,14.550000000000011
2009,243,1.74,14.850000000000023
2009,243,1.74,14.850000000000023
2009,244,0.03,16.140000000000043
2009,244,0.03,16.140000000000043
2009,245,0.07,16.510000000000048
2009,245,0.07,16.510000000000048
2009,246,0.0,15.75
2009,246,0.0,15.75
2009,247,0.09,15.200000000000045
2009,247,0.09,15.200000000000045
2009,248,0.69,14.610000000000014
2009,248,0.69,14.610000000000014
2009,249,1.22,13.990000000000009
2009,249,1.22,13.990000000000009
2009,250,0.0,13.629999999999995
2009,250,0.0,13.629999999999995
2009,251,0.93,16.02000000000004
2009,251,0.93,16.02000000000004
2009,252,3.54,14.710000000000036
2009,252,3.54,14.710000000000036
2009,253,0.8,15.150000000000034
2009,253,0.8,15.150000000000034
2009,254,0.22,14.060000000000002
2009,254,0.22,14.060000000000002
2009,255,2.6,9.650000000000034
2009,255,2.6,9.650000000000034
2009,256,12.41,10.700000000000045
2009,256,12.41,10.700000000000045
2009,257,3.94,13.590000000000032
2009,257,3.94,13.590000000000032
2009,258,8.75,13.970000000000027
2009,258,8.75,13.970000000000027
2009,259,3.32,11.580000000000041
2009,259,3.32,11.580000000000041
2009,260,0.33,10.350000000000023
2009,260,0.33,10.350000000000023
2009,261,0.13,11.620000000000005
2009,261,0.13,11.620000000000005
2009,262,0.65,11.400000000000034
2009,262,0.65,11.400000000000034
2009,263,0.62,12.340000000000032
2009,263,0.62,12.340000000000032
2009,264,5.94,6.6200000000000045
2009,264,5.94,6.6200000000000045
2009,265,2.53,1.07000000000005
2009,265,2.53,1.07000000000005
2009,266,3.57,2.640000000000043
2009,266,3.57,2.640000000000043
2009,267,1.02,3.9600000000000364
2009,267,1.02,3.9600000000000364
2009,268,0.27,6.310000000000002
2009,268,0.27,6.310000000000002
2009,269,0.0,10.129999999999995
2009,269,0.0,10.129999999999995
2009,270,0.0,13.400000000000034
2009,270,0.0,13.400000000000034
2009,271,0.0,11.310000000000002
2009,271,0.0,11.310000000000002
2009,272,0.35,12.990000000000009
2009,272,0.35,12.990000000000009
2009,273,0.0,12.439999999999998
2009,273,0.0,12.439999999999998
2009,274,0.0,2.730000000000018
2009,274,0.0,2.730000000000018
2009,275,0.0,1.410000000000025
2009,275,0.0,1.410000000000025
2009,276,0.0,4.890000000000043
2009,276,0.0,4.890000000000043
2009,277,0.04,7.160000000000025
2009,277,0.04,7.160000000000025
2009,278,0.33,6.610000000000014
2009,278,0.33,6.610000000000014
2009,279,0.0,3.180000000000007
2009,279,0.0,3.180000000000007
2009,280,0.02,5.770000000000039
2009,280,0.02,5.770000000000039
2009,281,0.21,5.0
2009,281,0.21,5.0
2009,282,1.38,2.1000000000000227
2009,282,1.38,2.1000000000000227
2009,283,0.0,2.0400000000000205
2009,283,0.0,2.0400000000000205
2009,284,0.0,3.3600000000000136
2009,284,0.0,3.3600000000000136
2009,285,0.02,5.7000000000000455
2009,285,0.02,5.7000000000000455
2009,286,0.0,6.5
2009,286,0.0,6.5
2009,287,0.51,7.710000000000036
2009,287,0.51,7.710000000000036
2009,288,0.0,6.660000000000025
2009,288,0.0,6.660000000000025
2009,289,0.0,5.220000000000027
2009,289,0.0,5.220000000000027
2009,290,0.0,5.5
2009,290,0.0,5.5
2009,291,0.0,9.700000000000045
2009,291,0.0,9.700000000000045
2009,292,0.0,10.080000000000041
2009,292,0.0,10.080000000000041
2009,293,0.0,8.57000000000005
2009,293,0.0,8.57000000000005
2009,294,9.29,1.490000000000009
2009,294,9.29,1.490000000000009
2009,295,4.75,-3.409999999999968
2009,295,4.75,-3.409999999999968
2009,296,1.09,-1.1599999999999682
2009,296,1.09,-1.1599999999999682
2009,297,0.0,2.0
2009,297,0.0,2.0
2009,298,0.66,-0.01999999999998181
2009,298,0.66,-0.01999999999998181
2009,299,4.87,-6.689999999999998
2009,299,4.87,-6.689999999999998
2009,300,1.14,-1.4399999999999977
2009,300,1.14,-1.4399999999999977
2009,301,11.16,-4.539999999999964
2009,301,11.16,-4.539999999999964
2009,302,2.08,-9.560000000000002
2009,302,2.08,-9.560000000000002
2009,303,0.14,-8.789999999999964
2009,303,0.14,-8.789999999999964
2009,304,0.7,-1.079999999999984
2009,304,0.7,-1.079999999999984
2009,305,0.0,1.410000000000025
2009,305,0.0,1.410000000000025
2009,306,0.0,0.75
2009,306,0.0,0.75
2009,307,0.0,2.680000000000007
2009,307,0.0,2.680000000000007
2009,308,0.0,4.75
2009,308,0.0,4.75
2009,309,0.0,6.470000000000027
2009,309,0.0,6.470000000000027
2009,310,0.0,6.180000000000007
2009,310,0.0,6.180000000000007
2009,311,0.0,5.930000000000007
2009,311,0.0,5.930000000000007
2009,312,0.0,5.03000000000003
2009,312,0.0,5.03000000000003
2009,313,0.0,2.400000000000034
2009,313,0.0,2.400000000000034
2009,314,0.0,3.6299999999999955
2009,314,0.0,3.6299999999999955
2009,315,0.0,4.680000000000007
2009,315,0.0,4.680000000000007
2009,316,0.0,5.010000000000048
2009,316,0.0,5.010000000000048
2009,317,0.0,3.0500000000000114
2009,317,0.0,3.0500000000000114
2009,318,4.34,-0.8700000000000045
2009,318,4.34,-0.8700000000000045
2009,319,7.56,-6.6200000000000045
2009,319,7.56,-6.6200000000000045
2009,320,1.1,-10.25
2009,320,1.1,-10.25
2009,321,0.61,-3.3799999999999955
2009,321,0.61,-3.3799999999999955
2009,322,0.12,-1.349999999999966
2009,322,0.12,-1.349999999999966
2009,323,0.0,-3.099999999999966
2009,323,0.0,-3.099999999999966
2009,324,0.0,-4.509999999999991
2009,324,0.0,-4.509999999999991
2009,325,0.0,-1.8700000000000045
2009,325,0.0,-1.8700000000000045
2009,326,0.0,-4.1299999999999955
2009,326,0.0,-4.1299999999999955
2009,327,0.0,-5.839999999999975
2009,327,0.0,-5.839999999999975
2009,328,0.0,-9.329999999999984
2009,328,0.0,-9.329999999999984
2009,329,0.02,-4.009999999999991
2009,329,0.02,-4.009999999999991
2009,330,0.0,-1.4399999999999977
2009,330,0.0,-1.4399999999999977
2009,331,0.0,-0.8799999999999955
2009,331,0.0,-0.8799999999999955
2009,332,0.0,-1.5
2009,332,0.0,-1.5
2009,333,0.0,-5.0499999999999545
2009,333,0.0,-5.0499999999999545
2009,334,0.0,-3.6899999999999977
2009,334,0.0,-3.6899999999999977
2009,335,0.0,-1.5600000000000023
2009,335,0.0,-1.5600000000000023
2009,336,0.46,-8.639999999999986
2009,336,0.46,-8.639999999999986
2009,337,0.42,-16.560000000000002
2009,337,0.42,-16.560000000000002
2009,338,0.0,-17.899999999999977
2009,338,0.0,-17.899999999999977
2009,339,0.0,-9.5
2009,339,0.0,-9.5
2009,340,1.45,-13.649999999999977
2009,340,1.45,-13.649999999999977
2009,341,1.46,-14.639999999999986
2009,341,1.46,-14.639999999999986
2009,342,0.32,-8.649999999999977
2009,342,0.32,-8.649999999999977
2009,343,0.0,-17.869999999999976
2009,343,0.0,-17.869999999999976
2009,344,0.68,-16.359999999999957
2009,344,0.68,-16.359999999999957
2009,345,0.0,-11.259999999999991
2009,345,0.0,-11.259999999999991
2009,346,0.02,-7.669999999999959
2009,346,0.02,-7.669999999999959
2009,347,0.33,-5.3799999999999955
2009,347,0.33,-5.3799999999999955
2009,348,0.0,-7.139999999999986
2009,348,0.0,-7.139999999999986
2009,349,0.06,-8.5
2009,349,0.06,-8.5
2009,350,0.0,-2.4399999999999977
2009,350,0.0,-2.4399999999999977
2009,351,0.0,-2.92999999999995
2009,351,0.0,-2.92999999999995
2009,352,0.0,-7.069999999999993
2009,352,0.0,-7.069999999999993
2009,353,0.0,-7.949999999999989
2009,353,0.0,-7.949999999999989
2009,354,0.0,-3.849999999999966
2009,354,0.0,-3.849999999999966
2009,355,0.0,-2.6399999999999864
2009,355,0.0,-2.6399999999999864
2009,356,0.0,-3.409999999999968
2009,356,0.0,-3.409999999999968
2009,357,3.52,-5.389999999999986
2009,357,3.52,-5.389999999999986
2009,358,0.0,-12.489999999999952
2009,358,0.0,-12.489999999999952
2009,359,0.0,-15.739999999999952
2009,359,0.0,-15.739999999999952
2009,360,0.03,-13.819999999999993
2009,360,0.03,-13.819999999999993
2009,361,0.0,-10.639999999999986
2009,361,0.0,-10.639999999999986
2009,362,0.06,-10.289999999999964
2009,362,0.06,-10.289999999999964
2009,363,0.04,-7.109999999999957
2009,363,0.04,-7.109999999999957
2009,364,0.0,-9.069999999999993
2009,364,0.0,-9.069999999999993
2009,365,0.1,-12.689999999999998
2009,365,0.1,-12.689999999999998
2010,1,0.0,-8.42999999999995
2010,1,0.0,-8.42999999999995
2010,2,0.01,-5.17999999999995
2010,2,0.01,-5.17999999999995
2010,3,0.09,-9.25
2010,3,0.09,-9.25
2010,4,0.0,-10.199999999999989
2010,4,0.0,-10.199999999999989
2010,5,0.0,-6.810000000000002
2010,5,0.0,-6.810000000000002
2010,6,0.0,-5.5
2010,6,0.0,-5.5
2010,7,0.35,-15.739999999999952
2010,7,0.35,-15.739999999999952
2010,8,0.0,-14.339999999999975
2010,8,0.0,-14.339999999999975
2010,9,0.0,-7.3700000000000045
2010,9,0.0,-7.3700000000000045
2010,10,0.0,-5.96999999999997
2010,10,0.0,-5.96999999999997
2010,11,0.0,-5.089999999999975
2010,11,0.0,-5.089999999999975
2010,12,0.0,-2.839999999999975
2010,12,0.0,-2.839999999999975
2010,13,0.0,-3.009999999999991
2010,13,0.0,-3.009999999999991
2010,14,0.0,-3.339999999999975
2010,14,0.0,-3.339999999999975
2010,15,0.0,-4.389999999999986
2010,15,0.0,-4.389999999999986
2010,16,0.0,-4.029999999999973
2010,16,0.0,-4.029999999999973
2010,17,0.0,-1.42999999999995
2010,17,0.0,-1.42999999999995
2010,18,0.0,-2.909999999999968
2010,18,0.0,-2.909999999999968
2010,19,0.0,-4.189999999999998
2010,19,0.0,-4.189999999999998
2010,20,0.0,-6.71999999999997
2010,20,0.0,-6.71999999999997
2010,21,0.0,-7.079999999999984
2010,21,0.0,-7.079999999999984
2010,22,0.05,-2.349999999999966
2010,22,0.05,-2.349999999999966
2010,23,0.0,-7.609999999999957
2010,23,0.0,-7.609999999999957
2010,24,0.0,-10.17999999999995
2010,24,0.0,-10.17999999999995
2010,25,0.0,-11.089999999999975
2010,25,0.0,-11.089999999999975
2010,26,0.06,-7.810000000000002
2010,26,0.06,-7.810000000000002
2010,27,0.01,-5.939999999999998
2010,27,0.01,-5.939999999999998
2010,28,0.85,-6.039999999999964
2010,28,0.85,-6.039999999999964
2010,29,0.0,-7.92999999999995
2010,29,0.0,-7.92999999999995
2010,30,0.0,-7.3700000000000045
2010,30,0.0,-7.3700000000000045
2010,31,0.22,-4.919999999999959
2010,31,0.22,-4.919999999999959
2010,32,0.0,-9.159999999999968
2010,32,0.0,-9.159999999999968
2010,33,0.0,-9.560000000000002
2010,33,0.0,-9.560000000000002
2010,34,0.0,-5.539999999999964
2010,34,0.0,-5.539999999999964
2010,35,1.36,-4.569999999999993
2010,35,1.36,-4.569999999999993
2010,36,0.06,-7.8799999999999955
2010,36,0.06,-7.8799999999999955
2010,37,0.01,-6.449999999999989
2010,37,0.01,-6.449999999999989
2010,38,1.87,-7.329999999999984
2010,38,1.87,-7.329999999999984
2010,39,0.65,-8.569999999999993
2010,39,0.65,-8.569999999999993
2010,40,0.62,-13.009999999999991
2010,40,0.62,-13.009999999999991
2010,41,0.02,-9.939999999999998
2010,41,0.02,-9.939999999999998
2010,42,0.0,-9.639999999999986
2010,42,0.0,-9.639999999999986
2010,43,0.11,-9.479999999999961
2010,43,0.11,-9.479999999999961
2010,44,0.11,-7.139999999999986
2010,44,0.11,-7.139999999999986
2010,45,0.56,-9.829999999999984
2010,45,0.56,-9.829999999999984
2010,46,0.03,-13.239999999999952
2010,46,0.03,-13.239999999999952
2010,47,0.01,-10.069999999999993
2010,47,0.01,-10.069999999999993
2010,48,0.31,-7.67999999999995
2010,48,0.31,-7.67999999999995
2010,49,0.74,-5.3799999999999955
2010,49,0.74,-5.3799999999999955
2010,50,0.85,-8.17999999999995
2010,50,0.85,-8.17999999999995
2010,51,0.89,-6.579999999999984
2010,51,0.89,-6.579999999999984
2010,52,1.31,-9.259999999999991
2010,52,1.31,-9.259999999999991
2010,53,0.18,-11.899999999999977
2010,53,0.18,-11.899999999999977
2010,54,0.23,-12.479999999999961
2010,54,0.23,-12.479999999999961
2010,55,0.1,-7.2999999999999545
2010,55,0.1,-7.2999999999999545
2010,56,2.1,-4.839999999999975
2010,56,2.1,-4.839999999999975
2010,57,1.06,-7.92999999999995
2010,57,1.06,-7.92999999999995
2010,58,0.07,-6.519999999999982
2010,58,0.07,-6.519999999999982
2010,59,0.49,-2.8100000000000023
2010,59,0.49,-2.8100000000000023
2010,60,0.76,-5.909999999999968
2010,60,0.76,-5.909999999999968
2010,61,0.0,-5.7099999999999795
2010,61,0.0,-5.7099999999999795
2010,62,0.0,-3.169999999999959
2010,62,0.0,-3.169999999999959
2010,63,0.0,-2.1399999999999864
2010,63,0.0,-2.1399999999999864
2010,64,0.11,-3.109999999999957
2010,64,0.11,-3.109999999999957
2010,65,0.13,-3.839999999999975
2010,65,0.13,-3.839999999999975
2010,66,0.0,-1.3700000000000045
2010,66,0.0,-1.3700000000000045
2010,67,1.8,-0.029999999999972715
2010,67,1.8,-0.029999999999972715
2010,68,2.17,-3.1399999999999864
2010,68,2.17,-3.1399999999999864
2010,69,2.75,-2.859999999999957
2010,69,2.75,-2.859999999999957
2010,70,1.18,-6.75
2010,70,1.18,-6.75
2010,71,0.0,-5.919999999999959
2010,71,0.0,-5.919999999999959
2010,72,0.34,-2.0600000000000023
2010,72,0.34,-2.0600000000000023
2010,73,5.54,-1.6099999999999568
2010,73,5.54,-1.6099999999999568
2010,74,0.22,-3.569999999999993
2010,74,0.22,-3.569999999999993
2010,75,0.21,-1.8999999999999773
2010,75,0.21,-1.8999999999999773
2010,76,0.0,1.170000000000016
2010,76,0.0,1.170000000000016
2010,77,0.0,2.9600000000000364
2010,77,0.0,2.9600000000000364
2010,78,6.39,-3.329999999999984
2010,78,6.39,-3.329999999999984
2010,79,0.12,-11.979999999999961
2010,79,0.12,-11.979999999999961
2010,80,0.09,-6.339999999999975
2010,80,0.09,-6.339999999999975
2010,81,0.0,-1.7999999999999545
2010,81,0.0,-1.7999999999999545
2010,82,0.0,-1.089999999999975
2010,82,0.0,-1.089999999999975
2010,83,28.09,-5.060000000000002
2010,83,28.09,-5.060000000000002
2010,84,0.16,-6.310000000000002
2010,84,0.16,-6.310000000000002
2010,85,0.45,-3.0399999999999636
2010,85,0.45,-3.0399999999999636
2010,86,5.59,-4.9599999999999795
2010,86,5.59,-4.9599999999999795
2010,87,0.54,-4.849999999999966
2010,87,0.54,-4.849999999999966
2010,88,0.0,-0.2699999999999818
2010,88,0.0,-0.2699999999999818
2010,89,0.0,3.680000000000007
2010,89,0.0,3.680000000000007
2010,90,0.0,4.680000000000007
2010,90,0.0,4.680000000000007
2010,91,0.1,2.090000000000032
2010,91,0.1,2.090000000000032
2010,92,0.19,-7.039999999999964
2010,92,0.19,-7.039999999999964
2010,93,0.28,-5.310000000000002
2010,93,0.28,-5.310000000000002
2010,94,0.09,-1.089999999999975
2010,94,0.09,-1.089999999999975
2010,95,0.0,1.6800000000000068
2010,95,0.0,1.6800000000000068
2010,96,0.27,-0.6999999999999886
2010,96,0.27,-0.6999999999999886
2010,97,1.86,-6.2099999999999795
2010,97,1.86,-6.2099999999999795
2010,98,0.09,-3.25
2010,98,0.09,-3.25
2010,99,0.09,1.7000000000000455
2010,99,0.09,1.7000000000000455
2010,100,0.0,3.6000000000000227
2010,100,0.0,3.6000000000000227
2010,101,0.0,4.770000000000039
2010,101,0.0,4.770000000000039
2010,102,0.0,6.5
2010,102,0.0,6.5
2010,103,2.33,6.110000000000014
2010,103,2.33,6.110000000000014
2010,104,0.0,2.5200000000000387
2010,104,0.0,2.5200000000000387
2010,105,0.0,6.25
2010,105,0.0,6.25
2010,106,0.19,4.5
2010,106,0.19,4.5
2010,107,1.09,3.730000000000018
2010,107,1.09,3.730000000000018
2010,108,0.13,5.050000000000011
2010,108,0.13,5.050000000000011
2010,109,0.0,6.230000000000018
2010,109,0.0,6.230000000000018
2010,110,0.05,6.980000000000018
2010,110,0.05,6.980000000000018
2010,111,0.09,6.720000000000027
2010,111,0.09,6.720000000000027
2010,112,17.54,6.350000000000023
2010,112,17.54,6.350000000000023
2010,113,5.35,1.3900000000000432
2010,113,5.35,1.3900000000000432
2010,114,1.3,0.4800000000000182
2010,114,1.3,0.4800000000000182
2010,115,0.01,1.910000000000025
2010,115,0.01,1.910000000000025
2010,116,2.94,1.2900000000000205
2010,116,2.94,1.2900000000000205
2010,117,0.17,2.890000000000043
2010,117,0.17,2.890000000000043
2010,118,0.0,7.439999999999998
2010,118,0.0,7.439999999999998
2010,119,0.76,3.75
2010,119,0.76,3.75
2010,120,0.0,-2.829999999999984
2010,120,0.0,-2.829999999999984
2010,121,0.56,-2.0
2010,121,0.56,-2.0
2010,122,1.36,0.010000000000047748
2010,122,1.36,0.010000000000047748
2010,123,0.28,0.910000000000025
2010,123,0.28,0.910000000000025
2010,124,0.07,5.420000000000016
2010,124,0.07,5.420000000000016
2010,125,0.0,6.5400000000000205
2010,125,0.0,6.5400000000000205
2010,126,0.0,7.5400000000000205
2010,126,0.0,7.5400000000000205
2010,127,0.0,1.5900000000000318
2010,127,0.0,1.5900000000000318
2010,128,0.11,2.75
2010,128,0.11,2.75
2010,129,0.3,7.7900000000000205
2010,129,0.3,7.7900000000000205
2010,130,0.11,7.600000000000023
2010,130,0.11,7.600000000000023
2010,131,0.0,5.150000000000034
2010,131,0.0,5.150000000000034
2010,132,4.73,2.7900000000000205
2010,132,4.73,2.7900000000000205
2010,133,4.84,1.1000000000000227
2010,133,4.84,1.1000000000000227
2010,134,5.6,4.170000000000016
2010,134,5.6,4.170000000000016
2010,135,3.0,4.520000000000039
2010,135,3.0,4.520000000000039
2010,136,0.0,4.740000000000009
2010,136,0.0,4.740000000000009
2010,137,0.01,7.710000000000036
2010,137,0.01,7.710000000000036
2010,138,0.3,9.550000000000011
2010,138,0.3,9.550000000000011
2010,139,0.62,5.990000000000009
2010,139,0.62,5.990000000000009
2010,140,0.71,6.939999999999998
2010,140,0.71,6.939999999999998
2010,141,0.0,10.150000000000034
2010,141,0.0,10.150000000000034
2010,142,0.0,12.330000000000041
2010,142,0.0,12.330000000000041
2010,143,0.0,10.54000000000002
2010,143,0.0,10.54000000000002
2010,144,0.0,8.670000000000016
2010,144,0.0,8.670000000000016
2010,145,0.0,5.1200000000000045
2010,145,0.0,5.1200000000000045
2010,146,0.0,9.680000000000007
2010,146,0.0,9.680000000000007
2010,147,0.03,12.950000000000045
2010,147,0.03,12.950000000000045
2010,148,0.0,15.400000000000034
2010,148,0.0,15.400000000000034
2010,149,0.0,14.710000000000036
2010,149,0.0,14.710000000000036
2010,150,0.11,9.32000000000005
2010,150,0.11,9.32000000000005
2010,151,0.13,10.140000000000043
2010,151,0.13,10.140000000000043
2010,152,0.0,12.890000000000043
2010,152,0.0,12.890000000000043
2010,153,0.16,12.090000000000032
2010,153,0.16,12.090000000000032
2010,154,0.15,13.080000000000041
2010,154,0.15,13.080000000000041
2010,155,0.0,15.720000000000027
2010,155,0.0,15.720000000000027
2010,156,0.0,17.939999999999998
2010,156,0.0,17.939999999999998
2010,157,1.04,18.189999999999998
2010,157,1.04,18.189999999999998
2010,158,0.0,19.620000000000005
2010,158,0.0,19.620000000000005
2010,159,0.1,18.160000000000025
2010,159,0.1,18.160000000000025
2010,160,0.12,17.210000000000036
2010,160,0.12,17.210000000000036
2010,161,0.0,18.129999999999995
2010,161,0.0,18.129999999999995
2010,162,0.22,15.060000000000002
2010,162,0.22,15.060000000000002
2010,163,15.18,10.580000000000041
2010,163,15.18,10.580000000000041
2010,164,7.53,7.990000000000009
2010,164,7.53,7.990000000000009
2010,165,2.84,7.990000000000009
2010,165,2.84,7.990000000000009
2010,166,0.26,10.160000000000025
2010,166,0.26,10.160000000000025
2010,167,0.0,14.450000000000045
2010,167,0.0,14.450000000000045
2010,168,0.0,14.400000000000034
2010,168,0.0,14.400000000000034
2010,169,0.0,14.410000000000025
2010,169,0.0,14.410000000000025
2010,170,0.0,15.910000000000025
2010,170,0.0,15.910000000000025
2010,171,0.0,16.200000000000045
2010,171,0.0,16.200000000000045
2010,172,0.0,15.450000000000045
2010,172,0.0,15.450000000000045
2010,173,0.0,16.620000000000005
2010,173,0.0,16.620000000000005
2010,174,0.11,15.330000000000041
2010,174,0.11,15.330000000000041
2010,175,0.12,16.100000000000023
2010,175,0.12,16.100000000000023
2010,176,1.0,18.439999999999998
2010,176,1.0,18.439999999999998
2010,177,1.67,17.32000000000005
2010,177,1.67,17.32000000000005
2010,178,4.17,15.660000000000025
2010,178,4.17,15.660000000000025
2010,179,0.27,16.03000000000003
2010,179,0.27,16.03000000000003
2010,180,1.53,16.950000000000045
2010,180,1.53,16.950000000000045
2010,181,0.0,15.879999999999995
2010,181,0.0,15.879999999999995
2010,182,1.93,16.460000000000036
2010,182,1.93,16.460000000000036
2010,183,0.71,17.460000000000036
2010,183,0.71,17.460000000000036
2010,184,0.59,17.650000000000034
2010,184,0.59,17.650000000000034
2010,185,0.24,16.400000000000034
2010,185,0.24,16.400000000000034
2010,186,5.32,13.379999999999995
2010,186,5.32,13.379999999999995
2010,187,0.83,15.400000000000034
2010,187,0.83,15.400000000000034
2010,188,1.66,14.32000000000005
2010,188,1.66,14.32000000000005
2010,189,4.88,13.07000000000005
2010,189,4.88,13.07000000000005
2010,190,0.22,13.439999999999998
2010,190,0.22,13.439999999999998
2010,191,0.59,15.590000000000032
2010,191,0.59,15.590000000000032
2010,192,0.0,15.379999999999995
2010,192,0.0,15.379999999999995
2010,193,4.16,15.600000000000023
2010,193,4.16,15.600000000000023
2010,194,0.0,18.060000000000002
2010,194,0.0,18.060000000000002
2010,195,0.0,19.879999999999995
2010,195,0.0,19.879999999999995
2010,196,0.03,19.02000000000004
2010,196,0.03,19.02000000000004
2010,197,0.0,18.870000000000005
2010,197,0.0,18.870000000000005
2010,198,0.0,20.08000000000004
2010,198,0.0,20.08000000000004
2010,199,0.26,20.129999999999995
2010,199,0.26,20.129999999999995
2010,200,1.33,19.57000000000005
2010,200,1.33,19.57000000000005
2010,201,5.92,19.30000000000001
2010,201,5.92,19.30000000000001
2010,202,11.39,17.180000000000007
2010,202,11.39,17.180000000000007
2010,203,1.85,17.810000000000002
2010,203,1.85,17.810000000000002
2010,204,1.97,17.980000000000018
2010,204,1.97,17.980000000000018
2010,205,0.23,17.720000000000027
2010,205,0.23,17.720000000000027
2010,206,0.3,16.180000000000007
2010,206,0.3,16.180000000000007
2010,207,0.38,17.460000000000036
2010,207,0.38,17.460000000000036
2010,208,0.99,19.24000000000001
2010,208,0.99,19.24000000000001
2010,209,7.25,17.77000000000004
2010,209,7.25,17.77000000000004
2010,210,4.16,17.910000000000025
2010,210,4.16,17.910000000000025
2010,211,1.37,17.310000000000002
2010,211,1.37,17.310000000000002
2010,212,9.75,17.27000000000004
2010,212,9.75,17.27000000000004
2010,213,2.53,18.25
2010,213,2.53,18.25
2010,214,10.81,16.260000000000048
2010,214,10.81,16.260000000000048
2010,215,10.06,16.930000000000007
2010,215,10.06,16.930000000000007
2010,216,1.93,16.52000000000004
2010,216,1.93,16.52000000000004
2010,217,5.71,15.260000000000048
2010,217,5.71,15.260000000000048
2010,218,3.54,15.879999999999995
2010,218,3.54,15.879999999999995
2010,219,0.05,16.77000000000004
2010,219,0.05,16.77000000000004
2010,220,2.34,16.600000000000023
2010,220,2.34,16.600000000000023
2010,221,13.82,17.150000000000034
2010,221,13.82,17.150000000000034
2010,222,2.75,15.379999999999995
2010,222,2.75,15.379999999999995
2010,223,0.0,16.78000000000003
2010,223,0.0,16.78000000000003
2010,224,2.46,17.210000000000036
2010,224,2.46,17.210000000000036
2010,225,0.0,15.830000000000041
2010,225,0.0,15.830000000000041
2010,226,0.0,16.0
2010,226,0.0,16.0
2010,227,0.0,14.879999999999995
2010,227,0.0,14.879999999999995
2010,228,3.32,16.730000000000018
2010,228,3.32,16.730000000000018
2010,229,1.02,14.629999999999995
2010,229,1.02,14.629999999999995
2010,230,0.05,17.160000000000025
2010,230,0.05,17.160000000000025
2010,231,0.66,17.660000000000025
2010,231,0.66,17.660000000000025
2010,232,2.06,14.560000000000002
2010,232,2.06,14.560000000000002
2010,233,0.0,16.210000000000036
2010,233,0.0,16.210000000000036
2010,234,0.05,17.850000000000023
2010,234,0.05,17.850000000000023
2010,235,0.27,18.220000000000027
2010,235,0.27,18.220000000000027
2010,236,1.95,14.060000000000002
2010,236,1.95,14.060000000000002
2010,237,0.0,14.75
2010,237,0.0,14.75
2010,238,0.0,16.400000000000034
2010,238,0.0,16.400000000000034
2010,239,0.22,17.05000000000001
2010,239,0.22,17.05000000000001
2010,240,0.28,16.53000000000003
2010,240,0.28,16.53000000000003
2010,241,0.11,14.939999999999998
2010,241,0.11,14.939999999999998
2010,242,0.05,14.550000000000011
2010,242,0.05,14.550000000000011
2010,243,0.0,13.150000000000034
2010,243,0.0,13.150000000000034
2010,244,0.0,13.240000000000009
2010,244,0.0,13.240000000000009
2010,245,0.0,13.010000000000048
2010,245,0.0,13.010000000000048
2010,246,0.0,11.410000000000025
2010,246,0.0,11.410000000000025
2010,247,0.0,14.830000000000041
2010,247,0.0,14.830000000000041
2010,248,0.0,15.930000000000007
2010,248,0.0,15.930000000000007
2010,249,0.0,14.300000000000011
2010,249,0.0,14.300000000000011
2010,250,0.0,11.100000000000023
2010,250,0.0,11.100000000000023
2010,251,0.18,14.400000000000034
2010,251,0.18,14.400000000000034
2010,252,0.29,13.620000000000005
2010,252,0.29,13.620000000000005
2010,253,0.14,11.340000000000032
2010,253,0.14,11.340000000000032
2010,254,0.13,9.960000000000036
2010,254,0.13,9.960000000000036
2010,255,0.0,12.79000000000002
2010,255,0.0,12.79000000000002
2010,256,0.0,14.370000000000005
2010,256,0.0,14.370000000000005
2010,257,0.0,15.629999999999995
2010,257,0.0,15.629999999999995
2010,258,0.0,14.450000000000045
2010,258,0.0,14.450000000000045
2010,259,0.0,13.53000000000003
2010,259,0.0,13.53000000000003
2010,260,0.0,15.010000000000048
2010,260,0.0,15.010000000000048
2010,261,0.0,15.760000000000048
2010,261,0.0,15.760000000000048
2010,262,0.0,16.08000000000004
2010,262,0.0,16.08000000000004
2010,263,0.0,16.33000000000004
2010,263,0.0,16.33000000000004
2010,264,0.26,14.680000000000007
2010,264,0.26,14.680000000000007
2010,265,3.56,14.050000000000011
2010,265,3.56,14.050000000000011
2010,266,0.21,11.220000000000027
2010,266,0.21,11.220000000000027
2010,267,0.3,10.5
2010,267,0.3,10.5
2010,268,0.03,12.370000000000005
2010,268,0.03,12.370000000000005
2010,269,0.18,13.75
2010,269,0.18,13.75
2010,270,0.0,15.700000000000045
2010,270,0.0,15.700000000000045
2010,271,0.0,15.260000000000048
2010,271,0.0,15.260000000000048
2010,272,0.0,15.900000000000034
2010,272,0.0,15.900000000000034
2010,273,0.0,12.490000000000009
2010,273,0.0,12.490000000000009
2010,274,0.0,13.830000000000041
2010,274,0.0,13.830000000000041
2010,275,0.0,11.53000000000003
2010,275,0.0,11.53000000000003
2010,276,0.0,12.200000000000045
2010,276,0.0,12.200000000000045
2010,277,0.03,12.150000000000034
2010,277,0.03,12.150000000000034
2010,278,0.82,11.78000000000003
2010,278,0.82,11.78000000000003
2010,279,0.99,12.53000000000003
2010,279,0.99,12.53000000000003
2010,280,4.43,11.050000000000011
2010,280,4.43,11.050000000000011
2010,281,0.83,10.510000000000048
2010,281,0.83,10.510000000000048
2010,282,0.42,4.590000000000032
2010,282,0.42,4.590000000000032
2010,283,0.63,4.689999999999998
2010,283,0.63,4.689999999999998
2010,284,0.7,5.860000000000014
2010,284,0.7,5.860000000000014
2010,285,5.68,5.5400000000000205
2010,285,5.68,5.5400000000000205
2010,286,0.0,5.080000000000041
2010,286,0.0,5.080000000000041
2010,287,0.0,8.470000000000027
2010,287,0.0,8.470000000000027
2010,288,0.0,9.890000000000043
2010,288,0.0,9.890000000000043
2010,289,0.11,9.140000000000043
2010,289,0.11,9.140000000000043
2010,290,0.12,8.420000000000016
2010,290,0.12,8.420000000000016
2010,291,0.0,8.860000000000014
2010,291,0.0,8.860000000000014
2010,292,0.69,6.230000000000018
2010,292,0.69,6.230000000000018
2010,293,0.08,7.640000000000043
2010,293,0.08,7.640000000000043
2010,294,0.11,7.680000000000007
2010,294,0.11,7.680000000000007
2010,295,3.39,5.520000000000039
2010,295,3.39,5.520000000000039
2010,296,0.22,4.710000000000036
2010,296,0.22,4.710000000000036
2010,297,0.32,4.330000000000041
2010,297,0.32,4.330000000000041
2010,298,2.44,5.100000000000023
2010,298,2.44,5.100000000000023
2010,299,0.1,-4.069999999999993
2010,299,0.1,-4.069999999999993
2010,300,0.15,-5.3700000000000045
2010,300,0.15,-5.3700000000000045
2010,301,0.17,-1.4399999999999977
2010,301,0.17,-1.4399999999999977
2010,302,0.0,5.260000000000048
2010,302,0.0,5.260000000000048
2010,303,0.0,6.580000000000041
2010,303,0.0,6.580000000000041
2010,304,0.24,4.260000000000048
2010,304,0.24,4.260000000000048
2010,305,0.18,1.9700000000000273
2010,305,0.18,1.9700000000000273
2010,306,0.0,2.900000000000034
2010,306,0.0,2.900000000000034
2010,307,0.0,4.490000000000009
2010,307,0.0,4.490000000000009
2010,308,0.0,3.480000000000018
2010,308,0.0,3.480000000000018
2010,309,0.0,5.360000000000014
2010,309,0.0,5.360000000000014
2010,310,0.0,6.340000000000032
2010,310,0.0,6.340000000000032
2010,311,0.0,6.7900000000000205
2010,311,0.0,6.7900000000000205
2010,312,0.03,4.3700000000000045
2010,312,0.03,4.3700000000000045
2010,313,0.76,2.6000000000000227
2010,313,0.76,2.6000000000000227
2010,314,1.19,-4.3700000000000045
2010,314,1.19,-4.3700000000000045
2010,315,0.9,-2.67999999999995
2010,315,0.9,-2.67999999999995
2010,316,0.19,-5.759999999999991
2010,316,0.19,-5.759999999999991
2010,317,0.01,-5.949999999999989
2010,317,0.01,-5.949999999999989
2010,318,0.22,-6.67999999999995
2010,318,0.22,-6.67999999999995
2010,319,0.32,-5.3799999999999955
2010,319,0.32,-5.3799999999999955
2010,320,0.75,-4.009999999999991
2010,320,0.75,-4.009999999999991
2010,321,0.83,-4.96999999999997
2010,321,0.83,-4.96999999999997
2010,322,0.0,-1.5299999999999727
2010,322,0.0,-1.5299999999999727
2010,323,0.12,2.390000000000043
2010,323,0.12,2.390000000000043
2010,324,0.0,1.920000000000016
2010,324,0.0,1.920000000000016
2010,325,0.11,0.5
2010,325,0.11,0.5
2010,326,0.15,-4.019999999999982
2010,326,0.15,-4.019999999999982
2010,327,0.0,-7.109999999999957
2010,327,0.0,-7.109999999999957
2010,328,0.02,-6.279999999999973
2010,328,0.02,-6.279999999999973
2010,329,0.03,-13.859999999999957
2010,329,0.03,-13.859999999999957
2010,330,0.04,-7.92999999999995
2010,330,0.04,-7.92999999999995
2010,331,0.06,-3.8999999999999773
2010,331,0.06,-3.8999999999999773
2010,332,0.44,-3.6999999999999886
2010,332,0.44,-3.6999999999999886
2010,333,0.0,-9.339999999999975
2010,333,0.0,-9.339999999999975
2010,334,0.0,-11.699999999999989
2010,334,0.0,-11.699999999999989
2010,335,0.26,-4.569999999999993
2010,335,0.26,-4.569999999999993
2010,336,0.0,-1.9599999999999795
2010,336,0.0,-1.9599999999999795
2010,337,0.21,1.0300000000000296
2010,337,0.21,1.0300000000000296
2010,338,0.3,-0.37999999999999545
2010,338,0.3,-0.37999999999999545
2010,339,0.0,-1.1099999999999568
2010,339,0.0,-1.1099999999999568
2010,340,0.1,-1.8700000000000045
2010,340,0.1,-1.8700000000000045
2010,341,0.13,-2.9399999999999977
2010,341,0.13,-2.9399999999999977
2010,342,0.15,-2.5
2010,342,0.15,-2.5
2010,343,0.0,-0.2999999999999545
2010,343,0.0,-0.2999999999999545
2010,344,0.23,-1.6499999999999773
2010,344,0.23,-1.6499999999999773
2010,345,0.42,-4.989999999999952
2010,345,0.42,-4.989999999999952
2010,346,0.56,-6.609999999999957
2010,346,0.56,-6.609999999999957
2010,347,0.56,-0.060000000000002274
2010,347,0.56,-0.060000000000002274
2010,348,0.0,0.29000000000002046
2010,348,0.0,0.29000000000002046
2010,349,0.13,-0.08999999999997499
2010,349,0.13,-0.08999999999997499
2010,350,0.28,-6.229999999999961
2010,350,0.28,-6.229999999999961
2010,351,0.13,-8.560000000000002
2010,351,0.13,-8.560000000000002
2010,352,0.22,-7.42999999999995
2010,352,0.22,-7.42999999999995
2010,353,0.36,-3.0
2010,353,0.36,-3.0
2010,354,0.83,0.8300000000000409
2010,354,0.83,0.8300000000000409
2010,355,0.0,-0.9099999999999682
2010,355,0.0,-0.9099999999999682
2010,356,0.0,-1.75
2010,356,0.0,-1.75
2010,357,0.0,-0.029999999999972715
2010,357,0.0,-0.029999999999972715
2010,358,0.02,-2.859999999999957
2010,358,0.02,-2.859999999999957
2010,359,0.0,-3.8999999999999773
2010,359,0.0,-3.8999999999999773
2010,360,0.0,-2.4499999999999886
2010,360,0.0,-2.4499999999999886
2010,361,0.0,-4.089999999999975
2010,361,0.0,-4.089999999999975
2010,362,0.0,-4.949999999999989
2010,362,0.0,-4.949999999999989
2010,363,0.0,-4.829999999999984
2010,363,0.0,-4.829999999999984
2010,364,4.57,-6.159999999999968
2010,364,4.57,-6.159999999999968
2010,365,0.0,-16.20999999999998
2010,365,0.0,-16.20999999999998
2011,1,0.0,-20.73999999999998
2011,1,0.0,-20.73999999999998
2011,2,0.09,-13.919999999999959
2011,2,0.09,-13.919999999999959
2011,3,0.01,-9.339999999999975
2011,3,0.01,-9.339999999999975
2011,4,0.09,-9.95999999999998
2011,4,0.09,-9.95999999999998
2011,5,0.0,-9.21999999999997
2011,5,0.0,-9.21999999999997
2011,6,0.0,-5.8700000000000045
2011,6,0.0,-5.8700000000000045
2011,7,0.0,-3.009999999999991
2011,7,0.0,-3.009999999999991
2011,8,0.0,-3.589999999999975
2011,8,0.0,-3.589999999999975
2011,9,5.65,-5.039999999999964
2011,9,5.65,-5.039999999999964
2011,10,0.03,-12.870000000000005
2011,10,0.03,-12.870000000000005
2011,11,0.0,-17.319999999999965
2011,11,0.0,-17.319999999999965
2011,12,0.06,-11.009999999999991
2011,12,0.06,-11.009999999999991
2011,13,0.42,-5.479999999999961
2011,13,0.42,-5.479999999999961
2011,14,0.0,-3.6399999999999864
2011,14,0.0,-3.6399999999999864
2011,15,0.0,-4.21999999999997
2011,15,0.0,-4.21999999999997
2011,16,0.12,-4.569999999999993
2011,16,0.12,-4.569999999999993
2011,17,0.36,-0.7699999999999818
2011,17,0.36,-0.7699999999999818
2011,18,0.93,-4.3799999999999955
2011,18,0.93,-4.3799999999999955
2011,19,1.06,-5.139999999999986
2011,19,1.06,-5.139999999999986
2011,20,0.47,-11.169999999999959
2011,20,0.47,-11.169999999999959
2011,21,0.24,-7.029999999999973
2011,21,0.24,-7.029999999999973
2011,22,0.25,-7.099999999999966
2011,22,0.25,-7.099999999999966
2011,23,0.37,-10.70999999999998
2011,23,0.37,-10.70999999999998
2011,24,1.45,-9.379999999999995
2011,24,1.45,-9.379999999999995
2011,25,0.18,-9.739999999999952
2011,25,0.18,-9.739999999999952
2011,26,0.21,-7.889999999999986
2011,26,0.21,-7.889999999999986
2011,27,0.0,-5.75
2011,27,0.0,-5.75
2011,28,0.0,-2.599999999999966
2011,28,0.0,-2.599999999999966
2011,29,0.0,-0.6299999999999955
2011,29,0.0,-0.6299999999999955
2011,30,0.0,-2.1299999999999955
2011,30,0.0,-2.1299999999999955
2011,31,1.12,-5.139999999999986
2011,31,1.12,-5.139999999999986
2011,32,1.14,-17.599999999999966
2011,32,1.14,-17.599999999999966
2011,33,0.09,-23.97999999999999
2011,33,0.09,-23.97999999999999
2011,34,1.49,-17.43999999999997
2011,34,1.49,-17.43999999999997
2011,35,1.12,-7.46999999999997
2011,35,1.12,-7.46999999999997
2011,36,2.25,-5.92999999999995
2011,36,2.25,-5.92999999999995
2011,37,4.57,-10.509999999999991
2011,37,4.57,-10.509999999999991
2011,38,5.61,-11.529999999999973
2011,38,5.61,-11.529999999999973
2011,39,2.04,-12.5
2011,39,2.04,-12.5
2011,40,0.3,-20.549999999999983
2011,40,0.3,-20.549999999999983
2011,41,0.02,-14.609999999999957
2011,41,0.02,-14.609999999999957
2011,42,0.02,-9.389999999999986
2011,42,0.02,-9.389999999999986
2011,43,0.0,-5.829999999999984
2011,43,0.0,-5.829999999999984
2011,44,0.0,-1.7899999999999636
2011,44,0.0,-1.7899999999999636
2011,45,0.0,-0.39999999999997726
2011,45,0.0,-0.39999999999997726
2011,46,0.0,-0.38999999999998636
2011,46,0.0,-0.38999999999998636
2011,47,0.0,0.5200000000000387
2011,47,0.0,0.5200000000000387
2011,48,0.0,-1.1200000000000045
2011,48,0.0,-1.1200000000000045
2011,49,0.0,-3.359999999999957
2011,49,0.0,-3.359999999999957
2011,50,0.03,-0.5099999999999909
2011,50,0.03,-0.5099999999999909
2011,51,2.93,-2.1999999999999886
2011,51,2.93,-2.1999999999999886
2011,52,0.0,-8.399999999999977
2011,52,0.0,-8.399999999999977
2011,53,0.03,-6.25
2011,53,0.03,-6.25
2011,54,0.0,-4.399999999999977
2011,54,0.0,-4.399999999999977
2011,55,0.11,-4.4599999999999795
2011,55,0.11,-4.4599999999999795
2011,56,0.24,-5.46999999999997
2011,56,0.24,-5.46999999999997
2011,57,0.47,-2.759999999999991
2011,57,0.47,-2.759999999999991
2011,58,0.0,-2.5
2011,58,0.0,-2.5
2011,59,0.11,-3.599999999999966
2011,59,0.11,-3.599999999999966
2011,60,0.0,-0.4399999999999977
2011,60,0.0,-0.4399999999999977
2011,61,0.0,0.7100000000000364
2011,61,0.0,0.7100000000000364
2011,62,0.0,0.75
2011,62,0.0,0.75
2011,63,0.48,-2.8799999999999955
2011,63,0.48,-2.8799999999999955
2011,64,0.07,-5.3799999999999955
2011,64,0.07,-5.3799999999999955
2011,65,0.42,-2.8999999999999773
2011,65,0.42,-2.8999999999999773
2011,66,0.96,-2.099999999999966
2011,66,0.96,-2.099999999999966
2011,67,0.15,-4.029999999999973
2011,67,0.15,-4.029999999999973
2011,68,0.11,-5.25
2011,68,0.11,-5.25
2011,69,0.09,-1.7199999999999704
2011,69,0.09,-1.7199999999999704
2011,70,0.0,1.8500000000000227
2011,70,0.0,1.8500000000000227
2011,71,0.0,2.2100000000000364
2011,71,0.0,2.2100000000000364
2011,72,0.4,0.4000000000000341
2011,72,0.4,0.4000000000000341
2011,73,0.0,0.21000000000003638
2011,73,0.0,0.21000000000003638
2011,74,0.16,1.4399999999999977
2011,74,0.16,1.4399999999999977
2011,75,0.0,3.4600000000000364
2011,75,0.0,3.4600000000000364
2011,76,0.02,5.350000000000023
2011,76,0.02,5.350000000000023
2011,77,5.08,2.0300000000000296
2011,77,5.08,2.0300000000000296
2011,78,0.13,3.420000000000016
2011,78,0.13,3.420000000000016
2011,79,0.0,3.180000000000007
2011,79,0.0,3.180000000000007
2011,80,0.0,4.390000000000043
2011,80,0.0,4.390000000000043
2011,81,0.2,1.1299999999999955
2011,81,0.2,1.1299999999999955
2011,82,0.13,-3.0
2011,82,0.13,-3.0
2011,83,0.0,-0.38999999999998636
2011,83,0.0,-0.38999999999998636
2011,84,0.22,-1.8799999999999955
2011,84,0.22,-1.8799999999999955
2011,85,0.66,-2.2799999999999727
2011,85,0.66,-2.2799999999999727
2011,86,2.45,-0.8199999999999932
2011,86,2.45,-0.8199999999999932
2011,87,0.0,-0.7099999999999795
2011,87,0.0,-0.7099999999999795
2011,88,2.54,-2.079999999999984
2011,88,2.54,-2.079999999999984
2011,89,0.16,-2.1399999999999864
2011,89,0.16,-2.1399999999999864
2011,90,0.0,1.6200000000000045
2011,90,0.0,1.6200000000000045
2011,91,1.26,4.3799999999999955
2011,91,1.26,4.3799999999999955
2011,92,0.01,6.810000000000002
2011,92,0.01,6.810000000000002
2011,93,0.83,6.860000000000014
2011,93,0.83,6.860000000000014
2011,94,1.49,-3.609999999999957
2011,94,1.49,-3.609999999999957
2011,95,0.18,2.2800000000000296
2011,95,0.18,2.2800000000000296
2011,96,0.15,5.400000000000034
2011,96,0.15,5.400000000000034
2011,97,0.56,3.6200000000000045
2011,97,0.56,3.6200000000000045
2011,98,0.0,4.0400000000000205
2011,98,0.0,4.0400000000000205
2011,99,0.0,5.300000000000011
2011,99,0.0,5.300000000000011
2011,100,0.06,0.5200000000000387
2011,100,0.06,0.5200000000000387
2011,101,0.18,-0.3599999999999568
2011,101,0.18,-0.3599999999999568
2011,102,0.0,5.220000000000027
2011,102,0.0,5.220000000000027
2011,103,0.0,4.020000000000039
2011,103,0.0,4.020000000000039
2011,104,5.81,1.32000000000005
2011,104,5.81,1.32000000000005
2011,105,0.0,-2.67999999999995
2011,105,0.0,-2.67999999999995
2011,106,0.0,1.1100000000000136
2011,106,0.0,1.1100000000000136
2011,107,0.04,4.7000000000000455
2011,107,0.04,4.7000000000000455
2011,108,0.3,7.300000000000011
2011,108,0.3,7.300000000000011
2011,109,2.63,5.189999999999998
2011,109,2.63,5.189999999999998
2011,110,0.25,3.32000000000005
2011,110,0.25,3.32000000000005
2011,111,0.76,5.800000000000011
2011,111,0.76,5.800000000000011
2011,112,0.2,3.910000000000025
2011,112,0.2,3.910000000000025
2011,113,1.44,2.07000000000005
2011,113,1.44,2.07000000000005
2011,114,6.98,3.3700000000000045
2011,114,6.98,3.3700000000000045
2011,115,1.77,2.25
2011,115,1.77,2.25
2011,116,1.09,0.9399999999999977
2011,116,1.09,0.9399999999999977
2011,117,0.13,-1.2299999999999613
2011,117,0.13,-1.2299999999999613
2011,118,0.1,1.0600000000000023
2011,118,0.1,1.0600000000000023
2011,119,0.0,5.550000000000011
2011,119,0.0,5.550000000000011
2011,120,1.55,-1.2199999999999704
2011,120,1.55,-1.2199999999999704
2011,121,10.48,-3.1399999999999864
2011,121,10.48,-3.1399999999999864
2011,122,0.24,-3.4799999999999613
2011,122,0.24,-3.4799999999999613
2011,123,0.08,-0.049999999999954525
2011,123,0.08,-0.049999999999954525
2011,124,0.0,4.930000000000007
2011,124,0.0,4.930000000000007
2011,125,0.0,3.8700000000000045
2011,125,0.0,3.8700000000000045
2011,126,0.0,7.680000000000007
2011,126,0.0,7.680000000000007
2011,127,0.0,9.689999999999998
2011,127,0.0,9.689999999999998
2011,128,0.0,10.760000000000048
2011,128,0.0,10.760000000000048
2011,129,0.0,9.700000000000045
2011,129,0.0,9.700000000000045
2011,130,0.0,6.300000000000011
2011,130,0.0,6.300000000000011
2011,131,18.5,4.28000000000003
2011,131,18.5,4.28000000000003
2011,132,0.85,2.0200000000000387
2011,132,0.85,2.0200000000000387
2011,133,0.9,5.170000000000016
2011,133,0.9,5.170000000000016
2011,134,0.7,6.2900000000000205
2011,134,0.7,6.2900000000000205
2011,135,6.8,4.4500000000000455
2011,135,6.8,4.4500000000000455
2011,136,0.05,7.439999999999998
2011,136,0.05,7.439999999999998
2011,137,0.04,8.510000000000048
2011,137,0.04,8.510000000000048
2011,138,0.28,5.32000000000005
2011,138,0.28,5.32000000000005
2011,139,8.99,4.340000000000032
2011,139,8.99,4.340000000000032
2011,140,2.59,2.8000000000000114
2011,140,2.59,2.8000000000000114
2011,141,0.65,4.590000000000032
2011,141,0.65,4.590000000000032
2011,142,0.23,7.400000000000034
2011,142,0.23,7.400000000000034
2011,143,1.47,10.010000000000048
2011,143,1.47,10.010000000000048
2011,144,3.65,7.960000000000036
2011,144,3.65,7.960000000000036
2011,145,0.19,5.910000000000025
2011,145,0.19,5.910000000000025
2011,146,0.07,9.370000000000005
2011,146,0.07,9.370000000000005
2011,147,0.1,10.010000000000048
2011,147,0.1,10.010000000000048
2011,148,0.14,10.860000000000014
2011,148,0.14,10.860000000000014
2011,149,0.04,13.090000000000032
2011,149,0.04,13.090000000000032
2011,150,0.13,10.710000000000036
2011,150,0.13,10.710000000000036
2011,151,0.0,6.840000000000032
2011,151,0.0,6.840000000000032
2011,152,0.0,14.060000000000002
2011,152,0.0,14.060000000000002
2011,153,0.0,15.700000000000045
2011,153,0.0,15.700000000000045
2011,154,0.0,13.370000000000005
2011,154,0.0,13.370000000000005
2011,155,0.0,13.460000000000036
2011,155,0.0,13.460000000000036
2011,156,0.0,15.939999999999998
2011,156,0.0,15.939999999999998
2011,157,0.0,16.57000000000005
2011,157,0.0,16.57000000000005
2011,158,0.0,14.760000000000048
2011,158,0.0,14.760000000000048
2011,159,0.0,13.79000000000002
2011,159,0.0,13.79000000000002
2011,160,0.0,12.800000000000011
2011,160,0.0,12.800000000000011
2011,161,0.37,11.03000000000003
2011,161,0.37,11.03000000000003
2011,162,0.45,13.370000000000005
2011,162,0.45,13.370000000000005
2011,163,0.0,13.82000000000005
2011,163,0.0,13.82000000000005
2011,164,0.0,13.82000000000005
2011,164,0.0,13.82000000000005
2011,165,0.17,13.060000000000002
2011,165,0.17,13.060000000000002
2011,166,0.0,13.010000000000048
2011,166,0.0,13.010000000000048
2011,167,0.0,15.770000000000039
2011,167,0.0,15.770000000000039
2011,168,2.08,14.160000000000025
2011,168,2.08,14.160000000000025
2011,169,0.42,12.720000000000027
2011,169,0.42,12.720000000000027
2011,170,2.49,13.32000000000005
2011,170,2.49,13.32000000000005
2011,171,18.35,9.800000000000011
2011,171,18.35,9.800000000000011
2011,172,0.2,9.689999999999998
2011,172,0.2,9.689999999999998
2011,173,0.0,13.020000000000039
2011,173,0.0,13.020000000000039
2011,174,0.0,16.189999999999998
2011,174,0.0,16.189999999999998
2011,175,0.0,17.510000000000048
2011,175,0.0,17.510000000000048
2011,176,0.0,17.110000000000014
2011,176,0.0,17.110000000000014
2011,177,0.0,17.03000000000003
2011,177,0.0,17.03000000000003
2011,178,0.0,15.32000000000005
2011,178,0.0,15.32000000000005
2011,179,0.59,17.04000000000002
2011,179,0.59,17.04000000000002
2011,180,0.19,19.52000000000004
2011,180,0.19,19.52000000000004
2011,181,1.22,18.840000000000032
2011,181,1.22,18.840000000000032
2011,182,5.02,15.53000000000003
2011,182,5.02,15.53000000000003
2011,183,0.02,17.29000000000002
2011,183,0.02,17.29000000000002
2011,184,0.08,18.610000000000014
2011,184,0.08,18.610000000000014
2011,185,0.0,19.55000000000001
2011,185,0.0,19.55000000000001
2011,186,0.06,18.680000000000007
2011,186,0.06,18.680000000000007
2011,187,5.38,18.220000000000027
2011,187,5.38,18.220000000000027
2011,188,9.05,17.930000000000007
2011,188,9.05,17.930000000000007
2011,189,1.19,17.650000000000034
2011,189,1.19,17.650000000000034
2011,190,1.09,18.189999999999998
2011,190,1.09,18.189999999999998
2011,191,4.76,18.28000000000003
2011,191,4.76,18.28000000000003
2011,192,3.72,17.720000000000027
2011,192,3.72,17.720000000000027
2011,193,13.84,16.80000000000001
2011,193,13.84,16.80000000000001
2011,194,5.82,17.55000000000001
2011,194,5.82,17.55000000000001
2011,195,7.67,18.560000000000002
2011,195,7.67,18.560000000000002
2011,196,3.99,18.75
2011,196,3.99,18.75
2011,197,0.09,19.590000000000032
2011,197,0.09,19.590000000000032
2011,198,0.48,20.120000000000005
2011,198,0.48,20.120000000000005
2011,199,0.45,20.129999999999995
2011,199,0.45,20.129999999999995
2011,200,5.62,20.24000000000001
2011,200,5.62,20.24000000000001
2011,201,0.34,18.650000000000034
2011,201,0.34,18.650000000000034
2011,202,1.94,18.879999999999995
2011,202,1.94,18.879999999999995
2011,203,0.41,19.02000000000004
2011,203,0.41,19.02000000000004
2011,204,0.02,19.710000000000036
2011,204,0.02,19.710000000000036
2011,205,0.8,19.430000000000007
2011,205,0.8,19.430000000000007
2011,206,1.29,19.33000000000004
2011,206,1.29,19.33000000000004
2011,207,2.29,19.02000000000004
2011,207,2.29,19.02000000000004
2011,208,4.57,17.810000000000002
2011,208,4.57,17.810000000000002
2011,209,3.35,18.010000000000048
2011,209,3.35,18.010000000000048
2011,210,0.71,17.5
2011,210,0.71,17.5
2011,211,0.58,18.390000000000043
2011,211,0.58,18.390000000000043
2011,212,0.19,18.99000000000001
2011,212,0.19,18.99000000000001
2011,213,3.08,18.640000000000043
2011,213,3.08,18.640000000000043
2011,214,13.24,17.890000000000043
2011,214,13.24,17.890000000000043
2011,215,12.15,15.54000000000002
2011,215,12.15,15.54000000000002
2011,216,9.92,17.110000000000014
2011,216,9.92,17.110000000000014
2011,217,4.45,17.07000000000005
2011,217,4.45,17.07000000000005
2011,218,0.0,17.810000000000002
2011,218,0.0,17.810000000000002
2011,219,0.0,18.05000000000001
2011,219,0.0,18.05000000000001
2011,220,0.0,16.980000000000018
2011,220,0.0,16.980000000000018
2011,221,0.0,16.920000000000016
2011,221,0.0,16.920000000000016
2011,222,0.0,16.850000000000023
2011,222,0.0,16.850000000000023
2011,223,0.23,17.25
2011,223,0.23,17.25
2011,224,0.0,17.370000000000005
2011,224,0.0,17.370000000000005
2011,225,0.53,17.340000000000032
2011,225,0.53,17.340000000000032
2011,226,4.11,18.010000000000048
2011,226,4.11,18.010000000000048
2011,227,0.73,17.180000000000007
2011,227,0.73,17.180000000000007
2011,228,3.19,17.910000000000025
2011,228,3.19,17.910000000000025
2011,229,0.73,17.55000000000001
2011,229,0.73,17.55000000000001
2011,230,0.0,18.890000000000043
2011,230,0.0,18.890000000000043
2011,231,0.65,19.410000000000025
2011,231,0.65,19.410000000000025
2011,232,0.73,17.08000000000004
2011,232,0.73,17.08000000000004
2011,233,7.43,17.75
2011,233,7.43,17.75
2011,234,1.51,18.160000000000025
2011,234,1.51,18.160000000000025
2011,235,1.04,19.03000000000003
2011,235,1.04,19.03000000000003
2011,236,1.33,20.57000000000005
2011,236,1.33,20.57000000000005
2011,237,0.88,19.150000000000034
2011,237,0.88,19.150000000000034
2011,238,3.11,18.970000000000027
2011,238,3.11,18.970000000000027
2011,239,3.27,18.260000000000048
2011,239,3.27,18.260000000000048
2011,240,1.04,18.850000000000023
2011,240,1.04,18.850000000000023
2011,241,0.08,16.930000000000007
2011,241,0.08,16.930000000000007
2011,242,0.8,17.129999999999995
2011,242,0.8,17.129999999999995
2011,243,0.47,18.060000000000002
2011,243,0.47,18.060000000000002
2011,244,0.16,18.310000000000002
2011,244,0.16,18.310000000000002
2011,245,0.27,18.170000000000016
2011,245,0.27,18.170000000000016
2011,246,2.37,15.730000000000018
2011,246,2.37,15.730000000000018
2011,247,0.07,12.110000000000014
2011,247,0.07,12.110000000000014
2011,248,0.0,13.400000000000034
2011,248,0.0,13.400000000000034
2011,249,3.43,14.920000000000016
2011,249,3.43,14.920000000000016
2011,250,9.49,10.03000000000003
2011,250,9.49,10.03000000000003
2011,251,3.17,9.930000000000007
2011,251,3.17,9.930000000000007
2011,252,0.31,10.930000000000007
2011,252,0.31,10.930000000000007
2011,253,0.32,10.840000000000032
2011,253,0.32,10.840000000000032
2011,254,0.13,11.920000000000016
2011,254,0.13,11.920000000000016
2011,255,0.01,13.629999999999995
2011,255,0.01,13.629999999999995
2011,256,0.41,13.32000000000005
2011,256,0.41,13.32000000000005
2011,257,4.14,11.580000000000041
2011,257,4.14,11.580000000000041
2011,258,18.91,9.03000000000003
2011,258,18.91,9.03000000000003
2011,259,1.09,9.900000000000034
2011,259,1.09,9.900000000000034
2011,260,0.09,10.5
2011,260,0.09,10.5
2011,261,0.57,8.700000000000045
2011,261,0.57,8.700000000000045
2011,262,0.0,10.939999999999998
2011,262,0.0,10.939999999999998
2011,263,0.0,11.75
2011,263,0.0,11.75
2011,264,0.0,10.150000000000034
2011,264,0.0,10.150000000000034
2011,265,0.36,9.410000000000025
2011,265,0.36,9.410000000000025
2011,266,0.0,11.850000000000023
2011,266,0.0,11.850000000000023
2011,267,0.0,14.140000000000043
2011,267,0.0,14.140000000000043
2011,268,0.3,14.25
2011,268,0.3,14.25
2011,269,0.0,14.580000000000041
2011,269,0.0,14.580000000000041
2011,270,0.0,14.310000000000002
2011,270,0.0,14.310000000000002
2011,271,0.0,14.170000000000016
2011,271,0.0,14.170000000000016
2011,272,0.0,12.689999999999998
2011,272,0.0,12.689999999999998
2011,273,0.17,11.450000000000045
2011,273,0.17,11.450000000000045
2011,274,0.26,13.939999999999998
2011,274,0.26,13.939999999999998
2011,275,0.07,14.28000000000003
2011,275,0.07,14.28000000000003
2011,276,0.04,13.710000000000036
2011,276,0.04,13.710000000000036
2011,277,1.4,12.620000000000005
2011,277,1.4,12.620000000000005
2011,278,1.31,9.100000000000023
2011,278,1.31,9.100000000000023
2011,279,0.45,8.090000000000032
2011,279,0.45,8.090000000000032
2011,280,0.09,2.8799999999999955
2011,280,0.09,2.8799999999999955
2011,281,10.14,2.8600000000000136
2011,281,10.14,2.8600000000000136
2011,282,0.22,0.5500000000000114
2011,282,0.22,0.5500000000000114
2011,283,0.0,2.990000000000009
2011,283,0.0,2.990000000000009
2011,284,0.0,4.990000000000009
2011,284,0.0,4.990000000000009
2011,285,0.38,5.330000000000041
2011,285,0.38,5.330000000000041
2011,286,0.0,7.470000000000027
2011,286,0.0,7.470000000000027
2011,287,0.1,8.700000000000045
2011,287,0.1,8.700000000000045
2011,288,0.03,9.410000000000025
2011,288,0.03,9.410000000000025
2011,289,0.07,10.760000000000048
2011,289,0.07,10.760000000000048
2011,290,1.55,7.2000000000000455
2011,290,1.55,7.2000000000000455
2011,291,0.28,0.9500000000000455
2011,291,0.28,0.9500000000000455
2011,292,0.0,2.640000000000043
2011,292,0.0,2.640000000000043
2011,293,0.0,5.939999999999998
2011,293,0.0,5.939999999999998
2011,294,0.0,5.970000000000027
2011,294,0.0,5.970000000000027
2011,295,0.0,5.610000000000014
2011,295,0.0,5.610000000000014
2011,296,0.0,6.160000000000025
2011,296,0.0,6.160000000000025
2011,297,0.0,7.770000000000039
2011,297,0.0,7.770000000000039
2011,298,0.07,7.2900000000000205
2011,298,0.07,7.2900000000000205
2011,299,12.56,0.910000000000025
2011,299,12.56,0.910000000000025
2011,300,1.32,-6.279999999999973
2011,300,1.32,-6.279999999999973
2011,301,0.0,-6.659999999999968
2011,301,0.0,-6.659999999999968
2011,302,0.14,-1.829999999999984
2011,302,0.14,-1.829999999999984
2011,303,0.0,-1.25
2011,303,0.0,-1.25
2011,304,0.0,0.75
2011,304,0.0,0.75
2011,305,0.0,0.7100000000000364
2011,305,0.0,0.7100000000000364
2011,306,13.54,-4.669999999999959
2011,306,13.54,-4.669999999999959
2011,307,0.34,-6.569999999999993
2011,307,0.34,-6.569999999999993
2011,308,0.0,-1.1200000000000045
2011,308,0.0,-1.1200000000000045
2011,309,0.17,0.5500000000000114
2011,309,0.17,0.5500000000000114
2011,310,0.42,-6.349999999999966
2011,310,0.42,-6.349999999999966
2011,311,0.18,-6.099999999999966
2011,311,0.18,-6.099999999999966
2011,312,0.16,-6.46999999999997
2011,312,0.16,-6.46999999999997
2011,313,0.0,-8.569999999999993
2011,313,0.0,-8.569999999999993
2011,314,0.0,-5.279999999999973
2011,314,0.0,-5.279999999999973
2011,315,0.49,-1.6599999999999682
2011,315,0.49,-1.6599999999999682
2011,316,0.36,-0.46999999999997044
2011,316,0.36,-0.46999999999997044
2011,317,0.18,-0.06999999999999318
2011,317,0.18,-0.06999999999999318
2011,318,0.2,-2.3899999999999864
2011,318,0.2,-2.3899999999999864
2011,319,0.11,-2.9599999999999795
2011,319,0.11,-2.9599999999999795
2011,320,0.13,-5.060000000000002
2011,320,0.13,-5.060000000000002
2011,321,0.0,-5.2099999999999795
2011,321,0.0,-5.2099999999999795
2011,322,0.0,-0.8199999999999932
2011,322,0.0,-0.8199999999999932
2011,323,0.0,-0.5
2011,323,0.0,-0.5
2011,324,0.16,-1.599999999999966
2011,324,0.16,-1.599999999999966
2011,325,0.13,-0.7299999999999613
2011,325,0.13,-0.7299999999999613
2011,326,0.0,-1.589999999999975
2011,326,0.0,-1.589999999999975
2011,327,0.0,0.5
2011,327,0.0,0.5
2011,328,0.18,2.2000000000000455
2011,328,0.18,2.2000000000000455
2011,329,0.07,0.5500000000000114
2011,329,0.07,0.5500000000000114
2011,330,0.12,-6.139999999999986
2011,330,0.12,-6.139999999999986
2011,331,0.0,-3.6899999999999977
2011,331,0.0,-3.6899999999999977
2011,332,0.0,1.9600000000000364
2011,332,0.0,1.9600000000000364
2011,333,0.0,-0.5799999999999841
2011,333,0.0,-0.5799999999999841
2011,334,0.0,0.1400000000000432
2011,334,0.0,0.1400000000000432
2011,335,0.87,-4.279999999999973
2011,335,0.87,-4.279999999999973
2011,336,0.09,-7.8700000000000045
2011,336,0.09,-7.8700000000000045
2011,337,0.09,-9.629999999999995
2011,337,0.09,-9.629999999999995
2011,338,0.32,-13.239999999999952
2011,338,0.32,-13.239999999999952
2011,339,0.73,-16.46999999999997
2011,339,0.73,-16.46999999999997
2011,340,0.0,-16.689999999999998
2011,340,0.0,-16.689999999999998
2011,341,0.03,-6.439999999999998
2011,341,0.03,-6.439999999999998
2011,342,0.0,-5.7099999999999795
2011,342,0.0,-5.7099999999999795
2011,343,0.0,-8.609999999999957
2011,343,0.0,-8.609999999999957
2011,344,0.0,-7.519999999999982
2011,344,0.0,-7.519999999999982
2011,345,0.0,-6.819999999999993
2011,345,0.0,-6.819999999999993
2011,346,0.0,-6.310000000000002
2011,346,0.0,-6.310000000000002
2011,347,0.0,-3.859999999999957
2011,347,0.0,-3.859999999999957
2011,348,0.06,-5.0
2011,348,0.06,-5.0
2011,349,0.0,-9.060000000000002
2011,349,0.0,-9.060000000000002
2011,350,0.0,-8.769999999999982
2011,350,0.0,-8.769999999999982
2011,351,0.0,-4.2999999999999545
2011,351,0.0,-4.2999999999999545
2011,352,0.0,-0.8599999999999568
2011,352,0.0,-0.8599999999999568
2011,353,0.53,-3.2399999999999523
2011,353,0.53,-3.2399999999999523
2011,354,4.13,-7.3799999999999955
2011,354,4.13,-7.3799999999999955
2011,355,3.07,-6.21999999999997
2011,355,3.07,-6.21999999999997
2011,356,10.3,-9.120000000000005
2011,356,10.3,-9.120000000000005
2011,357,0.4,-13.319999999999993
2011,357,0.4,-13.319999999999993
2011,358,0.07,-8.839999999999975
2011,358,0.07,-8.839999999999975
2011,359,0.08,-7.21999999999997
2011,359,0.08,-7.21999999999997
2011,360,0.0,-4.310000000000002
2011,360,0.0,-4.310000000000002
2011,361,0.0,-5.349999999999966
2011,361,0.0,-5.349999999999966
2011,362,0.08,-4.899999999999977
2011,362,0.08,-4.899999999999977
2011,363,0.36,-1.1200000000000045
2011,363,0.36,-1.1200000000000045
2011,364,1.34,-2.359999999999957
2011,364,1.34,-2.359999999999957
2011,365,0.0,-3.2299999999999613
2011,365,0.0,-3.2299999999999613
2012,1,0.0,-7.599999999999966
2012,1,0.0,-7.599999999999966
2012,2,0.0,-4.0
2012,2,0.0,-4.0
2012,3,0.0,-1.009999999999991
2012,3,0.0,-1.009999999999991
2012,4,0.0,-3.0299999999999727
2012,4,0.0,-3.0299999999999727
2012,5,0.0,-0.6699999999999591
2012,5,0.0,-0.6699999999999591
2012,6,0.0,-1.259999999999991
2012,6,0.0,-1.259999999999991
2012,7,0.32,-4.8700000000000045
2012,7,0.32,-4.8700000000000045
2012,8,0.68,-7.8799999999999955
2012,8,0.68,-7.8799999999999955
2012,9,0.0,-7.789999999999964
2012,9,0.0,-7.789999999999964
2012,10,0.0,-3.599999999999966
2012,10,0.0,-3.599999999999966
2012,11,0.05,-6.819999999999993
2012,11,0.05,-6.819999999999993
2012,12,0.12,-13.799999999999955
2012,12,0.12,-13.799999999999955
2012,13,0.0,-10.529999999999973
2012,13,0.0,-10.529999999999973
2012,14,0.0,-6.25
2012,14,0.0,-6.25
2012,15,0.0,-3.1200000000000045
2012,15,0.0,-3.1200000000000045
2012,16,0.15,-4.810000000000002
2012,16,0.15,-4.810000000000002
2012,17,0.11,-11.829999999999984
2012,17,0.11,-11.829999999999984
2012,18,0.0,-9.819999999999993
2012,18,0.0,-9.819999999999993
2012,19,0.0,-2.159999999999968
2012,19,0.0,-2.159999999999968
2012,20,0.0,-1.1599999999999682
2012,20,0.0,-1.1599999999999682
2012,21,0.0,-3.42999999999995
2012,21,0.0,-3.42999999999995
2012,22,0.09,-4.159999999999968
2012,22,0.09,-4.159999999999968
2012,23,0.0,-7.329999999999984
2012,23,0.0,-7.329999999999984
2012,24,0.0,-5.560000000000002
2012,24,0.0,-5.560000000000002
2012,25,0.0,-5.7999999999999545
2012,25,0.0,-5.7999999999999545
2012,26,0.0,-2.9899999999999523
2012,26,0.0,-2.9899999999999523
2012,27,0.0,-5.1299999999999955
2012,27,0.0,-5.1299999999999955
2012,28,0.0,-10.25
2012,28,0.0,-10.25
2012,29,0.0,-5.17999999999995
2012,29,0.0,-5.17999999999995
2012,30,0.0,-2.2899999999999636
2012,30,0.0,-2.2899999999999636
2012,31,0.0,-3.6499999999999773
2012,31,0.0,-3.6499999999999773
2012,32,0.0,-5.1200000000000045
2012,32,0.0,-5.1200000000000045
2012,33,4.56,-4.199999999999989
2012,33,4.56,-4.199999999999989
2012,34,1.28,-7.069999999999993
2012,34,1.28,-7.069999999999993
2012,35,1.6,-9.810000000000002
2012,35,1.6,-9.810000000000002
2012,36,0.0,-11.189999999999998
2012,36,0.0,-11.189999999999998
2012,37,0.98,-9.299999999999955
2012,37,0.98,-9.299999999999955
2012,38,0.0,-10.239999999999952
2012,38,0.0,-10.239999999999952
2012,39,0.0,-7.899999999999977
2012,39,0.0,-7.899999999999977
2012,40,0.0,-5.3799999999999955
2012,40,0.0,-5.3799999999999955
2012,41,0.0,-8.819999999999993
2012,41,0.0,-8.819999999999993
2012,42,0.0,-6.689999999999998
2012,42,0.0,-6.689999999999998
2012,43,0.0,-4.71999999999997
2012,43,0.0,-4.71999999999997
2012,44,0.0,-5.889999999999986
2012,44,0.0,-5.889999999999986
2012,45,0.0,-7.079999999999984
2012,45,0.0,-7.079999999999984
2012,46,0.0,-7.67999999999995
2012,46,0.0,-7.67999999999995
2012,47,0.01,-7.889999999999986
2012,47,0.01,-7.889999999999986
2012,48,0.0,-8.259999999999991
2012,48,0.0,-8.259999999999991
2012,49,0.0,-9.439999999999998
2012,49,0.0,-9.439999999999998
2012,50,0.0,-6.810000000000002
2012,50,0.0,-6.810000000000002
2012,51,0.0,-8.939999999999998
2012,51,0.0,-8.939999999999998
2012,52,0.0,-9.129999999999995
2012,52,0.0,-9.129999999999995
2012,53,0.0,-3.0399999999999636
2012,53,0.0,-3.0399999999999636
2012,54,4.33,-3.769999999999982
2012,54,4.33,-3.769999999999982
2012,55,0.0,-12.079999999999984
2012,55,0.0,-12.079999999999984
2012,56,0.0,-4.979999999999961
2012,56,0.0,-4.979999999999961
2012,57,0.0,-7.099999999999966
2012,57,0.0,-7.099999999999966
2012,58,0.0,-8.120000000000005
2012,58,0.0,-8.120000000000005
2012,59,0.02,-3.409999999999968
2012,59,0.02,-3.409999999999968
2012,60,0.0,-7.269999999999982
2012,60,0.0,-7.269999999999982
2012,61,0.0,-5.399999999999977
2012,61,0.0,-5.399999999999977
2012,62,0.0,-10.129999999999995
2012,62,0.0,-10.129999999999995
2012,63,0.04,-12.239999999999952
2012,63,0.04,-12.239999999999952
2012,64,0.04,-4.5
2012,64,0.04,-4.5
2012,65,0.0,-0.8199999999999932
2012,65,0.0,-0.8199999999999932
2012,66,0.0,-0.12000000000000455
2012,66,0.0,-0.12000000000000455
2012,67,0.0,-0.45999999999997954
2012,67,0.0,-0.45999999999997954
2012,68,0.0,-5.479999999999961
2012,68,0.0,-5.479999999999961
2012,69,0.0,-3.919999999999959
2012,69,0.0,-3.919999999999959
2012,70,0.0,-0.8199999999999932
2012,70,0.0,-0.8199999999999932
2012,71,0.0,0.040000000000020464
2012,71,0.0,0.040000000000020464
2012,72,0.0,0.5200000000000387
2012,72,0.0,0.5200000000000387
2012,73,0.0,1.9300000000000068
2012,73,0.0,1.9300000000000068
2012,74,0.0,2.2600000000000477
2012,74,0.0,2.2600000000000477
2012,75,0.0,2.590000000000032
2012,75,0.0,2.590000000000032
2012,76,0.0,3.9600000000000364
2012,76,0.0,3.9600000000000364
2012,77,0.0,4.640000000000043
2012,77,0.0,4.640000000000043
2012,78,0.0,3.6000000000000227
2012,78,0.0,3.6000000000000227
2012,79,0.0,-3.5600000000000023
2012,79,0.0,-3.5600000000000023
2012,80,0.0,-5.289999999999964
2012,80,0.0,-5.289999999999964
2012,81,0.0,-3.0299999999999727
2012,81,0.0,-3.0299999999999727
2012,82,0.0,1.240000000000009
2012,82,0.0,1.240000000000009
2012,83,0.0,4.07000000000005
2012,83,0.0,4.07000000000005
2012,84,0.0,6.82000000000005
2012,84,0.0,6.82000000000005
2012,85,0.0,6.990000000000009
2012,85,0.0,6.990000000000009
2012,86,0.0,7.189999999999998
2012,86,0.0,7.189999999999998
2012,87,0.0,4.07000000000005
2012,87,0.0,4.07000000000005
2012,88,0.0,6.240000000000009
2012,88,0.0,6.240000000000009
2012,89,0.0,6.160000000000025
2012,89,0.0,6.160000000000025
2012,90,0.0,6.300000000000011
2012,90,0.0,6.300000000000011
2012,91,0.0,8.700000000000045
2012,91,0.0,8.700000000000045
2012,92,0.0,9.879999999999995
2012,92,0.0,9.879999999999995
2012,93,0.0,4.330000000000041
2012,93,0.0,4.330000000000041
2012,94,4.82,-3.509999999999991
2012,94,4.82,-3.509999999999991
2012,95,0.95,0.82000000000005
2012,95,0.95,0.82000000000005
2012,96,0.0,5.670000000000016
2012,96,0.0,5.670000000000016
2012,97,0.0,6.260000000000048
2012,97,0.0,6.260000000000048
2012,98,0.0,2.25
2012,98,0.0,2.25
2012,99,0.0,4.800000000000011
2012,99,0.0,4.800000000000011
2012,100,0.0,6.890000000000043
2012,100,0.0,6.890000000000043
2012,101,0.0,8.78000000000003
2012,101,0.0,8.78000000000003
2012,102,0.43,10.210000000000036
2012,102,0.43,10.210000000000036
2012,103,2.45,6.840000000000032
2012,103,2.45,6.840000000000032
2012,104,0.0,2.4600000000000364
2012,104,0.0,2.4600000000000364
2012,105,1.0,4.180000000000007
2012,105,1.0,4.180000000000007
2012,106,9.82,0.26000000000004775
2012,106,9.82,0.26000000000004775
2012,107,0.14,0.2300000000000182
2012,107,0.14,0.2300000000000182
2012,108,0.0,3.3100000000000023
2012,108,0.0,3.3100000000000023
2012,109,0.0,6.4500000000000455
2012,109,0.0,6.4500000000000455
2012,110,0.0,6.480000000000018
2012,110,0.0,6.480000000000018
2012,111,0.0,4.740000000000009
2012,111,0.0,4.740000000000009
2012,112,0.0,8.200000000000045
2012,112,0.0,8.200000000000045
2012,113,0.0,10.200000000000045
2012,113,0.0,10.200000000000045
2012,114,0.0,11.560000000000002
2012,114,0.0,11.560000000000002
2012,115,0.0,13.430000000000007
2012,115,0.0,13.430000000000007
2012,116,0.0,12.890000000000043
2012,116,0.0,12.890000000000043
2012,117,0.05,12.240000000000009
2012,117,0.05,12.240000000000009
2012,118,1.6,8.629999999999995
2012,118,1.6,8.629999999999995
2012,119,0.0,3.920000000000016
2012,119,0.0,3.920000000000016
2012,120,0.0,5.260000000000048
2012,120,0.0,5.260000000000048
2012,121,0.0,7.060000000000002
2012,121,0.0,7.060000000000002
2012,122,0.0,9.520000000000039
2012,122,0.0,9.520000000000039
2012,123,0.0,10.370000000000005
2012,123,0.0,10.370000000000005
2012,124,0.0,11.310000000000002
2012,124,0.0,11.310000000000002
2012,125,0.0,12.82000000000005
2012,125,0.0,12.82000000000005
2012,126,0.0,13.050000000000011
2012,126,0.0,13.050000000000011
2012,127,0.38,9.340000000000032
2012,127,0.38,9.340000000000032
2012,128,13.48,3.9399999999999977
2012,128,13.48,3.9399999999999977
2012,129,1.27,3.3000000000000114
2012,129,1.27,3.3000000000000114
2012,130,0.0,7.760000000000048
2012,130,0.0,7.760000000000048
2012,131,0.0,10.580000000000041
2012,131,0.0,10.580000000000041
2012,132,2.81,7.439999999999998
2012,132,2.81,7.439999999999998
2012,133,2.52,5.300000000000011
2012,133,2.52,5.300000000000011
2012,134,10.04,7.189999999999998
2012,134,10.04,7.189999999999998
2012,135,0.03,7.1200000000000045
2012,135,0.03,7.1200000000000045
2012,136,0.0,10.910000000000025
2012,136,0.0,10.910000000000025
2012,137,0.0,11.980000000000018
2012,137,0.0,11.980000000000018
2012,138,0.14,11.600000000000023
2012,138,0.14,11.600000000000023
2012,139,0.0,12.980000000000018
2012,139,0.0,12.980000000000018
2012,140,0.78,9.460000000000036
2012,140,0.78,9.460000000000036
2012,141,0.04,8.810000000000002
2012,141,0.04,8.810000000000002
2012,142,0.0,12.450000000000045
2012,142,0.0,12.450000000000045
2012,143,0.0,15.28000000000003
2012,143,0.0,15.28000000000003
2012,144,0.13,14.020000000000039
2012,144,0.13,14.020000000000039
2012,145,1.72,8.25
2012,145,1.72,8.25
2012,146,0.0,10.189999999999998
2012,146,0.0,10.189999999999998
2012,147,0.0,13.960000000000036
2012,147,0.0,13.960000000000036
2012,148,0.0,9.360000000000014
2012,148,0.0,9.360000000000014
2012,149,0.0,6.25
2012,149,0.0,6.25
2012,150,0.0,10.610000000000014
2012,150,0.0,10.610000000000014
2012,151,0.0,12.510000000000048
2012,151,0.0,12.510000000000048
2012,152,0.0,11.870000000000005
2012,152,0.0,11.870000000000005
2012,153,0.02,14.129999999999995
2012,153,0.02,14.129999999999995
2012,154,0.79,15.700000000000045
2012,154,0.79,15.700000000000045
2012,155,0.01,16.120000000000005
2012,155,0.01,16.120000000000005
2012,156,0.44,17.760000000000048
2012,156,0.44,17.760000000000048
2012,157,0.45,15.79000000000002
2012,157,0.45,15.79000000000002
2012,158,0.0,15.600000000000023
2012,158,0.0,15.600000000000023
2012,159,0.0,15.560000000000002
2012,159,0.0,15.560000000000002
2012,160,0.0,15.439999999999998
2012,160,0.0,15.439999999999998
2012,161,0.0,16.710000000000036
2012,161,0.0,16.710000000000036
2012,162,0.0,14.29000000000002
2012,162,0.0,14.29000000000002
2012,163,0.0,11.220000000000027
2012,163,0.0,11.220000000000027
2012,164,0.0,13.610000000000014
2012,164,0.0,13.610000000000014
2012,165,0.0,15.610000000000014
2012,165,0.0,15.610000000000014
2012,166,0.0,17.08000000000004
2012,166,0.0,17.08000000000004
2012,167,0.02,16.350000000000023
2012,167,0.02,16.350000000000023
2012,168,0.07,15.360000000000014
2012,168,0.07,15.360000000000014
2012,169,0.0,16.420000000000016
2012,169,0.0,16.420000000000016
2012,170,0.0,18.310000000000002
2012,170,0.0,18.310000000000002
2012,171,0.0,18.510000000000048
2012,171,0.0,18.510000000000048
2012,172,0.0,16.80000000000001
2012,172,0.0,16.80000000000001
2012,173,0.0,14.010000000000048
2012,173,0.0,14.010000000000048
2012,174,0.0,18.670000000000016
2012,174,0.0,18.670000000000016
2012,175,0.0,19.900000000000034
2012,175,0.0,19.900000000000034
2012,176,0.0,21.810000000000002
2012,176,0.0,21.810000000000002
2012,177,0.0,21.5
2012,177,0.0,21.5
2012,178,0.29,21.03000000000003
2012,178,0.29,21.03000000000003
2012,179,0.19,20.07000000000005
2012,179,0.19,20.07000000000005
2012,180,1.33,19.900000000000034
2012,180,1.33,19.900000000000034
2012,181,0.0,19.360000000000014
2012,181,0.0,19.360000000000014
2012,182,0.04,19.910000000000025
2012,182,0.04,19.910000000000025
2012,183,0.09,20.939999999999998
2012,183,0.09,20.939999999999998
2012,184,0.0,20.58000000000004
2012,184,0.0,20.58000000000004
2012,185,3.83,19.600000000000023
2012,185,3.83,19.600000000000023
2012,186,0.0,19.210000000000036
2012,186,0.0,19.210000000000036
2012,187,0.0,19.450000000000045
2012,187,0.0,19.450000000000045
2012,188,4.96,17.680000000000007
2012,188,4.96,17.680000000000007
2012,189,13.42,16.05000000000001
2012,189,13.42,16.05000000000001
2012,190,9.46,15.890000000000043
2012,190,9.46,15.890000000000043
2012,191,19.55,14.840000000000032
2012,191,19.55,14.840000000000032
2012,192,0.5,15.060000000000002
2012,192,0.5,15.060000000000002
2012,193,0.09,16.220000000000027
2012,193,0.09,16.220000000000027
2012,194,0.13,17.970000000000027
2012,194,0.13,17.970000000000027
2012,195,2.01,18.450000000000045
2012,195,2.01,18.450000000000045
2012,196,1.77,18.450000000000045
2012,196,1.77,18.450000000000045
2012,197,0.26,18.439999999999998
2012,197,0.26,18.439999999999998
2012,198,0.92,18.03000000000003
2012,198,0.92,18.03000000000003
2012,199,2.0,17.600000000000023
2012,199,2.0,17.600000000000023
2012,200,0.29,18.420000000000016
2012,200,0.29,18.420000000000016
2012,201,0.15,19.400000000000034
2012,201,0.15,19.400000000000034
2012,202,0.0,19.870000000000005
2012,202,0.0,19.870000000000005
2012,203,0.0,19.840000000000032
2012,203,0.0,19.840000000000032
2012,204,0.01,19.560000000000002
2012,204,0.01,19.560000000000002
2012,205,0.01,19.54000000000002
2012,205,0.01,19.54000000000002
2012,206,0.0,19.410000000000025
2012,206,0.0,19.410000000000025
2012,207,0.18,18.28000000000003
2012,207,0.18,18.28000000000003
2012,208,0.08,17.390000000000043
2012,208,0.08,17.390000000000043
2012,209,4.65,17.970000000000027
2012,209,4.65,17.970000000000027
2012,210,1.41,17.670000000000016
2012,210,1.41,17.670000000000016
2012,211,7.06,19.010000000000048
2012,211,7.06,19.010000000000048
2012,212,2.82,18.03000000000003
2012,212,2.82,18.03000000000003
2012,213,30.83,18.52000000000004
2012,213,30.83,18.52000000000004
2012,214,0.3,19.450000000000045
2012,214,0.3,19.450000000000045
2012,215,3.24,17.200000000000045
2012,215,3.24,17.200000000000045
2012,216,1.52,17.650000000000034
2012,216,1.52,17.650000000000034
2012,217,0.07,17.140000000000043
2012,217,0.07,17.140000000000043
2012,218,0.0,16.439999999999998
2012,218,0.0,16.439999999999998
2012,219,0.0,18.720000000000027
2012,219,0.0,18.720000000000027
2012,220,0.13,17.82000000000005
2012,220,0.13,17.82000000000005
2012,221,0.31,18.170000000000016
2012,221,0.31,18.170000000000016
2012,222,0.63,19.200000000000045
2012,222,0.63,19.200000000000045
2012,223,0.92,19.310000000000002
2012,223,0.92,19.310000000000002
2012,224,0.28,18.360000000000014
2012,224,0.28,18.360000000000014
2012,225,0.0,16.230000000000018
2012,225,0.0,16.230000000000018
2012,226,4.36,16.350000000000023
2012,226,4.36,16.350000000000023
2012,227,0.0,15.860000000000014
2012,227,0.0,15.860000000000014
2012,228,0.03,17.730000000000018
2012,228,0.03,17.730000000000018
2012,229,0.1,15.939999999999998
2012,229,0.1,15.939999999999998
2012,230,1.12,17.129999999999995
2012,230,1.12,17.129999999999995
2012,231,0.0,16.340000000000032
2012,231,0.0,16.340000000000032
2012,232,0.0,14.75
2012,232,0.0,14.75
2012,233,0.0,14.980000000000018
2012,233,0.0,14.980000000000018
2012,234,0.0,15.379999999999995
2012,234,0.0,15.379999999999995
2012,235,0.03,16.810000000000002
2012,235,0.03,16.810000000000002
2012,236,4.76,16.75
2012,236,4.76,16.75
2012,237,0.41,15.439999999999998
2012,237,0.41,15.439999999999998
2012,238,0.64,15.330000000000041
2012,238,0.64,15.330000000000041
2012,239,0.33,16.060000000000002
2012,239,0.33,16.060000000000002
2012,240,0.0,18.430000000000007
2012,240,0.0,18.430000000000007
2012,241,1.02,18.590000000000032
2012,241,1.02,18.590000000000032
2012,242,0.03,18.680000000000007
2012,242,0.03,18.680000000000007
2012,243,0.64,18.840000000000032
2012,243,0.64,18.840000000000032
2012,244,0.0,16.82000000000005
2012,244,0.0,16.82000000000005
2012,245,0.0,17.450000000000045
2012,245,0.0,17.450000000000045
2012,246,0.61,17.460000000000036
2012,246,0.61,17.460000000000036
2012,247,2.47,17.760000000000048
2012,247,2.47,17.760000000000048
2012,248,0.09,16.410000000000025
2012,248,0.09,16.410000000000025
2012,249,0.0,16.03000000000003
2012,249,0.0,16.03000000000003
2012,250,0.0,15.550000000000011
2012,250,0.0,15.550000000000011
2012,251,0.1,15.670000000000016
2012,251,0.1,15.670000000000016
2012,252,0.0,11.32000000000005
2012,252,0.0,11.32000000000005
2012,253,0.0,13.260000000000048
2012,253,0.0,13.260000000000048
2012,254,0.0,15.53000000000003
2012,254,0.0,15.53000000000003
2012,255,0.35,16.870000000000005
2012,255,0.35,16.870000000000005
2012,256,29.38,11.170000000000016
2012,256,29.38,11.170000000000016
2012,257,0.24,8.54000000000002
2012,257,0.24,8.54000000000002
2012,258,0.0,9.590000000000032
2012,258,0.0,9.590000000000032
2012,259,0.0,11.990000000000009
2012,259,0.0,11.990000000000009
2012,260,0.0,13.860000000000014
2012,260,0.0,13.860000000000014
2012,261,0.71,12.120000000000005
2012,261,0.71,12.120000000000005
2012,262,0.0,10.160000000000025
2012,262,0.0,10.160000000000025
2012,263,0.0,12.580000000000041
2012,263,0.0,12.580000000000041
2012,264,0.0,13.100000000000023
2012,264,0.0,13.100000000000023
2012,265,0.0,13.050000000000011
2012,265,0.0,13.050000000000011
2012,266,0.0,13.160000000000025
2012,266,0.0,13.160000000000025
2012,267,0.0,13.810000000000002
2012,267,0.0,13.810000000000002
2012,268,0.0,13.629999999999995
2012,268,0.0,13.629999999999995
2012,269,0.99,11.410000000000025
2012,269,0.99,11.410000000000025
2012,270,0.58,8.879999999999995
2012,270,0.58,8.879999999999995
2012,271,2.92,8.980000000000018
2012,271,2.92,8.980000000000018
2012,272,0.0,9.03000000000003
2012,272,0.0,9.03000000000003
2012,273,0.0,10.450000000000045
2012,273,0.0,10.450000000000045
2012,274,0.18,10.890000000000043
2012,274,0.18,10.890000000000043
2012,275,0.0,9.210000000000036
2012,275,0.0,9.210000000000036
2012,276,0.0,10.560000000000002
2012,276,0.0,10.560000000000002
2012,277,0.0,12.110000000000014
2012,277,0.0,12.110000000000014
2012,278,0.21,7.689999999999998
2012,278,0.21,7.689999999999998
2012,279,3.69,6.980000000000018
2012,279,3.69,6.980000000000018
2012,280,0.0,-0.16999999999995907
2012,280,0.0,-0.16999999999995907
2012,281,0.0,-0.7699999999999818
2012,281,0.0,-0.7699999999999818
2012,282,0.0,4.610000000000014
2012,282,0.0,4.610000000000014
2012,283,0.0,7.050000000000011
2012,283,0.0,7.050000000000011
2012,284,0.0,7.57000000000005
2012,284,0.0,7.57000000000005
2012,285,0.0,10.189999999999998
2012,285,0.0,10.189999999999998
2012,286,7.55,9.560000000000002
2012,286,7.55,9.560000000000002
2012,287,0.0,4.900000000000034
2012,287,0.0,4.900000000000034
2012,288,0.0,5.650000000000034
2012,288,0.0,5.650000000000034
2012,289,0.0,8.410000000000025
2012,289,0.0,8.410000000000025
2012,290,0.0,9.03000000000003
2012,290,0.0,9.03000000000003
2012,291,0.42,6.090000000000032
2012,291,0.42,6.090000000000032
2012,292,0.0,3.0400000000000205
2012,292,0.0,3.0400000000000205
2012,293,0.0,6.520000000000039
2012,293,0.0,6.520000000000039
2012,294,0.0,9.020000000000039
2012,294,0.0,9.020000000000039
2012,295,0.0,9.0
2012,295,0.0,9.0
2012,296,0.0,7.660000000000025
2012,296,0.0,7.660000000000025
2012,297,0.0,8.439999999999998
2012,297,0.0,8.439999999999998
2012,298,0.01,7.32000000000005
2012,298,0.01,7.32000000000005
2012,299,1.98,-0.7599999999999909
2012,299,1.98,-0.7599999999999909
2012,300,0.36,-3.8700000000000045
2012,300,0.36,-3.8700000000000045
2012,301,0.0,-2.519999999999982
2012,301,0.0,-2.519999999999982
2012,302,0.0,1.0400000000000205
2012,302,0.0,1.0400000000000205
2012,303,0.0,4.810000000000002
2012,303,0.0,4.810000000000002
2012,304,0.0,6.090000000000032
2012,304,0.0,6.090000000000032
2012,305,0.0,6.5400000000000205
2012,305,0.0,6.5400000000000205
2012,306,0.0,7.140000000000043
2012,306,0.0,7.140000000000043
2012,307,0.0,5.8700000000000045
2012,307,0.0,5.8700000000000045
2012,308,0.0,3.910000000000025
2012,308,0.0,3.910000000000025
2012,309,0.0,3.8100000000000023
2012,309,0.0,3.8100000000000023
2012,310,0.0,4.060000000000002
2012,310,0.0,4.060000000000002
2012,311,0.0,6.060000000000002
2012,311,0.0,6.060000000000002
2012,312,0.0,7.160000000000025
2012,312,0.0,7.160000000000025
2012,313,0.0,6.360000000000014
2012,313,0.0,6.360000000000014
2012,314,0.0,5.410000000000025
2012,314,0.0,5.410000000000025
2012,315,0.54,2.1100000000000136
2012,315,0.54,2.1100000000000136
2012,316,0.0,-7.849999999999966
2012,316,0.0,-7.849999999999966
2012,317,0.0,-7.819999999999993
2012,317,0.0,-7.819999999999993
2012,318,0.0,-1.2299999999999613
2012,318,0.0,-1.2299999999999613
2012,319,0.0,-0.37999999999999545
2012,319,0.0,-0.37999999999999545
2012,320,0.0,0.03000000000002956
2012,320,0.0,0.03000000000002956
2012,321,0.0,0.4600000000000364
2012,321,0.0,0.4600000000000364
2012,322,0.0,2.8500000000000227
2012,322,0.0,2.8500000000000227
2012,323,0.0,1.9700000000000273
2012,323,0.0,1.9700000000000273
2012,324,0.0,1.0900000000000318
2012,324,0.0,1.0900000000000318
2012,325,0.0,2.240000000000009
2012,325,0.0,2.240000000000009
2012,326,0.0,4.810000000000002
2012,326,0.0,4.810000000000002
2012,327,0.0,3.8000000000000114
2012,327,0.0,3.8000000000000114
2012,328,0.0,0.9600000000000364
2012,328,0.0,0.9600000000000364
2012,329,0.0,3.3600000000000136
2012,329,0.0,3.3600000000000136
2012,330,0.0,2.3700000000000045
2012,330,0.0,2.3700000000000045
2012,331,0.0,-1.1499999999999773
2012,331,0.0,-1.1499999999999773
2012,332,0.0,-0.20999999999997954
2012,332,0.0,-0.20999999999997954
2012,333,0.0,0.7600000000000477
2012,333,0.0,0.7600000000000477
2012,334,0.0,1.4300000000000068
2012,334,0.0,1.4300000000000068
2012,335,0.0,2.1100000000000136
2012,335,0.0,2.1100000000000136
2012,336,0.0,3.3500000000000227
2012,336,0.0,3.3500000000000227
2012,337,0.0,2.7200000000000273
2012,337,0.0,2.7200000000000273
2012,338,0.0,2.740000000000009
2012,338,0.0,2.740000000000009
2012,339,0.0,-0.39999999999997726
2012,339,0.0,-0.39999999999997726
2012,340,0.0,3.3000000000000114
2012,340,0.0,3.3000000000000114
2012,341,0.0,2.420000000000016
2012,341,0.0,2.420000000000016
2012,342,0.0,-1.3100000000000023
2012,342,0.0,-1.3100000000000023
2012,343,0.0,-3.75
2012,343,0.0,-3.75
2012,344,6.89,-8.299999999999955
2012,344,6.89,-8.299999999999955
2012,345,0.0,-12.370000000000005
2012,345,0.0,-12.370000000000005
2012,346,0.1,-9.46999999999997
2012,346,0.1,-9.46999999999997
2012,347,0.0,-4.359999999999957
2012,347,0.0,-4.359999999999957
2012,348,0.3,-1.579999999999984
2012,348,0.3,-1.579999999999984
2012,349,0.15,-1.8899999999999864
2012,349,0.15,-1.8899999999999864
2012,350,0.0,-3.6499999999999773
2012,350,0.0,-3.6499999999999773
2012,351,0.0,-7.0
2012,351,0.0,-7.0
2012,352,0.0,-6.979999999999961
2012,352,0.0,-6.979999999999961
2012,353,1.14,-4.239999999999952
2012,353,1.14,-4.239999999999952
2012,354,1.41,-7.649999999999977
2012,354,1.41,-7.649999999999977
2012,355,0.5,-11.96999999999997
2012,355,0.5,-11.96999999999997
2012,356,0.0,-5.1299999999999955
2012,356,0.0,-5.1299999999999955
2012,357,0.0,-3.4499999999999886
2012,357,0.0,-3.4499999999999886
2012,358,0.0,-4.6299999999999955
2012,358,0.0,-4.6299999999999955
2012,359,0.0,-6.269999999999982
2012,359,0.0,-6.269999999999982
2012,360,0.49,-8.799999999999955
2012,360,0.49,-8.799999999999955
2012,361,0.19,-9.359999999999957
2012,361,0.19,-9.359999999999957
2012,362,0.0,-10.029999999999973
2012,362,0.0,-10.029999999999973
2012,363,0.0,-12.819999999999993
2012,363,0.0,-12.819999999999993
2012,364,0.0,-12.870000000000005
2012,364,0.0,-12.870000000000005
2012,365,0.0,-6.759999999999991
2012,365,0.0,-6.759999999999991
2012,366,0.0,-10.089999999999975
2012,366,0.0,-10.089999999999975
2013,1,0.0,-13.939999999999998
2013,1,0.0,-13.939999999999998
2013,2,0.0,-14.370000000000005
2013,2,0.0,-14.370000000000005
2013,3,0.0,-14.639999999999986
2013,3,0.0,-14.639999999999986
2013,4,0.0,-9.409999999999968
2013,4,0.0,-9.409999999999968
2013,5,0.0,-7.699999999999989
2013,5,0.0,-7.699999999999989
2013,6,0.0,-6.5499999999999545
2013,6,0.0,-6.5499999999999545
2013,7,0.0,-4.21999999999997
2013,7,0.0,-4.21999999999997
2013,8,0.0,-4.349999999999966
2013,8,0.0,-4.349999999999966
2013,9,0.0,-3.5299999999999727
2013,9,0.0,-3.5299999999999727
2013,10,0.0,-2.3100000000000023
2013,10,0.0,-2.3100000000000023
2013,11,0.0,-6.029999999999973
2013,11,0.0,-6.029999999999973
2013,12,0.0,-16.71999999999997
2013,12,0.0,-16.71999999999997
2013,13,0.0,-18.329999999999984
2013,13,0.0,-18.329999999999984
2013,14,0.0,-16.810000000000002
2013,14,0.0,-16.810000000000002
2013,15,0.0,-16.549999999999955
2013,15,0.0,-16.549999999999955
2013,16,0.0,-8.149999999999977
2013,16,0.0,-8.149999999999977
2013,17,0.0,-5.389999999999986
2013,17,0.0,-5.389999999999986
2013,18,0.0,-4.519999999999982
2013,18,0.0,-4.519999999999982
2013,19,0.0,-4.159999999999968
2013,19,0.0,-4.159999999999968
2013,20,0.0,-2.7899999999999636
2013,20,0.0,-2.7899999999999636
2013,21,0.0,-3.009999999999991
2013,21,0.0,-3.009999999999991
2013,22,0.0,-0.03999999999996362
2013,22,0.0,-0.03999999999996362
2013,23,0.0,1.920000000000016
2013,23,0.0,1.920000000000016
2013,24,0.0,2.2600000000000477
2013,24,0.0,2.2600000000000477
2013,25,0.0,1.080000000000041
2013,25,0.0,1.080000000000041
2013,26,0.0,0.8500000000000227
2013,26,0.0,0.8500000000000227
2013,27,0.35,1.150000000000034
2013,27,0.35,1.150000000000034
2013,28,0.06,-0.7999999999999545
2013,28,0.06,-0.7999999999999545
2013,29,0.0,-7.75
2013,29,0.0,-7.75
2013,30,0.0,-11.20999999999998
2013,30,0.0,-11.20999999999998
2013,31,0.0,-6.7099999999999795
2013,31,0.0,-6.7099999999999795
2013,32,0.0,-5.479999999999961
2013,32,0.0,-5.479999999999961
2013,33,0.0,-4.519999999999982
2013,33,0.0,-4.519999999999982
2013,34,0.0,-2.0600000000000023
2013,34,0.0,-2.0600000000000023
2013,35,0.0,-2.599999999999966
2013,35,0.0,-2.599999999999966
2013,36,0.0,-2.349999999999966
2013,36,0.0,-2.349999999999966
2013,37,0.0,-0.5600000000000023
2013,37,0.0,-0.5600000000000023
2013,38,0.0,-3.589999999999975
2013,38,0.0,-3.589999999999975
2013,39,0.01,-3.1999999999999886
2013,39,0.01,-3.1999999999999886
2013,40,0.0,-3.259999999999991
2013,40,0.0,-3.259999999999991
2013,41,1.85,-8.659999999999968
2013,41,1.85,-8.659999999999968
2013,42,0.0,-10.560000000000002
2013,42,0.0,-10.560000000000002
2013,43,0.29,-11.859999999999957
2013,43,0.29,-11.859999999999957
2013,44,0.0,-8.919999999999959
2013,44,0.0,-8.919999999999959
2013,45,0.0,-7.7999999999999545
2013,45,0.0,-7.7999999999999545
2013,46,0.0,-10.599999999999966
2013,46,0.0,-10.599999999999966
2013,47,0.19,-6.739999999999952
2013,47,0.19,-6.739999999999952
2013,48,0.0,-3.569999999999993
2013,48,0.0,-3.569999999999993
2013,49,0.32,-7.67999999999995
2013,49,0.32,-7.67999999999995
2013,50,0.0,-8.069999999999993
2013,50,0.0,-8.069999999999993
2013,51,2.58,-5.489999999999952
2013,51,2.58,-5.489999999999952
2013,52,0.45,-7.689999999999998
2013,52,0.45,-7.689999999999998
2013,53,0.01,-9.92999999999995
2013,53,0.01,-9.92999999999995
2013,54,0.0,-9.95999999999998
2013,54,0.0,-9.95999999999998
2013,55,5.03,-8.909999999999968
2013,55,5.03,-8.909999999999968
2013,56,0.0,-12.029999999999973
2013,56,0.0,-12.029999999999973
2013,57,5.12,-8.45999999999998
2013,57,5.12,-8.45999999999998
2013,58,0.0,-11.339999999999975
2013,58,0.0,-11.339999999999975
2013,59,0.4,-10.659999999999968
2013,59,0.4,-10.659999999999968
2013,60,0.1,-7.539999999999964
2013,60,0.1,-7.539999999999964
2013,61,0.44,-3.6399999999999864
2013,61,0.44,-3.6399999999999864
2013,62,0.0,-0.5799999999999841
2013,62,0.0,-0.5799999999999841
2013,63,0.0,-2.0299999999999727
2013,63,0.0,-2.0299999999999727
2013,64,0.01,-8.099999999999966
2013,64,0.01,-8.099999999999966
2013,65,0.0,-2.099999999999966
2013,65,0.0,-2.099999999999966
2013,66,0.0,-0.6200000000000045
2013,66,0.0,-0.6200000000000045
2013,67,0.0,0.21000000000003638
2013,67,0.0,0.21000000000003638
2013,68,3.43,-2.1200000000000045
2013,68,3.43,-2.1200000000000045
2013,69,0.16,-6.2999999999999545
2013,69,0.16,-6.2999999999999545
2013,70,0.06,-2.349999999999966
2013,70,0.06,-2.349999999999966
2013,71,0.06,-2.0600000000000023
2013,71,0.06,-2.0600000000000023
2013,72,0.0,1.0400000000000205
2013,72,0.0,1.0400000000000205
2013,73,0.0,3.25
2013,73,0.0,3.25
2013,74,0.0,5.660000000000025
2013,74,0.0,5.660000000000025
2013,75,0.29,4.590000000000032
2013,75,0.29,4.590000000000032
2013,76,0.63,1.6400000000000432
2013,76,0.63,1.6400000000000432
2013,77,0.11,-2.6499999999999773
2013,77,0.11,-2.6499999999999773
2013,78,0.0,-2.4499999999999886
2013,78,0.0,-2.4499999999999886
2013,79,0.0,-0.9899999999999523
2013,79,0.0,-0.9899999999999523
2013,80,0.0,1.1200000000000045
2013,80,0.0,1.1200000000000045
2013,81,0.0,-2.7399999999999523
2013,81,0.0,-2.7399999999999523
2013,82,1.46,-7.3700000000000045
2013,82,1.46,-7.3700000000000045
2013,83,0.8,-11.739999999999952
2013,83,0.8,-11.739999999999952
2013,84,0.22,-12.099999999999966
2013,84,0.22,-12.099999999999966
2013,85,0.03,-5.1200000000000045
2013,85,0.03,-5.1200000000000045
2013,86,0.0,0.7300000000000182
2013,86,0.0,0.7300000000000182
2013,87,0.0,2.0600000000000023
2013,87,0.0,2.0600000000000023
2013,88,0.0,3.150000000000034
2013,88,0.0,3.150000000000034
2013,89,0.0,2.82000000000005
2013,89,0.0,2.82000000000005
2013,90,0.0,2.590000000000032
2013,90,0.0,2.590000000000032
2013,91,0.0,4.0
2013,91,0.0,4.0
2013,92,0.07,0.8400000000000318
2013,92,0.07,0.8400000000000318
2013,93,1.31,-0.12999999999999545
2013,93,1.31,-0.12999999999999545
2013,94,0.02,2.650000000000034
2013,94,0.02,2.650000000000034
2013,95,0.0,5.520000000000039
2013,95,0.0,5.520000000000039
2013,96,0.0,3.8000000000000114
2013,96,0.0,3.8000000000000114
2013,97,0.01,3.4700000000000273
2013,97,0.01,3.4700000000000273
2013,98,0.0,4.180000000000007
2013,98,0.0,4.180000000000007
2013,99,0.8,-2.609999999999957
2013,99,0.8,-2.609999999999957
2013,100,0.01,-7.939999999999998
2013,100,0.01,-7.939999999999998
2013,101,0.02,-1.2299999999999613
2013,101,0.02,-1.2299999999999613
2013,102,0.0,0.8900000000000432
2013,102,0.0,0.8900000000000432
2013,103,0.0,2.930000000000007
2013,103,0.0,2.930000000000007
2013,104,3.03,2.1200000000000045
2013,104,3.03,2.1200000000000045
2013,105,0.08,1.1800000000000068
2013,105,0.08,1.1800000000000068
2013,106,0.04,0.7400000000000091
2013,106,0.04,0.7400000000000091
2013,107,3.0,-0.6399999999999864
2013,107,3.0,-0.6399999999999864
2013,108,0.24,-7.689999999999998
2013,108,0.24,-7.689999999999998
2013,109,0.02,-4.189999999999998
2013,109,0.02,-4.189999999999998
2013,110,0.0,0.18999999999999773
2013,110,0.0,0.18999999999999773
2013,111,0.12,1.5
2013,111,0.12,1.5
2013,112,0.26,3.140000000000043
2013,112,0.26,3.140000000000043
2013,113,3.06,-4.829999999999984
2013,113,3.06,-4.829999999999984
2013,114,0.02,-6.319999999999993
2013,114,0.02,-6.319999999999993
2013,115,0.0,-1.0199999999999818
2013,115,0.0,-1.0199999999999818
2013,116,0.0,2.6200000000000045
2013,116,0.0,2.6200000000000045
2013,117,0.0,3.830000000000041
2013,117,0.0,3.830000000000041
2013,118,0.0,6.5
2013,118,0.0,6.5
2013,119,0.0,6.8799999999999955
2013,119,0.0,6.8799999999999955
2013,120,0.0,8.580000000000041
2013,120,0.0,8.580000000000041
2013,121,8.29,1.4600000000000364
2013,121,8.29,1.4600000000000364
2013,122,1.22,-6.689999999999998
2013,122,1.22,-6.689999999999998
2013,123,0.0,-2.2299999999999613
2013,123,0.0,-2.2299999999999613
2013,124,0.0,1.7000000000000455
2013,124,0.0,1.7000000000000455
2013,125,0.0,2.2700000000000387
2013,125,0.0,2.2700000000000387
2013,126,2.48,5.2000000000000455
2013,126,2.48,5.2000000000000455
2013,127,1.66,6.5
2013,127,1.66,6.5
2013,128,11.0,5.580000000000041
2013,128,11.0,5.580000000000041
2013,129,21.12,3.4600000000000364
2013,129,21.12,3.4600000000000364
2013,130,0.46,3.75
2013,130,0.46,3.75
2013,131,0.55,5.350000000000023
2013,131,0.55,5.350000000000023
2013,132,0.42,8.25
2013,132,0.42,8.25
2013,133,0.0,11.260000000000048
2013,133,0.0,11.260000000000048
2013,134,0.17,13.720000000000027
2013,134,0.17,13.720000000000027
2013,135,0.34,13.010000000000048
2013,135,0.34,13.010000000000048
2013,136,0.1,11.550000000000011
2013,136,0.1,11.550000000000011
2013,137,0.0,12.370000000000005
2013,137,0.0,12.370000000000005
2013,138,0.18,10.670000000000016
2013,138,0.18,10.670000000000016
2013,139,0.01,6.140000000000043
2013,139,0.01,6.140000000000043
2013,140,1.49,5.480000000000018
2013,140,1.49,5.480000000000018
2013,141,0.78,5.850000000000023
2013,141,0.78,5.850000000000023
2013,142,0.16,9.140000000000043
2013,142,0.16,9.140000000000043
2013,143,0.96,10.640000000000043
2013,143,0.96,10.640000000000043
2013,144,0.0,11.990000000000009
2013,144,0.0,11.990000000000009
2013,145,0.0,12.910000000000025
2013,145,0.0,12.910000000000025
2013,146,0.0,13.660000000000025
2013,146,0.0,13.660000000000025
2013,147,0.0,12.670000000000016
2013,147,0.0,12.670000000000016
2013,148,0.0,11.629999999999995
2013,148,0.0,11.629999999999995
2013,149,2.18,9.25
2013,149,2.18,9.25
2013,150,0.0,6.480000000000018
2013,150,0.0,6.480000000000018
2013,151,0.0,6.590000000000032
2013,151,0.0,6.590000000000032
2013,152,0.0,7.03000000000003
2013,152,0.0,7.03000000000003
2013,153,0.0,11.110000000000014
2013,153,0.0,11.110000000000014
2013,154,0.0,15.350000000000023
2013,154,0.0,15.350000000000023
2013,155,0.29,14.470000000000027
2013,155,0.29,14.470000000000027
2013,156,0.44,12.010000000000048
2013,156,0.44,12.010000000000048
2013,157,0.19,11.140000000000043
2013,157,0.19,11.140000000000043
2013,158,1.22,13.29000000000002
2013,158,1.22,13.29000000000002
2013,159,0.0,14.560000000000002
2013,159,0.0,14.560000000000002
2013,160,0.0,14.220000000000027
2013,160,0.0,14.220000000000027
2013,161,0.0,18.82000000000005
2013,161,0.0,18.82000000000005
2013,162,0.0,19.150000000000034
2013,162,0.0,19.150000000000034
2013,163,0.0,17.180000000000007
2013,163,0.0,17.180000000000007
2013,164,0.0,18.660000000000025
2013,164,0.0,18.660000000000025
2013,165,0.0,17.840000000000032
2013,165,0.0,17.840000000000032
2013,166,0.0,16.32000000000005
2013,166,0.0,16.32000000000005
2013,167,2.4,16.210000000000036
2013,167,2.4,16.210000000000036
2013,168,1.5,15.160000000000025
2013,168,1.5,15.160000000000025
2013,169,5.01,15.390000000000043
2013,169,5.01,15.390000000000043
2013,170,0.02,15.870000000000005
2013,170,0.02,15.870000000000005
2013,171,0.0,16.870000000000005
2013,171,0.0,16.870000000000005
2013,172,0.0,16.920000000000016
2013,172,0.0,16.920000000000016
2013,173,0.0,16.25
2013,173,0.0,16.25
2013,174,0.0,15.110000000000014
2013,174,0.0,15.110000000000014
2013,175,0.0,15.640000000000043
2013,175,0.0,15.640000000000043
2013,176,0.0,15.770000000000039
2013,176,0.0,15.770000000000039
2013,177,0.0,18.310000000000002
2013,177,0.0,18.310000000000002
2013,178,0.0,20.29000000000002
2013,178,0.0,20.29000000000002
2013,179,0.24,20.420000000000016
2013,179,0.24,20.420000000000016
2013,180,3.74,19.08000000000004
2013,180,3.74,19.08000000000004
2013,181,1.28,17.200000000000045
2013,181,1.28,17.200000000000045
2013,182,1.61,15.0
2013,182,1.61,15.0
2013,183,3.71,14.03000000000003
2013,183,3.71,14.03000000000003
2013,184,1.06,15.050000000000011
2013,184,1.06,15.050000000000011
2013,185,2.72,16.890000000000043
2013,185,2.72,16.890000000000043
2013,186,1.56,17.689999999999998
2013,186,1.56,17.689999999999998
2013,187,8.03,18.110000000000014
2013,187,8.03,18.110000000000014
2013,188,3.66,18.08000000000004
2013,188,3.66,18.08000000000004
2013,189,10.84,19.120000000000005
2013,189,10.84,19.120000000000005
2013,190,0.01,19.510000000000048
2013,190,0.01,19.510000000000048
2013,191,0.45,19.340000000000032
2013,191,0.45,19.340000000000032
2013,192,0.0,19.79000000000002
2013,192,0.0,19.79000000000002
2013,193,2.98,19.629999999999995
2013,193,2.98,19.629999999999995
2013,194,3.82,18.760000000000048
2013,194,3.82,18.760000000000048
2013,195,0.04,17.28000000000003
2013,195,0.04,17.28000000000003
2013,196,10.34,14.350000000000023
2013,196,10.34,14.350000000000023
2013,197,0.0,13.410000000000025
2013,197,0.0,13.410000000000025
2013,198,0.0,14.830000000000041
2013,198,0.0,14.830000000000041
2013,199,0.02,18.0
2013,199,0.02,18.0
2013,200,14.06,17.410000000000025
2013,200,14.06,17.410000000000025
2013,201,1.68,16.939999999999998
2013,201,1.68,16.939999999999998
2013,202,0.02,17.840000000000032
2013,202,0.02,17.840000000000032
2013,203,0.0,18.400000000000034
2013,203,0.0,18.400000000000034
2013,204,0.0,19.32000000000005
2013,204,0.0,19.32000000000005
2013,205,3.55,18.110000000000014
2013,205,3.55,18.110000000000014
2013,206,0.44,15.840000000000032
2013,206,0.44,15.840000000000032
2013,207,0.4,14.400000000000034
2013,207,0.4,14.400000000000034
2013,208,3.67,15.860000000000014
2013,208,3.67,15.860000000000014
2013,209,1.27,12.920000000000016
2013,209,1.27,12.920000000000016
2013,210,0.61,13.400000000000034
2013,210,0.61,13.400000000000034
2013,211,0.42,14.640000000000043
2013,211,0.42,14.640000000000043
2013,212,0.01,16.49000000000001
2013,212,0.01,16.49000000000001
2013,213,0.35,16.680000000000007
2013,213,0.35,16.680000000000007
2013,214,0.0,16.010000000000048
2013,214,0.0,16.010000000000048
2013,215,5.01,16.660000000000025
2013,215,5.01,16.660000000000025
2013,216,1.07,16.420000000000016
2013,216,1.07,16.420000000000016
2013,217,0.68,16.80000000000001
2013,217,0.68,16.80000000000001
2013,218,0.34,15.879999999999995
2013,218,0.34,15.879999999999995
2013,219,4.85,13.230000000000018
2013,219,4.85,13.230000000000018
2013,220,2.6,12.510000000000048
2013,220,2.6,12.510000000000048
2013,221,13.54,12.080000000000041
2013,221,13.54,12.080000000000041
2013,222,3.44,13.82000000000005
2013,222,3.44,13.82000000000005
2013,223,1.62,14.300000000000011
2013,223,1.62,14.300000000000011
2013,224,1.79,14.210000000000036
2013,224,1.79,14.210000000000036
2013,225,0.11,13.28000000000003
2013,225,0.11,13.28000000000003
2013,226,5.05,13.480000000000018
2013,226,5.05,13.480000000000018
2013,227,0.0,14.689999999999998
2013,227,0.0,14.689999999999998
2013,228,0.0,15.939999999999998
2013,228,0.0,15.939999999999998
2013,229,0.0,17.52000000000004
2013,229,0.0,17.52000000000004
2013,230,0.0,17.170000000000016
2013,230,0.0,17.170000000000016
2013,231,0.22,16.480000000000018
2013,231,0.22,16.480000000000018
2013,232,0.0,17.879999999999995
2013,232,0.0,17.879999999999995
2013,233,0.28,18.620000000000005
2013,233,0.28,18.620000000000005
2013,234,0.39,17.400000000000034
2013,234,0.39,17.400000000000034
2013,235,24.61,16.600000000000023
2013,235,24.61,16.600000000000023
2013,236,1.36,15.990000000000009
2013,236,1.36,15.990000000000009
2013,237,0.0,15.879999999999995
2013,237,0.0,15.879999999999995
2013,238,0.0,16.180000000000007
2013,238,0.0,16.180000000000007
2013,239,0.14,18.210000000000036
2013,239,0.14,18.210000000000036
2013,240,0.0,18.560000000000002
2013,240,0.0,18.560000000000002
2013,241,0.32,18.5
2013,241,0.32,18.5
2013,242,2.47,18.189999999999998
2013,242,2.47,18.189999999999998
2013,243,0.69,18.420000000000016
2013,243,0.69,18.420000000000016
2013,244,5.54,15.430000000000007
2013,244,5.54,15.430000000000007
2013,245,1.32,16.640000000000043
2013,245,1.32,16.640000000000043
2013,246,0.01,17.210000000000036
2013,246,0.01,17.210000000000036
2013,247,0.06,18.689999999999998
2013,247,0.06,18.689999999999998
2013,248,0.0,18.950000000000045
2013,248,0.0,18.950000000000045
2013,249,0.0,18.57000000000005
2013,249,0.0,18.57000000000005
2013,250,0.0,18.07000000000005
2013,250,0.0,18.07000000000005
2013,251,0.08,17.720000000000027
2013,251,0.08,17.720000000000027
2013,252,0.0,16.32000000000005
2013,252,0.0,16.32000000000005
2013,253,2.66,13.170000000000016
2013,253,2.66,13.170000000000016
2013,254,4.47,11.210000000000036
2013,254,4.47,11.210000000000036
2013,255,5.38,11.04000000000002
2013,255,5.38,11.04000000000002
2013,256,32.99,12.04000000000002
2013,256,32.99,12.04000000000002
2013,257,1.63,12.129999999999995
2013,257,1.63,12.129999999999995
2013,258,8.14,10.920000000000016
2013,258,8.14,10.920000000000016
2013,259,9.54,10.830000000000041
2013,259,9.54,10.830000000000041
2013,260,3.05,13.32000000000005
2013,260,3.05,13.32000000000005
2013,261,0.08,14.550000000000011
2013,261,0.08,14.550000000000011
2013,262,1.13,11.870000000000005
2013,262,1.13,11.870000000000005
2013,263,0.0,9.939999999999998
2013,263,0.0,9.939999999999998
2013,264,0.0,12.53000000000003
2013,264,0.0,12.53000000000003
2013,265,1.11,13.220000000000027
2013,265,1.11,13.220000000000027
2013,266,9.32,8.28000000000003
2013,266,9.32,8.28000000000003
2013,267,0.0,8.200000000000045
2013,267,0.0,8.200000000000045
2013,268,0.0,11.490000000000009
2013,268,0.0,11.490000000000009
2013,269,0.0,11.650000000000034
2013,269,0.0,11.650000000000034
2013,270,0.15,9.730000000000018
2013,270,0.15,9.730000000000018
2013,271,0.34,4.5400000000000205
2013,271,0.34,4.5400000000000205
2013,272,0.0,8.439999999999998
2013,272,0.0,8.439999999999998
2013,273,0.0,10.850000000000023
2013,273,0.0,10.850000000000023
2013,274,0.0,12.210000000000036
2013,274,0.0,12.210000000000036
2013,275,0.0,11.100000000000023
2013,275,0.0,11.100000000000023
2013,276,0.0,10.07000000000005
2013,276,0.0,10.07000000000005
2013,277,0.08,4.03000000000003
2013,277,0.08,4.03000000000003
2013,278,0.0,0.05000000000001137
2013,278,0.0,0.05000000000001137
2013,279,0.0,4.470000000000027
2013,279,0.0,4.470000000000027
2013,280,0.0,9.120000000000005
2013,280,0.0,9.120000000000005
2013,281,0.0,11.360000000000014
2013,281,0.0,11.360000000000014
2013,282,0.0,8.939999999999998
2013,282,0.0,8.939999999999998
2013,283,0.31,7.150000000000034
2013,283,0.31,7.150000000000034
2013,284,0.0,3.730000000000018
2013,284,0.0,3.730000000000018
2013,285,0.0,3.340000000000032
2013,285,0.0,3.340000000000032
2013,286,0.0,5.520000000000039
2013,286,0.0,5.520000000000039
2013,287,0.52,5.740000000000009
2013,287,0.52,5.740000000000009
2013,288,0.49,0.34000000000003183
2013,288,0.49,0.34000000000003183
2013,289,0.0,-0.7299999999999613
2013,289,0.0,-0.7299999999999613
2013,290,0.0,0.7000000000000455
2013,290,0.0,0.7000000000000455
2013,291,2.4,-1.4799999999999613
2013,291,2.4,-1.4799999999999613
2013,292,0.0,-0.07999999999998408
2013,292,0.0,-0.07999999999998408
2013,293,0.0,2.6899999999999977
2013,293,0.0,2.6899999999999977
2013,294,0.21,0.6000000000000227
2013,294,0.21,0.6000000000000227
2013,295,0.0,3.3700000000000045
2013,295,0.0,3.3700000000000045
2013,296,0.0,5.830000000000041
2013,296,0.0,5.830000000000041
2013,297,0.0,6.490000000000009
2013,297,0.0,6.490000000000009
2013,298,0.0,6.670000000000016
2013,298,0.0,6.670000000000016
2013,299,0.0,5.610000000000014
2013,299,0.0,5.610000000000014
2013,300,0.0,5.350000000000023
2013,300,0.0,5.350000000000023
2013,301,0.0,5.330000000000041
2013,301,0.0,5.330000000000041
2013,302,0.0,3.2100000000000364
2013,302,0.0,3.2100000000000364
2013,303,0.97,1.3900000000000432
2013,303,0.97,1.3900000000000432
2013,304,0.34,-0.6299999999999955
2013,304,0.34,-0.6299999999999955
2013,305,0.0,-0.8700000000000045
2013,305,0.0,-0.8700000000000045
2013,306,0.0,1.8000000000000114
2013,306,0.0,1.8000000000000114
2013,307,0.0,4.860000000000014
2013,307,0.0,4.860000000000014
2013,308,0.0,0.20000000000004547
2013,308,0.0,0.20000000000004547
2013,309,0.57,-2.0600000000000023
2013,309,0.57,-2.0600000000000023
2013,310,0.0,-4.3799999999999955
2013,310,0.0,-4.3799999999999955
2013,311,0.0,-0.18999999999999773
2013,311,0.0,-0.18999999999999773
2013,312,0.0,3.6200000000000045
2013,312,0.0,3.6200000000000045
2013,313,0.0,3.6299999999999955
2013,313,0.0,3.6299999999999955
2013,314,0.0,4.410000000000025
2013,314,0.0,4.410000000000025
2013,315,0.0,3.6299999999999955
2013,315,0.0,3.6299999999999955
2013,316,0.0,2.2600000000000477
2013,316,0.0,2.2600000000000477
2013,317,0.0,3.4399999999999977
2013,317,0.0,3.4399999999999977
2013,318,0.0,2.6000000000000227
2013,318,0.0,2.6000000000000227
2013,319,0.0,1.0300000000000296
2013,319,0.0,1.0300000000000296
2013,320,0.0,0.4600000000000364
2013,320,0.0,0.4600000000000364
2013,321,0.45,-0.839999999999975
2013,321,0.45,-0.839999999999975
2013,322,0.0,0.20000000000004547
2013,322,0.0,0.20000000000004547
2013,323,0.0,1.9700000000000273
2013,323,0.0,1.9700000000000273
2013,324,0.0,0.6700000000000159
2013,324,0.0,0.6700000000000159
2013,325,2.29,-1.6299999999999955
2013,325,2.29,-1.6299999999999955
2013,326,2.06,-9.159999999999968
2013,326,2.06,-9.159999999999968
2013,327,0.5,-6.21999999999997
2013,327,0.5,-6.21999999999997
2013,328,1.52,-3.7899999999999636
2013,328,1.52,-3.7899999999999636
2013,329,0.15,-4.67999999999995
2013,329,0.15,-4.67999999999995
2013,330,0.0,-6.75
2013,330,0.0,-6.75
2013,331,0.0,-4.9599999999999795
2013,331,0.0,-4.9599999999999795
2013,332,0.0,-2.4499999999999886
2013,332,0.0,-2.4499999999999886
2013,333,0.0,-2.919999999999959
2013,333,0.0,-2.919999999999959
2013,334,0.0,-4.1200000000000045
2013,334,0.0,-4.1200000000000045
2013,335,0.0,-4.779999999999973
2013,335,0.0,-4.779999999999973
2013,336,0.0,-2.1899999999999977
2013,336,0.0,-2.1899999999999977
2013,337,0.0,-1.329999999999984
2013,337,0.0,-1.329999999999984
2013,338,6.36,-9.079999999999984
2013,338,6.36,-9.079999999999984
2013,339,0.12,-15.21999999999997
2013,339,0.12,-15.21999999999997
2013,340,0.05,-17.47999999999999
2013,340,0.05,-17.47999999999999
2013,341,0.4,-14.21999999999997
2013,341,0.4,-14.21999999999997
2013,342,0.0,-11.819999999999993
2013,342,0.0,-11.819999999999993
2013,343,0.0,-19.099999999999966
2013,343,0.0,-19.099999999999966
2013,344,0.0,-12.549999999999955
2013,344,0.0,-12.549999999999955
2013,345,0.0,-9.319999999999993
2013,345,0.0,-9.319999999999993
2013,346,0.0,-4.8799999999999955
2013,346,0.0,-4.8799999999999955
2013,347,0.0,-3.859999999999957
2013,347,0.0,-3.859999999999957
2013,348,0.0,-8.079999999999984
2013,348,0.0,-8.079999999999984
2013,349,0.0,-4.75
2013,349,0.0,-4.75
2013,350,0.0,-1.3199999999999932
2013,350,0.0,-1.3199999999999932
2013,351,0.0,-1.259999999999991
2013,351,0.0,-1.259999999999991
2013,352,0.0,0.5800000000000409
2013,352,0.0,0.5800000000000409
2013,353,0.0,-0.20999999999997954
2013,353,0.0,-0.20999999999997954
2013,354,0.0,-3.079999999999984
2013,354,0.0,-3.079999999999984
2013,355,0.0,-6.0
2013,355,0.0,-6.0
2013,356,0.37,-8.629999999999995
2013,356,0.37,-8.629999999999995
2013,357,0.0,-8.20999999999998
2013,357,0.0,-8.20999999999998
2013,358,0.0,-3.109999999999957
2013,358,0.0,-3.109999999999957
2013,359,0.0,-7.419999999999959
2013,359,0.0,-7.419999999999959
2013,360,0.0,-3.5299999999999727
2013,360,0.0,-3.5299999999999727
2013,361,0.0,-2.2099999999999795
2013,361,0.0,-2.2099999999999795
2013,362,0.0,-0.4399999999999977
2013,362,0.0,-0.4399999999999977
2013,363,2.35,-6.4599999999999795
2013,363,2.35,-6.4599999999999795
2013,364,0.2,-6.439999999999998
2013,364,0.2,-6.439999999999998
2013,365,0.01,-3.909999999999968
2013,365,0.01,-3.909999999999968
2014,1,0.0,-4.279999999999973
2014,1,0.0,-4.279999999999973
2014,2,0.0,-5.599999999999966
2014,2,0.0,-5.599999999999966
2014,3,0.0,-1.579999999999984
2014,3,0.0,-1.579999999999984
2014,4,1.81,-4.989999999999952
2014,4,1.81,-4.989999999999952
2014,5,0.0,-15.0
2014,5,0.0,-15.0
2014,6,0.41,-14.419999999999959
2014,6,0.41,-14.419999999999959
2014,7,0.0,-5.109999999999957
2014,7,0.0,-5.109999999999957
2014,8,0.0,-5.889999999999986
2014,8,0.0,-5.889999999999986
2014,9,0.0,-6.639999999999986
2014,9,0.0,-6.639999999999986
2014,10,0.01,-9.0
2014,10,0.01,-9.0
2014,11,0.42,-6.069999999999993
2014,11,0.42,-6.069999999999993
2014,12,0.11,-3.339999999999975
2014,12,0.11,-3.339999999999975
2014,13,0.0,-9.859999999999957
2014,13,0.0,-9.859999999999957
2014,14,0.0,-7.060000000000002
2014,14,0.0,-7.060000000000002
2014,15,0.0,-5.779999999999973
2014,15,0.0,-5.779999999999973
2014,16,0.0,-5.099999999999966
2014,16,0.0,-5.099999999999966
2014,17,0.0,-7.289999999999964
2014,17,0.0,-7.289999999999964
2014,18,0.0,-5.25
2014,18,0.0,-5.25
2014,19,0.0,-3.019999999999982
2014,19,0.0,-3.019999999999982
2014,20,0.0,-3.4799999999999613
2014,20,0.0,-3.4799999999999613
2014,21,0.0,-4.389999999999986
2014,21,0.0,-4.389999999999986
2014,22,0.0,-3.2999999999999545
2014,22,0.0,-3.2999999999999545
2014,23,0.23,-9.449999999999989
2014,23,0.23,-9.449999999999989
2014,24,0.01,-7.029999999999973
2014,24,0.01,-7.029999999999973
2014,25,0.0,-1.5699999999999932
2014,25,0.0,-1.5699999999999932
2014,26,0.0,-0.45999999999997954
2014,26,0.0,-0.45999999999997954
2014,27,0.0,-4.96999999999997
2014,27,0.0,-4.96999999999997
2014,28,3.85,-11.569999999999993
2014,28,3.85,-11.569999999999993
2014,29,0.4,-7.729999999999961
2014,29,0.4,-7.729999999999961
2014,30,1.26,-1.329999999999984
2014,30,1.26,-1.329999999999984
2014,31,7.22,-3.2199999999999704
2014,31,7.22,-3.2199999999999704
2014,32,2.37,-7.5499999999999545
2014,32,2.37,-7.5499999999999545
2014,33,0.3,-12.17999999999995
2014,33,0.3,-12.17999999999995
2014,34,1.08,-9.17999999999995
2014,34,1.08,-9.17999999999995
2014,35,1.05,-11.0
2014,35,1.05,-11.0
2014,36,0.04,-16.41999999999996
2014,36,0.04,-16.41999999999996
2014,37,0.04,-13.789999999999964
2014,37,0.04,-13.789999999999964
2014,38,0.0,-8.889999999999986
2014,38,0.0,-8.889999999999986
2014,39,0.02,-6.7099999999999795
2014,39,0.02,-6.7099999999999795
2014,40,0.17,-2.609999999999957
2014,40,0.17,-2.609999999999957
2014,41,0.96,-3.4899999999999523
2014,41,0.96,-3.4899999999999523
2014,42,0.03,-6.519999999999982
2014,42,0.03,-6.519999999999982
2014,43,0.0,-6.389999999999986
2014,43,0.0,-6.389999999999986
2014,44,0.0,-1.8199999999999932
2014,44,0.0,-1.8199999999999932
2014,45,0.0,-1.7399999999999523
2014,45,0.0,-1.7399999999999523
2014,46,0.0,1.2100000000000364
2014,46,0.0,1.2100000000000364
2014,47,0.0,1.3799999999999955
2014,47,0.0,1.3799999999999955
2014,48,0.0,-0.5399999999999636
2014,48,0.0,-0.5399999999999636
2014,49,0.0,0.6000000000000227
2014,49,0.0,0.6000000000000227
2014,50,0.0,-0.03999999999996362
2014,50,0.0,-0.03999999999996362
2014,51,0.14,-8.139999999999986
2014,51,0.14,-8.139999999999986
2014,52,0.0,-8.599999999999966
2014,52,0.0,-8.599999999999966
2014,53,0.0,-5.859999999999957
2014,53,0.0,-5.859999999999957
2014,54,0.0,-4.310000000000002
2014,54,0.0,-4.310000000000002
2014,55,0.0,-1.599999999999966
2014,55,0.0,-1.599999999999966
2014,56,0.0,0.09000000000003183
2014,56,0.0,0.09000000000003183
2014,57,0.0,-3.339999999999975
2014,57,0.0,-3.339999999999975
2014,58,0.0,-0.7299999999999613
2014,58,0.0,-0.7299999999999613
2014,59,0.0,-0.3499999999999659
2014,59,0.0,-0.3499999999999659
2014,60,0.04,1.2800000000000296
2014,60,0.04,1.2800000000000296
2014,61,0.0,-0.21999999999997044
2014,61,0.0,-0.21999999999997044
2014,62,0.0,-1.099999999999966
2014,62,0.0,-1.099999999999966
2014,63,0.0,0.05000000000001137
2014,63,0.0,0.05000000000001137
2014,64,1.96,-1.9899999999999523
2014,64,1.96,-1.9899999999999523
2014,65,0.0,-1.0199999999999818
2014,65,0.0,-1.0199999999999818
2014,66,2.74,0.8300000000000409
2014,66,2.74,0.8300000000000409
2014,67,3.23,-3.8799999999999955
2014,67,3.23,-3.8799999999999955
2014,68,0.0,-1.1099999999999568
2014,68,0.0,-1.1099999999999568
2014,69,0.0,3.3000000000000114
2014,69,0.0,3.3000000000000114
2014,70,2.07,-0.25
2014,70,2.07,-0.25
2014,71,0.02,-7.659999999999968
2014,71,0.02,-7.659999999999968
2014,72,0.0,-3.0499999999999545
2014,72,0.0,-3.0499999999999545
2014,73,0.0,-1.2799999999999727
2014,73,0.0,-1.2799999999999727
2014,74,0.0,-2.109999999999957
2014,74,0.0,-2.109999999999957
2014,75,0.0,-2.859999999999957
2014,75,0.0,-2.859999999999957
2014,76,0.0,1.830000000000041
2014,76,0.0,1.830000000000041
2014,77,0.0,-2.849999999999966
2014,77,0.0,-2.849999999999966
2014,78,0.0,-4.229999999999961
2014,78,0.0,-4.229999999999961
2014,79,0.0,-0.3100000000000023
2014,79,0.0,-0.3100000000000023
2014,80,0.0,1.1000000000000227
2014,80,0.0,1.1000000000000227
2014,81,0.63,-0.44999999999998863
2014,81,0.63,-0.44999999999998863
2014,82,0.59,-2.259999999999991
2014,82,0.59,-2.259999999999991
2014,83,0.0,-1.849999999999966
2014,83,0.0,-1.849999999999966
2014,84,0.0,0.27000000000003865
2014,84,0.0,0.27000000000003865
2014,85,0.0,3.660000000000025
2014,85,0.0,3.660000000000025
2014,86,0.21,0.9399999999999977
2014,86,0.21,0.9399999999999977
2014,87,0.0,-1.6099999999999568
2014,87,0.0,-1.6099999999999568
2014,88,0.0,-1.5699999999999932
2014,88,0.0,-1.5699999999999932
2014,89,0.0,2.7800000000000296
2014,89,0.0,2.7800000000000296
2014,90,0.0,0.18999999999999773
2014,90,0.0,0.18999999999999773
2014,91,0.0,-0.19999999999998863
2014,91,0.0,-0.19999999999998863
2014,92,0.0,1.3600000000000136
2014,92,0.0,1.3600000000000136
2014,93,9.49,-2.9899999999999523
2014,93,9.49,-2.9899999999999523
2014,94,0.78,-4.819999999999993
2014,94,0.78,-4.819999999999993
2014,95,0.0,-1.169999999999959
2014,95,0.0,-1.169999999999959
2014,96,3.08,-1.2299999999999613
2014,96,3.08,-1.2299999999999613
2014,97,0.03,-1.7899999999999636
2014,97,0.03,-1.7899999999999636
2014,98,0.0,1.1000000000000227
2014,98,0.0,1.1000000000000227
2014,99,0.0,6.0
2014,99,0.0,6.0
2014,100,0.0,6.920000000000016
2014,100,0.0,6.920000000000016
2014,101,0.0,7.050000000000011
2014,101,0.0,7.050000000000011
2014,102,0.0,7.930000000000007
2014,102,0.0,7.930000000000007
2014,103,4.13,3.0
2014,103,4.13,3.0
2014,104,0.26,-8.609999999999957
2014,104,0.26,-8.609999999999957
2014,105,0.0,-1.7799999999999727
2014,105,0.0,-1.7799999999999727
2014,106,0.34,2.0
2014,106,0.34,2.0
2014,107,5.7,0.8799999999999955
2014,107,5.7,0.8799999999999955
2014,108,0.0,6.910000000000025
2014,108,0.0,6.910000000000025
2014,109,0.51,7.5400000000000205
2014,109,0.51,7.5400000000000205
2014,110,8.54,6.980000000000018
2014,110,8.54,6.980000000000018
2014,111,0.06,7.210000000000036
2014,111,0.06,7.210000000000036
2014,112,0.0,7.680000000000007
2014,112,0.0,7.680000000000007
2014,113,0.09,8.470000000000027
2014,113,0.09,8.470000000000027
2014,114,0.0,1.4399999999999977
2014,114,0.0,1.4399999999999977
2014,115,0.0,6.080000000000041
2014,115,0.0,6.080000000000041
2014,116,0.0,8.25
2014,116,0.0,8.25
2014,117,0.04,2.8700000000000045
2014,117,0.04,2.8700000000000045
2014,118,0.2,-1.3199999999999932
2014,118,0.2,-1.3199999999999932
2014,119,0.26,-3.1299999999999955
2014,119,0.26,-3.1299999999999955
2014,120,0.08,-2.3100000000000023
2014,120,0.08,-2.3100000000000023
2014,121,0.0,-1.2199999999999704
2014,121,0.0,-1.2199999999999704
2014,122,0.0,3.8100000000000023
2014,122,0.0,3.8100000000000023
2014,123,0.0,9.0
2014,123,0.0,9.0
2014,124,0.0,11.140000000000043
2014,124,0.0,11.140000000000043
2014,125,0.0,10.830000000000041
2014,125,0.0,10.830000000000041
2014,126,0.0,10.360000000000014
2014,126,0.0,10.360000000000014
2014,127,0.0,8.29000000000002
2014,127,0.0,8.29000000000002
2014,128,0.78,3.1200000000000045
2014,128,0.78,3.1200000000000045
2014,129,0.08,3.150000000000034
2014,129,0.08,3.150000000000034
2014,130,0.0,5.510000000000048
2014,130,0.0,5.510000000000048
2014,131,8.9,5.480000000000018
2014,131,8.9,5.480000000000018
2014,132,4.85,-4.569999999999993
2014,132,4.85,-4.569999999999993
2014,133,0.65,-5.769999999999982
2014,133,0.65,-5.769999999999982
2014,134,0.07,-2.2999999999999545
2014,134,0.07,-2.2999999999999545
2014,135,0.0,2.0100000000000477
2014,135,0.0,2.0100000000000477
2014,136,0.0,6.410000000000025
2014,136,0.0,6.410000000000025
2014,137,0.02,7.910000000000025
2014,137,0.02,7.910000000000025
2014,138,0.0,11.379999999999995
2014,138,0.0,11.379999999999995
2014,139,0.0,12.300000000000011
2014,139,0.0,12.300000000000011
2014,140,0.0,11.590000000000032
2014,140,0.0,11.590000000000032
2014,141,0.0,10.890000000000043
2014,141,0.0,10.890000000000043
2014,142,2.01,10.470000000000027
2014,142,2.01,10.470000000000027
2014,143,2.9,10.57000000000005
2014,143,2.9,10.57000000000005
2014,144,3.39,10.450000000000045
2014,144,3.39,10.450000000000045
2014,145,14.55,9.450000000000045
2014,145,14.55,9.450000000000045
2014,146,0.03,9.230000000000018
2014,146,0.03,9.230000000000018
2014,147,1.3,11.890000000000043
2014,147,1.3,11.890000000000043
2014,148,0.0,14.150000000000034
2014,148,0.0,14.150000000000034
2014,149,0.27,15.080000000000041
2014,149,0.27,15.080000000000041
2014,150,7.12,13.230000000000018
2014,150,7.12,13.230000000000018
2014,151,0.43,12.370000000000005
2014,151,0.43,12.370000000000005
2014,152,0.0,14.140000000000043
2014,152,0.0,14.140000000000043
2014,153,0.0,12.660000000000025
2014,153,0.0,12.660000000000025
2014,154,0.0,15.620000000000005
2014,154,0.0,15.620000000000005
2014,155,0.0,15.200000000000045
2014,155,0.0,15.200000000000045
2014,156,0.06,13.78000000000003
2014,156,0.06,13.78000000000003
2014,157,3.18,14.260000000000048
2014,157,3.18,14.260000000000048
2014,158,1.22,12.939999999999998
2014,158,1.22,12.939999999999998
2014,159,6.32,11.800000000000011
2014,159,6.32,11.800000000000011
2014,160,3.17,7.230000000000018
2014,160,3.17,7.230000000000018
2014,161,0.0,11.75
2014,161,0.0,11.75
2014,162,0.75,14.050000000000011
2014,162,0.75,14.050000000000011
2014,163,0.11,12.020000000000039
2014,163,0.11,12.020000000000039
2014,164,0.04,14.210000000000036
2014,164,0.04,14.210000000000036
2014,165,0.72,13.629999999999995
2014,165,0.72,13.629999999999995
2014,166,0.0,9.640000000000043
2014,166,0.0,9.640000000000043
2014,167,0.0,13.03000000000003
2014,167,0.0,13.03000000000003
2014,168,0.0,13.930000000000007
2014,168,0.0,13.930000000000007
2014,169,0.0,13.720000000000027
2014,169,0.0,13.720000000000027
2014,170,0.08,11.620000000000005
2014,170,0.08,11.620000000000005
2014,171,0.0,14.629999999999995
2014,171,0.0,14.629999999999995
2014,172,0.0,16.30000000000001
2014,172,0.0,16.30000000000001
2014,173,1.31,14.54000000000002
2014,173,1.31,14.54000000000002
2014,174,0.33,13.800000000000011
2014,174,0.33,13.800000000000011
2014,175,1.19,14.870000000000005
2014,175,1.19,14.870000000000005
2014,176,1.47,15.689999999999998
2014,176,1.47,15.689999999999998
2014,177,0.0,16.410000000000025
2014,177,0.0,16.410000000000025
2014,178,0.0,15.310000000000002
2014,178,0.0,15.310000000000002
2014,179,0.2,12.150000000000034
2014,179,0.2,12.150000000000034
2014,180,0.0,15.28000000000003
2014,180,0.0,15.28000000000003
2014,181,0.0,18.090000000000032
2014,181,0.0,18.090000000000032
2014,182,0.0,13.890000000000043
2014,182,0.0,13.890000000000043
2014,183,0.0,13.480000000000018
2014,183,0.0,13.480000000000018
2014,184,0.35,16.140000000000043
2014,184,0.35,16.140000000000043
2014,185,1.26,17.129999999999995
2014,185,1.26,17.129999999999995
2014,186,0.1,16.850000000000023
2014,186,0.1,16.850000000000023
2014,187,0.17,18.350000000000023
2014,187,0.17,18.350000000000023
2014,188,0.2,18.720000000000027
2014,188,0.2,18.720000000000027
2014,189,0.34,16.140000000000043
2014,189,0.34,16.140000000000043
2014,190,0.57,17.32000000000005
2014,190,0.57,17.32000000000005
2014,191,0.46,17.590000000000032
2014,191,0.46,17.590000000000032
2014,192,4.42,18.170000000000016
2014,192,4.42,18.170000000000016
2014,193,14.82,16.55000000000001
2014,193,14.82,16.55000000000001
2014,194,5.37,16.200000000000045
2014,194,5.37,16.200000000000045
2014,195,1.97,16.600000000000023
2014,195,1.97,16.600000000000023
2014,196,3.27,15.410000000000025
2014,196,3.27,15.410000000000025
2014,197,4.66,15.600000000000023
2014,197,4.66,15.600000000000023
2014,198,7.13,12.939999999999998
2014,198,7.13,12.939999999999998
2014,199,0.13,15.150000000000034
2014,199,0.13,15.150000000000034
2014,200,0.09,16.77000000000004
2014,200,0.09,16.77000000000004
2014,201,0.16,17.860000000000014
2014,201,0.16,17.860000000000014
2014,202,0.11,18.600000000000023
2014,202,0.11,18.600000000000023
2014,203,1.17,19.49000000000001
2014,203,1.17,19.49000000000001
2014,204,0.14,19.210000000000036
2014,204,0.14,19.210000000000036
2014,205,0.04,19.010000000000048
2014,205,0.04,19.010000000000048
2014,206,1.48,18.129999999999995
2014,206,1.48,18.129999999999995
2014,207,2.68,18.010000000000048
2014,207,2.68,18.010000000000048
2014,208,2.48,16.680000000000007
2014,208,2.48,16.680000000000007
2014,209,20.69,14.810000000000002
2014,209,20.69,14.810000000000002
2014,210,4.82,13.660000000000025
2014,210,4.82,13.660000000000025
2014,211,5.69,11.0
2014,211,5.69,11.0
2014,212,16.45,11.160000000000025
2014,212,16.45,11.160000000000025
2014,213,4.02,11.0
2014,213,4.02,11.0
2014,214,1.46,11.640000000000043
2014,214,1.46,11.640000000000043
2014,215,0.13,14.740000000000009
2014,215,0.13,14.740000000000009
2014,216,0.26,16.100000000000023
2014,216,0.26,16.100000000000023
2014,217,0.35,14.950000000000045
2014,217,0.35,14.950000000000045
2014,218,0.03,15.010000000000048
2014,218,0.03,15.010000000000048
2014,219,0.34,15.5
2014,219,0.34,15.5
2014,220,1.82,14.860000000000014
2014,220,1.82,14.860000000000014
2014,221,0.04,15.210000000000036
2014,221,0.04,15.210000000000036
2014,222,10.03,13.03000000000003
2014,222,10.03,13.03000000000003
2014,223,1.3,13.350000000000023
2014,223,1.3,13.350000000000023
2014,224,0.0,15.560000000000002
2014,224,0.0,15.560000000000002
2014,225,0.08,16.689999999999998
2014,225,0.08,16.689999999999998
2014,226,9.43,15.879999999999995
2014,226,9.43,15.879999999999995
2014,227,1.13,14.910000000000025
2014,227,1.13,14.910000000000025
2014,228,0.17,15.920000000000016
2014,228,0.17,15.920000000000016
2014,229,0.05,16.80000000000001
2014,229,0.05,16.80000000000001
2014,230,0.06,17.629999999999995
2014,230,0.06,17.629999999999995
2014,231,1.04,16.08000000000004
2014,231,1.04,16.08000000000004
2014,232,0.0,15.360000000000014
2014,232,0.0,15.360000000000014
2014,233,0.0,14.330000000000041
2014,233,0.0,14.330000000000041
2014,234,4.61,13.879999999999995
2014,234,4.61,13.879999999999995
2014,235,0.13,12.390000000000043
2014,235,0.13,12.390000000000043
2014,236,0.0,12.410000000000025
2014,236,0.0,12.410000000000025
2014,237,2.06,13.770000000000039
2014,237,2.06,13.770000000000039
2014,238,0.58,14.460000000000036
2014,238,0.58,14.460000000000036
2014,239,3.25,13.150000000000034
2014,239,3.25,13.150000000000034
2014,240,1.58,10.870000000000005
2014,240,1.58,10.870000000000005
2014,241,0.84,11.220000000000027
2014,241,0.84,11.220000000000027
2014,242,0.16,13.330000000000041
2014,242,0.16,13.330000000000041
2014,243,0.08,14.180000000000007
2014,243,0.08,14.180000000000007
2014,244,0.0,12.420000000000016
2014,244,0.0,12.420000000000016
2014,245,0.0,13.680000000000007
2014,245,0.0,13.680000000000007
2014,246,0.0,16.180000000000007
2014,246,0.0,16.180000000000007
2014,247,0.0,16.470000000000027
2014,247,0.0,16.470000000000027
2014,248,12.98,11.689999999999998
2014,248,12.98,11.689999999999998
2014,249,1.81,11.430000000000007
2014,249,1.81,11.430000000000007
2014,250,1.31,13.100000000000023
2014,250,1.31,13.100000000000023
2014,251,0.07,13.200000000000045
2014,251,0.07,13.200000000000045
2014,252,2.24,11.970000000000027
2014,252,2.24,11.970000000000027
2014,253,0.39,10.410000000000025
2014,253,0.39,10.410000000000025
2014,254,0.34,10.770000000000039
2014,254,0.34,10.770000000000039
2014,255,0.0,5.150000000000034
2014,255,0.0,5.150000000000034
2014,256,0.34,9.200000000000045
2014,256,0.34,9.200000000000045
2014,257,0.0,12.560000000000002
2014,257,0.0,12.560000000000002
2014,258,0.0,13.75
2014,258,0.0,13.75
2014,259,0.0,13.760000000000048
2014,259,0.0,13.760000000000048
2014,260,0.0,14.850000000000023
2014,260,0.0,14.850000000000023
2014,261,0.07,14.420000000000016
2014,261,0.07,14.420000000000016
2014,262,0.0,15.390000000000043
2014,262,0.0,15.390000000000043
2014,263,0.08,15.430000000000007
2014,263,0.08,15.430000000000007
2014,264,10.25,12.150000000000034
2014,264,10.25,12.150000000000034
2014,265,1.1,11.670000000000016
2014,265,1.1,11.670000000000016
2014,266,0.0,12.360000000000014
2014,266,0.0,12.360000000000014
2014,267,0.0,12.770000000000039
2014,267,0.0,12.770000000000039
2014,268,0.0,14.100000000000023
2014,268,0.0,14.100000000000023
2014,269,0.0,15.07000000000005
2014,269,0.0,15.07000000000005
2014,270,0.0,15.020000000000039
2014,270,0.0,15.020000000000039
2014,271,2.0,12.32000000000005
2014,271,2.0,12.32000000000005
2014,272,10.5,10.360000000000014
2014,272,10.5,10.360000000000014
2014,273,0.17,6.28000000000003
2014,273,0.17,6.28000000000003
2014,274,0.26,6.010000000000048
2014,274,0.26,6.010000000000048
2014,275,0.19,3.7600000000000477
2014,275,0.19,3.7600000000000477
2014,276,0.0,4.480000000000018
2014,276,0.0,4.480000000000018
2014,277,0.0,6.689999999999998
2014,277,0.0,6.689999999999998
2014,278,0.0,7.590000000000032
2014,278,0.0,7.590000000000032
2014,279,0.0,8.25
2014,279,0.0,8.25
2014,280,0.0,10.200000000000045
2014,280,0.0,10.200000000000045
2014,281,0.0,11.640000000000043
2014,281,0.0,11.640000000000043
2014,282,10.08,9.300000000000011
2014,282,10.08,9.300000000000011
2014,283,6.01,5.180000000000007
2014,283,6.01,5.180000000000007
2014,284,0.16,5.939999999999998
2014,284,0.16,5.939999999999998
2014,285,1.83,5.4500000000000455
2014,285,1.83,5.4500000000000455
2014,286,1.35,0.8500000000000227
2014,286,1.35,0.8500000000000227
2014,287,0.0,4.930000000000007
2014,287,0.0,4.930000000000007
2014,288,0.0,10.129999999999995
2014,288,0.0,10.129999999999995
2014,289,0.0,10.080000000000041
2014,289,0.0,10.080000000000041
2014,290,0.0,8.680000000000007
2014,290,0.0,8.680000000000007
2014,291,0.0,8.550000000000011
2014,291,0.0,8.550000000000011
2014,292,0.0,10.189999999999998
2014,292,0.0,10.189999999999998
2014,293,0.0,9.07000000000005
2014,293,0.0,9.07000000000005
2014,294,0.0,9.129999999999995
2014,294,0.0,9.129999999999995
2014,295,0.0,8.430000000000007
2014,295,0.0,8.430000000000007
2014,296,0.0,7.28000000000003
2014,296,0.0,7.28000000000003
2014,297,0.0,10.010000000000048
2014,297,0.0,10.010000000000048
2014,298,0.0,10.830000000000041
2014,298,0.0,10.830000000000041
2014,299,0.0,9.660000000000025
2014,299,0.0,9.660000000000025
2014,300,0.0,5.680000000000007
2014,300,0.0,5.680000000000007
2014,301,0.0,1.3400000000000318
2014,301,0.0,1.3400000000000318
2014,302,0.0,3.920000000000016
2014,302,0.0,3.920000000000016
2014,303,0.0,4.920000000000016
2014,303,0.0,4.920000000000016
2014,304,0.0,4.970000000000027
2014,304,0.0,4.970000000000027
2014,305,0.0,7.510000000000048
2014,305,0.0,7.510000000000048
2014,306,0.0,6.439999999999998
2014,306,0.0,6.439999999999998
2014,307,0.0,1.9399999999999977
2014,307,0.0,1.9399999999999977
2014,308,0.0,-0.9599999999999795
2014,308,0.0,-0.9599999999999795
2014,309,0.0,2.7100000000000364
2014,309,0.0,2.7100000000000364
2014,310,0.0,5.740000000000009
2014,310,0.0,5.740000000000009
2014,311,0.0,6.860000000000014
2014,311,0.0,6.860000000000014
2014,312,0.0,3.180000000000007
2014,312,0.0,3.180000000000007
2014,313,0.0,5.560000000000002
2014,313,0.0,5.560000000000002
2014,314,0.0,4.8700000000000045
2014,314,0.0,4.8700000000000045
2014,315,0.85,-5.659999999999968
2014,315,0.85,-5.659999999999968
2014,316,1.18,-19.50999999999999
2014,316,1.18,-19.50999999999999
2014,317,0.1,-15.269999999999982
2014,317,0.1,-15.269999999999982
2014,318,0.02,-2.7299999999999613
2014,318,0.02,-2.7299999999999613
2014,319,0.0,-3.269999999999982
2014,319,0.0,-3.269999999999982
2014,320,0.7,-11.069999999999993
2014,320,0.7,-11.069999999999993
2014,321,0.0,-11.42999999999995
2014,321,0.0,-11.42999999999995
2014,322,0.0,-8.310000000000002
2014,322,0.0,-8.310000000000002
2014,323,0.0,-4.829999999999984
2014,323,0.0,-4.829999999999984
2014,324,0.0,-3.169999999999959
2014,324,0.0,-3.169999999999959
2014,325,0.0,-1.4699999999999704
2014,325,0.0,-1.4699999999999704
2014,326,0.0,-0.8700000000000045
2014,326,0.0,-0.8700000000000045
2014,327,0.12,-2.349999999999966
2014,327,0.12,-2.349999999999966
2014,328,0.0,-10.310000000000002
2014,328,0.0,-10.310000000000002
2014,329,0.0,-8.169999999999959
2014,329,0.0,-8.169999999999959
2014,330,0.0,-1.9399999999999977
2014,330,0.0,-1.9399999999999977
2014,331,0.0,1.0500000000000114
2014,331,0.0,1.0500000000000114
2014,332,0.0,2.0500000000000114
2014,332,0.0,2.0500000000000114
2014,333,0.0,1.6400000000000432
2014,333,0.0,1.6400000000000432
2014,334,0.0,1.5900000000000318
2014,334,0.0,1.5900000000000318
2014,335,0.0,-3.7199999999999704
2014,335,0.0,-3.7199999999999704
2014,336,0.0,-1.1200000000000045
2014,336,0.0,-1.1200000000000045
2014,337,0.0,0.57000000000005
2014,337,0.0,0.57000000000005
2014,338,0.0,1.1100000000000136
2014,338,0.0,1.1100000000000136
2014,339,0.0,0.30000000000001137
2014,339,0.0,0.30000000000001137
2014,340,0.0,0.10000000000002274
2014,340,0.0,0.10000000000002274
2014,341,0.0,0.32000000000005
2014,341,0.0,0.32000000000005
2014,342,0.0,0.1500000000000341
2014,342,0.0,0.1500000000000341
2014,343,0.0,1.3400000000000318
2014,343,0.0,1.3400000000000318
2014,344,0.0,1.7100000000000364
2014,344,0.0,1.7100000000000364
2014,345,0.0,1.6299999999999955
2014,345,0.0,1.6299999999999955
2014,346,0.0,2.240000000000009
2014,346,0.0,2.240000000000009
2014,347,0.0,2.740000000000009
2014,347,0.0,2.740000000000009
2014,348,2.59,-0.9699999999999704
2014,348,2.59,-0.9699999999999704
2014,349,0.77,-5.2999999999999545
2014,349,0.77,-5.2999999999999545
2014,350,0.0,-4.529999999999973
2014,350,0.0,-4.529999999999973
2014,351,0.41,-2.7299999999999613
2014,351,0.41,-2.7299999999999613
2014,352,0.09,-4.259999999999991
2014,352,0.09,-4.259999999999991
2014,353,0.09,-6.029999999999973
2014,353,0.09,-6.029999999999973
2014,354,0.0,-4.989999999999952
2014,354,0.0,-4.989999999999952
2014,355,0.0,-3.42999999999995
2014,355,0.0,-3.42999999999995
2014,356,1.42,-2.769999999999982
2014,356,1.42,-2.769999999999982
2014,357,0.05,-9.019999999999982
2014,357,0.05,-9.019999999999982
2014,358,0.04,-8.439999999999998
2014,358,0.04,-8.439999999999998
2014,359,0.0,-3.849999999999966
2014,359,0.0,-3.849999999999966
2014,360,0.36,-11.17999999999995
2014,360,0.36,-11.17999999999995
2014,361,0.01,-14.349999999999966
2014,361,0.01,-14.349999999999966
2014,362,0.26,-11.669999999999959
2014,362,0.26,-11.669999999999959
2014,363,0.84,-11.649999999999977
2014,363,0.84,-11.649999999999977
2014,364,0.33,-20.17999999999998
2014,364,0.33,-20.17999999999998
2014,365,0.0,-16.049999999999955
2014,365,0.0,-16.049999999999955
2015,1,5.63,-10.669999999999959
2015,1,5.63,-10.669999999999959
2015,2,0.99,-9.310000000000002
2015,2,0.99,-9.310000000000002
2015,3,0.25,-7.909999999999968
2015,3,0.25,-7.909999999999968
2015,4,0.09,-9.379999999999995
2015,4,0.09,-9.379999999999995
2015,5,0.07,-3.5499999999999545
2015,5,0.07,-3.5499999999999545
2015,6,0.0,1.4500000000000455
2015,6,0.0,1.4500000000000455
2015,7,0.0,-0.049999999999954525
2015,7,0.0,-0.049999999999954525
2015,8,0.0,0.9800000000000182
2015,8,0.0,0.9800000000000182
2015,9,0.0,-5.859999999999957
2015,9,0.0,-5.859999999999957
2015,10,0.0,-1.2999999999999545
2015,10,0.0,-1.2999999999999545
2015,11,0.0,-1.579999999999984
2015,11,0.0,-1.579999999999984
2015,12,0.2,-3.319999999999993
2015,12,0.2,-3.319999999999993
2015,13,0.06,-3.17999999999995
2015,13,0.06,-3.17999999999995
2015,14,0.0,-4.7099999999999795
2015,14,0.0,-4.7099999999999795
2015,15,0.0,-3.8799999999999955
2015,15,0.0,-3.8799999999999955
2015,16,0.0,-0.8499999999999659
2015,16,0.0,-0.8499999999999659
2015,17,0.0,-1.3700000000000045
2015,17,0.0,-1.3700000000000045
2015,18,0.0,-1.5600000000000023
2015,18,0.0,-1.5600000000000023
2015,19,0.0,-0.21999999999997044
2015,19,0.0,-0.21999999999997044
2015,20,0.0,-2.669999999999959
2015,20,0.0,-2.669999999999959
2015,21,3.3,-6.92999999999995
2015,21,3.3,-6.92999999999995
2015,22,0.0,-11.759999999999991
2015,22,0.0,-11.759999999999991
2015,23,0.0,-7.779999999999973
2015,23,0.0,-7.779999999999973
2015,24,0.0,-3.8899999999999864
2015,24,0.0,-3.8899999999999864
2015,25,0.02,-1.1399999999999864
2015,25,0.02,-1.1399999999999864
2015,26,0.0,1.420000000000016
2015,26,0.0,1.420000000000016
2015,27,0.0,3.430000000000007
2015,27,0.0,3.430000000000007
2015,28,0.0,0.9600000000000364
2015,28,0.0,0.9600000000000364
2015,29,0.0,-1.7299999999999613
2015,29,0.0,-1.7299999999999613
2015,30,0.18,-0.7299999999999613
2015,30,0.18,-0.7299999999999613
2015,31,0.58,-0.5699999999999932
2015,31,0.58,-0.5699999999999932
2015,32,0.11,-4.3799999999999955
2015,32,0.11,-4.3799999999999955
2015,33,0.0,-4.0
2015,33,0.0,-4.0
2015,34,0.0,-2.829999999999984
2015,34,0.0,-2.829999999999984
2015,35,0.0,-1.4599999999999795
2015,35,0.0,-1.4599999999999795
2015,36,0.0,-0.6299999999999955
2015,36,0.0,-0.6299999999999955
2015,37,0.0,2.5400000000000205
2015,37,0.0,2.5400000000000205
2015,38,0.0,3.400000000000034
2015,38,0.0,3.400000000000034
2015,39,0.0,2.740000000000009
2015,39,0.0,2.740000000000009
2015,40,0.0,1.650000000000034
2015,40,0.0,1.650000000000034
2015,41,0.0,1.830000000000041
2015,41,0.0,1.830000000000041
2015,42,3.46,-2.1299999999999955
2015,42,3.46,-2.1299999999999955
2015,43,0.0,-1.3100000000000023
2015,43,0.0,-1.3100000000000023
2015,44,0.0,0.9300000000000068
2015,44,0.0,0.9300000000000068
2015,45,0.0,2.25
2015,45,0.0,2.25
2015,46,0.78,2.0300000000000296
2015,46,0.78,2.0300000000000296
2015,47,1.16,-6.189999999999998
2015,47,1.16,-6.189999999999998
2015,48,0.0,-9.870000000000005
2015,48,0.0,-9.870000000000005
2015,49,0.0,-5.729999999999961
2015,49,0.0,-5.729999999999961
2015,50,0.0,-1.259999999999991
2015,50,0.0,-1.259999999999991
2015,51,0.0,-0.6399999999999864
2015,51,0.0,-0.6399999999999864
2015,52,2.35,-4.659999999999968
2015,52,2.35,-4.659999999999968
2015,53,1.98,-10.859999999999957
2015,53,1.98,-10.859999999999957
2015,54,1.49,-13.229999999999961
2015,54,1.49,-13.229999999999961
2015,55,0.08,-7.339999999999975
2015,55,0.08,-7.339999999999975
2015,56,0.0,-5.289999999999964
2015,56,0.0,-5.289999999999964
2015,57,4.63,-8.389999999999986
2015,57,4.63,-8.389999999999986
2015,58,0.82,-12.339999999999975
2015,58,0.82,-12.339999999999975
2015,59,0.0,-8.71999999999997
2015,59,0.0,-8.71999999999997
2015,60,0.66,-5.489999999999952
2015,60,0.66,-5.489999999999952
2015,61,1.32,-1.7299999999999613
2015,61,1.32,-1.7299999999999613
2015,62,0.73,-3.319999999999993
2015,62,0.73,-3.319999999999993
2015,63,0.2,-9.399999999999977
2015,63,0.2,-9.399999999999977
2015,64,0.02,-9.96999999999997
2015,64,0.02,-9.96999999999997
2015,65,0.0,-3.909999999999968
2015,65,0.0,-3.909999999999968
2015,66,0.0,-0.8299999999999841
2015,66,0.0,-0.8299999999999841
2015,67,0.0,-1.6200000000000045
2015,67,0.0,-1.6200000000000045
2015,68,0.0,-1.8199999999999932
2015,68,0.0,-1.8199999999999932
2015,69,0.0,-0.339999999999975
2015,69,0.0,-0.339999999999975
2015,70,0.0,1.3700000000000045
2015,70,0.0,1.3700000000000045
2015,71,0.0,2.3100000000000023
2015,71,0.0,2.3100000000000023
2015,72,0.02,0.9700000000000273
2015,72,0.02,0.9700000000000273
2015,73,0.0,2.0100000000000477
2015,73,0.0,2.0100000000000477
2015,74,0.0,4.6299999999999955
2015,74,0.0,4.6299999999999955
2015,75,0.0,8.54000000000002
2015,75,0.0,8.54000000000002
2015,76,0.0,4.680000000000007
2015,76,0.0,4.680000000000007
2015,77,1.73,6.300000000000011
2015,77,1.73,6.300000000000011
2015,78,15.43,2.930000000000007
2015,78,15.43,2.930000000000007
2015,79,0.05,0.18000000000000682
2015,79,0.05,0.18000000000000682
2015,80,0.0,3.920000000000016
2015,80,0.0,3.920000000000016
2015,81,0.0,4.800000000000011
2015,81,0.0,4.800000000000011
2015,82,0.0,4.980000000000018
2015,82,0.0,4.980000000000018
2015,83,1.06,2.0500000000000114
2015,83,1.06,2.0500000000000114
2015,84,4.87,0.040000000000020464
2015,84,4.87,0.040000000000020464
2015,85,0.85,-2.579999999999984
2015,85,0.85,-2.579999999999984
2015,86,0.0,3.1299999999999955
2015,86,0.0,3.1299999999999955
2015,87,0.0,6.07000000000005
2015,87,0.0,6.07000000000005
2015,88,0.0,6.53000000000003
2015,88,0.0,6.53000000000003
2015,89,0.0,6.920000000000016
2015,89,0.0,6.920000000000016
2015,90,0.0,7.470000000000027
2015,90,0.0,7.470000000000027
2015,91,0.0,7.830000000000041
2015,91,0.0,7.830000000000041
2015,92,0.0,3.5
2015,92,0.0,3.5
2015,93,1.04,-3.2799999999999727
2015,93,1.04,-3.2799999999999727
2015,94,0.0,-0.14999999999997726
2015,94,0.0,-0.14999999999997726
2015,95,0.0,5.020000000000039
2015,95,0.0,5.020000000000039
2015,96,0.0,6.610000000000014
2015,96,0.0,6.610000000000014
2015,97,0.0,6.050000000000011
2015,97,0.0,6.050000000000011
2015,98,0.0,5.3700000000000045
2015,98,0.0,5.3700000000000045
2015,99,0.02,0.5300000000000296
2015,99,0.02,0.5300000000000296
2015,100,0.0,1.9800000000000182
2015,100,0.0,1.9800000000000182
2015,101,0.0,5.330000000000041
2015,101,0.0,5.330000000000041
2015,102,0.0,6.080000000000041
2015,102,0.0,6.080000000000041
2015,103,0.0,4.939999999999998
2015,103,0.0,4.939999999999998
2015,104,0.0,6.9500000000000455
2015,104,0.0,6.9500000000000455
2015,105,0.0,6.2900000000000205
2015,105,0.0,6.2900000000000205
2015,106,3.8,-1.579999999999984
2015,106,3.8,-1.579999999999984
2015,107,8.52,-1.8899999999999864
2015,107,8.52,-1.8899999999999864
2015,108,3.24,-3.92999999999995
2015,108,3.24,-3.92999999999995
2015,109,2.13,-1.329999999999984
2015,109,2.13,-1.329999999999984
2015,110,0.0,-0.40999999999996817
2015,110,0.0,-0.40999999999996817
2015,111,0.0,2.2900000000000205
2015,111,0.0,2.2900000000000205
2015,112,0.35,5.3700000000000045
2015,112,0.35,5.3700000000000045
2015,113,1.25,6.510000000000048
2015,113,1.25,6.510000000000048
2015,114,0.17,5.010000000000048
2015,114,0.17,5.010000000000048
2015,115,0.76,4.7900000000000205
2015,115,0.76,4.7900000000000205
2015,116,10.52,4.060000000000002
2015,116,10.52,4.060000000000002
2015,117,3.73,1.1100000000000136
2015,117,3.73,1.1100000000000136
2015,118,0.02,0.020000000000038654
2015,118,0.02,0.020000000000038654
2015,119,0.0,6.5400000000000205
2015,119,0.0,6.5400000000000205
2015,120,0.0,9.78000000000003
2015,120,0.0,9.78000000000003
2015,121,1.33,9.230000000000018
2015,121,1.33,9.230000000000018
2015,122,1.34,9.810000000000002
2015,122,1.34,9.810000000000002
2015,123,0.59,10.5
2015,123,0.59,10.5
2015,124,5.25,8.460000000000036
2015,124,5.25,8.460000000000036
2015,125,7.21,6.3799999999999955
2015,125,7.21,6.3799999999999955
2015,126,6.29,7.470000000000027
2015,126,6.29,7.470000000000027
2015,127,0.64,7.2000000000000455
2015,127,0.64,7.2000000000000455
2015,128,2.55,5.900000000000034
2015,128,2.55,5.900000000000034
2015,129,7.92,5.3700000000000045
2015,129,7.92,5.3700000000000045
2015,130,18.51,-0.5099999999999909
2015,130,18.51,-0.5099999999999909
2015,131,1.39,0.6400000000000432
2015,131,1.39,0.6400000000000432
2015,132,0.0,6.060000000000002
2015,132,0.0,6.060000000000002
2015,133,0.7,8.590000000000032
2015,133,0.7,8.590000000000032
2015,134,0.94,8.230000000000018
2015,134,0.94,8.230000000000018
2015,135,3.92,9.150000000000034
2015,135,3.92,9.150000000000034
2015,136,0.4,5.939999999999998
2015,136,0.4,5.939999999999998
2015,137,1.78,5.6299999999999955
2015,137,1.78,5.6299999999999955
2015,138,10.67,6.5400000000000205
2015,138,10.67,6.5400000000000205
2015,139,22.01,5.140000000000043
2015,139,22.01,5.140000000000043
2015,140,0.05,5.0400000000000205
2015,140,0.05,5.0400000000000205
2015,141,0.04,6.400000000000034
2015,141,0.04,6.400000000000034
2015,142,11.29,7.300000000000011
2015,142,11.29,7.300000000000011
2015,143,2.34,7.310000000000002
2015,143,2.34,7.310000000000002
2015,144,0.76,5.580000000000041
2015,144,0.76,5.580000000000041
2015,145,1.04,6.0400000000000205
2015,145,1.04,6.0400000000000205
2015,146,0.44,7.480000000000018
2015,146,0.44,7.480000000000018
2015,147,1.28,9.960000000000036
2015,147,1.28,9.960000000000036
2015,148,0.0,11.189999999999998
2015,148,0.0,11.189999999999998
2015,149,0.03,9.04000000000002
2015,149,0.03,9.04000000000002
2015,150,1.38,9.129999999999995
2015,150,1.38,9.129999999999995
2015,151,0.0,12.930000000000007
2015,151,0.0,12.930000000000007
2015,152,0.63,15.490000000000009
2015,152,0.63,15.490000000000009
2015,153,0.0,14.879999999999995
2015,153,0.0,14.879999999999995
2015,154,0.0,14.970000000000027
2015,154,0.0,14.970000000000027
2015,155,0.0,14.060000000000002
2015,155,0.0,14.060000000000002
2015,156,1.69,13.430000000000007
2015,156,1.69,13.430000000000007
2015,157,4.65,12.680000000000007
2015,157,4.65,12.680000000000007
2015,158,0.1,12.310000000000002
2015,158,0.1,12.310000000000002
2015,159,0.19,13.470000000000027
2015,159,0.19,13.470000000000027
2015,160,0.0,15.620000000000005
2015,160,0.0,15.620000000000005
2015,161,0.95,14.610000000000014
2015,161,0.95,14.610000000000014
2015,162,2.95,13.330000000000041
2015,162,2.95,13.330000000000041
2015,163,10.39,11.720000000000027
2015,163,10.39,11.720000000000027
2015,164,0.81,13.57000000000005
2015,164,0.81,13.57000000000005
2015,165,0.63,13.57000000000005
2015,165,0.63,13.57000000000005
2015,166,3.44,14.200000000000045
2015,166,3.44,14.200000000000045
2015,167,4.67,14.620000000000005
2015,167,4.67,14.620000000000005
2015,168,1.09,16.360000000000014
2015,168,1.09,16.360000000000014
2015,169,0.39,17.650000000000034
2015,169,0.39,17.650000000000034
2015,170,0.01,17.730000000000018
2015,170,0.01,17.730000000000018
2015,171,0.0,19.05000000000001
2015,171,0.0,19.05000000000001
2015,172,0.0,19.24000000000001
2015,172,0.0,19.24000000000001
2015,173,0.0,19.810000000000002
2015,173,0.0,19.810000000000002
2015,174,0.0,18.420000000000016
2015,174,0.0,18.420000000000016
2015,175,0.16,19.560000000000002
2015,175,0.16,19.560000000000002
2015,176,0.9,18.360000000000014
2015,176,0.9,18.360000000000014
2015,177,0.42,17.620000000000005
2015,177,0.42,17.620000000000005
2015,178,0.06,16.28000000000003
2015,178,0.06,16.28000000000003
2015,179,0.52,17.840000000000032
2015,179,0.52,17.840000000000032
2015,180,0.41,17.920000000000016
2015,180,0.41,17.920000000000016
2015,181,0.06,17.920000000000016
2015,181,0.06,17.920000000000016
2015,182,4.63,19.230000000000018
2015,182,4.63,19.230000000000018
2015,183,1.17,16.860000000000014
2015,183,1.17,16.860000000000014
2015,184,0.71,16.460000000000036
2015,184,0.71,16.460000000000036
2015,185,5.4,18.08000000000004
2015,185,5.4,18.08000000000004
2015,186,0.26,19.060000000000002
2015,186,0.26,19.060000000000002
2015,187,7.06,15.900000000000034
2015,187,7.06,15.900000000000034
2015,188,7.92,12.53000000000003
2015,188,7.92,12.53000000000003
2015,189,3.23,12.180000000000007
2015,189,3.23,12.180000000000007
2015,190,5.17,12.510000000000048
2015,190,5.17,12.510000000000048
2015,191,3.27,14.360000000000014
2015,191,3.27,14.360000000000014
2015,192,0.41,14.900000000000034
2015,192,0.41,14.900000000000034
2015,193,0.0,16.340000000000032
2015,193,0.0,16.340000000000032
2015,194,1.3,17.890000000000043
2015,194,1.3,17.890000000000043
2015,195,2.61,17.010000000000048
2015,195,2.61,17.010000000000048
2015,196,0.42,14.870000000000005
2015,196,0.42,14.870000000000005
2015,197,0.04,15.379999999999995
2015,197,0.04,15.379999999999995
2015,198,1.65,16.52000000000004
2015,198,1.65,16.52000000000004
2015,199,0.01,16.28000000000003
2015,199,0.01,16.28000000000003
2015,200,1.95,15.390000000000043
2015,200,1.95,15.390000000000043
2015,201,1.14,15.29000000000002
2015,201,1.14,15.29000000000002
2015,202,3.01,14.5
2015,202,3.01,14.5
2015,203,0.31,14.960000000000036
2015,203,0.31,14.960000000000036
2015,204,0.0,17.220000000000027
2015,204,0.0,17.220000000000027
2015,205,0.0,18.879999999999995
2015,205,0.0,18.879999999999995
2015,206,0.0,17.230000000000018
2015,206,0.0,17.230000000000018
2015,207,0.0,17.890000000000043
2015,207,0.0,17.890000000000043
2015,208,0.0,18.360000000000014
2015,208,0.0,18.360000000000014
2015,209,0.0,17.310000000000002
2015,209,0.0,17.310000000000002
2015,210,0.34,15.770000000000039
2015,210,0.34,15.770000000000039
2015,211,0.33,16.5
2015,211,0.33,16.5
2015,212,2.41,17.100000000000023
2015,212,2.41,17.100000000000023
2015,213,0.22,17.129999999999995
2015,213,0.22,17.129999999999995
2015,214,0.32,17.610000000000014
2015,214,0.32,17.610000000000014
2015,215,0.51,16.840000000000032
2015,215,0.51,16.840000000000032
2015,216,0.41,15.950000000000045
2015,216,0.41,15.950000000000045
2015,217,0.0,17.0
2015,217,0.0,17.0
2015,218,0.0,18.170000000000016
2015,218,0.0,18.170000000000016
2015,219,0.0,17.55000000000001
2015,219,0.0,17.55000000000001
2015,220,0.0,16.30000000000001
2015,220,0.0,16.30000000000001
2015,221,0.0,16.189999999999998
2015,221,0.0,16.189999999999998
2015,222,5.15,16.129999999999995
2015,222,5.15,16.129999999999995
2015,223,5.63,15.600000000000023
2015,223,5.63,15.600000000000023
2015,224,1.31,16.77000000000004
2015,224,1.31,16.77000000000004
2015,225,2.74,18.5
2015,225,2.74,18.5
2015,226,1.96,19.060000000000002
2015,226,1.96,19.060000000000002
2015,227,2.77,19.230000000000018
2015,227,2.77,19.230000000000018
2015,228,2.54,18.129999999999995
2015,228,2.54,18.129999999999995
2015,229,1.3,17.04000000000002
2015,229,1.3,17.04000000000002
2015,230,0.87,14.75
2015,230,0.87,14.75
2015,231,0.4,10.260000000000048
2015,231,0.4,10.260000000000048
2015,232,0.0,12.510000000000048
2015,232,0.0,12.510000000000048
2015,233,0.0,15.57000000000005
2015,233,0.0,15.57000000000005
2015,234,0.8,16.840000000000032
2015,234,0.8,16.840000000000032
2015,235,0.36,14.520000000000039
2015,235,0.36,14.520000000000039
2015,236,0.21,16.840000000000032
2015,236,0.21,16.840000000000032
2015,237,0.39,17.480000000000018
2015,237,0.39,17.480000000000018
2015,238,0.02,18.350000000000023
2015,238,0.02,18.350000000000023
2015,239,0.14,15.930000000000007
2015,239,0.14,15.930000000000007
2015,240,1.37,14.629999999999995
2015,240,1.37,14.629999999999995
2015,241,0.1,15.600000000000023
2015,241,0.1,15.600000000000023
2015,242,0.0,17.220000000000027
2015,242,0.0,17.220000000000027
2015,243,0.03,17.150000000000034
2015,243,0.03,17.150000000000034
2015,244,0.84,15.470000000000027
2015,244,0.84,15.470000000000027
2015,245,0.27,16.710000000000036
2015,245,0.27,16.710000000000036
2015,246,0.12,15.930000000000007
2015,246,0.12,15.930000000000007
2015,247,0.9,15.150000000000034
2015,247,0.9,15.150000000000034
2015,248,0.19,15.32000000000005
2015,248,0.19,15.32000000000005
2015,249,0.0,14.400000000000034
2015,249,0.0,14.400000000000034
2015,250,0.0,14.910000000000025
2015,250,0.0,14.910000000000025
2015,251,0.0,13.939999999999998
2015,251,0.0,13.939999999999998
2015,252,0.0,14.270000000000039
2015,252,0.0,14.270000000000039
2015,253,0.0,15.010000000000048
2015,253,0.0,15.010000000000048
2015,254,0.0,12.850000000000023
2015,254,0.0,12.850000000000023
2015,255,0.0,14.03000000000003
2015,255,0.0,14.03000000000003
2015,256,0.0,15.75
2015,256,0.0,15.75
2015,257,0.0,15.560000000000002
2015,257,0.0,15.560000000000002
2015,258,0.0,14.28000000000003
2015,258,0.0,14.28000000000003
2015,259,0.0,13.560000000000002
2015,259,0.0,13.560000000000002
2015,260,0.0,13.57000000000005
2015,260,0.0,13.57000000000005
2015,261,0.0,11.520000000000039
2015,261,0.0,11.520000000000039
2015,262,0.0,10.180000000000007
2015,262,0.0,10.180000000000007
2015,263,0.0,12.189999999999998
2015,263,0.0,12.189999999999998
2015,264,0.0,14.53000000000003
2015,264,0.0,14.53000000000003
2015,265,0.09,15.850000000000023
2015,265,0.09,15.850000000000023
2015,266,0.65,14.129999999999995
2015,266,0.65,14.129999999999995
2015,267,0.0,13.760000000000048
2015,267,0.0,13.760000000000048
2015,268,0.0,13.939999999999998
2015,268,0.0,13.939999999999998
2015,269,0.0,14.890000000000043
2015,269,0.0,14.890000000000043
2015,270,0.0,15.260000000000048
2015,270,0.0,15.260000000000048
2015,271,0.0,15.220000000000027
2015,271,0.0,15.220000000000027
2015,272,1.85,13.640000000000043
2015,272,1.85,13.640000000000043
2015,273,0.31,13.78000000000003
2015,273,0.31,13.78000000000003
2015,274,0.3,14.160000000000025
2015,274,0.3,14.160000000000025
2015,275,0.27,14.520000000000039
2015,275,0.27,14.520000000000039
2015,276,0.04,10.629999999999995
2015,276,0.04,10.629999999999995
2015,277,0.09,9.390000000000043
2015,277,0.09,9.390000000000043
2015,278,0.18,10.300000000000011
2015,278,0.18,10.300000000000011
2015,279,1.82,10.689999999999998
2015,279,1.82,10.689999999999998
2015,280,0.35,9.510000000000048
2015,280,0.35,9.510000000000048
2015,281,0.0,10.439999999999998
2015,281,0.0,10.439999999999998
2015,282,0.0,9.850000000000023
2015,282,0.0,9.850000000000023
2015,283,0.0,12.670000000000016
2015,283,0.0,12.670000000000016
2015,284,0.0,13.560000000000002
2015,284,0.0,13.560000000000002
2015,285,0.0,11.78000000000003
2015,285,0.0,11.78000000000003
2015,286,0.0,11.650000000000034
2015,286,0.0,11.650000000000034
2015,287,0.0,12.07000000000005
2015,287,0.0,12.07000000000005
2015,288,0.0,11.350000000000023
2015,288,0.0,11.350000000000023
2015,289,0.0,8.180000000000007
2015,289,0.0,8.180000000000007
2015,290,0.0,11.730000000000018
2015,290,0.0,11.730000000000018
2015,291,0.13,11.0
2015,291,0.13,11.0
2015,292,0.05,10.420000000000016
2015,292,0.05,10.420000000000016
2015,293,0.0,8.710000000000036
2015,293,0.0,8.710000000000036
2015,294,2.89,5.6299999999999955
2015,294,2.89,5.6299999999999955
2015,295,11.46,3.1299999999999955
2015,295,11.46,3.1299999999999955
2015,296,0.83,3.8000000000000114
2015,296,0.83,3.8000000000000114
2015,297,0.26,4.010000000000048
2015,297,0.26,4.010000000000048
2015,298,0.0,5.8799999999999955
2015,298,0.0,5.8799999999999955
2015,299,0.12,7.189999999999998
2015,299,0.12,7.189999999999998
2015,300,0.0,4.310000000000002
2015,300,0.0,4.310000000000002
2015,301,0.0,1.9500000000000455
2015,301,0.0,1.9500000000000455
2015,302,0.0,4.740000000000009
2015,302,0.0,4.740000000000009
2015,303,0.77,3.8000000000000114
2015,303,0.77,3.8000000000000114
2015,304,0.04,2.32000000000005
2015,304,0.04,2.32000000000005
2015,305,0.0,5.100000000000023
2015,305,0.0,5.100000000000023
2015,306,0.0,6.6299999999999955
2015,306,0.0,6.6299999999999955
2015,307,0.0,6.960000000000036
2015,307,0.0,6.960000000000036
2015,308,0.0,5.25
2015,308,0.0,5.25
2015,309,0.0,-0.8199999999999932
2015,309,0.0,-0.8199999999999932
2015,310,0.0,-3.359999999999957
2015,310,0.0,-3.359999999999957
2015,311,0.0,-3.1200000000000045
2015,311,0.0,-3.1200000000000045
2015,312,0.0,2.400000000000034
2015,312,0.0,2.400000000000034
2015,313,0.0,2.6899999999999977
2015,313,0.0,2.6899999999999977
2015,314,0.0,1.9500000000000455
2015,314,0.0,1.9500000000000455
2015,315,1.4,-2.3999999999999773
2015,315,1.4,-2.3999999999999773
2015,316,0.0,-4.359999999999957
2015,316,0.0,-4.359999999999957
2015,317,0.07,-1.6299999999999955
2015,317,0.07,-1.6299999999999955
2015,318,0.0,1.82000000000005
2015,318,0.0,1.82000000000005
2015,319,0.0,1.7000000000000455
2015,319,0.0,1.7000000000000455
2015,320,0.44,1.240000000000009
2015,320,0.44,1.240000000000009
2015,321,5.85,-4.639999999999986
2015,321,5.85,-4.639999999999986
2015,322,0.05,-5.1200000000000045
2015,322,0.05,-5.1200000000000045
2015,323,0.0,-4.92999999999995
2015,323,0.0,-4.92999999999995
2015,324,0.06,-1.3999999999999773
2015,324,0.06,-1.3999999999999773
2015,325,0.0,-7.259999999999991
2015,325,0.0,-7.259999999999991
2015,326,0.0,-2.349999999999966
2015,326,0.0,-2.349999999999966
2015,327,0.0,0.57000000000005
2015,327,0.0,0.57000000000005
2015,328,0.0,-0.5999999999999659
2015,328,0.0,-0.5999999999999659
2015,329,0.0,-0.7599999999999909
2015,329,0.0,-0.7599999999999909
2015,330,0.0,-4.169999999999959
2015,330,0.0,-4.169999999999959
2015,331,0.6,-11.149999999999977
2015,331,0.6,-11.149999999999977
2015,332,0.25,-7.96999999999997
2015,332,0.25,-7.96999999999997
2015,333,0.0,-7.42999999999995
2015,333,0.0,-7.42999999999995
2015,334,2.35,-9.509999999999991
2015,334,2.35,-9.509999999999991
2015,335,0.01,-11.939999999999998
2015,335,0.01,-11.939999999999998
2015,336,0.01,-7.3799999999999955
2015,336,0.01,-7.3799999999999955
2015,337,0.0,-5.009999999999991
2015,337,0.0,-5.009999999999991
2015,338,0.18,-2.599999999999966
2015,338,0.18,-2.599999999999966
2015,339,0.0,-2.0499999999999545
2015,339,0.0,-2.0499999999999545
2015,340,0.01,-3.17999999999995
2015,340,0.01,-3.17999999999995
2015,341,0.11,1.0
2015,341,0.11,1.0
2015,342,0.0,1.170000000000016
2015,342,0.0,1.170000000000016
2015,343,0.0,2.2000000000000455
2015,343,0.0,2.2000000000000455
2015,344,0.0,2.640000000000043
2015,344,0.0,2.640000000000043
2015,345,0.0,1.8400000000000318
2015,345,0.0,1.8400000000000318
2015,346,0.41,-2.109999999999957
2015,346,0.41,-2.109999999999957
2015,347,0.04,-6.329999999999984
2015,347,0.04,-6.329999999999984
2015,348,2.04,-3.17999999999995
2015,348,2.04,-3.17999999999995
2015,349,0.41,-7.8799999999999955
2015,349,0.41,-7.8799999999999955
2015,350,1.14,-11.769999999999982
2015,350,1.14,-11.769999999999982
2015,351,0.0,-13.769999999999982
2015,351,0.0,-13.769999999999982
2015,352,0.37,-8.169999999999959
2015,352,0.37,-8.169999999999959
2015,353,0.03,-2.079999999999984
2015,353,0.03,-2.079999999999984
2015,354,0.0,-0.75
2015,354,0.0,-0.75
2015,355,0.0,-5.269999999999982
2015,355,0.0,-5.269999999999982
2015,356,0.0,-3.519999999999982
2015,356,0.0,-3.519999999999982
2015,357,0.01,-5.449999999999989
2015,357,0.01,-5.449999999999989
2015,358,0.0,-10.689999999999998
2015,358,0.0,-10.689999999999998
2015,359,0.41,-7.009999999999991
2015,359,0.41,-7.009999999999991
2015,360,0.0,-11.810000000000002
2015,360,0.0,-11.810000000000002
2015,361,0.0,-14.739999999999952
2015,361,0.0,-14.739999999999952
2015,362,0.11,-8.949999999999989
2015,362,0.11,-8.949999999999989
2015,363,0.01,-9.0
2015,363,0.01,-9.0
2015,364,0.0,-10.539999999999964
2015,364,0.0,-10.539999999999964
2015,365,0.0,-12.399999999999977
2015,365,0.0,-12.399999999999977
2016,1,0.0,-14.0
2016,1,0.0,-14.0
2016,2,0.0,-9.45999999999998
2016,2,0.0,-9.45999999999998
2016,3,0.0,-4.810000000000002
2016,3,0.0,-4.810000000000002
2016,4,0.0,-3.2899999999999636
2016,4,0.0,-3.2899999999999636
2016,5,0.0,-3.2999999999999545
2016,5,0.0,-3.2999999999999545
2016,6,0.0,-4.789999999999964
2016,6,0.0,-4.789999999999964
2016,7,0.48,-3.2399999999999523
2016,7,0.48,-3.2399999999999523
2016,8,0.0,-6.089999999999975
2016,8,0.0,-6.089999999999975
2016,9,0.0,-10.399999999999977
2016,9,0.0,-10.399999999999977
2016,10,0.0,-11.629999999999995
2016,10,0.0,-11.629999999999995
2016,11,0.2,-10.199999999999989
2016,11,0.2,-10.199999999999989
2016,12,0.0,-6.0499999999999545
2016,12,0.0,-6.0499999999999545
2016,13,0.51,-4.579999999999984
2016,13,0.51,-4.579999999999984
2016,14,0.0,-4.67999999999995
2016,14,0.0,-4.67999999999995
2016,15,0.0,-8.949999999999989
2016,15,0.0,-8.949999999999989
2016,16,0.0,-10.669999999999959
2016,16,0.0,-10.669999999999959
2016,17,0.0,-7.689999999999998
2016,17,0.0,-7.689999999999998
2016,18,0.0,-5.889999999999986
2016,18,0.0,-5.889999999999986
2016,19,0.0,-4.6200000000000045
2016,19,0.0,-4.6200000000000045
2016,20,0.0,-5.060000000000002
2016,20,0.0,-5.060000000000002
2016,21,0.0,-8.0
2016,21,0.0,-8.0
2016,22,0.0,-4.7099999999999795
2016,22,0.0,-4.7099999999999795
2016,23,0.0,-0.8799999999999955
2016,23,0.0,-0.8799999999999955
2016,24,0.0,-1.7699999999999818
2016,24,0.0,-1.7699999999999818
2016,25,0.0,-6.75
2016,25,0.0,-6.75
2016,26,0.0,-9.75
2016,26,0.0,-9.75
2016,27,0.0,-5.089999999999975
2016,27,0.0,-5.089999999999975
2016,28,0.0,-2.17999999999995
2016,28,0.0,-2.17999999999995
2016,29,0.0,-1.17999999999995
2016,29,0.0,-1.17999999999995
2016,30,0.0,0.30000000000001137
2016,30,0.0,0.30000000000001137
2016,31,1.06,-2.9699999999999704
2016,31,1.06,-2.9699999999999704
2016,32,4.87,-6.5499999999999545
2016,32,4.87,-6.5499999999999545
2016,33,0.05,-10.870000000000005
2016,33,0.05,-10.870000000000005
2016,34,0.09,-15.089999999999975
2016,34,0.09,-15.089999999999975
2016,35,0.0,-13.67999999999995
2016,35,0.0,-13.67999999999995
2016,36,0.57,-9.579999999999984
2016,36,0.57,-9.579999999999984
2016,37,0.04,-7.4599999999999795
2016,37,0.04,-7.4599999999999795
2016,38,0.04,-3.769999999999982
2016,38,0.04,-3.769999999999982
2016,39,0.0,-4.029999999999973
2016,39,0.0,-4.029999999999973
2016,40,0.0,-2.3799999999999955
2016,40,0.0,-2.3799999999999955
2016,41,0.0,-0.06999999999999318
2016,41,0.0,-0.06999999999999318
2016,42,0.0,2.2000000000000455
2016,42,0.0,2.2000000000000455
2016,43,0.0,1.1200000000000045
2016,43,0.0,1.1200000000000045
2016,44,0.0,1.7900000000000205
2016,44,0.0,1.7900000000000205
2016,45,0.0,-1.4399999999999977
2016,45,0.0,-1.4399999999999977
2016,46,0.0,-2.42999999999995
2016,46,0.0,-2.42999999999995
2016,47,0.0,-0.67999999999995
2016,47,0.0,-0.67999999999995
2016,48,0.0,0.9000000000000341
2016,48,0.0,0.9000000000000341
2016,49,0.0,3.080000000000041
2016,49,0.0,3.080000000000041
2016,50,0.0,1.920000000000016
2016,50,0.0,1.920000000000016
2016,51,0.0,1.3700000000000045
2016,51,0.0,1.3700000000000045
2016,52,0.0,-0.7999999999999545
2016,52,0.0,-0.7999999999999545
2016,53,0.0,-3.419999999999959
2016,53,0.0,-3.419999999999959
2016,54,5.43,-6.489999999999952
2016,54,5.43,-6.489999999999952
2016,55,0.01,-7.509999999999991
2016,55,0.01,-7.509999999999991
2016,56,0.13,-4.349999999999966
2016,56,0.13,-4.349999999999966
2016,57,0.0,-0.44999999999998863
2016,57,0.0,-0.44999999999998863
2016,58,0.0,1.660000000000025
2016,58,0.0,1.660000000000025
2016,59,0.0,1.1200000000000045
2016,59,0.0,1.1200000000000045
2016,60,0.0,0.2300000000000182
2016,60,0.0,0.2300000000000182
2016,61,0.0,-1.2099999999999795
2016,61,0.0,-1.2099999999999795
2016,62,0.0,0.5500000000000114
2016,62,0.0,0.5500000000000114
2016,63,0.0,0.020000000000038654
2016,63,0.0,0.020000000000038654
2016,64,0.0,2.2000000000000455
2016,64,0.0,2.2000000000000455
2016,65,0.0,2.420000000000016
2016,65,0.0,2.420000000000016
2016,66,0.0,2.2000000000000455
2016,66,0.0,2.2000000000000455
2016,67,0.0,0.2400000000000091
2016,67,0.0,0.2400000000000091
2016,68,0.0,-3.7999999999999545
2016,68,0.0,-3.7999999999999545
2016,69,0.0,-2.5399999999999636
2016,69,0.0,-2.5399999999999636
2016,70,0.0,-1.009999999999991
2016,70,0.0,-1.009999999999991
2016,71,0.0,3.930000000000007
2016,71,0.0,3.930000000000007
2016,72,0.0,5.03000000000003
2016,72,0.0,5.03000000000003
2016,73,0.29,2.5200000000000387
2016,73,0.29,2.5200000000000387
2016,74,0.0,1.7800000000000296
2016,74,0.0,1.7800000000000296
2016,75,0.43,-2.6499999999999773
2016,75,0.43,-2.6499999999999773
2016,76,0.02,-4.229999999999961
2016,76,0.02,-4.229999999999961
2016,77,0.0,-2.839999999999975
2016,77,0.0,-2.839999999999975
2016,78,0.79,-6.109999999999957
2016,78,0.79,-6.109999999999957
2016,79,0.0,-8.560000000000002
2016,79,0.0,-8.560000000000002
2016,80,0.0,-4.389999999999986
2016,80,0.0,-4.389999999999986
2016,81,0.0,2.920000000000016
2016,81,0.0,2.920000000000016
2016,82,0.0,3.7100000000000364
2016,82,0.0,3.7100000000000364
2016,83,6.78,-1.2799999999999727
2016,83,6.78,-1.2799999999999727
2016,84,1.14,-5.46999999999997
2016,84,1.14,-5.46999999999997
2016,85,0.13,-3.0399999999999636
2016,85,0.13,-3.0399999999999636
2016,86,2.5,-5.8799999999999955
2016,86,2.5,-5.8799999999999955
2016,87,0.0,-6.2999999999999545
2016,87,0.0,-6.2999999999999545
2016,88,0.0,-0.5600000000000023
2016,88,0.0,-0.5600000000000023
2016,89,0.0,2.8100000000000023
2016,89,0.0,2.8100000000000023
2016,90,0.98,-2.509999999999991
2016,90,0.98,-2.509999999999991
2016,91,1.66,-4.8799999999999955
2016,91,1.66,-4.8799999999999955
2016,92,0.6,-4.849999999999966
2016,92,0.6,-4.849999999999966
2016,93,0.0,-1.669999999999959
2016,93,0.0,-1.669999999999959
2016,94,0.0,2.5200000000000387
2016,94,0.0,2.5200000000000387
2016,95,0.0,5.220000000000027
2016,95,0.0,5.220000000000027
2016,96,0.04,5.2000000000000455
2016,96,0.04,5.2000000000000455
2016,97,0.0,1.2000000000000455
2016,97,0.0,1.2000000000000455
2016,98,0.0,4.580000000000041
2016,98,0.0,4.580000000000041
2016,99,0.0,4.5400000000000205
2016,99,0.0,4.5400000000000205
2016,100,0.0,5.6200000000000045
2016,100,0.0,5.6200000000000045
2016,101,0.01,4.730000000000018
2016,101,0.01,4.730000000000018
2016,102,0.59,3.25
2016,102,0.59,3.25
2016,103,1.87,4.840000000000032
2016,103,1.87,4.840000000000032
2016,104,0.0,5.9500000000000455
2016,104,0.0,5.9500000000000455
2016,105,0.0,6.800000000000011
2016,105,0.0,6.800000000000011
2016,106,0.35,5.6200000000000045
2016,106,0.35,5.6200000000000045
2016,107,5.04,-1.329999999999984
2016,107,5.04,-1.329999999999984
2016,108,3.12,-5.199999999999989
2016,108,3.12,-5.199999999999989
2016,109,5.43,-5.859999999999957
2016,109,5.43,-5.859999999999957
2016,110,3.21,-3.5299999999999727
2016,110,3.21,-3.5299999999999727
2016,111,0.04,-1.1499999999999773
2016,111,0.04,-1.1499999999999773
2016,112,0.0,1.3700000000000045
2016,112,0.0,1.3700000000000045
2016,113,0.0,4.020000000000039
2016,113,0.0,4.020000000000039
2016,114,0.0,6.050000000000011
2016,114,0.0,6.050000000000011
2016,115,0.08,1.1100000000000136
2016,115,0.08,1.1100000000000136
2016,116,0.0,2.3700000000000045
2016,116,0.0,2.3700000000000045
2016,117,4.06,0.8400000000000318
2016,117,4.06,0.8400000000000318
2016,118,0.15,-2.269999999999982
2016,118,0.15,-2.269999999999982
2016,119,4.17,-1.17999999999995
2016,119,4.17,-1.17999999999995
2016,120,9.77,-2.1299999999999955
2016,120,9.77,-2.1299999999999955
2016,121,1.93,-1.3999999999999773
2016,121,1.93,-1.3999999999999773
2016,122,0.33,-4.8799999999999955
2016,122,0.33,-4.8799999999999955
2016,123,0.0,-1.92999999999995
2016,123,0.0,-1.92999999999995
2016,124,0.0,0.5200000000000387
2016,124,0.0,0.5200000000000387
2016,125,0.0,5.5
2016,125,0.0,5.5
2016,126,0.0,6.3700000000000045
2016,126,0.0,6.3700000000000045
2016,127,0.01,9.340000000000032
2016,127,0.01,9.340000000000032
2016,128,0.82,7.25
2016,128,0.82,7.25
2016,129,0.17,0.4200000000000159
2016,129,0.17,0.4200000000000159
2016,130,0.0,1.990000000000009
2016,130,0.0,1.990000000000009
2016,131,0.33,6.340000000000032
2016,131,0.33,6.340000000000032
2016,132,0.0,2.830000000000041
2016,132,0.0,2.830000000000041
2016,133,0.0,4.7900000000000205
2016,133,0.0,4.7900000000000205
2016,134,0.0,6.3700000000000045
2016,134,0.0,6.3700000000000045
2016,135,0.0,7.640000000000043
2016,135,0.0,7.640000000000043
2016,136,2.29,6.180000000000007
2016,136,2.29,6.180000000000007
2016,137,2.35,4.32000000000005
2016,137,2.35,4.32000000000005
2016,138,13.97,0.8500000000000227
2016,138,13.97,0.8500000000000227
2016,139,4.28,0.28000000000002956
2016,139,4.28,0.28000000000002956
2016,140,1.22,4.230000000000018
2016,140,1.22,4.230000000000018
2016,141,0.2,7.310000000000002
2016,141,0.2,7.310000000000002
2016,142,0.0,9.730000000000018
2016,142,0.0,9.730000000000018
2016,143,0.0,9.210000000000036
2016,143,0.0,9.210000000000036
2016,144,0.0,6.510000000000048
2016,144,0.0,6.510000000000048
2016,145,0.0,7.890000000000043
2016,145,0.0,7.890000000000043
2016,146,0.0,6.5400000000000205
2016,146,0.0,6.5400000000000205
2016,147,1.54,8.020000000000039
2016,147,1.54,8.020000000000039
2016,148,4.43,4.510000000000048
2016,148,4.43,4.510000000000048
2016,149,0.56,5.090000000000032
2016,149,0.56,5.090000000000032
2016,150,0.9,8.390000000000043
2016,150,0.9,8.390000000000043
2016,151,0.0,10.04000000000002
2016,151,0.0,10.04000000000002
2016,152,0.42,8.79000000000002
2016,152,0.42,8.79000000000002
2016,153,2.46,8.010000000000048
2016,153,2.46,8.010000000000048
2016,154,2.89,10.07000000000005
2016,154,2.89,10.07000000000005
2016,155,0.0,11.810000000000002
2016,155,0.0,11.810000000000002
2016,156,0.0,12.010000000000048
2016,156,0.0,12.010000000000048
2016,157,0.0,12.75
2016,157,0.0,12.75
2016,158,1.64,14.25
2016,158,1.64,14.25
2016,159,4.62,14.490000000000009
2016,159,4.62,14.490000000000009
2016,160,0.96,14.900000000000034
2016,160,0.96,14.900000000000034
2016,161,0.74,14.980000000000018
2016,161,0.74,14.980000000000018
2016,162,1.02,17.840000000000032
2016,162,1.02,17.840000000000032
2016,163,0.1,17.79000000000002
2016,163,0.1,17.79000000000002
2016,164,2.86,16.210000000000036
2016,164,2.86,16.210000000000036
2016,165,6.6,14.07000000000005
2016,165,6.6,14.07000000000005
2016,166,0.3,11.660000000000025
2016,166,0.3,11.660000000000025
2016,167,0.0,14.370000000000005
2016,167,0.0,14.370000000000005
2016,168,0.0,16.02000000000004
2016,168,0.0,16.02000000000004
2016,169,0.0,16.82000000000005
2016,169,0.0,16.82000000000005
2016,170,0.0,17.350000000000023
2016,170,0.0,17.350000000000023
2016,171,0.0,19.24000000000001
2016,171,0.0,19.24000000000001
2016,172,0.0,19.879999999999995
2016,172,0.0,19.879999999999995
2016,173,19.13,20.53000000000003
2016,173,19.13,20.53000000000003
2016,174,3.41,19.720000000000027
2016,174,3.41,19.720000000000027
2016,175,1.21,17.560000000000002
2016,175,1.21,17.560000000000002
2016,176,0.0,17.640000000000043
2016,176,0.0,17.640000000000043
2016,177,0.89,17.77000000000004
2016,177,0.89,17.77000000000004
2016,178,3.31,16.79000000000002
2016,178,3.31,16.79000000000002
2016,179,1.18,17.689999999999998
2016,179,1.18,17.689999999999998
2016,180,0.0,17.850000000000023
2016,180,0.0,17.850000000000023
2016,181,0.83,17.689999999999998
2016,181,0.83,17.689999999999998
2016,182,0.12,16.720000000000027
2016,182,0.12,16.720000000000027
2016,183,6.71,14.610000000000014
2016,183,6.71,14.610000000000014
2016,184,1.38,13.490000000000009
2016,184,1.38,13.490000000000009
2016,185,0.8,13.960000000000036
2016,185,0.8,13.960000000000036
2016,186,0.01,15.490000000000009
2016,186,0.01,15.490000000000009
2016,187,0.0,16.75
2016,187,0.0,16.75
2016,188,0.0,17.370000000000005
2016,188,0.0,17.370000000000005
2016,189,0.0,16.850000000000023
2016,189,0.0,16.850000000000023
2016,190,0.84,17.410000000000025
2016,190,0.84,17.410000000000025
2016,191,0.0,17.710000000000036
2016,191,0.0,17.710000000000036
2016,192,0.0,18.33000000000004
2016,192,0.0,18.33000000000004
2016,193,0.0,17.140000000000043
2016,193,0.0,17.140000000000043
2016,194,0.0,15.770000000000039
2016,194,0.0,15.770000000000039
2016,195,0.0,16.78000000000003
2016,195,0.0,16.78000000000003
2016,196,0.0,16.900000000000034
2016,196,0.0,16.900000000000034
2016,197,0.18,17.180000000000007
2016,197,0.18,17.180000000000007
2016,198,0.0,17.53000000000003
2016,198,0.0,17.53000000000003
2016,199,0.0,18.450000000000045
2016,199,0.0,18.450000000000045
2016,200,1.19,18.360000000000014
2016,200,1.19,18.360000000000014
2016,201,1.33,18.420000000000016
2016,201,1.33,18.420000000000016
2016,202,1.41,18.82000000000005
2016,202,1.41,18.82000000000005
2016,203,4.83,18.860000000000014
2016,203,4.83,18.860000000000014
2016,204,2.13,19.860000000000014
2016,204,2.13,19.860000000000014
2016,205,0.79,19.110000000000014
2016,205,0.79,19.110000000000014
2016,206,0.2,18.640000000000043
2016,206,0.2,18.640000000000043
2016,207,0.51,18.370000000000005
2016,207,0.51,18.370000000000005
2016,208,0.0,18.730000000000018
2016,208,0.0,18.730000000000018
2016,209,0.0,18.28000000000003
2016,209,0.0,18.28000000000003
2016,210,0.0,18.689999999999998
2016,210,0.0,18.689999999999998
2016,211,0.23,16.680000000000007
2016,211,0.23,16.680000000000007
2016,212,0.11,17.55000000000001
2016,212,0.11,17.55000000000001
2016,213,0.72,18.410000000000025
2016,213,0.72,18.410000000000025
2016,214,0.12,17.28000000000003
2016,214,0.12,17.28000000000003
2016,215,0.0,18.689999999999998
2016,215,0.0,18.689999999999998
2016,216,0.0,17.860000000000014
2016,216,0.0,17.860000000000014
2016,217,0.0,17.260000000000048
2016,217,0.0,17.260000000000048
2016,218,3.56,12.150000000000034
2016,218,3.56,12.150000000000034
2016,219,1.45,14.930000000000007
2016,219,1.45,14.930000000000007
2016,220,1.62,16.0
2016,220,1.62,16.0
2016,221,5.59,16.80000000000001
2016,221,5.59,16.80000000000001
2016,222,0.01,17.700000000000045
2016,222,0.01,17.700000000000045
2016,223,1.05,17.460000000000036
2016,223,1.05,17.460000000000036
2016,224,0.04,17.180000000000007
2016,224,0.04,17.180000000000007
2016,225,0.37,14.32000000000005
2016,225,0.37,14.32000000000005
2016,226,0.55,14.520000000000039
2016,226,0.55,14.520000000000039
2016,227,0.0,14.840000000000032
2016,227,0.0,14.840000000000032
2016,228,0.0,16.08000000000004
2016,228,0.0,16.08000000000004
2016,229,0.02,15.990000000000009
2016,229,0.02,15.990000000000009
2016,230,6.15,15.760000000000048
2016,230,6.15,15.760000000000048
2016,231,1.12,15.340000000000032
2016,231,1.12,15.340000000000032
2016,232,0.12,13.510000000000048
2016,232,0.12,13.510000000000048
2016,233,1.01,11.760000000000048
2016,233,1.01,11.760000000000048
2016,234,0.07,13.830000000000041
2016,234,0.07,13.830000000000041
2016,235,2.17,16.100000000000023
2016,235,2.17,16.100000000000023
2016,236,1.78,14.700000000000045
2016,236,1.78,14.700000000000045
2016,237,11.37,12.420000000000016
2016,237,11.37,12.420000000000016
2016,238,1.11,10.610000000000014
2016,238,1.11,10.610000000000014
2016,239,0.0,11.110000000000014
2016,239,0.0,11.110000000000014
2016,240,0.08,12.150000000000034
2016,240,0.08,12.150000000000034
2016,241,0.66,13.580000000000041
2016,241,0.66,13.580000000000041
2016,242,17.37,12.770000000000039
2016,242,17.37,12.770000000000039
2016,243,0.76,12.150000000000034
2016,243,0.76,12.150000000000034
2016,244,0.0,13.300000000000011
2016,244,0.0,13.300000000000011
2016,245,0.57,14.640000000000043
2016,245,0.57,14.640000000000043
2016,246,1.7,15.090000000000032
2016,246,1.7,15.090000000000032
2016,247,0.0,14.900000000000034
2016,247,0.0,14.900000000000034
2016,248,0.08,14.54000000000002
2016,248,0.08,14.54000000000002
2016,249,0.0,14.490000000000009
2016,249,0.0,14.490000000000009
2016,250,0.0,15.060000000000002
2016,250,0.0,15.060000000000002
2016,251,0.04,14.450000000000045
2016,251,0.04,14.450000000000045
2016,252,0.0,14.620000000000005
2016,252,0.0,14.620000000000005
2016,253,0.0,13.629999999999995
2016,253,0.0,13.629999999999995
2016,254,0.0,9.800000000000011
2016,254,0.0,9.800000000000011
2016,255,0.0,14.240000000000009
2016,255,0.0,14.240000000000009
2016,256,0.0,14.470000000000027
2016,256,0.0,14.470000000000027
2016,257,2.63,11.29000000000002
2016,257,2.63,11.29000000000002
2016,258,0.15,11.490000000000009
2016,258,0.15,11.490000000000009
2016,259,0.02,10.950000000000045
2016,259,0.02,10.950000000000045
2016,260,0.0,9.03000000000003
2016,260,0.0,9.03000000000003
2016,261,0.0,9.400000000000034
2016,261,0.0,9.400000000000034
2016,262,0.0,11.560000000000002
2016,262,0.0,11.560000000000002
2016,263,0.0,14.910000000000025
2016,263,0.0,14.910000000000025
2016,264,0.0,15.990000000000009
2016,264,0.0,15.990000000000009
2016,265,0.34,15.04000000000002
2016,265,0.34,15.04000000000002
2016,266,0.0,14.379999999999995
2016,266,0.0,14.379999999999995
2016,267,0.14,13.939999999999998
2016,267,0.14,13.939999999999998
2016,268,0.0,7.1299999999999955
2016,268,0.0,7.1299999999999955
2016,269,0.0,5.760000000000048
2016,269,0.0,5.760000000000048
2016,270,0.0,8.720000000000027
2016,270,0.0,8.720000000000027
2016,271,0.0,11.670000000000016
2016,271,0.0,11.670000000000016
2016,272,0.0,13.29000000000002
2016,272,0.0,13.29000000000002
2016,273,0.0,12.870000000000005
2016,273,0.0,12.870000000000005
2016,274,0.55,12.75
2016,274,0.55,12.75
2016,275,4.2,10.810000000000002
2016,275,4.2,10.810000000000002
2016,276,0.0,12.090000000000032
2016,276,0.0,12.090000000000032
2016,277,0.0,11.480000000000018
2016,277,0.0,11.480000000000018
2016,278,0.0,3.6100000000000136
2016,278,0.0,3.6100000000000136
2016,279,0.0,2.75
2016,279,0.0,2.75
2016,280,1.26,4.03000000000003
2016,280,1.26,4.03000000000003
2016,281,0.0,2.5100000000000477
2016,281,0.0,2.5100000000000477
2016,282,0.0,7.189999999999998
2016,282,0.0,7.189999999999998
2016,283,0.0,8.78000000000003
2016,283,0.0,8.78000000000003
2016,284,0.0,9.360000000000014
2016,284,0.0,9.360000000000014
2016,285,0.02,9.620000000000005
2016,285,0.02,9.620000000000005
2016,286,0.0,7.920000000000016
2016,286,0.0,7.920000000000016
2016,287,0.0,8.75
2016,287,0.0,8.75
2016,288,0.0,10.420000000000016
2016,288,0.0,10.420000000000016
2016,289,0.0,12.010000000000048
2016,289,0.0,12.010000000000048
2016,290,0.0,11.850000000000023
2016,290,0.0,11.850000000000023
2016,291,0.0,11.439999999999998
2016,291,0.0,11.439999999999998
2016,292,0.0,7.600000000000023
2016,292,0.0,7.600000000000023
2016,293,0.0,4.270000000000039
2016,293,0.0,4.270000000000039
2016,294,0.0,1.9800000000000182
2016,294,0.0,1.9800000000000182
2016,295,0.0,7.100000000000023
2016,295,0.0,7.100000000000023
2016,296,0.0,9.379999999999995
2016,296,0.0,9.379999999999995
2016,297,0.0,9.680000000000007
2016,297,0.0,9.680000000000007
2016,298,0.0,9.830000000000041
2016,298,0.0,9.830000000000041
2016,299,0.0,9.79000000000002
2016,299,0.0,9.79000000000002
2016,300,0.0,7.32000000000005
2016,300,0.0,7.32000000000005
2016,301,0.0,9.640000000000043
2016,301,0.0,9.640000000000043
2016,302,0.0,11.600000000000023
2016,302,0.0,11.600000000000023
2016,303,0.0,10.360000000000014
2016,303,0.0,10.360000000000014
2016,304,0.0,9.020000000000039
2016,304,0.0,9.020000000000039
2016,305,0.0,9.510000000000048
2016,305,0.0,9.510000000000048
2016,306,0.0,7.220000000000027
2016,306,0.0,7.220000000000027
2016,307,0.0,5.0400000000000205
2016,307,0.0,5.0400000000000205
2016,308,0.0,4.650000000000034
2016,308,0.0,4.650000000000034
2016,309,0.0,5.82000000000005
2016,309,0.0,5.82000000000005
2016,310,0.35,6.680000000000007
2016,310,0.35,6.680000000000007
2016,311,0.03,5.25
2016,311,0.03,5.25
2016,312,0.0,4.480000000000018
2016,312,0.0,4.480000000000018
2016,313,0.0,3.900000000000034
2016,313,0.0,3.900000000000034
2016,314,0.0,6.0
2016,314,0.0,6.0
2016,315,0.0,7.32000000000005
2016,315,0.0,7.32000000000005
2016,316,0.0,3.390000000000043
2016,316,0.0,3.390000000000043
2016,317,0.0,4.5400000000000205
2016,317,0.0,4.5400000000000205
2016,318,0.0,3.8799999999999955
2016,318,0.0,3.8799999999999955
2016,319,0.0,3.9600000000000364
2016,319,0.0,3.9600000000000364
2016,320,0.0,7.100000000000023
2016,320,0.0,7.100000000000023
2016,321,0.0,8.129999999999995
2016,321,0.0,8.129999999999995
2016,322,1.11,2.8500000000000227
2016,322,1.11,2.8500000000000227
2016,323,0.04,-6.689999999999998
2016,323,0.04,-6.689999999999998
2016,324,0.0,-0.9099999999999682
2016,324,0.0,-0.9099999999999682
2016,325,0.0,4.390000000000043
2016,325,0.0,4.390000000000043
2016,326,0.0,4.760000000000048
2016,326,0.0,4.760000000000048
2016,327,3.66,1.2200000000000273
2016,327,3.66,1.2200000000000273
2016,328,0.0,-2.3700000000000045
2016,328,0.0,-2.3700000000000045
2016,329,0.0,-2.6899999999999977
2016,329,0.0,-2.6899999999999977
2016,330,0.0,-3.099999999999966
2016,330,0.0,-3.099999999999966
2016,331,0.0,-1.5699999999999932
2016,331,0.0,-1.5699999999999932
2016,332,0.42,-1.9099999999999682
2016,332,0.42,-1.9099999999999682
2016,333,0.0,-6.4599999999999795
2016,333,0.0,-6.4599999999999795
2016,334,0.0,-8.419999999999959
2016,334,0.0,-8.419999999999959
2016,335,0.0,-9.529999999999973
2016,335,0.0,-9.529999999999973
2016,336,0.0,-9.329999999999984
2016,336,0.0,-9.329999999999984
2016,337,0.0,-7.439999999999998
2016,337,0.0,-7.439999999999998
2016,338,0.45,-7.759999999999991
2016,338,0.45,-7.759999999999991
2016,339,0.0,-7.21999999999997
2016,339,0.0,-7.21999999999997
2016,340,0.0,-3.2299999999999613
2016,340,0.0,-3.2299999999999613
2016,341,0.0,-9.289999999999964
2016,341,0.0,-9.289999999999964
2016,342,1.33,-11.449999999999989
2016,342,1.33,-11.449999999999989
2016,343,0.0,-16.620000000000005
2016,343,0.0,-16.620000000000005
2016,344,0.37,-5.919999999999959
2016,344,0.37,-5.919999999999959
2016,345,0.0,-2.67999999999995
2016,345,0.0,-2.67999999999995
2016,346,0.7,-1.169999999999959
2016,346,0.7,-1.169999999999959
2016,347,0.0,-5.159999999999968
2016,347,0.0,-5.159999999999968
2016,348,0.0,-6.539999999999964
2016,348,0.0,-6.539999999999964
2016,349,0.0,-5.25
2016,349,0.0,-5.25
2016,350,0.0,0.36000000000001364
2016,350,0.0,0.36000000000001364
2016,351,0.0,0.75
2016,351,0.0,0.75
2016,352,1.41,-8.109999999999957
2016,352,1.41,-8.109999999999957
2016,353,0.0,-15.519999999999982
2016,353,0.0,-15.519999999999982
2016,354,0.0,-9.879999999999995
2016,354,0.0,-9.879999999999995
2016,355,0.0,-2.7099999999999795
2016,355,0.0,-2.7099999999999795
2016,356,0.0,-1.099999999999966
2016,356,0.0,-1.099999999999966
2016,357,0.12,-4.399999999999977
2016,357,0.12,-4.399999999999977
2016,358,0.0,-0.7999999999999545
2016,358,0.0,-0.7999999999999545
2016,359,0.0,-1.8899999999999864
2016,359,0.0,-1.8899999999999864
2016,360,0.42,-3.0399999999999636
2016,360,0.42,-3.0399999999999636
2016,361,0.0,-9.939999999999998
2016,361,0.0,-9.939999999999998
2016,362,0.0,-5.46999999999997
2016,362,0.0,-5.46999999999997
2016,363,0.0,-2.9399999999999977
2016,363,0.0,-2.9399999999999977
2016,364,0.0,-5.639999999999986
2016,364,0.0,-5.639999999999986
2016,365,0.0,-2.599999999999966
2016,365,0.0,-2.599999999999966
2016,366,0.0,-3.9599999999999795
2016,366,0.0,-3.9599999999999795
2017,1,0.0,-5.229999999999961
2017,1,0.0,-5.229999999999961
2017,2,0.0,-5.769999999999982
2017,2,0.0,-5.769999999999982
2017,3,0.0,-7.489999999999952
2017,3,0.0,-7.489999999999952
2017,4,0.79,-5.859999999999957
2017,4,0.79,-5.859999999999957
2017,5,3.22,-11.379999999999995
2017,5,3.22,-11.379999999999995
2017,6,0.0,-16.97999999999996
2017,6,0.0,-16.97999999999996
2017,7,0.0,-12.789999999999964
2017,7,0.0,-12.789999999999964
2017,8,0.0,-4.439999999999998
2017,8,0.0,-4.439999999999998
2017,9,0.0,1.410000000000025
2017,9,0.0,1.410000000000025
2017,10,2.52,-3.069999999999993
2017,10,2.52,-3.069999999999993
2017,11,0.0,-2.6999999999999886
2017,11,0.0,-2.6999999999999886
2017,12,0.0,-5.109999999999957
2017,12,0.0,-5.109999999999957
2017,13,0.0,-3.349999999999966
2017,13,0.0,-3.349999999999966
2017,14,0.77,-2.9499999999999886
2017,14,0.77,-2.9499999999999886
2017,15,0.0,-3.4499999999999886
2017,15,0.0,-3.4499999999999886
2017,16,1.2,-3.2099999999999795
2017,16,1.2,-3.2099999999999795
2017,17,0.0,-4.349999999999966
2017,17,0.0,-4.349999999999966
2017,18,0.01,-4.729999999999961
2017,18,0.01,-4.729999999999961
2017,19,0.0,-3.509999999999991
2017,19,0.0,-3.509999999999991
2017,20,0.17,-3.7799999999999727
2017,20,0.17,-3.7799999999999727
2017,21,0.0,-8.159999999999968
2017,21,0.0,-8.159999999999968
2017,22,0.0,-7.529999999999973
2017,22,0.0,-7.529999999999973
2017,23,0.08,-4.8799999999999955
2017,23,0.08,-4.8799999999999955
2017,24,0.0,-6.599999999999966
2017,24,0.0,-6.599999999999966
2017,25,0.0,-12.879999999999995
2017,25,0.0,-12.879999999999995
2017,26,0.0,-15.509999999999991
2017,26,0.0,-15.509999999999991
2017,27,0.0,-14.919999999999959
2017,27,0.0,-14.919999999999959
2017,28,0.0,-9.139999999999986
2017,28,0.0,-9.139999999999986
2017,29,0.0,-5.329999999999984
2017,29,0.0,-5.329999999999984
2017,30,0.0,-2.9599999999999795
2017,30,0.0,-2.9599999999999795
2017,31,0.0,-1.329999999999984
2017,31,0.0,-1.329999999999984
2017,32,0.0,-2.17999999999995
2017,32,0.0,-2.17999999999995
2017,33,0.0,-3.819999999999993
2017,33,0.0,-3.819999999999993
2017,34,0.0,-4.359999999999957
2017,34,0.0,-4.359999999999957
2017,35,0.0,-2.6200000000000045
2017,35,0.0,-2.6200000000000045
2017,36,0.0,-2.859999999999957
2017,36,0.0,-2.859999999999957
2017,37,0.0,-1.589999999999975
2017,37,0.0,-1.589999999999975
2017,38,0.0,-1.0499999999999545
2017,38,0.0,-1.0499999999999545
2017,39,0.09,-0.5999999999999659
2017,39,0.09,-0.5999999999999659
2017,40,0.0,-0.44999999999998863
2017,40,0.0,-0.44999999999998863
2017,41,0.0,3.480000000000018
2017,41,0.0,3.480000000000018
2017,42,0.0,3.1100000000000136
2017,42,0.0,3.1100000000000136
2017,43,4.4,-1.099999999999966
2017,43,4.4,-1.099999999999966
2017,44,0.0,-1.8599999999999568
2017,44,0.0,-1.8599999999999568
2017,45,0.0,-6.579999999999984
2017,45,0.0,-6.579999999999984
2017,46,0.0,-5.310000000000002
2017,46,0.0,-5.310000000000002
2017,47,0.0,-0.9099999999999682
2017,47,0.0,-0.9099999999999682
2017,48,0.0,0.26000000000004775
2017,48,0.0,0.26000000000004775
2017,49,0.0,-0.6899999999999977
2017,49,0.0,-0.6899999999999977
2017,50,0.0,0.10000000000002274
2017,50,0.0,0.10000000000002274
2017,51,0.0,-1.4699999999999704
2017,51,0.0,-1.4699999999999704
2017,52,0.0,1.2200000000000273
2017,52,0.0,1.2200000000000273
2017,53,0.0,1.240000000000009
2017,53,0.0,1.240000000000009
2017,54,0.0,-3.2899999999999636
2017,54,0.0,-3.2899999999999636
2017,55,0.0,-9.269999999999982
2017,55,0.0,-9.269999999999982
2017,56,0.0,-12.95999999999998
2017,56,0.0,-12.95999999999998
2017,57,0.0,-11.819999999999993
2017,57,0.0,-11.819999999999993
2017,58,0.0,-8.989999999999952
2017,58,0.0,-8.989999999999952
2017,59,0.0,-3.4899999999999523
2017,59,0.0,-3.4899999999999523
2017,60,0.0,-9.620000000000005
2017,60,0.0,-9.620000000000005
2017,61,0.0,-4.609999999999957
2017,61,0.0,-4.609999999999957
2017,62,0.0,-4.079999999999984
2017,62,0.0,-4.079999999999984
2017,63,0.0,-1.5600000000000023
2017,63,0.0,-1.5600000000000023
2017,64,0.0,-0.19999999999998863
2017,64,0.0,-0.19999999999998863
2017,65,0.0,-3.2999999999999545
2017,65,0.0,-3.2999999999999545
2017,66,0.0,-8.120000000000005
2017,66,0.0,-8.120000000000005
2017,67,0.0,-2.7399999999999523
2017,67,0.0,-2.7399999999999523
2017,68,0.0,0.57000000000005
2017,68,0.0,0.57000000000005
2017,69,0.0,1.5400000000000205
2017,69,0.0,1.5400000000000205
2017,70,0.0,0.7800000000000296
2017,70,0.0,0.7800000000000296
2017,71,0.0,-0.5399999999999636
2017,71,0.0,-0.5399999999999636
2017,72,0.0,-3.0299999999999727
2017,72,0.0,-3.0299999999999727
2017,73,0.0,1.5900000000000318
2017,73,0.0,1.5900000000000318
2017,74,0.0,4.150000000000034
2017,74,0.0,4.150000000000034
2017,75,0.0,3.5200000000000387
2017,75,0.0,3.5200000000000387
2017,76,0.0,3.5300000000000296
2017,76,0.0,3.5300000000000296
2017,77,0.0,6.020000000000039
2017,77,0.0,6.020000000000039
2017,78,0.0,6.220000000000027
2017,78,0.0,6.220000000000027
2017,79,0.0,6.220000000000027
2017,79,0.0,6.220000000000027
2017,80,0.0,5.400000000000034
2017,80,0.0,5.400000000000034
2017,81,0.0,5.390000000000043
2017,81,0.0,5.390000000000043
2017,82,0.0,5.930000000000007
2017,82,0.0,5.930000000000007
2017,83,9.14,0.08000000000004093
2017,83,9.14,0.08000000000004093
2017,84,0.03,-0.7899999999999636
2017,84,0.03,-0.7899999999999636
2017,85,0.04,1.2300000000000182
2017,85,0.04,1.2300000000000182
2017,86,0.0,-0.47999999999996135
2017,86,0.0,-0.47999999999996135
2017,87,0.53,0.4399999999999977
2017,87,0.53,0.4399999999999977
2017,88,0.0,-0.5099999999999909
2017,88,0.0,-0.5099999999999909
2017,89,0.0,-0.13999999999998636
2017,89,0.0,-0.13999999999998636
2017,90,1.47,1.3799999999999955
2017,90,1.47,1.3799999999999955
2017,91,2.43,-1.9499999999999886
2017,91,2.43,-1.9499999999999886
2017,92,0.71,-0.839999999999975
2017,92,0.71,-0.839999999999975
2017,93,0.02,-1.4699999999999704
2017,93,0.02,-1.4699999999999704
2017,94,7.54,-5.2099999999999795
2017,94,7.54,-5.2099999999999795
2017,95,0.03,-5.599999999999966
2017,95,0.03,-5.599999999999966
2017,96,0.0,-1.8599999999999568
2017,96,0.0,-1.8599999999999568
2017,97,0.0,2.400000000000034
2017,97,0.0,2.400000000000034
2017,98,0.0,4.740000000000009
2017,98,0.0,4.740000000000009
2017,99,0.0,2.090000000000032
2017,99,0.0,2.090000000000032
2017,100,0.0,-0.1099999999999568
2017,100,0.0,-0.1099999999999568
2017,101,0.0,0.18999999999999773
2017,101,0.0,0.18999999999999773
2017,102,0.0,4.4500000000000455
2017,102,0.0,4.4500000000000455
2017,103,0.0,6.140000000000043
2017,103,0.0,6.140000000000043
2017,104,0.0,7.310000000000002
2017,104,0.0,7.310000000000002
2017,105,0.0,5.920000000000016
2017,105,0.0,5.920000000000016
2017,106,0.0,3.8799999999999955
2017,106,0.0,3.8799999999999955
2017,107,0.0,5.3799999999999955
2017,107,0.0,5.3799999999999955
2017,108,0.0,6.430000000000007
2017,108,0.0,6.430000000000007
2017,109,0.0,6.5400000000000205
2017,109,0.0,6.5400000000000205
2017,110,1.69,2.420000000000016
2017,110,1.69,2.420000000000016
2017,111,0.68,0.4399999999999977
2017,111,0.68,0.4399999999999977
2017,112,2.4,-2.659999999999968
2017,112,2.4,-2.659999999999968
2017,113,0.0,2.490000000000009
2017,113,0.0,2.490000000000009
2017,114,0.0,7.1299999999999955
2017,114,0.0,7.1299999999999955
2017,115,1.32,2.910000000000025
2017,115,1.32,2.910000000000025
2017,116,0.71,-1.9599999999999795
2017,116,0.71,-1.9599999999999795
2017,117,0.0,-1.0
2017,117,0.0,-1.0
2017,118,0.0,-3.589999999999975
2017,118,0.0,-3.589999999999975
2017,119,1.68,-5.2099999999999795
2017,119,1.68,-5.2099999999999795
2017,120,1.33,-6.329999999999984
2017,120,1.33,-6.329999999999984
2017,121,0.0,-0.7299999999999613
2017,121,0.0,-0.7299999999999613
2017,122,1.41,1.0600000000000023
2017,122,1.41,1.0600000000000023
2017,123,0.37,1.3700000000000045
2017,123,0.37,1.3700000000000045
2017,124,0.0,2.4600000000000364
2017,124,0.0,2.4600000000000364
2017,125,0.0,8.200000000000045
2017,125,0.0,8.200000000000045
2017,126,0.0,10.300000000000011
2017,126,0.0,10.300000000000011
2017,127,2.37,11.350000000000023
2017,127,2.37,11.350000000000023
2017,128,0.31,9.260000000000048
2017,128,0.31,9.260000000000048
2017,129,1.54,8.090000000000032
2017,129,1.54,8.090000000000032
2017,130,0.71,6.1200000000000045
2017,130,0.71,6.1200000000000045
2017,131,1.99,4.350000000000023
2017,131,1.99,4.350000000000023
2017,132,0.0,6.830000000000041
2017,132,0.0,6.830000000000041
2017,133,0.0,9.180000000000007
2017,133,0.0,9.180000000000007
2017,134,0.0,9.360000000000014
2017,134,0.0,9.360000000000014
2017,135,0.0,10.210000000000036
2017,135,0.0,10.210000000000036
2017,136,0.0,8.850000000000023
2017,136,0.0,8.850000000000023
2017,137,0.0,5.240000000000009
2017,137,0.0,5.240000000000009
2017,138,12.11,3.1000000000000227
2017,138,12.11,3.1000000000000227
2017,139,2.14,-1.169999999999959
2017,139,2.14,-1.169999999999959
2017,140,0.07,-1.4099999999999682
2017,140,0.07,-1.4099999999999682
2017,141,0.0,3.2900000000000205
2017,141,0.0,3.2900000000000205
2017,142,9.54,5.78000000000003
2017,142,9.54,5.78000000000003
2017,143,2.98,2.430000000000007
2017,143,2.98,2.430000000000007
2017,144,0.0,5.960000000000036
2017,144,0.0,5.960000000000036
2017,145,0.0,11.400000000000034
2017,145,0.0,11.400000000000034
2017,146,0.09,9.970000000000027
2017,146,0.09,9.970000000000027
2017,147,0.5,7.75
2017,147,0.5,7.75
2017,148,0.0,6.03000000000003
2017,148,0.0,6.03000000000003
2017,149,0.15,8.200000000000045
2017,149,0.15,8.200000000000045
2017,150,0.1,9.740000000000009
2017,150,0.1,9.740000000000009
2017,151,0.22,11.700000000000045
2017,151,0.22,11.700000000000045
2017,152,1.0,13.310000000000002
2017,152,1.0,13.310000000000002
2017,153,3.6,11.700000000000045
2017,153,3.6,11.700000000000045
2017,154,3.88,11.410000000000025
2017,154,3.88,11.410000000000025
2017,155,0.0,12.410000000000025
2017,155,0.0,12.410000000000025
2017,156,0.04,15.370000000000005
2017,156,0.04,15.370000000000005
2017,157,2.17,14.75
2017,157,2.17,14.75
2017,158,0.49,13.420000000000016
2017,158,0.49,13.420000000000016
2017,159,0.58,15.240000000000009
2017,159,0.58,15.240000000000009
2017,160,0.4,16.08000000000004
2017,160,0.4,16.08000000000004
2017,161,0.0,17.05000000000001
2017,161,0.0,17.05000000000001
2017,162,0.0,16.629999999999995
2017,162,0.0,16.629999999999995
2017,163,0.0,15.060000000000002
2017,163,0.0,15.060000000000002
2017,164,0.0,12.420000000000016
2017,164,0.0,12.420000000000016
2017,165,0.0,11.0
2017,165,0.0,11.0
2017,166,0.0,14.710000000000036
2017,166,0.0,14.710000000000036
2017,167,0.0,16.210000000000036
2017,167,0.0,16.210000000000036
2017,168,0.0,17.29000000000002
2017,168,0.0,17.29000000000002
2017,169,0.0,14.520000000000039
2017,169,0.0,14.520000000000039
2017,170,0.0,16.03000000000003
2017,170,0.0,16.03000000000003
2017,171,0.0,17.82000000000005
2017,171,0.0,17.82000000000005
2017,172,0.0,19.390000000000043
2017,172,0.0,19.390000000000043
2017,173,0.05,19.29000000000002
2017,173,0.05,19.29000000000002
2017,174,0.0,15.480000000000018
2017,174,0.0,15.480000000000018
2017,175,0.0,11.560000000000002
2017,175,0.0,11.560000000000002
2017,176,0.0,13.270000000000039
2017,176,0.0,13.270000000000039
2017,177,0.0,14.480000000000018
2017,177,0.0,14.480000000000018
2017,178,0.0,17.180000000000007
2017,178,0.0,17.180000000000007
2017,179,0.0,17.210000000000036
2017,179,0.0,17.210000000000036
2017,180,0.0,16.450000000000045
2017,180,0.0,16.450000000000045
2017,181,0.0,12.960000000000036
2017,181,0.0,12.960000000000036
2017,182,0.0,13.580000000000041
2017,182,0.0,13.580000000000041
2017,183,0.0,17.060000000000002
2017,183,0.0,17.060000000000002
2017,184,0.06,17.03000000000003
2017,184,0.06,17.03000000000003
2017,185,0.0,17.08000000000004
2017,185,0.0,17.08000000000004
2017,186,0.0,18.02000000000004
2017,186,0.0,18.02000000000004
2017,187,0.0,19.900000000000034
2017,187,0.0,19.900000000000034
2017,188,0.55,19.25
2017,188,0.55,19.25
2017,189,0.25,17.340000000000032
2017,189,0.25,17.340000000000032
2017,190,0.99,17.129999999999995
2017,190,0.99,17.129999999999995
2017,191,3.99,19.02000000000004
2017,191,3.99,19.02000000000004
2017,192,3.0,19.260000000000048
2017,192,3.0,19.260000000000048
2017,193,14.01,16.24000000000001
2017,193,14.01,16.24000000000001
2017,194,4.88,15.0
2017,194,4.88,15.0
2017,195,2.47,15.04000000000002
2017,195,2.47,15.04000000000002
2017,196,2.64,13.800000000000011
2017,196,2.64,13.800000000000011
2017,197,0.12,15.129999999999995
2017,197,0.12,15.129999999999995
2017,198,3.69,17.760000000000048
2017,198,3.69,17.760000000000048
2017,199,1.88,18.83000000000004
2017,199,1.88,18.83000000000004
2017,200,7.21,18.850000000000023
2017,200,7.21,18.850000000000023
2017,201,9.65,19.370000000000005
2017,201,9.65,19.370000000000005
2017,202,1.27,19.04000000000002
2017,202,1.27,19.04000000000002
2017,203,1.99,17.03000000000003
2017,203,1.99,17.03000000000003
2017,204,4.48,17.129999999999995
2017,204,4.48,17.129999999999995
2017,205,0.16,17.480000000000018
2017,205,0.16,17.480000000000018
2017,206,2.37,17.950000000000045
2017,206,2.37,17.950000000000045
2017,207,0.5,16.680000000000007
2017,207,0.5,16.680000000000007
2017,208,21.74,16.660000000000025
2017,208,21.74,16.660000000000025
2017,209,5.46,17.379999999999995
2017,209,5.46,17.379999999999995
2017,210,2.41,16.30000000000001
2017,210,2.41,16.30000000000001
2017,211,16.8,13.520000000000039
2017,211,16.8,13.520000000000039
2017,212,2.05,13.770000000000039
2017,212,2.05,13.770000000000039
2017,213,0.0,14.770000000000039
2017,213,0.0,14.770000000000039
2017,214,0.78,15.460000000000036
2017,214,0.78,15.460000000000036
2017,215,6.39,14.439999999999998
2017,215,6.39,14.439999999999998
2017,216,0.39,14.910000000000025
2017,216,0.39,14.910000000000025
2017,217,1.09,16.02000000000004
2017,217,1.09,16.02000000000004
2017,218,2.06,14.230000000000018
2017,218,2.06,14.230000000000018
2017,219,3.59,12.150000000000034
2017,219,3.59,12.150000000000034
2017,220,6.68,11.260000000000048
2017,220,6.68,11.260000000000048
2017,221,2.99,12.990000000000009
2017,221,2.99,12.990000000000009
2017,222,8.69,14.460000000000036
2017,222,8.69,14.460000000000036
2017,223,0.56,14.060000000000002
2017,223,0.56,14.060000000000002
2017,224,1.84,15.29000000000002
2017,224,1.84,15.29000000000002
2017,225,0.12,14.810000000000002
2017,225,0.12,14.810000000000002
2017,226,0.12,15.090000000000032
2017,226,0.12,15.090000000000032
2017,227,0.48,15.260000000000048
2017,227,0.48,15.260000000000048
2017,228,0.04,13.010000000000048
2017,228,0.04,13.010000000000048
2017,229,0.02,13.240000000000009
2017,229,0.02,13.240000000000009
2017,230,0.0,15.0
2017,230,0.0,15.0
2017,231,0.03,16.620000000000005
2017,231,0.03,16.620000000000005
2017,232,0.0,17.950000000000045
2017,232,0.0,17.950000000000045
2017,233,0.0,16.80000000000001
2017,233,0.0,16.80000000000001
2017,234,0.44,15.170000000000016
2017,234,0.44,15.170000000000016
2017,235,4.52,15.770000000000039
2017,235,4.52,15.770000000000039
2017,236,0.75,14.840000000000032
2017,236,0.75,14.840000000000032
2017,237,0.0,14.510000000000048
2017,237,0.0,14.510000000000048
2017,238,0.0,16.03000000000003
2017,238,0.0,16.03000000000003
2017,239,0.0,16.28000000000003
2017,239,0.0,16.28000000000003
2017,240,0.0,15.600000000000023
2017,240,0.0,15.600000000000023
2017,241,0.0,16.470000000000027
2017,241,0.0,16.470000000000027
2017,242,0.29,16.870000000000005
2017,242,0.29,16.870000000000005
2017,243,0.23,16.80000000000001
2017,243,0.23,16.80000000000001
2017,244,0.01,15.550000000000011
2017,244,0.01,15.550000000000011
2017,245,0.0,15.650000000000034
2017,245,0.0,15.650000000000034
2017,246,0.0,17.400000000000034
2017,246,0.0,17.400000000000034
2017,247,0.0,18.24000000000001
2017,247,0.0,18.24000000000001
2017,248,0.0,13.379999999999995
2017,248,0.0,13.379999999999995
2017,249,0.0,12.660000000000025
2017,249,0.0,12.660000000000025
2017,250,0.04,15.100000000000023
2017,250,0.04,15.100000000000023
2017,251,0.36,15.700000000000045
2017,251,0.36,15.700000000000045
2017,252,0.19,16.310000000000002
2017,252,0.19,16.310000000000002
2017,253,1.65,16.870000000000005
2017,253,1.65,16.870000000000005
2017,254,3.1,16.390000000000043
2017,254,3.1,16.390000000000043
2017,255,2.69,16.110000000000014
2017,255,2.69,16.110000000000014
2017,256,3.19,16.150000000000034
2017,256,3.19,16.150000000000034
2017,257,1.68,15.090000000000032
2017,257,1.68,15.090000000000032
2017,258,0.82,12.650000000000034
2017,258,0.82,12.650000000000034
2017,259,0.0,10.879999999999995
2017,259,0.0,10.879999999999995
2017,260,0.9,10.650000000000034
2017,260,0.9,10.650000000000034
2017,261,0.0,11.010000000000048
2017,261,0.0,11.010000000000048
2017,262,0.0,12.439999999999998
2017,262,0.0,12.439999999999998
2017,263,0.0,11.730000000000018
2017,263,0.0,11.730000000000018
2017,264,0.0,13.140000000000043
2017,264,0.0,13.140000000000043
2017,265,0.0,13.110000000000014
2017,265,0.0,13.110000000000014
2017,266,3.44,11.879999999999995
2017,266,3.44,11.879999999999995
2017,267,3.59,7.060000000000002
2017,267,3.59,7.060000000000002
2017,268,0.61,5.4500000000000455
2017,268,0.61,5.4500000000000455
2017,269,0.0,5.189999999999998
2017,269,0.0,5.189999999999998
2017,270,2.11,6.1200000000000045
2017,270,2.11,6.1200000000000045
2017,271,14.0,6.180000000000007
2017,271,14.0,6.180000000000007
2017,272,0.26,7.800000000000011
2017,272,0.26,7.800000000000011
2017,273,0.25,8.810000000000002
2017,273,0.25,8.810000000000002
2017,274,0.79,8.390000000000043
2017,274,0.79,8.390000000000043
2017,275,0.17,6.25
2017,275,0.17,6.25
2017,276,0.35,6.7000000000000455
2017,276,0.35,6.7000000000000455
2017,277,0.0,8.770000000000039
2017,277,0.0,8.770000000000039
2017,278,0.16,12.240000000000009
2017,278,0.16,12.240000000000009
2017,279,0.0,9.580000000000041
2017,279,0.0,9.580000000000041
2017,280,0.0,5.980000000000018
2017,280,0.0,5.980000000000018
2017,281,0.0,9.25
2017,281,0.0,9.25
2017,282,3.58,0.08000000000004093
2017,282,3.58,0.08000000000004093
2017,283,0.01,-1.1099999999999568
2017,283,0.01,-1.1099999999999568
2017,284,0.0,6.300000000000011
2017,284,0.0,6.300000000000011
2017,285,0.0,9.010000000000048
2017,285,0.0,9.010000000000048
2017,286,0.0,8.050000000000011
2017,286,0.0,8.050000000000011
2017,287,0.0,6.850000000000023
2017,287,0.0,6.850000000000023
2017,288,0.0,4.5400000000000205
2017,288,0.0,4.5400000000000205
2017,289,0.0,7.730000000000018
2017,289,0.0,7.730000000000018
2017,290,0.0,8.110000000000014
2017,290,0.0,8.110000000000014
2017,291,0.0,9.180000000000007
2017,291,0.0,9.180000000000007
2017,292,0.0,9.670000000000016
2017,292,0.0,9.670000000000016
2017,293,0.0,9.300000000000011
2017,293,0.0,9.300000000000011
2017,294,0.0,4.020000000000039
2017,294,0.0,4.020000000000039
2017,295,0.0,2.3000000000000114
2017,295,0.0,2.3000000000000114
2017,296,0.0,6.020000000000039
2017,296,0.0,6.020000000000039
2017,297,0.0,2.910000000000025
2017,297,0.0,2.910000000000025
2017,298,0.0,6.82000000000005
2017,298,0.0,6.82000000000005
2017,299,0.0,5.980000000000018
2017,299,0.0,5.980000000000018
2017,300,0.29,-1.7099999999999795
2017,300,0.29,-1.7099999999999795
2017,301,0.0,1.4399999999999977
2017,301,0.0,1.4399999999999977
2017,302,0.0,4.78000000000003
2017,302,0.0,4.78000000000003
2017,303,0.0,-0.20999999999997954
2017,303,0.0,-0.20999999999997954
2017,304,0.86,0.2300000000000182
2017,304,0.86,0.2300000000000182
2017,305,0.0,4.2900000000000205
2017,305,0.0,4.2900000000000205
2017,306,0.0,5.660000000000025
2017,306,0.0,5.660000000000025
2017,307,0.0,6.010000000000048
2017,307,0.0,6.010000000000048
2017,308,0.0,5.9500000000000455
2017,308,0.0,5.9500000000000455
2017,309,0.04,4.25
2017,309,0.04,4.25
2017,310,0.0,2.7900000000000205
2017,310,0.0,2.7900000000000205
2017,311,1.06,0.27000000000003865
2017,311,1.06,0.27000000000003865
2017,312,0.21,-0.5299999999999727
2017,312,0.21,-0.5299999999999727
2017,313,0.02,2.7000000000000455
2017,313,0.02,2.7000000000000455
2017,314,0.0,4.2900000000000205
2017,314,0.0,4.2900000000000205
2017,315,0.0,3.7100000000000364
2017,315,0.0,3.7100000000000364
2017,316,0.0,1.1200000000000045
2017,316,0.0,1.1200000000000045
2017,317,0.0,5.010000000000048
2017,317,0.0,5.010000000000048
2017,318,0.0,5.650000000000034
2017,318,0.0,5.650000000000034
2017,319,0.0,3.090000000000032
2017,319,0.0,3.090000000000032
2017,320,0.0,4.480000000000018
2017,320,0.0,4.480000000000018
2017,321,0.55,5.650000000000034
2017,321,0.55,5.650000000000034
2017,322,6.73,-1.7899999999999636
2017,322,6.73,-1.7899999999999636
2017,323,0.0,-2.17999999999995
2017,323,0.0,-2.17999999999995
2017,324,0.0,-0.3100000000000023
2017,324,0.0,-0.3100000000000023
2017,325,0.03,0.5200000000000387
2017,325,0.03,0.5200000000000387
2017,326,0.07,2.650000000000034
2017,326,0.07,2.650000000000034
2017,327,0.0,4.8700000000000045
2017,327,0.0,4.8700000000000045
2017,328,0.0,6.140000000000043
2017,328,0.0,6.140000000000043
2017,329,0.0,3.240000000000009
2017,329,0.0,3.240000000000009
2017,330,0.0,4.900000000000034
2017,330,0.0,4.900000000000034
2017,331,0.0,6.410000000000025
2017,331,0.0,6.410000000000025
2017,332,0.0,1.3700000000000045
2017,332,0.0,1.3700000000000045
2017,333,0.0,1.25
2017,333,0.0,1.25
2017,334,0.0,1.0100000000000477
2017,334,0.0,1.0100000000000477
2017,335,0.0,1.9700000000000273
2017,335,0.0,1.9700000000000273
2017,336,0.0,1.7200000000000273
2017,336,0.0,1.7200000000000273
2017,337,0.0,2.740000000000009
2017,337,0.0,2.740000000000009
2017,338,0.02,-2.169999999999959
2017,338,0.02,-2.169999999999959
2017,339,0.0,-7.349999999999966
2017,339,0.0,-7.349999999999966
2017,340,0.0,-6.909999999999968
2017,340,0.0,-6.909999999999968
2017,341,0.0,-10.819999999999993
2017,341,0.0,-10.819999999999993
2017,342,0.03,-4.2999999999999545
2017,342,0.03,-4.2999999999999545
2017,343,0.0,-1.339999999999975
2017,343,0.0,-1.339999999999975
2017,344,0.0,-1.3599999999999568
2017,344,0.0,-1.3599999999999568
2017,345,0.0,0.8100000000000023
2017,345,0.0,0.8100000000000023
2017,346,0.0,0.9300000000000068
2017,346,0.0,0.9300000000000068
2017,347,0.0,1.1000000000000227
2017,347,0.0,1.1000000000000227
2017,348,2.04,-4.169999999999959
2017,348,2.04,-4.169999999999959
2017,349,0.09,-4.1299999999999955
2017,349,0.09,-4.1299999999999955
2017,350,0.02,0.35000000000002274
2017,350,0.02,0.35000000000002274
2017,351,0.0,-3.079999999999984
2017,351,0.0,-3.079999999999984
2017,352,0.0,-1.8700000000000045
2017,352,0.0,-1.8700000000000045
2017,353,0.0,-0.46999999999997044
2017,353,0.0,-0.46999999999997044
2017,354,0.0,0.18000000000000682
2017,354,0.0,0.18000000000000682
2017,355,0.5,-3.579999999999984
2017,355,0.5,-3.579999999999984
2017,356,0.02,-7.659999999999968
2017,356,0.02,-7.659999999999968
2017,357,0.0,-5.199999999999989
2017,357,0.0,-5.199999999999989
2017,358,1.16,-6.829999999999984
2017,358,1.16,-6.829999999999984
2017,359,0.0,-4.060000000000002
2017,359,0.0,-4.060000000000002
2017,360,0.0,-3.3700000000000045
2017,360,0.0,-3.3700000000000045
2017,361,0.0,-2.599999999999966
2017,361,0.0,-2.599999999999966
2017,362,0.0,-1.2299999999999613
2017,362,0.0,-1.2299999999999613
2017,363,0.0,0.6299999999999955
2017,363,0.0,0.6299999999999955
2017,364,0.0,2.0600000000000023
2017,364,0.0,2.0600000000000023
2017,365,0.0,-3.8999999999999773
2017,365,0.0,-3.8999999999999773
2018,1,0.0,-4.21999999999997
2018,1,0.0,-4.21999999999997
2018,2,0.0,-4.9599999999999795
2018,2,0.0,-4.9599999999999795
2018,3,0.0,-3.25
2018,3,0.0,-3.25
2018,4,0.0,-1.6200000000000045
2018,4,0.0,-1.6200000000000045
2018,5,0.0,-0.5799999999999841
2018,5,0.0,-0.5799999999999841
2018,6,0.0,0.36000000000001364
2018,6,0.0,0.36000000000001364
2018,7,0.0,0.040000000000020464
2018,7,0.0,0.040000000000020464
2018,8,0.0,1.32000000000005
2018,8,0.0,1.32000000000005
2018,9,0.0,3.8600000000000136
2018,9,0.0,3.8600000000000136
2018,10,0.0,2.75
2018,10,0.0,2.75
2018,11,0.02,-4.189999999999998
2018,11,0.02,-4.189999999999998
2018,12,1.95,-4.359999999999957
2018,12,1.95,-4.359999999999957
2018,13,0.0,-4.509999999999991
2018,13,0.0,-4.509999999999991
2018,14,0.0,-2.2999999999999545
2018,14,0.0,-2.2999999999999545
2018,15,0.0,-3.519999999999982
2018,15,0.0,-3.519999999999982
2018,16,0.0,-8.95999999999998
2018,16,0.0,-8.95999999999998
2018,17,0.0,-3.8700000000000045
2018,17,0.0,-3.8700000000000045
2018,18,0.0,-0.6899999999999977
2018,18,0.0,-0.6899999999999977
2018,19,0.0,3.670000000000016
2018,19,0.0,3.670000000000016
2018,20,0.0,2.7100000000000364
2018,20,0.0,2.7100000000000364
2018,21,4.92,-3.519999999999982
2018,21,4.92,-3.519999999999982
2018,22,0.0,-9.519999999999982
2018,22,0.0,-9.519999999999982
2018,23,0.0,-8.589999999999975
2018,23,0.0,-8.589999999999975
2018,24,0.0,-5.739999999999952
2018,24,0.0,-5.739999999999952
2018,25,0.0,-1.8700000000000045
2018,25,0.0,-1.8700000000000045
2018,26,0.01,-4.560000000000002
2018,26,0.01,-4.560000000000002
2018,27,0.0,-8.989999999999952
2018,27,0.0,-8.989999999999952
2018,28,0.0,-5.279999999999973
2018,28,0.0,-5.279999999999973
2018,29,0.0,-2.849999999999966
2018,29,0.0,-2.849999999999966
2018,30,0.0,0.75
2018,30,0.0,0.75
2018,31,0.0,0.9800000000000182
2018,31,0.0,0.9800000000000182
2018,32,0.0,-1.2699999999999818
2018,32,0.0,-1.2699999999999818
2018,33,0.0,-0.6200000000000045
2018,33,0.0,-0.6200000000000045
2018,34,0.01,0.08000000000004093
2018,34,0.01,0.08000000000004093
2018,35,0.0,0.1500000000000341
2018,35,0.0,0.1500000000000341
2018,36,0.31,0.5800000000000409
2018,36,0.31,0.5800000000000409
2018,37,0.0,-2.159999999999968
2018,37,0.0,-2.159999999999968
2018,38,0.0,-3.169999999999959
2018,38,0.0,-3.169999999999959
2018,39,0.0,0.2300000000000182
2018,39,0.0,0.2300000000000182
2018,40,0.01,1.4700000000000273
2018,40,0.01,1.4700000000000273
2018,41,2.63,-1.7999999999999545
2018,41,2.63,-1.7999999999999545
2018,42,0.0,-7.159999999999968
2018,42,0.0,-7.159999999999968
2018,43,0.0,-4.329999999999984
2018,43,0.0,-4.329999999999984
2018,44,0.0,-1.3700000000000045
2018,44,0.0,-1.3700000000000045
2018,45,0.0,-0.5999999999999659
2018,45,0.0,-0.5999999999999659
2018,46,0.0,-0.03999999999996362
2018,46,0.0,-0.03999999999996362
2018,47,0.04,-3.4399999999999977
2018,47,0.04,-3.4399999999999977
2018,48,0.0,-1.9799999999999613
2018,48,0.0,-1.9799999999999613
2018,49,0.0,1.0300000000000296
2018,49,0.0,1.0300000000000296
2018,50,0.0,0.18000000000000682
2018,50,0.0,0.18000000000000682
2018,51,4.8,-5.689999999999998
2018,51,4.8,-5.689999999999998
2018,52,0.0,-8.939999999999998
2018,52,0.0,-8.939999999999998
2018,53,0.26,-5.159999999999968
2018,53,0.26,-5.159999999999968
2018,54,0.02,-6.729999999999961
2018,54,0.02,-6.729999999999961
2018,55,0.0,-8.169999999999959
2018,55,0.0,-8.169999999999959
2018,56,0.0,-10.639999999999986
2018,56,0.0,-10.639999999999986
2018,57,0.0,-5.489999999999952
2018,57,0.0,-5.489999999999952
2018,58,0.0,-1.9499999999999886
2018,58,0.0,-1.9499999999999886
2018,59,0.0,-1.9699999999999704
2018,59,0.0,-1.9699999999999704
2018,60,0.0,-3.17999999999995
2018,60,0.0,-3.17999999999995
2018,61,0.0,0.8500000000000227
2018,61,0.0,0.8500000000000227
2018,62,0.0,2.900000000000034
2018,62,0.0,2.900000000000034
2018,63,0.0,2.4600000000000364
2018,63,0.0,2.4600000000000364
2018,64,0.0,-5.8799999999999955
2018,64,0.0,-5.8799999999999955
2018,65,0.0,-6.5499999999999545
2018,65,0.0,-6.5499999999999545
2018,66,0.0,-2.3899999999999864
2018,66,0.0,-2.3899999999999864
2018,67,0.0,0.6000000000000227
2018,67,0.0,0.6000000000000227
2018,68,0.0,1.670000000000016
2018,68,0.0,1.670000000000016
2018,69,0.0,1.0200000000000387
2018,69,0.0,1.0200000000000387
2018,70,0.0,-1.8599999999999568
2018,70,0.0,-1.8599999999999568
2018,71,0.0,0.4600000000000364
2018,71,0.0,0.4600000000000364
2018,72,0.0,0.37999999999999545
2018,72,0.0,0.37999999999999545
2018,73,0.0,2.990000000000009
2018,73,0.0,2.990000000000009
2018,74,0.0,5.050000000000011
2018,74,0.0,5.050000000000011
2018,75,0.0,0.10000000000002274
2018,75,0.0,0.10000000000002274
2018,76,0.0,0.21000000000003638
2018,76,0.0,0.21000000000003638
2018,77,0.0,1.4600000000000364
2018,77,0.0,1.4600000000000364
2018,78,0.17,-3.25
2018,78,0.17,-3.25
2018,79,0.0,-3.599999999999966
2018,79,0.0,-3.599999999999966
2018,80,0.0,0.1500000000000341
2018,80,0.0,0.1500000000000341
2018,81,0.0,4.740000000000009
2018,81,0.0,4.740000000000009
2018,82,0.0,7.3799999999999955
2018,82,0.0,7.3799999999999955
2018,83,0.0,3.170000000000016
2018,83,0.0,3.170000000000016
2018,84,0.0,4.430000000000007
2018,84,0.0,4.430000000000007
2018,85,0.0,2.160000000000025
2018,85,0.0,2.160000000000025
2018,86,11.17,-2.7799999999999727
2018,86,11.17,-2.7799999999999727
2018,87,0.11,-0.589999999999975
2018,87,0.11,-0.589999999999975
2018,88,0.0,-1.2799999999999727
2018,88,0.0,-1.2799999999999727
2018,89,0.0,0.4000000000000341
2018,89,0.0,0.4000000000000341
2018,90,0.0,4.360000000000014
2018,90,0.0,4.360000000000014
2018,91,0.0,4.689999999999998
2018,91,0.0,4.689999999999998
2018,92,0.0,6.800000000000011
2018,92,0.0,6.800000000000011
2018,93,0.0,2.0100000000000477
2018,93,0.0,2.0100000000000477
2018,94,0.0,1.2100000000000364
2018,94,0.0,1.2100000000000364
2018,95,0.0,4.730000000000018
2018,95,0.0,4.730000000000018
2018,96,1.31,5.610000000000014
2018,96,1.31,5.610000000000014
2018,97,0.81,5.150000000000034
2018,97,0.81,5.150000000000034
2018,98,4.85,6.730000000000018
2018,98,4.85,6.730000000000018
2018,99,0.0,1.8900000000000432
2018,99,0.0,1.8900000000000432
2018,100,0.0,3.680000000000007
2018,100,0.0,3.680000000000007
2018,101,0.0,8.300000000000011
2018,101,0.0,8.300000000000011
2018,102,0.0,9.550000000000011
2018,102,0.0,9.550000000000011
2018,103,0.11,0.8799999999999955
2018,103,0.11,0.8799999999999955
2018,104,0.0,-3.2199999999999704
2018,104,0.0,-3.2199999999999704
2018,105,0.0,1.240000000000009
2018,105,0.0,1.240000000000009
2018,106,0.0,7.470000000000027
2018,106,0.0,7.470000000000027
2018,107,0.0,6.800000000000011
2018,107,0.0,6.800000000000011
2018,108,0.0,-2.819999999999993
2018,108,0.0,-2.819999999999993
2018,109,0.0,1.830000000000041
2018,109,0.0,1.830000000000041
2018,110,5.22,4.650000000000034
2018,110,5.22,4.650000000000034
2018,111,0.08,0.6500000000000341
2018,111,0.08,0.6500000000000341
2018,112,0.0,3.8700000000000045
2018,112,0.0,3.8700000000000045
2018,113,0.59,7.78000000000003
2018,113,0.59,7.78000000000003
2018,114,2.09,3.660000000000025
2018,114,2.09,3.660000000000025
2018,115,1.65,0.6200000000000045
2018,115,1.65,0.6200000000000045
2018,116,0.0,4.970000000000027
2018,116,0.0,4.970000000000027
2018,117,0.0,6.640000000000043
2018,117,0.0,6.640000000000043
2018,118,0.0,10.160000000000025
2018,118,0.0,10.160000000000025
2018,119,0.0,11.010000000000048
2018,119,0.0,11.010000000000048
2018,120,0.0,9.590000000000032
2018,120,0.0,9.590000000000032
2018,121,0.0,6.939999999999998
2018,121,0.0,6.939999999999998
2018,122,2.92,5.260000000000048
2018,122,2.92,5.260000000000048
2018,123,6.3,3.650000000000034
2018,123,6.3,3.650000000000034
2018,124,0.98,4.410000000000025
2018,124,0.98,4.410000000000025
2018,125,0.0,8.760000000000048
2018,125,0.0,8.760000000000048
2018,126,0.0,11.230000000000018
2018,126,0.0,11.230000000000018
2018,127,0.0,13.04000000000002
2018,127,0.0,13.04000000000002
2018,128,0.0,13.410000000000025
2018,128,0.0,13.410000000000025
2018,129,0.0,13.240000000000009
2018,129,0.0,13.240000000000009
2018,130,0.0,14.710000000000036
2018,130,0.0,14.710000000000036
2018,131,0.0,13.430000000000007
2018,131,0.0,13.430000000000007
2018,132,0.0,12.720000000000027
2018,132,0.0,12.720000000000027
2018,133,0.0,11.910000000000025
2018,133,0.0,11.910000000000025
2018,134,0.07,9.800000000000011
2018,134,0.07,9.800000000000011
2018,135,0.75,9.689999999999998
2018,135,0.75,9.689999999999998
2018,136,0.79,12.200000000000045
2018,136,0.79,12.200000000000045
2018,137,0.0,13.860000000000014
2018,137,0.0,13.860000000000014
2018,138,0.01,12.170000000000016
2018,138,0.01,12.170000000000016
2018,139,5.26,9.29000000000002
2018,139,5.26,9.29000000000002
2018,140,4.16,7.550000000000011
2018,140,4.16,7.550000000000011
2018,141,0.12,11.860000000000014
2018,141,0.12,11.860000000000014
2018,142,0.0,13.0
2018,142,0.0,13.0
2018,143,0.42,12.53000000000003
2018,143,0.42,12.53000000000003
2018,144,0.0,13.840000000000032
2018,144,0.0,13.840000000000032
2018,145,0.0,15.32000000000005
2018,145,0.0,15.32000000000005
2018,146,0.0,16.590000000000032
2018,146,0.0,16.590000000000032
2018,147,0.0,16.55000000000001
2018,147,0.0,16.55000000000001
2018,148,1.29,13.379999999999995
2018,148,1.29,13.379999999999995
2018,149,1.12,12.010000000000048
2018,149,1.12,12.010000000000048
2018,150,0.0,13.430000000000007
2018,150,0.0,13.430000000000007
2018,151,0.0,14.800000000000011
2018,151,0.0,14.800000000000011
2018,152,0.0,15.900000000000034
2018,152,0.0,15.900000000000034
2018,153,0.0,13.860000000000014
2018,153,0.0,13.860000000000014
2018,154,0.0,14.610000000000014
2018,154,0.0,14.610000000000014
2018,155,0.09,15.200000000000045
2018,155,0.09,15.200000000000045
2018,156,0.0,17.850000000000023
2018,156,0.0,17.850000000000023
2018,157,0.0,18.430000000000007
2018,157,0.0,18.430000000000007
2018,158,0.0,17.850000000000023
2018,158,0.0,17.850000000000023
2018,159,0.0,17.83000000000004
2018,159,0.0,17.83000000000004
2018,160,0.0,18.120000000000005
2018,160,0.0,18.120000000000005
2018,161,0.0,17.689999999999998
2018,161,0.0,17.689999999999998
2018,162,0.0,16.54000000000002
2018,162,0.0,16.54000000000002
2018,163,0.0,16.900000000000034
2018,163,0.0,16.900000000000034
2018,164,0.0,18.420000000000016
2018,164,0.0,18.420000000000016
2018,165,0.0,19.49000000000001
2018,165,0.0,19.49000000000001
2018,166,0.0,18.710000000000036
2018,166,0.0,18.710000000000036
2018,167,0.0,17.840000000000032
2018,167,0.0,17.840000000000032
2018,168,4.4,15.32000000000005
2018,168,4.4,15.32000000000005
2018,169,5.71,14.930000000000007
2018,169,5.71,14.930000000000007
2018,170,0.0,16.02000000000004
2018,170,0.0,16.02000000000004
2018,171,0.0,13.670000000000016
2018,171,0.0,13.670000000000016
2018,172,0.0,15.450000000000045
2018,172,0.0,15.450000000000045
2018,173,0.9,16.629999999999995
2018,173,0.9,16.629999999999995
2018,174,0.0,15.220000000000027
2018,174,0.0,15.220000000000027
2018,175,0.24,14.810000000000002
2018,175,0.24,14.810000000000002
2018,176,0.0,12.129999999999995
2018,176,0.0,12.129999999999995
2018,177,0.0,17.689999999999998
2018,177,0.0,17.689999999999998
2018,178,0.0,20.970000000000027
2018,178,0.0,20.970000000000027
2018,179,0.0,21.460000000000036
2018,179,0.0,21.460000000000036
2018,180,0.0,19.610000000000014
2018,180,0.0,19.610000000000014
2018,181,0.0,17.340000000000032
2018,181,0.0,17.340000000000032
2018,182,0.0,15.370000000000005
2018,182,0.0,15.370000000000005
2018,183,0.0,17.83000000000004
2018,183,0.0,17.83000000000004
2018,184,0.0,19.840000000000032
2018,184,0.0,19.840000000000032
2018,185,0.0,19.730000000000018
2018,185,0.0,19.730000000000018
2018,186,9.19,18.620000000000005
2018,186,9.19,18.620000000000005
2018,187,3.66,17.480000000000018
2018,187,3.66,17.480000000000018
2018,188,0.01,19.52000000000004
2018,188,0.01,19.52000000000004
2018,189,2.28,19.74000000000001
2018,189,2.28,19.74000000000001
2018,190,1.12,19.640000000000043
2018,190,1.12,19.640000000000043
2018,191,0.0,19.29000000000002
2018,191,0.0,19.29000000000002
2018,192,0.0,19.860000000000014
2018,192,0.0,19.860000000000014
2018,193,1.12,18.170000000000016
2018,193,1.12,18.170000000000016
2018,194,0.0,17.52000000000004
2018,194,0.0,17.52000000000004
2018,195,3.17,18.860000000000014
2018,195,3.17,18.860000000000014
2018,196,1.91,18.410000000000025
2018,196,1.91,18.410000000000025
2018,197,2.55,16.510000000000048
2018,197,2.55,16.510000000000048
2018,198,7.19,18.58000000000004
2018,198,7.19,18.58000000000004
2018,199,0.11,18.980000000000018
2018,199,0.11,18.980000000000018
2018,200,0.0,20.120000000000005
2018,200,0.0,20.120000000000005
2018,201,0.0,21.150000000000034
2018,201,0.0,21.150000000000034
2018,202,1.55,20.730000000000018
2018,202,1.55,20.730000000000018
2018,203,0.16,20.730000000000018
2018,203,0.16,20.730000000000018
2018,204,14.85,17.32000000000005
2018,204,14.85,17.32000000000005
2018,205,1.87,17.83000000000004
2018,205,1.87,17.83000000000004
2018,206,4.62,19.08000000000004
2018,206,4.62,19.08000000000004
2018,207,2.38,16.02000000000004
2018,207,2.38,16.02000000000004
2018,208,0.46,16.03000000000003
2018,208,0.46,16.03000000000003
2018,209,5.08,17.02000000000004
2018,209,5.08,17.02000000000004
2018,210,3.99,17.04000000000002
2018,210,3.99,17.04000000000002
2018,211,0.0,14.220000000000027
2018,211,0.0,14.220000000000027
2018,212,0.0,14.210000000000036
2018,212,0.0,14.210000000000036
2018,213,0.0,16.99000000000001
2018,213,0.0,16.99000000000001
2018,214,0.0,17.450000000000045
2018,214,0.0,17.450000000000045
2018,215,0.82,17.620000000000005
2018,215,0.82,17.620000000000005
2018,216,0.26,17.340000000000032
2018,216,0.26,17.340000000000032
2018,217,2.51,18.55000000000001
2018,217,2.51,18.55000000000001
2018,218,0.48,17.810000000000002
2018,218,0.48,17.810000000000002
2018,219,0.01,16.110000000000014
2018,219,0.01,16.110000000000014
2018,220,0.02,16.640000000000043
2018,220,0.02,16.640000000000043
2018,221,0.0,16.200000000000045
2018,221,0.0,16.200000000000045
2018,222,0.0,16.82000000000005
2018,222,0.0,16.82000000000005
2018,223,0.0,15.960000000000036
2018,223,0.0,15.960000000000036
2018,224,0.0,16.450000000000045
2018,224,0.0,16.450000000000045
2018,225,0.0,16.890000000000043
2018,225,0.0,16.890000000000043
2018,226,1.1,16.840000000000032
2018,226,1.1,16.840000000000032
2018,227,9.79,17.29000000000002
2018,227,9.79,17.29000000000002
2018,228,0.0,18.32000000000005
2018,228,0.0,18.32000000000005
2018,229,0.39,17.970000000000027
2018,229,0.39,17.970000000000027
2018,230,0.02,16.689999999999998
2018,230,0.02,16.689999999999998
2018,231,0.06,13.390000000000043
2018,231,0.06,13.390000000000043
2018,232,0.0,13.100000000000023
2018,232,0.0,13.100000000000023
2018,233,2.35,15.450000000000045
2018,233,2.35,15.450000000000045
2018,234,4.28,14.28000000000003
2018,234,4.28,14.28000000000003
2018,235,0.0,15.390000000000043
2018,235,0.0,15.390000000000043
2018,236,0.0,15.180000000000007
2018,236,0.0,15.180000000000007
2018,237,0.46,17.53000000000003
2018,237,0.46,17.53000000000003
2018,238,0.56,17.350000000000023
2018,238,0.56,17.350000000000023
2018,239,0.94,16.75
2018,239,0.94,16.75
2018,240,0.0,15.78000000000003
2018,240,0.0,15.78000000000003
2018,241,0.0,14.78000000000003
2018,241,0.0,14.78000000000003
2018,242,0.0,16.950000000000045
2018,242,0.0,16.950000000000045
2018,243,0.02,17.58000000000004
2018,243,0.02,17.58000000000004
2018,244,0.08,16.180000000000007
2018,244,0.08,16.180000000000007
2018,245,1.74,14.490000000000009
2018,245,1.74,14.490000000000009
2018,246,0.94,13.5
2018,246,0.94,13.5
2018,247,0.05,14.210000000000036
2018,247,0.05,14.210000000000036
2018,248,1.87,12.990000000000009
2018,248,1.87,12.990000000000009
2018,249,10.97,12.060000000000002
2018,249,10.97,12.060000000000002
2018,250,2.13,12.75
2018,250,2.13,12.75
2018,251,0.0,13.29000000000002
2018,251,0.0,13.29000000000002
2018,252,0.0,14.930000000000007
2018,252,0.0,14.930000000000007
2018,253,0.0,15.82000000000005
2018,253,0.0,15.82000000000005
2018,254,0.0,17.110000000000014
2018,254,0.0,17.110000000000014
2018,255,0.0,16.870000000000005
2018,255,0.0,16.870000000000005
2018,256,0.0,16.77000000000004
2018,256,0.0,16.77000000000004
2018,257,0.0,16.680000000000007
2018,257,0.0,16.680000000000007
2018,258,0.0,17.150000000000034
2018,258,0.0,17.150000000000034
2018,259,0.0,17.410000000000025
2018,259,0.0,17.410000000000025
2018,260,0.0,17.640000000000043
2018,260,0.0,17.640000000000043
2018,261,0.0,17.77000000000004
2018,261,0.0,17.77000000000004
2018,262,0.21,17.600000000000023
2018,262,0.21,17.600000000000023
2018,263,0.9,14.400000000000034
2018,263,0.9,14.400000000000034
2018,264,0.0,11.520000000000039
2018,264,0.0,11.520000000000039
2018,265,0.0,13.230000000000018
2018,265,0.0,13.230000000000018
2018,266,0.0,13.930000000000007
2018,266,0.0,13.930000000000007
2018,267,0.0,13.939999999999998
2018,267,0.0,13.939999999999998
2018,268,0.0,10.020000000000039
2018,268,0.0,10.020000000000039
2018,269,0.0,7.470000000000027
2018,269,0.0,7.470000000000027
2018,270,0.0,10.340000000000032
2018,270,0.0,10.340000000000032
2018,271,0.0,12.140000000000043
2018,271,0.0,12.140000000000043
2018,272,0.0,13.410000000000025
2018,272,0.0,13.410000000000025
2018,273,0.0,14.390000000000043
2018,273,0.0,14.390000000000043
2018,274,1.1,13.430000000000007
2018,274,1.1,13.430000000000007
2018,275,1.37,13.050000000000011
2018,275,1.37,13.050000000000011
2018,276,0.0,13.939999999999998
2018,276,0.0,13.939999999999998
2018,277,0.75,11.340000000000032
2018,277,0.75,11.340000000000032
2018,278,0.0,9.480000000000018
2018,278,0.0,9.480000000000018
2018,279,2.89,5.260000000000048
2018,279,2.89,5.260000000000048
2018,280,0.0,7.590000000000032
2018,280,0.0,7.590000000000032
2018,281,4.85,4.260000000000048
2018,281,4.85,4.260000000000048
2018,282,0.93,1.7200000000000273
2018,282,0.93,1.7200000000000273
2018,283,0.44,0.26000000000004775
2018,283,0.44,0.26000000000004775
2018,284,0.01,2.4399999999999977
2018,284,0.01,2.4399999999999977
2018,285,0.0,4.03000000000003
2018,285,0.0,4.03000000000003
2018,286,0.0,5.850000000000023
2018,286,0.0,5.850000000000023
2018,287,0.79,-2.579999999999984
2018,287,0.79,-2.579999999999984
2018,288,0.0,-6.6200000000000045
2018,288,0.0,-6.6200000000000045
2018,289,0.0,-1.6099999999999568
2018,289,0.0,-1.6099999999999568
2018,290,0.0,0.07000000000005002
2018,290,0.0,0.07000000000005002
2018,291,0.0,3.6200000000000045
2018,291,0.0,3.6200000000000045
2018,292,0.0,5.150000000000034
2018,292,0.0,5.150000000000034
2018,293,0.0,5.410000000000025
2018,293,0.0,5.410000000000025
2018,294,0.0,7.0400000000000205
2018,294,0.0,7.0400000000000205
2018,295,0.0,8.57000000000005
2018,295,0.0,8.57000000000005
2018,296,0.0,8.270000000000039
2018,296,0.0,8.270000000000039
2018,297,2.01,6.970000000000027
2018,297,2.01,6.970000000000027
2018,298,0.0,5.520000000000039
2018,298,0.0,5.520000000000039
2018,299,0.0,5.420000000000016
2018,299,0.0,5.420000000000016
2018,300,0.0,6.5400000000000205
2018,300,0.0,6.5400000000000205
2018,301,0.0,8.129999999999995
2018,301,0.0,8.129999999999995
2018,302,0.0,8.82000000000005
2018,302,0.0,8.82000000000005
2018,303,9.56,3.180000000000007
2018,303,9.56,3.180000000000007
2018,304,0.18,-1.9099999999999682
2018,304,0.18,-1.9099999999999682
2018,305,0.0,-2.5499999999999545
2018,305,0.0,-2.5499999999999545
2018,306,0.0,0.6200000000000045
2018,306,0.0,0.6200000000000045
2018,307,2.91,0.07000000000005002
2018,307,2.91,0.07000000000005002
2018,308,0.0,-1.67999999999995
2018,308,0.0,-1.67999999999995
2018,309,0.14,-0.3100000000000023
2018,309,0.14,-0.3100000000000023
2018,310,0.0,-2.7799999999999727
2018,310,0.0,-2.7799999999999727
2018,311,0.0,-3.8100000000000023
2018,311,0.0,-3.8100000000000023
2018,312,0.0,-5.46999999999997
2018,312,0.0,-5.46999999999997
2018,313,0.0,-5.949999999999989
2018,313,0.0,-5.949999999999989
2018,314,0.0,-2.089999999999975
2018,314,0.0,-2.089999999999975
2018,315,3.06,-5.46999999999997
2018,315,3.06,-5.46999999999997
2018,316,0.02,-10.289999999999964
2018,316,0.02,-10.289999999999964
2018,317,0.0,-7.8799999999999955
2018,317,0.0,-7.8799999999999955
2018,318,0.0,-2.7099999999999795
2018,318,0.0,-2.7099999999999795
2018,319,0.0,0.660000000000025
2018,319,0.0,0.660000000000025
2018,320,0.0,1.490000000000009
2018,320,0.0,1.490000000000009
2018,321,0.0,-1.4499999999999886
2018,321,0.0,-1.4499999999999886
2018,322,0.02,-3.7199999999999704
2018,322,0.02,-3.7199999999999704
2018,323,0.0,-2.859999999999957
2018,323,0.0,-2.859999999999957
2018,324,0.0,-2.2999999999999545
2018,324,0.0,-2.2999999999999545
2018,325,0.0,-0.7299999999999613
2018,325,0.0,-0.7299999999999613
2018,326,0.0,0.5900000000000318
2018,326,0.0,0.5900000000000318
2018,327,0.06,-1.6099999999999568
2018,327,0.06,-1.6099999999999568
2018,328,1.04,-1.3100000000000023
2018,328,1.04,-1.3100000000000023
2018,329,0.0,-7.199999999999989
2018,329,0.0,-7.199999999999989
2018,330,0.0,-6.229999999999961
2018,330,0.0,-6.229999999999961
2018,331,0.0,-1.2999999999999545
2018,331,0.0,-1.2999999999999545
2018,332,0.0,0.660000000000025
2018,332,0.0,0.660000000000025
2018,333,0.0,-0.23999999999995225
2018,333,0.0,-0.23999999999995225
2018,334,0.02,-1.009999999999991
2018,334,0.02,-1.009999999999991
2018,335,0.0,-4.609999999999957
2018,335,0.0,-4.609999999999957
2018,336,1.22,-8.919999999999959
2018,336,1.22,-8.919999999999959
2018,337,0.0,-8.17999999999995
2018,337,0.0,-8.17999999999995
2018,338,0.0,-11.139999999999986
2018,338,0.0,-11.139999999999986
2018,339,0.0,-7.3700000000000045
2018,339,0.0,-7.3700000000000045
2018,340,0.0,-6.169999999999959
2018,340,0.0,-6.169999999999959
2018,341,0.0,-3.92999999999995
2018,341,0.0,-3.92999999999995
2018,342,0.0,-4.569999999999993
2018,342,0.0,-4.569999999999993
2018,343,0.0,-5.9599999999999795
2018,343,0.0,-5.9599999999999795
2018,344,0.0,-4.7099999999999795
2018,344,0.0,-4.7099999999999795
2018,345,0.0,-0.92999999999995
2018,345,0.0,-0.92999999999995
2018,346,0.0,-2.329999999999984
2018,346,0.0,-2.329999999999984
2018,347,0.0,-6.569999999999993
2018,347,0.0,-6.569999999999993
2018,348,0.0,-3.7399999999999523
2018,348,0.0,-3.7399999999999523
2018,349,0.14,-0.07999999999998408
2018,349,0.14,-0.07999999999998408
2018,350,0.0,-0.40999999999996817
2018,350,0.0,-0.40999999999996817
2018,351,0.0,0.5300000000000296
2018,351,0.0,0.5300000000000296
2018,352,0.0,0.12999999999999545
2018,352,0.0,0.12999999999999545
2018,353,0.01,-2.7299999999999613
2018,353,0.01,-2.7299999999999613
2018,354,0.0,-5.339999999999975
2018,354,0.0,-5.339999999999975
2018,355,0.0,-0.7399999999999523
2018,355,0.0,-0.7399999999999523
2018,356,1.12,-2.9799999999999613
2018,356,1.12,-2.9799999999999613
2018,357,0.0,-6.449999999999989
2018,357,0.0,-6.449999999999989
2018,358,0.03,-3.8100000000000023
2018,358,0.03,-3.8100000000000023
2018,359,0.0,-4.409999999999968
2018,359,0.0,-4.409999999999968
2018,360,0.01,-2.509999999999991
2018,360,0.01,-2.509999999999991
2018,361,0.0,-8.109999999999957
2018,361,0.0,-8.109999999999957
2018,362,0.03,-13.159999999999968
2018,362,0.03,-13.159999999999968
2018,363,0.0,-11.739999999999952
2018,363,0.0,-11.739999999999952
2018,364,0.0,-5.579999999999984
2018,364,0.0,-5.579999999999984
2018,365,2.04,-8.42999999999995
2018,365,2.04,-8.42999999999995
2019,1,0.0,-15.189999999999998
2019,1,0.0,-15.189999999999998
2019,2,0.0,-10.239999999999952
2019,2,0.0,-10.239999999999952
2019,3,0.0,-6.239999999999952
2019,3,0.0,-6.239999999999952
2019,4,0.0,-1.4799999999999613
2019,4,0.0,-1.4799999999999613
2019,5,0.0,0.4500000000000455
2019,5,0.0,0.4500000000000455
2019,6,0.0,-0.3199999999999932
2019,6,0.0,-0.3199999999999932
2019,7,0.0,-4.289999999999964
2019,7,0.0,-4.289999999999964
2019,8,0.0,-3.5299999999999727
2019,8,0.0,-3.5299999999999727
2019,9,0.0,-0.7299999999999613
2019,9,0.0,-0.7299999999999613
2019,10,0.0,1.1200000000000045
2019,10,0.0,1.1200000000000045
2019,11,9.6,-1.92999999999995
2019,11,9.6,-1.92999999999995
2019,12,0.66,-5.2999999999999545
2019,12,0.66,-5.2999999999999545
2019,13,0.0,-6.849999999999966
2019,13,0.0,-6.849999999999966
2019,14,0.0,-7.229999999999961
2019,14,0.0,-7.229999999999961
2019,15,0.0,-4.989999999999952
2019,15,0.0,-4.989999999999952
2019,16,0.0,-2.4699999999999704
2019,16,0.0,-2.4699999999999704
2019,17,0.0,-4.310000000000002
2019,17,0.0,-4.310000000000002
2019,18,1.07,-3.4799999999999613
2019,18,1.07,-3.4799999999999613
2019,19,0.0,-7.71999999999997
2019,19,0.0,-7.71999999999997
2019,20,0.0,-2.9699999999999704
2019,20,0.0,-2.9699999999999704
2019,21,0.72,-1.919999999999959
2019,21,0.72,-1.919999999999959
2019,22,3.39,-8.42999999999995
2019,22,3.39,-8.42999999999995
2019,23,0.0,-10.589999999999975
2019,23,0.0,-10.589999999999975
2019,24,0.22,-9.67999999999995
2019,24,0.22,-9.67999999999995
2019,25,0.19,-9.95999999999998
2019,25,0.19,-9.95999999999998
2019,26,0.0,-8.589999999999975
2019,26,0.0,-8.589999999999975
2019,27,0.0,-5.439999999999998
2019,27,0.0,-5.439999999999998
2019,28,0.9,-6.21999999999997
2019,28,0.9,-6.21999999999997
2019,29,0.0,-9.569999999999993
2019,29,0.0,-9.569999999999993
2019,30,0.0,-7.699999999999989
2019,30,0.0,-7.699999999999989
2019,31,0.0,-5.7099999999999795
2019,31,0.0,-5.7099999999999795
2019,32,0.0,-3.159999999999968
2019,32,0.0,-3.159999999999968
2019,33,0.0,-1.829999999999984
2019,33,0.0,-1.829999999999984
2019,34,0.0,-0.46999999999997044
2019,34,0.0,-0.46999999999997044
2019,35,0.0,-2.0
2019,35,0.0,-2.0
2019,36,0.01,-1.5499999999999545
2019,36,0.01,-1.5499999999999545
2019,37,0.78,-3.8799999999999955
2019,37,0.78,-3.8799999999999955
2019,38,0.0,-12.239999999999952
2019,38,0.0,-12.239999999999952
2019,39,0.0,-11.96999999999997
2019,39,0.0,-11.96999999999997
2019,40,0.0,-6.289999999999964
2019,40,0.0,-6.289999999999964
2019,41,0.0,-5.839999999999975
2019,41,0.0,-5.839999999999975
2019,42,0.0,-6.669999999999959
2019,42,0.0,-6.669999999999959
2019,43,0.0,-8.689999999999998
2019,43,0.0,-8.689999999999998
2019,44,0.0,-3.9699999999999704
2019,44,0.0,-3.9699999999999704
2019,45,0.0,0.4000000000000341
2019,45,0.0,0.4000000000000341
2019,46,0.86,0.7400000000000091
2019,46,0.86,0.7400000000000091
2019,47,0.03,-2.7899999999999636
2019,47,0.03,-2.7899999999999636
2019,48,0.14,-10.769999999999982
2019,48,0.14,-10.769999999999982
2019,49,1.0,-11.039999999999964
2019,49,1.0,-11.039999999999964
2019,50,0.0,-10.779999999999973
2019,50,0.0,-10.779999999999973
2019,51,2.27,-13.099999999999966
2019,51,2.27,-13.099999999999966
2019,52,0.85,-10.699999999999989
2019,52,0.85,-10.699999999999989
2019,53,3.5,-6.409999999999968
2019,53,3.5,-6.409999999999968
2019,54,6.7,-6.979999999999961
2019,54,6.7,-6.979999999999961
2019,55,0.01,-9.479999999999961
2019,55,0.01,-9.479999999999961
2019,56,0.0,-5.1299999999999955
2019,56,0.0,-5.1299999999999955
2019,57,0.0,-2.0499999999999545
2019,57,0.0,-2.0499999999999545
2019,58,0.0,-0.37000000000000455
2019,58,0.0,-0.37000000000000455
2019,59,0.0,0.18999999999999773
2019,59,0.0,0.18999999999999773
2019,60,0.01,-1.2099999999999795
2019,60,0.01,-1.2099999999999795
2019,61,0.0,-1.6099999999999568
2019,61,0.0,-1.6099999999999568
2019,62,2.58,-7.060000000000002
2019,62,2.58,-7.060000000000002
2019,63,0.17,-8.099999999999966
2019,63,0.17,-8.099999999999966
2019,64,0.0,-6.139999999999986
2019,64,0.0,-6.139999999999986
2019,65,0.0,-0.22999999999996135
2019,65,0.0,-0.22999999999996135
2019,66,0.01,2.3500000000000227
2019,66,0.01,2.3500000000000227
2019,67,0.0,-1.25
2019,67,0.0,-1.25
2019,68,1.96,-3.759999999999991
2019,68,1.96,-3.759999999999991
2019,69,0.0,-3.4899999999999523
2019,69,0.0,-3.4899999999999523
2019,70,1.9,-1.5299999999999727
2019,70,1.9,-1.5299999999999727
2019,71,1.95,1.3700000000000045
2019,71,1.95,1.3700000000000045
2019,72,19.03,1.3700000000000045
2019,72,19.03,1.3700000000000045
2019,73,0.0,-6.6299999999999955
2019,73,0.0,-6.6299999999999955
2019,74,0.0,-5.9599999999999795
2019,74,0.0,-5.9599999999999795
2019,75,0.0,-3.4899999999999523
2019,75,0.0,-3.4899999999999523
2019,76,0.0,-2.569999999999993
2019,76,0.0,-2.569999999999993
2019,77,0.0,-2.1299999999999955
2019,77,0.0,-2.1299999999999955
2019,78,0.11,-0.9499999999999886
2019,78,0.11,-0.9499999999999886
2019,79,0.0,-2.7799999999999727
2019,79,0.0,-2.7799999999999727
2019,80,0.0,0.6200000000000045
2019,80,0.0,0.6200000000000045
2019,81,0.57,1.400000000000034
2019,81,0.57,1.400000000000034
2019,82,0.04,-1.9799999999999613
2019,82,0.04,-1.9799999999999613
2019,83,0.05,-1.3599999999999568
2019,83,0.05,-1.3599999999999568
2019,84,0.0,-0.4199999999999591
2019,84,0.0,-0.4199999999999591
2019,85,0.0,1.7100000000000364
2019,85,0.0,1.7100000000000364
2019,86,0.0,6.150000000000034
2019,86,0.0,6.150000000000034
2019,87,0.0,7.580000000000041
2019,87,0.0,7.580000000000041
2019,88,0.0,3.0100000000000477
2019,88,0.0,3.0100000000000477
2019,89,0.87,-3.569999999999993
2019,89,0.87,-3.569999999999993
2019,90,1.02,-3.609999999999957
2019,90,1.02,-3.609999999999957
2019,91,0.0,-1.919999999999959
2019,91,0.0,-1.919999999999959
2019,92,0.0,0.4300000000000068
2019,92,0.0,0.4300000000000068
2019,93,0.01,2.3799999999999955
2019,93,0.01,2.3799999999999955
2019,94,0.0,3.2700000000000387
2019,94,0.0,3.2700000000000387
2019,95,0.0,5.860000000000014
2019,95,0.0,5.860000000000014
2019,96,0.0,5.6200000000000045
2019,96,0.0,5.6200000000000045
2019,97,0.0,5.2900000000000205
2019,97,0.0,5.2900000000000205
2019,98,0.0,6.6200000000000045
2019,98,0.0,6.6200000000000045
2019,99,0.0,9.129999999999995
2019,99,0.0,9.129999999999995
2019,100,4.74,6.240000000000009
2019,100,4.74,6.240000000000009
2019,101,0.21,-4.279999999999973
2019,101,0.21,-4.279999999999973
2019,102,0.38,-3.4599999999999795
2019,102,0.38,-3.4599999999999795
2019,103,0.87,-2.609999999999957
2019,103,0.87,-2.609999999999957
2019,104,0.06,-0.8599999999999568
2019,104,0.06,-0.8599999999999568
2019,105,0.0,5.240000000000009
2019,105,0.0,5.240000000000009
2019,106,0.0,7.07000000000005
2019,106,0.0,7.07000000000005
2019,107,0.06,5.460000000000036
2019,107,0.06,5.460000000000036
2019,108,0.0,3.480000000000018
2019,108,0.0,3.480000000000018
2019,109,0.0,6.060000000000002
2019,109,0.0,6.060000000000002
2019,110,0.0,10.0
2019,110,0.0,10.0
2019,111,0.0,8.610000000000014
2019,111,0.0,8.610000000000014
2019,112,0.0,5.5
2019,112,0.0,5.5
2019,113,0.15,4.930000000000007
2019,113,0.15,4.930000000000007
2019,114,0.0,7.189999999999998
2019,114,0.0,7.189999999999998
2019,115,0.0,7.610000000000014
2019,115,0.0,7.610000000000014
2019,116,0.01,8.520000000000039
2019,116,0.01,8.520000000000039
2019,117,0.0,9.25
2019,117,0.0,9.25
2019,118,0.0,9.810000000000002
2019,118,0.0,9.810000000000002
2019,119,0.55,5.710000000000036
2019,119,0.55,5.710000000000036
2019,120,5.92,3.32000000000005
2019,120,5.92,3.32000000000005
2019,121,0.02,4.300000000000011
2019,121,0.02,4.300000000000011
2019,122,0.0,3.080000000000041
2019,122,0.0,3.080000000000041
2019,123,0.0,4.390000000000043
2019,123,0.0,4.390000000000043
2019,124,0.0,6.580000000000041
2019,124,0.0,6.580000000000041
2019,125,0.0,7.760000000000048
2019,125,0.0,7.760000000000048
2019,126,0.02,10.32000000000005
2019,126,0.02,10.32000000000005
2019,127,0.07,8.79000000000002
2019,127,0.07,8.79000000000002
2019,128,3.67,5.160000000000025
2019,128,3.67,5.160000000000025
2019,129,4.56,-1.6899999999999977
2019,129,4.56,-1.6899999999999977
2019,130,1.63,0.37000000000000455
2019,130,1.63,0.37000000000000455
2019,131,1.1,4.470000000000027
2019,131,1.1,4.470000000000027
2019,132,0.0,6.03000000000003
2019,132,0.0,6.03000000000003
2019,133,0.0,9.870000000000005
2019,133,0.0,9.870000000000005
2019,134,0.48,12.060000000000002
2019,134,0.48,12.060000000000002
2019,135,0.32,13.0
2019,135,0.32,13.0
2019,136,0.0,13.610000000000014
2019,136,0.0,13.610000000000014
2019,137,0.0,11.57000000000005
2019,137,0.0,11.57000000000005
2019,138,0.0,4.439999999999998
2019,138,0.0,4.439999999999998
2019,139,0.03,3.9399999999999977
2019,139,0.03,3.9399999999999977
2019,140,5.22,5.710000000000036
2019,140,5.22,5.710000000000036
2019,141,3.23,1.4399999999999977
2019,141,3.23,1.4399999999999977
2019,142,0.45,2.6899999999999977
2019,142,0.45,2.6899999999999977
2019,143,4.13,2.8600000000000136
2019,143,4.13,2.8600000000000136
2019,144,0.1,5.2000000000000455
2019,144,0.1,5.2000000000000455
2019,145,0.0,8.060000000000002
2019,145,0.0,8.060000000000002
2019,146,0.0,11.180000000000007
2019,146,0.0,11.180000000000007
2019,147,0.0,9.82000000000005
2019,147,0.0,9.82000000000005
2019,148,0.02,6.32000000000005
2019,148,0.02,6.32000000000005
2019,149,2.83,4.689999999999998
2019,149,2.83,4.689999999999998
2019,150,10.16,7.160000000000025
2019,150,10.16,7.160000000000025
2019,151,0.63,10.110000000000014
2019,151,0.63,10.110000000000014
2019,152,0.03,12.32000000000005
2019,152,0.03,12.32000000000005
2019,153,1.14,13.32000000000005
2019,153,1.14,13.32000000000005
2019,154,0.51,14.379999999999995
2019,154,0.51,14.379999999999995
2019,155,0.0,14.170000000000016
2019,155,0.0,14.170000000000016
2019,156,1.86,13.140000000000043
2019,156,1.86,13.140000000000043
2019,157,0.37,13.189999999999998
2019,157,0.37,13.189999999999998
2019,158,0.05,15.32000000000005
2019,158,0.05,15.32000000000005
2019,159,0.0,15.210000000000036
2019,159,0.0,15.210000000000036
2019,160,0.01,9.410000000000025
2019,160,0.01,9.410000000000025
2019,161,0.0,8.300000000000011
2019,161,0.0,8.300000000000011
2019,162,0.0,12.650000000000034
2019,162,0.0,12.650000000000034
2019,163,0.0,10.879999999999995
2019,163,0.0,10.879999999999995
2019,164,0.02,14.020000000000039
2019,164,0.02,14.020000000000039
2019,165,0.0,15.370000000000005
2019,165,0.0,15.370000000000005
2019,166,2.85,12.879999999999995
2019,166,2.85,12.879999999999995
2019,167,7.78,12.689999999999998
2019,167,7.78,12.689999999999998
2019,168,1.58,13.210000000000036
2019,168,1.58,13.210000000000036
2019,169,2.9,12.04000000000002
2019,169,2.9,12.04000000000002
2019,170,0.42,12.010000000000048
2019,170,0.42,12.010000000000048
2019,171,0.1,15.010000000000048
2019,171,0.1,15.010000000000048
2019,172,0.19,14.379999999999995
2019,172,0.19,14.379999999999995
2019,173,2.58,9.480000000000018
2019,173,2.58,9.480000000000018
2019,174,4.42,7.520000000000039
2019,174,4.42,7.520000000000039
2019,175,0.0,9.28000000000003
2019,175,0.0,9.28000000000003
2019,176,0.0,14.220000000000027
2019,176,0.0,14.220000000000027
2019,177,0.0,16.78000000000003
2019,177,0.0,16.78000000000003
2019,178,0.0,17.189999999999998
2019,178,0.0,17.189999999999998
2019,179,0.0,18.74000000000001
2019,179,0.0,18.74000000000001
2019,180,0.0,19.310000000000002
2019,180,0.0,19.310000000000002
2019,181,2.09,19.470000000000027
2019,181,2.09,19.470000000000027
2019,182,0.22,17.439999999999998
2019,182,0.22,17.439999999999998
2019,183,0.88,16.850000000000023
2019,183,0.88,16.850000000000023
2019,184,0.12,17.010000000000048
2019,184,0.12,17.010000000000048
2019,185,0.18,17.83000000000004
2019,185,0.18,17.83000000000004
2019,186,0.04,17.310000000000002
2019,186,0.04,17.310000000000002
2019,187,0.6,16.700000000000045
2019,187,0.6,16.700000000000045
2019,188,0.05,16.29000000000002
2019,188,0.05,16.29000000000002
2019,189,2.42,16.08000000000004
2019,189,2.42,16.08000000000004
2019,190,0.0,15.82000000000005
2019,190,0.0,15.82000000000005
2019,191,0.04,17.04000000000002
2019,191,0.04,17.04000000000002
2019,192,2.7,19.189999999999998
2019,192,2.7,19.189999999999998
2019,193,0.0,19.670000000000016
2019,193,0.0,19.670000000000016
2019,194,4.46,19.29000000000002
2019,194,4.46,19.29000000000002
2019,195,12.76,18.920000000000016
2019,195,12.76,18.920000000000016
2019,196,1.53,18.620000000000005
2019,196,1.53,18.620000000000005
2019,197,0.59,18.629999999999995
2019,197,0.59,18.629999999999995
2019,198,0.01,20.140000000000043
2019,198,0.01,20.140000000000043
2019,199,0.0,19.52000000000004
2019,199,0.0,19.52000000000004
2019,200,0.0,20.420000000000016
2019,200,0.0,20.420000000000016
2019,201,1.17,20.83000000000004
2019,201,1.17,20.83000000000004
2019,202,0.12,17.660000000000025
2019,202,0.12,17.660000000000025
2019,203,12.51,17.04000000000002
2019,203,12.51,17.04000000000002
2019,204,0.23,17.0
2019,204,0.23,17.0
2019,205,1.73,18.53000000000003
2019,205,1.73,18.53000000000003
2019,206,18.89,18.82000000000005
2019,206,18.89,18.82000000000005
2019,207,0.54,17.75
2019,207,0.54,17.75
2019,208,2.06,17.460000000000036
2019,208,2.06,17.460000000000036
2019,209,0.32,16.560000000000002
2019,209,0.32,16.560000000000002
2019,210,11.46,17.600000000000023
2019,210,11.46,17.600000000000023
2019,211,2.81,19.180000000000007
2019,211,2.81,19.180000000000007
2019,212,0.59,19.230000000000018
2019,212,0.59,19.230000000000018
2019,213,0.53,18.28000000000003
2019,213,0.53,18.28000000000003
2019,214,0.3,17.24000000000001
2019,214,0.3,17.24000000000001
2019,215,6.27,18.28000000000003
2019,215,6.27,18.28000000000003
2019,216,0.22,18.590000000000032
2019,216,0.22,18.590000000000032
2019,217,0.77,18.25
2019,217,0.77,18.25
2019,218,0.72,18.480000000000018
2019,218,0.72,18.480000000000018
2019,219,2.46,19.710000000000036
2019,219,2.46,19.710000000000036
2019,220,6.72,17.950000000000045
2019,220,6.72,17.950000000000045
2019,221,0.55,17.470000000000027
2019,221,0.55,17.470000000000027
2019,222,2.03,17.78000000000003
2019,222,2.03,17.78000000000003
2019,223,7.76,17.29000000000002
2019,223,7.76,17.29000000000002
2019,224,0.12,16.49000000000001
2019,224,0.12,16.49000000000001
2019,225,0.17,17.24000000000001
2019,225,0.17,17.24000000000001
2019,226,0.0,17.090000000000032
2019,226,0.0,17.090000000000032
2019,227,0.0,17.700000000000045
2019,227,0.0,17.700000000000045
2019,228,0.0,18.32000000000005
2019,228,0.0,18.32000000000005
2019,229,0.0,17.600000000000023
2019,229,0.0,17.600000000000023
2019,230,0.0,17.30000000000001
2019,230,0.0,17.30000000000001
2019,231,0.0,19.32000000000005
2019,231,0.0,19.32000000000005
2019,232,0.0,20.05000000000001
2019,232,0.0,20.05000000000001
2019,233,0.19,18.890000000000043
2019,233,0.19,18.890000000000043
2019,234,0.61,16.680000000000007
2019,234,0.61,16.680000000000007
2019,235,0.02,16.910000000000025
2019,235,0.02,16.910000000000025
2019,236,0.0,16.180000000000007
2019,236,0.0,16.180000000000007
2019,237,0.0,17.49000000000001
2019,237,0.0,17.49000000000001
2019,238,0.0,17.590000000000032
2019,238,0.0,17.590000000000032
2019,239,0.0,14.78000000000003
2019,239,0.0,14.78000000000003
2019,240,0.0,15.020000000000039
2019,240,0.0,15.020000000000039
2019,241,0.0,17.920000000000016
2019,241,0.0,17.920000000000016
2019,242,0.0,17.700000000000045
2019,242,0.0,17.700000000000045
2019,243,0.0,17.510000000000048
2019,243,0.0,17.510000000000048
2019,244,0.0,18.410000000000025
2019,244,0.0,18.410000000000025
2019,245,0.0,19.77000000000004
2019,245,0.0,19.77000000000004
2019,246,0.19,19.410000000000025
2019,246,0.19,19.410000000000025
2019,247,26.74,16.920000000000016
2019,247,26.74,16.920000000000016
2019,248,1.99,19.160000000000025
2019,248,1.99,19.160000000000025
2019,249,2.3,18.720000000000027
2019,249,2.3,18.720000000000027
2019,250,4.8,17.450000000000045
2019,250,4.8,17.450000000000045
2019,251,1.31,16.32000000000005
2019,251,1.31,16.32000000000005
2019,252,0.4,14.220000000000027
2019,252,0.4,14.220000000000027
2019,253,0.0,14.900000000000034
2019,253,0.0,14.900000000000034
2019,254,0.0,14.650000000000034
2019,254,0.0,14.650000000000034
2019,255,0.0,10.970000000000027
2019,255,0.0,10.970000000000027
2019,256,0.0,11.600000000000023
2019,256,0.0,11.600000000000023
2019,257,0.0,14.620000000000005
2019,257,0.0,14.620000000000005
2019,258,0.0,16.29000000000002
2019,258,0.0,16.29000000000002
2019,259,0.0,15.450000000000045
2019,259,0.0,15.450000000000045
2019,260,0.0,14.810000000000002
2019,260,0.0,14.810000000000002
2019,261,0.0,14.050000000000011
2019,261,0.0,14.050000000000011
2019,262,0.0,14.5
2019,262,0.0,14.5
2019,263,0.0,14.660000000000025
2019,263,0.0,14.660000000000025
2019,264,0.0,11.590000000000032
2019,264,0.0,11.590000000000032
2019,265,0.0,9.400000000000034
2019,265,0.0,9.400000000000034
2019,266,0.0,12.100000000000023
2019,266,0.0,12.100000000000023
2019,267,0.0,13.629999999999995
2019,267,0.0,13.629999999999995
2019,268,0.0,14.340000000000032
2019,268,0.0,14.340000000000032
2019,269,0.0,14.5
2019,269,0.0,14.5
2019,270,0.0,14.100000000000023
2019,270,0.0,14.100000000000023
2019,271,0.0,10.830000000000041
2019,271,0.0,10.830000000000041
2019,272,0.0,13.300000000000011
2019,272,0.0,13.300000000000011
2019,273,0.0,13.5
2019,273,0.0,13.5
2019,274,0.0,11.770000000000039
2019,274,0.0,11.770000000000039
2019,275,0.0,9.410000000000025
2019,275,0.0,9.410000000000025
2019,276,0.0,8.04000000000002
2019,276,0.0,8.04000000000002
2019,277,0.0,11.360000000000014
2019,277,0.0,11.360000000000014
2019,278,0.0,9.840000000000032
2019,278,0.0,9.840000000000032
2019,279,0.0,5.9500000000000455
2019,279,0.0,5.9500000000000455
2019,280,0.0,6.689999999999998
2019,280,0.0,6.689999999999998
2019,281,0.0,9.860000000000014
2019,281,0.0,9.860000000000014
2019,282,0.0,10.170000000000016
2019,282,0.0,10.170000000000016
2019,283,2.73,-0.7699999999999818
2019,283,2.73,-0.7699999999999818
2019,284,0.0,-6.859999999999957
2019,284,0.0,-6.859999999999957
2019,285,0.0,1.150000000000034
2019,285,0.0,1.150000000000034
2019,286,0.0,4.439999999999998
2019,286,0.0,4.439999999999998
2019,287,0.0,6.7900000000000205
2019,287,0.0,6.7900000000000205
2019,288,0.0,6.580000000000041
2019,288,0.0,6.580000000000041
2019,289,0.0,8.720000000000027
2019,289,0.0,8.720000000000027
2019,290,0.0,10.75
2019,290,0.0,10.75
2019,291,0.0,8.140000000000043
2019,291,0.0,8.140000000000043
2019,292,0.0,1.57000000000005
2019,292,0.0,1.57000000000005
2019,293,0.28,0.0
2019,293,0.28,0.0
2019,294,0.0,-4.659999999999968
2019,294,0.0,-4.659999999999968
2019,295,0.0,-1.1499999999999773
2019,295,0.0,-1.1499999999999773
2019,296,0.0,2.490000000000009
2019,296,0.0,2.490000000000009
2019,297,7.0,-4.739999999999952
2019,297,7.0,-4.739999999999952
2019,298,0.0,-3.1399999999999864
2019,298,0.0,-3.1399999999999864
2019,299,0.0,4.0
2019,299,0.0,4.0
2019,300,0.0,-1.9599999999999795
2019,300,0.0,-1.9599999999999795
2019,301,7.09,-8.829999999999984
2019,301,7.09,-8.829999999999984
2019,302,0.02,-9.199999999999989
2019,302,0.02,-9.199999999999989
2019,303,6.39,-15.609999999999957
2019,303,6.39,-15.609999999999957
2019,304,0.0,-7.669999999999959
2019,304,0.0,-7.669999999999959
2019,305,0.0,-2.6200000000000045
2019,305,0.0,-2.6200000000000045
2019,306,0.0,-3.339999999999975
2019,306,0.0,-3.339999999999975
2019,307,0.0,0.29000000000002046
2019,307,0.0,0.29000000000002046
2019,308,0.0,-0.18999999999999773
2019,308,0.0,-0.18999999999999773
2019,309,0.0,0.4300000000000068
2019,309,0.0,0.4300000000000068
2019,310,0.01,0.8799999999999955
2019,310,0.01,0.8799999999999955
2019,311,0.0,-0.8999999999999773
2019,311,0.0,-0.8999999999999773
2019,312,0.0,1.1800000000000068
2019,312,0.0,1.1800000000000068
2019,313,0.0,4.0
2019,313,0.0,4.0
2019,314,0.0,4.920000000000016
2019,314,0.0,4.920000000000016
2019,315,0.02,-1.099999999999966
2019,315,0.02,-1.099999999999966
2019,316,0.0,-1.4699999999999704
2019,316,0.0,-1.4699999999999704
2019,317,0.0,2.1299999999999955
2019,317,0.0,2.1299999999999955
2019,318,0.0,-0.44999999999998863
2019,318,0.0,-0.44999999999998863
2019,319,0.0,3.9700000000000273
2019,319,0.0,3.9700000000000273
2019,320,0.0,4.330000000000041
2019,320,0.0,4.330000000000041
2019,321,0.02,0.4300000000000068
2019,321,0.02,0.4300000000000068
2019,322,0.0,3.5600000000000023
2019,322,0.0,3.5600000000000023
2019,323,0.0,4.5400000000000205
2019,323,0.0,4.5400000000000205
2019,324,4.3,4.9500000000000455
2019,324,4.3,4.9500000000000455
2019,325,3.05,-1.2999999999999545
2019,325,3.05,-1.2999999999999545
2019,326,3.6,-4.339999999999975
2019,326,3.6,-4.339999999999975
2019,327,0.02,-2.9899999999999523
2019,327,0.02,-2.9899999999999523
2019,328,0.0,-0.8799999999999955
2019,328,0.0,-0.8799999999999955
2019,329,0.25,-3.7899999999999636
2019,329,0.25,-3.7899999999999636
2019,330,6.3,-8.229999999999961
2019,330,6.3,-8.229999999999961
2019,331,0.0,-12.979999999999961
2019,331,0.0,-12.979999999999961
2019,332,0.0,-3.079999999999984
2019,332,0.0,-3.079999999999984
2019,333,1.53,-1.0499999999999545
2019,333,1.53,-1.0499999999999545
2019,334,0.98,-7.659999999999968
2019,334,0.98,-7.659999999999968
2019,335,0.0,-8.299999999999955
2019,335,0.0,-8.299999999999955
2019,336,0.0,-1.92999999999995
2019,336,0.0,-1.92999999999995
2019,337,0.01,-1.8700000000000045
2019,337,0.01,-1.8700000000000045
2019,338,0.0,-3.42999999999995
2019,338,0.0,-3.42999999999995
2019,339,0.01,-2.329999999999984
2019,339,0.01,-2.329999999999984
2019,340,0.0,-4.839999999999975
2019,340,0.0,-4.839999999999975
2019,341,0.0,-1.7799999999999727
2019,341,0.0,-1.7799999999999727
2019,342,0.0,-1.419999999999959
2019,342,0.0,-1.419999999999959
2019,343,0.34,-5.019999999999982
2019,343,0.34,-5.019999999999982
2019,344,0.0,-7.479999999999961
2019,344,0.0,-7.479999999999961
2019,345,0.0,-5.1299999999999955
2019,345,0.0,-5.1299999999999955
2019,346,0.0,-4.060000000000002
2019,346,0.0,-4.060000000000002
2019,347,0.37,-3.7199999999999704
2019,347,0.37,-3.7199999999999704
2019,348,1.62,-4.8799999999999955
2019,348,1.62,-4.8799999999999955
2019,349,6.24,-7.739999999999952
2019,349,6.24,-7.739999999999952
2019,350,0.0,-11.409999999999968
2019,350,0.0,-11.409999999999968
2019,351,0.0,-13.269999999999982
2019,351,0.0,-13.269999999999982
2019,352,0.0,-6.489999999999952
2019,352,0.0,-6.489999999999952
2019,353,0.0,-4.2099999999999795
2019,353,0.0,-4.2099999999999795
2019,354,0.0,-6.889999999999986
2019,354,0.0,-6.889999999999986
2019,355,0.0,-2.569999999999993
2019,355,0.0,-2.569999999999993
2019,356,0.0,-0.13999999999998636
2019,356,0.0,-0.13999999999998636
2019,357,0.0,0.5500000000000114
2019,357,0.0,0.5500000000000114
2019,358,0.0,-0.20999999999997954
2019,358,0.0,-0.20999999999997954
2019,359,0.16,-2.8799999999999955
2019,359,0.16,-2.8799999999999955
2019,360,0.0,-7.310000000000002
2019,360,0.0,-7.310000000000002
2019,361,0.0,-6.560000000000002
2019,361,0.0,-6.560000000000002
2019,362,5.4,-6.899999999999977
2019,362,5.4,-6.899999999999977
2019,363,0.0,-13.70999999999998
2019,363,0.0,-13.70999999999998
2019,364,0.0,-13.939999999999998
2019,364,0.0,-13.939999999999998
2019,365,0.0,-10.71999999999997
2019,365,0.0,-10.71999999999997
