1992,1,0.07,-9.909999999999968
1992,2,0.0,-8.060000000000002
1992,3,0.0,-5.329999999999984
1992,4,0.0,-4.75
1992,5,0.0,-7.109999999999957
1992,6,0.25,-5.4599999999999795
1992,7,2.93,-6.759999999999991
1992,8,0.15,-10.019999999999982
1992,9,0.0,-10.799999999999955
1992,10,0.0,-7.259999999999991
1992,11,0.0,-4.009999999999991
1992,12,3.21,-7.839999999999975
1992,13,0.88,-12.569999999999993
1992,14,0.08,-12.71999999999997
1992,15,0.93,-14.370000000000005
1992,16,0.0,-7.810000000000002
1992,17,0.0,-8.17999999999995
1992,18,0.23,-11.649999999999977
1992,19,0.0,-9.95999999999998
1992,20,0.0,-6.349999999999966
1992,21,0.0,-5.989999999999952
1992,22,0.0,-10.0
1992,23,0.0,-11.299999999999955
1992,24,0.0,-5.859999999999957
1992,25,0.0,-5.089999999999975
1992,26,0.0,-3.0399999999999636
1992,27,0.0,-4.859999999999957
1992,28,0.0,-4.349999999999966
1992,29,0.0,-3.019999999999982
1992,30,0.0,-3.339999999999975
1992,31,0.0,-1.3700000000000045
1992,32,0.0,-0.5699999999999932
1992,33,0.0,-2.2799999999999727
1992,34,1.26,-5.109999999999957
1992,35,0.0,-8.17999999999995
1992,36,0.0,-9.0
1992,37,0.11,-7.519999999999982
1992,38,0.0,-6.019999999999982
1992,39,0.0,-5.319999999999993
1992,40,0.0,-5.649999999999977
1992,41,0.0,-6.659999999999968
1992,42,0.0,-5.159999999999968
1992,43,0.0,-5.199999999999989
1992,44,0.0,-5.439999999999998
1992,45,0.0,-3.519999999999982
1992,46,0.0,-6.979999999999961
1992,47,0.11,-6.169999999999959
1992,48,0.12,-7.609999999999957
1992,49,0.0,-10.239999999999952
1992,50,0.0,-7.699999999999989
1992,51,0.0,-4.479999999999961
1992,52,0.0,-3.269999999999982
1992,53,0.01,-4.17999999999995
1992,54,3.55,-3.8799999999999955
1992,55,1.8,-7.889999999999986
1992,56,1.82,-6.759999999999991
1992,57,0.0,-7.519999999999982
1992,58,0.0,-4.669999999999959
1992,59,0.0,-2.1899999999999977
1992,60,0.0,-1.6599999999999682
1992,61,0.0,-1.1099999999999568
1992,62,0.0,0.36000000000001364
1992,63,0.0,-0.339999999999975
1992,64,29.03,-1.6099999999999568
1992,65,2.62,-4.2999999999999545
1992,66,0.0,-3.169999999999959
1992,67,0.0,-1.7299999999999613
1992,68,3.3,-1.0600000000000023
1992,69,18.27,-7.75
1992,70,1.3,-9.419999999999959
1992,71,0.0,-7.399999999999977
1992,72,0.0,-4.46999999999997
1992,73,0.0,-3.009999999999991
1992,74,0.0,-2.329999999999984
1992,75,0.0,-1.6099999999999568
1992,76,0.0,-0.9899999999999523
1992,77,0.2,-0.8999999999999773
1992,78,0.23,-2.9399999999999977
1992,79,0.26,-4.75
1992,80,0.0,-4.279999999999973
1992,81,0.28,-2.7899999999999636
1992,82,12.24,-5.399999999999977
1992,83,0.6,-3.1399999999999864
1992,84,0.79,-2.509999999999991
1992,85,0.64,-3.3100000000000023
1992,86,0.35,-2.509999999999991
1992,87,0.23,1.2600000000000477
1992,88,15.81,0.09000000000003183
1992,89,2.0,-2.92999999999995
1992,90,0.24,-1.4899999999999523
1992,91,1.42,-0.9199999999999591
1992,92,0.68,-2.7999999999999545
1992,93,0.0,-2.169999999999959
1992,94,0.0,0.060000000000002274
1992,95,0.0,2.2000000000000455
1992,96,0.0,3.9700000000000273
1992,97,0.0,3.5300000000000296
1992,98,0.0,3.0300000000000296
1992,99,0.0,2.980000000000018
1992,100,0.0,3.9500000000000455
1992,101,0.0,5.220000000000027
1992,102,0.0,5.770000000000039
1992,103,0.22,6.580000000000041
1992,104,0.0,8.5
1992,105,2.83,9.090000000000032
1992,106,3.35,5.840000000000032
1992,107,11.35,4.110000000000014
1992,108,1.34,3.2100000000000364
1992,109,0.44,2.640000000000043
1992,110,0.0,-3.569999999999993
1992,111,0.0,-3.0
1992,112,0.0,-0.9799999999999613
1992,113,0.25,3.2900000000000205
1992,114,0.18,2.8799999999999955
1992,115,0.0,2.160000000000025
1992,116,0.0,3.170000000000016
1992,117,0.0,4.760000000000048
1992,118,0.0,7.730000000000018
1992,119,0.0,9.080000000000041
1992,120,0.0,9.379999999999995
1992,121,0.0,11.640000000000043
1992,122,0.0,10.689999999999998
1992,123,0.11,7.050000000000011
1992,124,0.13,6.720000000000027
1992,125,0.0,7.930000000000007
1992,126,0.03,8.420000000000016
1992,127,0.03,9.140000000000043
1992,128,1.02,10.5
1992,129,0.5,10.330000000000041
1992,130,0.56,9.110000000000014
1992,131,0.71,4.7900000000000205
1992,132,0.08,4.430000000000007
1992,133,0.0,8.230000000000018
1992,134,2.58,9.410000000000025
1992,135,1.05,8.980000000000018
1992,136,0.0,10.310000000000002
1992,137,0.0,10.730000000000018
1992,138,0.37,10.110000000000014
1992,139,0.44,11.189999999999998
1992,140,0.29,12.260000000000048
1992,141,0.16,10.930000000000007
1992,142,0.56,10.020000000000039
1992,143,1.75,8.810000000000002
1992,144,1.88,6.78000000000003
1992,145,1.2,6.4500000000000455
1992,146,2.44,6.930000000000007
1992,147,4.77,6.590000000000032
1992,148,20.78,6.990000000000009
1992,149,4.3,4.230000000000018
1992,150,1.02,5.260000000000048
1992,151,3.04,6.03000000000003
1992,152,5.16,5.960000000000036
1992,153,12.8,3.420000000000016
1992,154,1.04,5.150000000000034
1992,155,0.2,9.340000000000032
1992,156,1.39,10.270000000000039
1992,157,2.11,10.840000000000032
1992,158,1.62,8.5
1992,159,3.72,10.560000000000002
1992,160,2.83,9.420000000000016
1992,161,3.88,7.75
1992,162,3.71,9.080000000000041
1992,163,4.55,11.450000000000045
1992,164,3.51,11.410000000000025
1992,165,0.0,11.960000000000036
1992,166,0.06,11.490000000000009
1992,167,0.0,10.170000000000016
1992,168,0.0,8.080000000000041
1992,169,0.0,6.939999999999998
1992,170,0.0,11.510000000000048
1992,171,0.0,13.100000000000023
1992,172,2.85,12.450000000000045
1992,173,1.87,12.950000000000045
1992,174,0.62,13.350000000000023
1992,175,3.59,14.410000000000025
1992,176,2.59,15.07000000000005
1992,177,11.35,12.950000000000045
1992,178,5.35,11.490000000000009
1992,179,9.87,11.32000000000005
1992,180,3.75,11.340000000000032
1992,181,3.55,13.460000000000036
1992,182,0.66,13.840000000000032
1992,183,0.0,12.390000000000043
1992,184,0.54,9.129999999999995
1992,185,0.17,9.53000000000003
1992,186,0.0,13.57000000000005
1992,187,0.0,15.200000000000045
1992,188,0.0,16.420000000000016
1992,189,0.26,15.990000000000009
1992,190,1.07,13.150000000000034
1992,191,0.69,13.53000000000003
1992,192,0.5,13.620000000000005
1992,193,0.93,13.560000000000002
1992,194,1.63,12.29000000000002
1992,195,3.94,11.07000000000005
1992,196,0.72,11.439999999999998
1992,197,0.57,13.020000000000039
1992,198,1.51,11.860000000000014
1992,199,7.64,11.550000000000011
1992,200,2.96,12.740000000000009
1992,201,0.47,14.04000000000002
1992,202,2.95,13.210000000000036
1992,203,4.41,13.610000000000014
1992,204,2.06,14.220000000000027
1992,205,1.71,14.140000000000043
1992,206,1.72,14.32000000000005
1992,207,2.48,13.410000000000025
1992,208,3.42,12.189999999999998
1992,209,0.46,13.210000000000036
1992,210,1.94,14.660000000000025
1992,211,0.16,14.650000000000034
1992,212,0.4,13.350000000000023
1992,213,0.75,13.28000000000003
1992,214,0.17,14.379999999999995
1992,215,0.64,14.82000000000005
1992,216,1.18,15.350000000000023
1992,217,2.99,15.050000000000011
1992,218,0.96,14.920000000000016
1992,219,2.29,13.740000000000009
1992,220,1.1,12.650000000000034
1992,221,1.06,14.610000000000014
1992,222,1.53,15.610000000000014
1992,223,1.64,16.370000000000005
1992,224,6.87,14.980000000000018
1992,225,4.81,13.400000000000034
1992,226,3.84,13.580000000000041
1992,227,1.11,13.840000000000032
1992,228,1.35,14.340000000000032
1992,229,1.01,14.670000000000016
1992,230,7.9,12.129999999999995
1992,231,1.8,10.600000000000023
1992,232,0.0,12.900000000000034
1992,233,0.07,14.150000000000034
1992,234,0.66,14.930000000000007
1992,235,0.51,14.57000000000005
1992,236,1.32,12.29000000000002
1992,237,42.43,8.54000000000002
1992,238,6.18,6.760000000000048
1992,239,1.67,7.920000000000016
1992,240,0.13,6.580000000000041
1992,241,0.0,9.400000000000034
1992,242,0.11,11.060000000000002
1992,243,0.13,11.310000000000002
1992,244,1.51,10.340000000000032
1992,245,0.85,9.420000000000016
1992,246,0.41,9.350000000000023
1992,247,0.0,10.370000000000005
1992,248,0.13,12.28000000000003
1992,249,0.0,8.689999999999998
1992,250,0.0,9.360000000000014
1992,251,0.0,10.600000000000023
1992,252,0.0,10.230000000000018
1992,253,0.0,11.400000000000034
1992,254,0.0,10.400000000000034
1992,255,0.0,11.490000000000009
1992,256,0.0,13.140000000000043
1992,257,0.0,12.090000000000032
1992,258,0.03,11.660000000000025
1992,259,0.11,12.360000000000014
1992,260,0.42,12.300000000000011
1992,261,0.0,11.950000000000045
1992,262,0.0,10.610000000000014
1992,263,1.08,10.439999999999998
1992,264,2.42,8.900000000000034
1992,265,0.06,7.3799999999999955
1992,266,0.04,7.960000000000036
1992,267,0.0,11.29000000000002
1992,268,0.0,12.210000000000036
1992,269,0.0,10.360000000000014
1992,270,0.0,3.82000000000005
1992,271,0.0,7.400000000000034
1992,272,0.0,7.720000000000027
1992,273,0.0,9.080000000000041
1992,274,0.0,10.0
1992,275,0.0,10.240000000000009
1992,276,0.0,10.590000000000032
1992,277,0.0,9.850000000000023
1992,278,0.0,9.060000000000002
1992,279,0.0,7.3700000000000045
1992,280,6.59,5.689999999999998
1992,281,5.46,0.09000000000003183
1992,282,0.0,-4.489999999999952
1992,283,0.0,0.7100000000000364
1992,284,0.0,1.330000000000041
1992,285,0.0,5.32000000000005
1992,286,0.0,7.189999999999998
1992,287,0.0,8.379999999999995
1992,288,0.0,7.430000000000007
1992,289,0.0,5.720000000000027
1992,290,0.0,2.7600000000000477
1992,291,0.0,3.7200000000000273
1992,292,0.0,3.740000000000009
1992,293,0.0,6.160000000000025
1992,294,0.0,6.480000000000018
1992,295,0.0,7.310000000000002
1992,296,0.0,6.640000000000043
1992,297,0.0,7.689999999999998
1992,298,0.0,6.28000000000003
1992,299,2.64,6.689999999999998
1992,300,8.64,4.6299999999999955
1992,301,0.0,3.2000000000000455
1992,302,0.53,3.080000000000041
1992,303,1.16,1.5500000000000114
1992,304,0.35,1.57000000000005
1992,305,5.49,2.3799999999999955
1992,306,6.8,-3.849999999999966
1992,307,1.93,-4.169999999999959
1992,308,2.23,-9.349999999999966
1992,309,0.47,-11.879999999999995
1992,310,0.16,-11.25
1992,311,0.2,-7.909999999999968
1992,312,0.0,-6.46999999999997
1992,313,0.0,-3.7299999999999613
1992,314,0.41,-3.67999999999995
1992,315,0.09,-4.979999999999961
1992,316,3.19,-6.339999999999975
1992,317,0.0,-5.96999999999997
1992,318,0.0,-5.579999999999984
1992,319,0.0,-2.67999999999995
1992,320,0.0,-1.0199999999999818
1992,321,0.0,-0.9799999999999613
1992,322,0.44,-1.089999999999975
1992,323,0.52,-0.7699999999999818
1992,324,3.73,-4.079999999999984
1992,325,3.22,-4.759999999999991
1992,326,10.87,-8.089999999999975
1992,327,0.94,-8.589999999999975
1992,328,6.17,-7.5
1992,329,2.41,-14.669999999999959
1992,330,0.7,-14.239999999999952
1992,331,0.0,-10.729999999999961
1992,332,0.87,-9.419999999999959
1992,333,0.0,-8.419999999999959
1992,334,4.03,-9.669999999999959
1992,335,0.0,-10.989999999999952
1992,336,0.0,-7.839999999999975
1992,337,0.0,-7.949999999999989
1992,338,0.0,-5.319999999999993
1992,339,0.12,-14.009999999999991
1992,340,0.78,-11.359999999999957
1992,341,0.46,-9.699999999999989
1992,342,0.0,-9.099999999999966
1992,343,0.0,-5.539999999999964
1992,344,0.0,-6.17999999999995
1992,345,0.0,-4.739999999999952
1992,346,0.0,-2.3100000000000023
1992,347,0.11,-4.67999999999995
1992,348,4.98,-11.92999999999995
1992,349,0.7,-14.299999999999955
1992,350,0.64,-10.629999999999995
1992,351,7.75,-11.25
1992,352,0.0,-12.21999999999997
1992,353,0.14,-10.029999999999973
1992,354,0.09,-12.560000000000002
1992,355,0.0,-12.299999999999955
1992,356,0.0,-9.049999999999955
1992,357,0.0,-9.560000000000002
1992,358,0.0,-9.609999999999957
1992,359,0.0,-6.889999999999986
1992,360,0.0,-9.639999999999986
1992,361,0.0,-8.25
1992,362,0.0,-7.339999999999975
1992,363,0.63,-5.289999999999964
1992,364,0.09,-3.3100000000000023
1992,365,0.0,-4.96999999999997
1992,366,0.0,-9.20999999999998
1993,1,0.0,-6.4599999999999795
1993,2,0.0,-4.919999999999959
1993,3,0.0,-7.8700000000000045
1993,4,2.2,-13.169999999999959
1993,5,0.0,-10.379999999999995
1993,6,0.0,-9.479999999999961
1993,7,0.02,-6.889999999999986
1993,8,1.66,-7.259999999999991
1993,9,2.61,-12.009999999999991
1993,10,0.0,-11.509999999999991
1993,11,0.0,-8.060000000000002
1993,12,0.0,-13.409999999999968
1993,13,0.0,-11.95999999999998
1993,14,0.0,-7.46999999999997
1993,15,0.0,-7.649999999999977
1993,16,0.06,-7.519999999999982
1993,17,0.38,-6.779999999999973
1993,18,0.02,-8.039999999999964
1993,19,0.68,-7.039999999999964
1993,20,0.1,-7.159999999999968
1993,21,0.0,-4.829999999999984
1993,22,0.03,-5.17999999999995
1993,23,0.17,-9.919999999999959
1993,24,0.0,-12.579999999999984
1993,25,0.0,-9.359999999999957
1993,26,0.0,-4.489999999999952
1993,27,0.0,-4.169999999999959
1993,28,0.0,-5.4599999999999795
1993,29,0.0,-8.699999999999989
1993,30,0.0,-5.75
1993,31,0.0,-4.4599999999999795
1993,32,0.12,-4.659999999999968
1993,33,0.09,-7.649999999999977
1993,34,0.39,-8.699999999999989
1993,35,1.4,-9.509999999999991
1993,36,0.0,-10.17999999999995
1993,37,0.0,-4.949999999999989
1993,38,0.0,-4.139999999999986
1993,39,0.0,-3.7299999999999613
1993,40,0.32,-1.579999999999984
1993,41,4.97,-4.759999999999991
1993,42,0.14,-9.009999999999991
1993,43,0.0,-9.139999999999986
1993,44,0.0,-10.310000000000002
1993,45,0.12,-10.799999999999955
1993,46,4.44,-11.299999999999955
1993,47,0.16,-14.049999999999955
1993,48,0.0,-10.549999999999955
1993,49,0.0,-7.349999999999966
1993,50,1.32,-3.3999999999999773
1993,51,1.58,-2.599999999999966
1993,52,0.04,-10.049999999999955
1993,53,0.07,-12.439999999999998
1993,54,0.0,-10.699999999999989
1993,55,0.02,-5.42999999999995
1993,56,0.19,-8.519999999999982
1993,57,0.0,-9.169999999999959
1993,58,0.0,-7.169999999999959
1993,59,0.02,-5.099999999999966
1993,60,0.32,-5.319999999999993
1993,61,0.05,-6.96999999999997
1993,62,0.17,-7.849999999999966
1993,63,0.0,-9.21999999999997
1993,64,0.0,-6.259999999999991
1993,65,0.0,-4.589999999999975
1993,66,0.0,-3.319999999999993
1993,67,0.0,-1.0499999999999545
1993,68,0.0,-1.8899999999999864
1993,69,0.03,-3.8899999999999864
1993,70,1.97,-4.759999999999991
1993,71,3.02,-14.009999999999991
1993,72,0.0,-13.620000000000005
1993,73,0.0,-8.159999999999968
1993,74,0.21,-2.9699999999999704
1993,75,0.0,-2.339999999999975
1993,76,0.0,-2.0
1993,77,0.0,-0.589999999999975
1993,78,0.0,-3.599999999999966
1993,79,0.0,-3.42999999999995
1993,80,0.0,-1.5299999999999727
1993,81,0.57,-5.7999999999999545
1993,82,0.0,-1.7199999999999704
1993,83,0.0,1.4800000000000182
1993,84,0.69,3.230000000000018
1993,85,1.73,3.1100000000000136
1993,86,4.1,2.420000000000016
1993,87,10.66,-3.0299999999999727
1993,88,5.68,-2.3899999999999864
1993,89,14.5,-4.519999999999982
1993,90,6.4,-4.759999999999991
1993,91,0.22,-5.389999999999986
1993,92,1.25,-1.5299999999999727
1993,93,8.05,-3.859999999999957
1993,94,0.15,-4.239999999999952
1993,95,0.13,0.8799999999999955
1993,96,5.31,-0.5699999999999932
1993,97,5.32,-5.529999999999973
1993,98,1.85,-6.42999999999995
1993,99,0.0,-1.3100000000000023
1993,100,0.42,-0.23999999999995225
1993,101,0.18,-1.2699999999999818
1993,102,0.62,-1.259999999999991
1993,103,5.46,-3.069999999999993
1993,104,0.24,-6.1299999999999955
1993,105,0.49,-6.21999999999997
1993,106,0.0,-2.5299999999999727
1993,107,0.0,-2.7099999999999795
1993,108,0.0,0.6000000000000227
1993,109,1.19,-3.67999999999995
1993,110,0.0,-6.319999999999993
1993,111,0.0,-1.7799999999999727
1993,112,0.0,4.7900000000000205
1993,113,0.0,4.840000000000032
1993,114,3.15,-0.45999999999997954
1993,115,0.28,-2.75
1993,116,0.0,2.140000000000043
1993,117,0.0,4.8700000000000045
1993,118,0.95,3.57000000000005
1993,119,0.0,3.090000000000032
1993,120,0.69,3.240000000000009
1993,121,1.85,-2.2199999999999704
1993,122,0.0,-2.5
1993,123,0.0,3.07000000000005
1993,124,0.07,5.7900000000000205
1993,125,0.04,6.5
1993,126,0.0,1.0400000000000205
1993,127,0.38,3.32000000000005
1993,128,0.17,0.6700000000000159
1993,129,0.5,-1.5399999999999636
1993,130,0.0,1.0100000000000477
1993,131,0.0,2.8799999999999955
1993,132,0.02,4.160000000000025
1993,133,0.27,7.390000000000043
1993,134,0.77,9.29000000000002
1993,135,0.62,9.100000000000023
1993,136,11.52,8.120000000000005
1993,137,12.58,7.210000000000036
1993,138,4.42,5.410000000000025
1993,139,3.77,7.110000000000014
1993,140,3.07,8.350000000000023
1993,141,2.98,10.770000000000039
1993,142,0.31,10.120000000000005
1993,143,0.1,7.100000000000023
1993,144,1.8,8.490000000000009
1993,145,1.44,8.980000000000018
1993,146,0.8,11.04000000000002
1993,147,0.85,11.75
1993,148,3.47,11.110000000000014
1993,149,3.76,9.970000000000027
1993,150,0.0,9.430000000000007
1993,151,1.45,11.28000000000003
1993,152,0.21,11.680000000000007
1993,153,0.6,9.430000000000007
1993,154,1.72,7.160000000000025
1993,155,3.17,3.2600000000000477
1993,156,0.0,7.920000000000016
1993,157,0.35,10.5
1993,158,0.59,5.78000000000003
1993,159,5.34,3.3000000000000114
1993,160,4.06,5.310000000000002
1993,161,0.73,7.100000000000023
1993,162,0.0,10.680000000000007
1993,163,0.0,12.360000000000014
1993,164,0.0,12.140000000000043
1993,165,0.0,12.680000000000007
1993,166,0.04,14.990000000000009
1993,167,0.26,13.810000000000002
1993,168,5.99,11.050000000000011
1993,169,20.88,7.7000000000000455
1993,170,3.89,7.890000000000043
1993,171,0.39,11.430000000000007
1993,172,1.6,13.330000000000041
1993,173,0.0,12.660000000000025
1993,174,0.0,12.590000000000032
1993,175,0.0,9.240000000000009
1993,176,0.0,9.75
1993,177,0.0,12.550000000000011
1993,178,0.0,14.75
1993,179,0.0,15.170000000000016
1993,180,0.0,15.220000000000027
1993,181,0.0,14.650000000000034
1993,182,0.0,14.170000000000016
1993,183,0.0,15.080000000000041
1993,184,0.47,14.580000000000041
1993,185,0.0,9.870000000000005
1993,186,0.31,8.939999999999998
1993,187,0.0,10.080000000000041
1993,188,0.0,12.07000000000005
1993,189,0.0,14.800000000000011
1993,190,0.0,13.640000000000043
1993,191,0.17,14.730000000000018
1993,192,2.14,14.230000000000018
1993,193,2.05,14.0
1993,194,2.99,14.080000000000041
1993,195,2.48,13.340000000000032
1993,196,0.32,13.879999999999995
1993,197,0.07,14.930000000000007
1993,198,2.12,14.970000000000027
1993,199,7.15,12.79000000000002
1993,200,2.86,13.57000000000005
1993,201,2.57,14.080000000000041
1993,202,0.61,13.640000000000043
1993,203,0.0,12.700000000000045
1993,204,0.0,12.800000000000011
1993,205,0.0,11.5
1993,206,0.0,11.07000000000005
1993,207,0.76,14.580000000000041
1993,208,0.0,13.090000000000032
1993,209,0.0,13.78000000000003
1993,210,0.2,16.370000000000005
1993,211,1.09,16.54000000000002
1993,212,0.65,16.360000000000014
1993,213,0.14,15.720000000000027
1993,214,1.74,13.860000000000014
1993,215,1.66,10.600000000000023
1993,216,0.48,11.200000000000045
1993,217,1.59,11.930000000000007
1993,218,1.74,10.910000000000025
1993,219,0.0,12.939999999999998
1993,220,1.1,14.120000000000005
1993,221,1.01,13.700000000000045
1993,222,4.06,14.670000000000016
1993,223,3.72,13.300000000000011
1993,224,2.75,14.28000000000003
1993,225,2.86,14.100000000000023
1993,226,1.43,14.170000000000016
1993,227,0.83,12.770000000000039
1993,228,0.15,13.480000000000018
1993,229,0.0,14.580000000000041
1993,230,0.56,14.680000000000007
1993,231,5.52,12.600000000000023
1993,232,3.81,12.660000000000025
1993,233,10.97,13.050000000000011
1993,234,1.26,11.800000000000011
1993,235,0.19,10.670000000000016
1993,236,0.0,13.160000000000025
1993,237,0.0,14.860000000000014
1993,238,2.41,12.879999999999995
1993,239,4.09,10.04000000000002
1993,240,1.4,10.160000000000025
1993,241,0.61,11.710000000000036
1993,242,8.26,9.720000000000027
1993,243,0.63,6.990000000000009
1993,244,0.53,10.379999999999995
1993,245,5.25,9.54000000000002
1993,246,0.0,8.0
1993,247,0.0,11.550000000000011
1993,248,0.52,11.550000000000011
1993,249,3.35,9.590000000000032
1993,250,4.85,10.0
1993,251,3.08,8.060000000000002
1993,252,0.0,10.240000000000009
1993,253,0.0,11.07000000000005
1993,254,0.49,12.300000000000011
1993,255,0.0,12.550000000000011
1993,256,14.0,5.680000000000007
1993,257,3.35,0.12000000000000455
1993,258,0.0,6.490000000000009
1993,259,0.0,8.57000000000005
1993,260,0.26,8.54000000000002
1993,261,0.81,6.82000000000005
1993,262,0.03,4.360000000000014
1993,263,0.0,6.170000000000016
1993,264,0.0,9.840000000000032
1993,265,0.05,10.420000000000016
1993,266,0.01,9.370000000000005
1993,267,0.0,8.480000000000018
1993,268,0.0,5.490000000000009
1993,269,0.0,5.150000000000034
1993,270,0.0,7.590000000000032
1993,271,0.0,9.590000000000032
1993,272,0.0,8.360000000000014
1993,273,0.0,9.629999999999995
1993,274,0.0,8.110000000000014
1993,275,0.0,7.32000000000005
1993,276,0.0,7.9500000000000455
1993,277,0.0,9.640000000000043
1993,278,0.0,10.240000000000009
1993,279,0.0,10.480000000000018
1993,280,2.24,8.350000000000023
1993,281,3.55,3.82000000000005
1993,282,1.05,0.05000000000001137
1993,283,0.79,2.0400000000000205
1993,284,0.0,2.990000000000009
1993,285,0.37,4.439999999999998
1993,286,0.24,4.080000000000041
1993,287,0.0,4.5400000000000205
1993,288,0.0,3.410000000000025
1993,289,9.96,2.4700000000000273
1993,290,5.24,1.8500000000000227
1993,291,10.63,0.4600000000000364
1993,292,0.15,0.010000000000047748
1993,293,0.86,-0.39999999999997726
1993,294,0.0,1.07000000000005
1993,295,0.0,3.6000000000000227
1993,296,0.0,4.189999999999998
1993,297,0.22,3.5300000000000296
1993,298,2.02,3.090000000000032
1993,299,2.48,-2.919999999999959
1993,300,0.0,-3.6399999999999864
1993,301,0.0,0.8700000000000045
1993,302,10.99,-7.8700000000000045
1993,303,0.08,-10.810000000000002
1993,304,0.0,-0.9599999999999795
1993,305,0.0,0.8400000000000318
1993,306,3.67,-4.96999999999997
1993,307,0.0,-1.67999999999995
1993,308,2.23,-1.9699999999999704
1993,309,6.59,-8.589999999999975
1993,310,0.0,-9.149999999999977
1993,311,0.0,-7.109999999999957
1993,312,0.0,-7.039999999999964
1993,313,0.0,-5.699999999999989
1993,314,0.0,-3.7099999999999795
1993,315,0.0,-0.5099999999999909
1993,316,9.46,-2.579999999999984
1993,317,0.27,-6.0
1993,318,9.72,-6.979999999999961
1993,319,0.0,-9.399999999999977
1993,320,0.0,-6.859999999999957
1993,321,0.0,-5.109999999999957
1993,322,0.0,-2.1299999999999955
1993,323,0.42,-5.859999999999957
1993,324,0.0,-5.489999999999952
1993,325,0.0,-3.839999999999975
1993,326,0.0,-1.0199999999999818
1993,327,0.32,-0.6599999999999682
1993,328,2.5,-9.639999999999986
1993,329,0.0,-16.779999999999973
1993,330,0.0,-16.049999999999955
1993,331,0.0,-10.560000000000002
1993,332,0.0,-4.699999999999989
1993,333,0.0,-2.7799999999999727
1993,334,0.0,-3.819999999999993
1993,335,0.0,-4.789999999999964
1993,336,0.0,-5.149999999999977
1993,337,0.04,-7.989999999999952
1993,338,0.0,-5.849999999999966
1993,339,0.0,-7.019999999999982
1993,340,0.0,-7.239999999999952
1993,341,0.04,-6.859999999999957
1993,342,0.0,-4.039999999999964
1993,343,0.0,-2.3700000000000045
1993,344,0.0,-3.409999999999968
1993,345,0.0,-0.44999999999998863
1993,346,2.4,-1.7699999999999818
1993,347,3.61,-7.92999999999995
1993,348,0.0,-7.269999999999982
1993,349,0.0,-5.75
1993,350,3.84,-9.079999999999984
1993,351,0.04,-10.45999999999998
1993,352,0.0,-8.289999999999964
1993,353,0.31,-7.259999999999991
1993,354,1.19,-11.45999999999998
1993,355,0.13,-10.060000000000002
1993,356,4.66,-14.70999999999998
1993,357,2.88,-13.649999999999977
1993,358,0.36,-12.829999999999984
1993,359,0.0,-6.9599999999999795
1993,360,0.0,-3.5299999999999727
1993,361,0.0,-4.699999999999989
1993,362,0.0,-6.419999999999959
1993,363,0.0,-8.329999999999984
1993,364,0.0,-6.17999999999995
1993,365,0.0,-5.269999999999982
1994,1,0.05,-7.599999999999966
1994,2,0.16,-6.489999999999952
1994,3,0.0,-7.4599999999999795
1994,4,0.0,-5.789999999999964
1994,5,0.0,-2.7099999999999795
1994,6,0.31,-9.649999999999977
1994,7,0.0,-13.120000000000005
1994,8,0.0,-8.95999999999998
1994,9,0.0,-7.349999999999966
1994,10,0.37,-9.649999999999977
1994,11,0.0,-9.25
1994,12,0.0,-7.849999999999966
1994,13,0.0,-7.859999999999957
1994,14,0.0,-6.0
1994,15,0.0,-5.229999999999961
1994,16,0.0,-6.489999999999952
1994,17,0.0,-9.789999999999964
1994,18,0.0,-5.3799999999999955
1994,19,0.0,-3.609999999999957
1994,20,0.0,-4.96999999999997
1994,21,0.0,-4.979999999999961
1994,22,0.0,-4.139999999999986
1994,23,0.0,-3.919999999999959
1994,24,0.0,-3.5399999999999636
1994,25,0.0,-4.909999999999968
1994,26,6.6,-6.389999999999986
1994,27,1.36,-9.039999999999964
1994,28,0.92,-12.799999999999955
1994,29,0.67,-12.069999999999993
1994,30,5.62,-15.370000000000005
1994,31,0.0,-16.109999999999957
1994,32,0.0,-16.579999999999984
1994,33,0.0,-11.379999999999995
1994,34,0.0,-8.75
1994,35,0.0,-8.629999999999995
1994,36,0.0,-8.21999999999997
1994,37,0.0,-9.269999999999982
1994,38,0.0,-5.819999999999993
1994,39,0.36,-3.609999999999957
1994,40,0.48,-8.239999999999952
1994,41,0.0,-7.5
1994,42,0.18,-6.46999999999997
1994,43,2.5,-11.870000000000005
1994,44,0.0,-10.75
1994,45,0.0,-5.329999999999984
1994,46,0.0,-6.009999999999991
1994,47,0.0,-3.3899999999999864
1994,48,0.0,-1.5
1994,49,0.0,-2.099999999999966
1994,50,0.0,-8.129999999999995
1994,51,0.0,-10.029999999999973
1994,52,0.0,-7.5499999999999545
1994,53,6.18,-9.349999999999966
1994,54,0.73,-12.909999999999968
1994,55,0.02,-7.92999999999995
1994,56,0.01,-3.319999999999993
1994,57,0.0,-2.669999999999959
1994,58,0.0,-2.2999999999999545
1994,59,1.31,-4.0
1994,60,2.92,-5.479999999999961
1994,61,0.0,-3.2799999999999727
1994,62,0.0,-0.48999999999995225
1994,63,0.0,0.07000000000005002
1994,64,0.0,-0.44999999999998863
1994,65,0.0,-0.37000000000000455
1994,66,0.68,-1.5600000000000023
1994,67,2.4,-6.109999999999957
1994,68,0.51,-8.159999999999968
1994,69,0.0,-4.779999999999973
1994,70,0.0,-0.67999999999995
1994,71,4.41,-3.3100000000000023
1994,72,0.0,-3.25
1994,73,0.0,0.9600000000000364
1994,74,0.0,1.0600000000000023
1994,75,0.0,3.0300000000000296
1994,76,0.0,3.160000000000025
1994,77,0.0,1.6100000000000136
1994,78,0.02,3.0
1994,79,1.37,1.1899999999999977
1994,80,0.0,-3.669999999999959
1994,81,0.0,1.0600000000000023
1994,82,0.57,-0.7099999999999795
1994,83,0.03,-2.9599999999999795
1994,84,2.45,-3.3999999999999773
1994,85,2.91,-4.2099999999999795
1994,86,8.46,-10.379999999999995
1994,87,0.99,-9.439999999999998
1994,88,7.29,-7.67999999999995
1994,89,0.02,-7.659999999999968
1994,90,0.0,-2.8899999999999864
1994,91,0.0,0.040000000000020464
1994,92,5.52,-1.7299999999999613
1994,93,0.0,-2.2999999999999545
1994,94,0.4,0.5
1994,95,15.47,-7.46999999999997
1994,96,0.05,-6.159999999999968
1994,97,0.0,-1.6899999999999977
1994,98,0.66,-3.609999999999957
1994,99,4.64,-2.42999999999995
1994,100,12.13,-5.239999999999952
1994,101,2.23,-6.569999999999993
1994,102,0.02,-4.1200000000000045
1994,103,0.0,0.29000000000002046
1994,104,0.0,1.6000000000000227
1994,105,0.0,-0.060000000000002274
1994,106,0.0,2.8700000000000045
1994,107,0.0,5.910000000000025
1994,108,0.0,6.830000000000041
1994,109,0.0,7.230000000000018
1994,110,0.22,7.210000000000036
1994,111,0.26,7.900000000000034
1994,112,4.62,7.670000000000016
1994,113,0.36,8.53000000000003
1994,114,0.0,7.600000000000023
1994,115,9.01,4.220000000000027
1994,116,5.77,-1.589999999999975
1994,117,11.41,-5.9599999999999795
1994,118,3.74,-4.2099999999999795
1994,119,4.8,-2.75
1994,120,0.9,-2.759999999999991
1994,121,1.57,1.8500000000000227
1994,122,2.06,2.0500000000000114
1994,123,1.36,2.3100000000000023
1994,124,0.0,4.0400000000000205
1994,125,0.0,8.740000000000009
1994,126,0.03,9.82000000000005
1994,127,0.03,8.110000000000014
1994,128,8.7,7.050000000000011
1994,129,22.82,4.160000000000025
1994,130,16.1,5.25
1994,131,0.0,7.220000000000027
1994,132,1.15,7.590000000000032
1994,133,1.61,7.050000000000011
1994,134,1.77,6.230000000000018
1994,135,0.35,8.689999999999998
1994,136,0.12,10.82000000000005
1994,137,0.0,10.78000000000003
1994,138,0.0,11.57000000000005
1994,139,0.6,11.07000000000005
1994,140,0.4,9.020000000000039
1994,141,0.0,6.689999999999998
1994,142,0.0,9.03000000000003
1994,143,0.0,10.700000000000045
1994,144,0.99,10.310000000000002
1994,145,14.05,8.550000000000011
1994,146,25.41,5.560000000000002
1994,147,2.56,7.53000000000003
1994,148,0.51,9.660000000000025
1994,149,0.93,9.490000000000009
1994,150,0.0,12.480000000000018
1994,151,0.07,14.32000000000005
1994,152,2.98,12.420000000000016
1994,153,4.64,11.980000000000018
1994,154,3.39,12.110000000000014
1994,155,0.05,12.970000000000027
1994,156,0.0,12.900000000000034
1994,157,0.0,13.410000000000025
1994,158,0.0,12.840000000000032
1994,159,0.0,11.379999999999995
1994,160,0.0,10.03000000000003
1994,161,0.0,9.990000000000009
1994,162,0.0,12.200000000000045
1994,163,0.0,14.350000000000023
1994,164,0.0,15.379999999999995
1994,165,0.0,15.170000000000016
1994,166,0.0,14.670000000000016
1994,167,0.0,14.439999999999998
1994,168,1.34,15.490000000000009
1994,169,0.85,16.08000000000004
1994,170,1.02,14.980000000000018
1994,171,5.67,12.850000000000023
1994,172,9.04,13.210000000000036
1994,173,11.42,13.939999999999998
1994,174,0.83,11.860000000000014
1994,175,0.0,14.420000000000016
1994,176,0.0,17.010000000000048
1994,177,0.0,17.54000000000002
1994,178,0.0,17.310000000000002
1994,179,0.0,15.82000000000005
1994,180,0.1,15.660000000000025
1994,181,0.63,15.629999999999995
1994,182,0.02,17.03000000000003
1994,183,0.02,16.350000000000023
1994,184,1.29,15.240000000000009
1994,185,0.64,14.520000000000039
1994,186,0.0,14.730000000000018
1994,187,0.0,14.939999999999998
1994,188,0.0,9.439999999999998
1994,189,0.0,9.010000000000048
1994,190,0.0,13.560000000000002
1994,191,1.0,15.700000000000045
1994,192,0.0,16.260000000000048
1994,193,2.91,15.110000000000014
1994,194,0.61,14.689999999999998
1994,195,0.69,13.510000000000048
1994,196,2.78,14.760000000000048
1994,197,0.88,15.129999999999995
1994,198,0.93,15.020000000000039
1994,199,0.0,15.439999999999998
1994,200,0.11,15.490000000000009
1994,201,2.49,11.990000000000009
1994,202,0.73,10.79000000000002
1994,203,0.0,14.450000000000045
1994,204,0.07,16.460000000000036
1994,205,2.11,16.04000000000002
1994,206,2.01,15.230000000000018
1994,207,0.86,14.640000000000043
1994,208,0.33,13.79000000000002
1994,209,0.25,13.720000000000027
1994,210,1.0,14.220000000000027
1994,211,0.3,14.370000000000005
1994,212,0.07,16.03000000000003
1994,213,5.82,13.520000000000039
1994,214,8.6,13.600000000000023
1994,215,3.38,13.310000000000002
1994,216,1.8,13.5
1994,217,1.97,13.120000000000005
1994,218,0.57,15.340000000000032
1994,219,0.0,16.170000000000016
1994,220,0.0,15.25
1994,221,0.84,14.470000000000027
1994,222,0.37,13.710000000000036
1994,223,4.71,13.730000000000018
1994,224,8.8,14.879999999999995
1994,225,1.09,15.03000000000003
1994,226,7.49,12.080000000000041
1994,227,3.03,12.79000000000002
1994,228,0.0,14.870000000000005
1994,229,0.74,16.140000000000043
1994,230,1.29,16.910000000000025
1994,231,1.93,14.100000000000023
1994,232,3.93,12.900000000000034
1994,233,0.12,13.300000000000011
1994,234,2.13,14.560000000000002
1994,235,0.0,14.560000000000002
1994,236,0.08,15.32000000000005
1994,237,0.14,15.720000000000027
1994,238,2.02,15.840000000000032
1994,239,0.0,16.670000000000016
1994,240,5.11,15.060000000000002
1994,241,5.45,13.650000000000034
1994,242,0.03,12.700000000000045
1994,243,6.95,9.670000000000016
1994,244,9.12,9.340000000000032
1994,245,3.16,11.560000000000002
1994,246,7.04,11.82000000000005
1994,247,0.02,11.730000000000018
1994,248,0.47,11.830000000000041
1994,249,0.0,11.640000000000043
1994,250,0.86,12.090000000000032
1994,251,0.0,11.900000000000034
1994,252,0.3,13.150000000000034
1994,253,0.25,13.430000000000007
1994,254,0.0,13.75
1994,255,1.28,12.840000000000032
1994,256,0.79,12.990000000000009
1994,257,1.26,10.810000000000002
1994,258,0.01,5.830000000000041
1994,259,0.75,6.78000000000003
1994,260,0.0,8.629999999999995
1994,261,1.01,10.260000000000048
1994,262,0.13,10.720000000000027
1994,263,3.95,8.660000000000025
1994,264,2.26,6.740000000000009
1994,265,2.43,2.25
1994,266,0.0,6.560000000000002
1994,267,0.0,7.140000000000043
1994,268,0.0,7.430000000000007
1994,269,0.0,9.140000000000043
1994,270,0.0,9.900000000000034
1994,271,0.0,11.510000000000048
1994,272,0.0,11.689999999999998
1994,273,2.52,10.300000000000011
1994,274,0.17,6.580000000000041
1994,275,1.06,4.82000000000005
1994,276,0.11,5.150000000000034
1994,277,3.16,5.970000000000027
1994,278,3.27,8.100000000000023
1994,279,5.26,4.270000000000039
1994,280,0.11,2.140000000000043
1994,281,11.35,0.6899999999999977
1994,282,0.0,3.57000000000005
1994,283,0.11,6.300000000000011
1994,284,0.13,7.510000000000048
1994,285,0.0,6.5
1994,286,0.0,4.150000000000034
1994,287,0.0,4.2900000000000205
1994,288,1.37,2.7900000000000205
1994,289,0.97,0.660000000000025
1994,290,11.76,-0.589999999999975
1994,291,0.24,-1.3199999999999932
1994,292,0.04,0.8900000000000432
1994,293,0.0,1.25
1994,294,0.0,1.0900000000000318
1994,295,0.0,2.160000000000025
1994,296,0.0,1.3500000000000227
1994,297,0.0,1.1100000000000136
1994,298,0.0,0.35000000000002274
1994,299,0.0,2.0400000000000205
1994,300,0.0,2.840000000000032
1994,301,0.0,5.850000000000023
1994,302,0.11,3.4500000000000455
1994,303,0.13,0.28000000000002956
1994,304,4.82,-4.67999999999995
1994,305,0.0,1.4399999999999977
1994,306,0.0,3.2200000000000273
1994,307,2.68,-0.6499999999999773
1994,308,8.39,-4.3799999999999955
1994,309,0.0,-2.9699999999999704
1994,310,0.0,0.82000000000005
1994,311,0.0,3.8000000000000114
1994,312,3.54,-0.08999999999997499
1994,313,0.52,-3.7399999999999523
1994,314,0.0,0.8700000000000045
1994,315,0.0,2.980000000000018
1994,316,0.09,3.480000000000018
1994,317,0.04,-2.4899999999999523
1994,318,0.16,-8.079999999999984
1994,319,0.0,-7.75
1994,320,0.18,-1.2899999999999636
1994,321,0.61,-4.9599999999999795
1994,322,0.05,-8.689999999999998
1994,323,0.14,-6.21999999999997
1994,324,7.85,-5.279999999999973
1994,325,0.1,-6.6200000000000045
1994,326,0.13,-8.449999999999989
1994,327,0.0,-6.029999999999973
1994,328,0.0,-3.7199999999999704
1994,329,0.0,-3.5399999999999636
1994,330,0.02,-4.109999999999957
1994,331,0.91,-10.939999999999998
1994,332,0.0,-13.849999999999966
1994,333,0.0,-14.639999999999986
1994,334,0.0,-4.67999999999995
1994,335,0.0,-0.5799999999999841
1994,336,0.0,-1.92999999999995
1994,337,0.0,-3.509999999999991
1994,338,0.0,-2.1499999999999773
1994,339,0.03,-3.1200000000000045
1994,340,1.78,-2.42999999999995
1994,341,0.11,-4.359999999999957
1994,342,0.4,-9.029999999999973
1994,343,2.37,-13.46999999999997
1994,344,0.0,-13.109999999999957
1994,345,0.0,-5.819999999999993
1994,346,0.0,-8.579999999999984
1994,347,0.0,-5.669999999999959
1994,348,0.05,-8.96999999999997
1994,349,0.0,-10.42999999999995
1994,350,0.0,-9.339999999999975
1994,351,0.0,-5.199999999999989
1994,352,0.0,-3.409999999999968
1994,353,0.0,-4.819999999999993
1994,354,0.0,-7.779999999999973
1994,355,0.0,-3.909999999999968
1994,356,0.0,-2.2399999999999523
1994,357,0.0,-2.4399999999999977
1994,358,0.0,-2.589999999999975
1994,359,0.67,-3.589999999999975
1994,360,0.0,-3.339999999999975
1994,361,0.0,-4.579999999999984
1994,362,0.0,-3.4499999999999886
1994,363,0.0,-3.1499999999999773
1994,364,1.15,-4.349999999999966
1994,365,4.11,-11.529999999999973
1995,1,0.0,-13.919999999999959
1995,2,0.0,-9.879999999999995
1995,3,0.0,-10.95999999999998
1995,4,0.0,-11.149999999999977
1995,5,0.02,-8.299999999999955
1995,6,0.08,-7.8700000000000045
1995,7,0.0,-8.779999999999973
1995,8,0.0,-5.71999999999997
1995,9,0.0,-4.279999999999973
1995,10,0.0,-2.4899999999999523
1995,11,0.0,-2.5399999999999636
1995,12,0.0,-6.279999999999973
1995,13,0.0,-7.949999999999989
1995,14,0.0,-5.589999999999975
1995,15,0.0,-2.9899999999999523
1995,16,0.71,-5.389999999999986
1995,17,0.0,-11.25
1995,18,0.0,-12.359999999999957
1995,19,0.0,-9.870000000000005
1995,20,0.0,-8.849999999999966
1995,21,0.0,-9.620000000000005
1995,22,0.0,-12.649999999999977
1995,23,0.0,-10.779999999999973
1995,24,0.0,-7.419999999999959
1995,25,0.0,-3.8700000000000045
1995,26,0.38,-3.089999999999975
1995,27,1.67,-5.099999999999966
1995,28,0.56,-6.659999999999968
1995,29,3.45,-8.769999999999982
1995,30,0.0,-8.319999999999993
1995,31,0.0,-4.389999999999986
1995,32,0.0,-1.67999999999995
1995,33,0.0,-2.269999999999982
1995,34,0.0,-6.189999999999998
1995,35,0.0,-3.7999999999999545
1995,36,0.0,-3.7099999999999795
1995,37,0.0,-3.67999999999995
1995,38,0.0,-4.1200000000000045
1995,39,0.0,-3.419999999999959
1995,40,3.22,-4.539999999999964
1995,41,0.0,-6.319999999999993
1995,42,7.71,-12.009999999999991
1995,43,6.76,-14.45999999999998
1995,44,0.59,-9.729999999999961
1995,45,0.8,-4.4599999999999795
1995,46,1.14,-5.979999999999961
1995,47,0.0,-8.389999999999986
1995,48,0.0,-5.71999999999997
1995,49,0.0,-4.2999999999999545
1995,50,0.0,-5.149999999999977
1995,51,0.0,-0.6899999999999977
1995,52,0.0,-0.15999999999996817
1995,53,0.0,0.6299999999999955
1995,54,0.0,-1.7099999999999795
1995,55,0.0,-1.67999999999995
1995,56,0.0,-0.21999999999997044
1995,57,0.0,-1.3899999999999864
1995,58,0.23,-2.6200000000000045
1995,59,0.87,-3.359999999999957
1995,60,2.41,-6.479999999999961
1995,61,1.65,-7.399999999999977
1995,62,0.14,-4.439999999999998
1995,63,0.0,-3.6299999999999955
1995,64,0.0,-5.319999999999993
1995,65,11.75,-5.4599999999999795
1995,66,0.2,-11.829999999999984
1995,67,0.0,-8.129999999999995
1995,68,0.0,-3.4899999999999523
1995,69,0.0,-0.6699999999999591
1995,70,0.0,0.82000000000005
1995,71,0.0,-0.12999999999999545
1995,72,0.0,-3.2099999999999795
1995,73,0.0,-1.3899999999999864
1995,74,0.0,0.82000000000005
1995,75,2.4,2.7700000000000387
1995,76,11.88,1.1899999999999977
1995,77,0.13,1.5400000000000205
1995,78,0.0,1.6299999999999955
1995,79,0.05,-3.1399999999999864
1995,80,0.69,1.920000000000016
1995,81,0.05,0.4200000000000159
1995,82,0.0,-2.169999999999959
1995,83,0.36,0.05000000000001137
1995,84,0.23,-3.8899999999999864
1995,85,9.33,-7.2099999999999795
1995,86,0.19,-8.089999999999975
1995,87,16.84,-7.769999999999982
1995,88,1.1,-9.310000000000002
1995,89,0.5,-9.029999999999973
1995,90,0.0,-7.919999999999959
1995,91,0.0,-5.089999999999975
1995,92,0.0,-2.4399999999999977
1995,93,0.08,-2.6999999999999886
1995,94,0.0,-0.839999999999975
1995,95,0.0,2.090000000000032
1995,96,0.0,2.090000000000032
1995,97,0.0,2.330000000000041
1995,98,5.84,2.3700000000000045
1995,99,2.76,-0.7399999999999523
1995,100,18.34,-8.239999999999952
1995,101,0.41,-9.659999999999968
1995,102,0.0,-1.839999999999975
1995,103,0.0,1.7900000000000205
1995,104,0.0,1.9500000000000455
1995,105,0.0,-1.7999999999999545
1995,106,0.74,-0.5399999999999636
1995,107,7.05,-2.17999999999995
1995,108,3.77,-3.819999999999993
1995,109,13.23,-3.5499999999999545
1995,110,1.8,-4.8700000000000045
1995,111,10.08,-4.6200000000000045
1995,112,5.51,-5.5499999999999545
1995,113,3.36,-6.139999999999986
1995,114,6.93,-4.849999999999966
1995,115,0.57,-1.8999999999999773
1995,116,20.21,-1.9599999999999795
1995,117,0.0,-0.8199999999999932
1995,118,0.1,4.170000000000016
1995,119,0.73,3.4600000000000364
1995,120,2.84,4.210000000000036
1995,121,0.32,0.05000000000001137
1995,122,0.08,2.430000000000007
1995,123,1.94,1.3600000000000136
1995,124,4.73,-0.6899999999999977
1995,125,0.78,3.3500000000000227
1995,126,1.73,1.240000000000009
1995,127,0.76,2.090000000000032
1995,128,2.53,-0.339999999999975
1995,129,0.64,-0.5600000000000023
1995,130,0.2,-0.589999999999975
1995,131,1.64,2.1000000000000227
1995,132,0.03,3.340000000000032
1995,133,0.0,-0.45999999999997954
1995,134,0.0,3.840000000000032
1995,135,0.41,6.930000000000007
1995,136,3.41,8.620000000000005
1995,137,51.55,3.0400000000000205
1995,138,2.1,1.3600000000000136
1995,139,0.25,1.580000000000041
1995,140,0.99,3.5300000000000296
1995,141,0.7,5.9500000000000455
1995,142,0.23,8.29000000000002
1995,143,3.05,5.860000000000014
1995,144,5.19,1.7200000000000273
1995,145,5.66,2.640000000000043
1995,146,2.86,4.689999999999998
1995,147,7.92,2.7600000000000477
1995,148,1.24,1.2000000000000455
1995,149,9.5,2.2700000000000387
1995,150,8.44,2.6100000000000136
1995,151,1.67,4.170000000000016
1995,152,0.32,6.520000000000039
1995,153,0.59,8.920000000000016
1995,154,4.59,8.890000000000043
1995,155,4.37,7.5400000000000205
1995,156,2.02,7.390000000000043
1995,157,0.0,10.090000000000032
1995,158,0.0,8.220000000000027
1995,159,3.21,7.840000000000032
1995,160,11.82,4.720000000000027
1995,161,0.79,4.910000000000025
1995,162,0.0,5.990000000000009
1995,163,0.0,10.600000000000023
1995,164,0.0,13.260000000000048
1995,165,0.0,14.379999999999995
1995,166,0.3,14.460000000000036
1995,167,3.83,12.770000000000039
1995,168,15.09,10.270000000000039
1995,169,16.54,9.270000000000039
1995,170,0.0,10.700000000000045
1995,171,0.0,12.210000000000036
1995,172,0.0,12.470000000000027
1995,173,0.0,11.340000000000032
1995,174,2.73,8.600000000000023
1995,175,3.91,8.129999999999995
1995,176,3.5,7.490000000000009
1995,177,0.83,9.140000000000043
1995,178,0.11,10.950000000000045
1995,179,7.19,10.890000000000043
1995,180,27.02,7.410000000000025
1995,181,10.59,5.010000000000048
1995,182,6.49,7.1299999999999955
1995,183,2.15,8.439999999999998
1995,184,1.96,8.180000000000007
1995,185,0.76,5.680000000000007
1995,186,0.0,6.980000000000018
1995,187,0.0,11.270000000000039
1995,188,0.0,14.180000000000007
1995,189,0.22,15.060000000000002
1995,190,0.89,14.900000000000034
1995,191,1.44,15.57000000000005
1995,192,0.0,15.740000000000009
1995,193,0.0,15.939999999999998
1995,194,3.17,14.390000000000043
1995,195,6.79,12.760000000000048
1995,196,5.78,10.600000000000023
1995,197,5.52,11.710000000000036
1995,198,6.77,11.920000000000016
1995,199,6.91,10.360000000000014
1995,200,6.33,11.800000000000011
1995,201,1.48,10.189999999999998
1995,202,0.32,11.730000000000018
1995,203,0.83,11.629999999999995
1995,204,0.04,11.300000000000011
1995,205,0.7,11.370000000000005
1995,206,0.0,12.720000000000027
1995,207,0.0,14.29000000000002
1995,208,0.0,15.28000000000003
1995,209,0.0,16.200000000000045
1995,210,0.0,17.590000000000032
1995,211,0.0,16.840000000000032
1995,212,1.45,13.340000000000032
1995,213,0.04,11.360000000000014
1995,214,0.0,13.390000000000043
1995,215,0.03,14.5
1995,216,1.21,13.960000000000036
1995,217,0.33,13.78000000000003
1995,218,0.07,14.470000000000027
1995,219,0.43,16.980000000000018
1995,220,0.08,16.79000000000002
1995,221,1.24,15.950000000000045
1995,222,0.45,16.450000000000045
1995,223,0.65,17.05000000000001
1995,224,2.92,15.800000000000011
1995,225,2.26,13.950000000000045
1995,226,0.79,13.480000000000018
1995,227,0.76,12.800000000000011
1995,228,0.0,14.78000000000003
1995,229,0.52,15.560000000000002
1995,230,0.0,16.220000000000027
1995,231,13.5,14.220000000000027
1995,232,0.43,13.700000000000045
1995,233,7.83,14.29000000000002
1995,234,5.49,14.900000000000034
1995,235,4.24,14.860000000000014
1995,236,6.05,14.439999999999998
1995,237,9.26,13.330000000000041
1995,238,4.4,12.330000000000041
1995,239,2.28,14.420000000000016
1995,240,4.79,15.07000000000005
1995,241,1.31,15.29000000000002
1995,242,0.01,15.590000000000032
1995,243,0.41,15.560000000000002
1995,244,0.44,16.05000000000001
1995,245,0.52,17.02000000000004
1995,246,3.91,16.54000000000002
1995,247,0.09,16.439999999999998
1995,248,0.25,16.260000000000048
1995,249,9.78,14.490000000000009
1995,250,4.99,10.890000000000043
1995,251,5.82,10.180000000000007
1995,252,5.69,9.990000000000009
1995,253,3.22,9.240000000000009
1995,254,1.73,9.890000000000043
1995,255,0.0,8.439999999999998
1995,256,0.0,10.080000000000041
1995,257,1.32,10.610000000000014
1995,258,0.0,10.760000000000048
1995,259,1.05,11.490000000000009
1995,260,1.34,11.54000000000002
1995,261,1.14,11.53000000000003
1995,262,3.9,6.890000000000043
1995,263,3.51,7.730000000000018
1995,264,5.26,-2.829999999999984
1995,265,0.12,-3.2799999999999727
1995,266,0.26,1.8500000000000227
1995,267,0.85,0.9700000000000273
1995,268,0.44,1.0600000000000023
1995,269,0.0,4.990000000000009
1995,270,0.0,7.3700000000000045
1995,271,0.34,7.7900000000000205
1995,272,0.21,5.8799999999999955
1995,273,0.33,2.680000000000007
1995,274,0.02,3.2000000000000455
1995,275,0.0,2.5200000000000387
1995,276,0.17,2.6200000000000045
1995,277,2.37,3.0200000000000387
1995,278,0.11,-2.8799999999999955
1995,279,0.0,-1.4399999999999977
1995,280,0.0,3.2200000000000273
1995,281,0.0,3.180000000000007
1995,282,0.0,3.2100000000000364
1995,283,0.0,2.3700000000000045
1995,284,0.47,6.020000000000039
1995,285,0.0,8.0
1995,286,1.22,1.8000000000000114
1995,287,0.0,1.0200000000000387
1995,288,0.0,4.910000000000025
1995,289,0.22,6.8700000000000045
1995,290,0.26,5.020000000000039
1995,291,0.0,5.230000000000018
1995,292,0.0,3.25
1995,293,0.0,0.17000000000001592
1995,294,0.0,4.2000000000000455
1995,295,3.31,0.9500000000000455
1995,296,2.24,-7.399999999999977
1995,297,0.0,-3.0399999999999636
1995,298,0.0,-1.0399999999999636
1995,299,0.0,0.6400000000000432
1995,300,0.0,-0.009999999999990905
1995,301,0.0,0.160000000000025
1995,302,0.0,2.930000000000007
1995,303,0.07,3.660000000000025
1995,304,0.02,3.330000000000041
1995,305,0.1,1.6299999999999955
1995,306,0.1,-5.509999999999991
1995,307,0.0,-9.079999999999984
1995,308,0.0,-7.079999999999984
1995,309,0.0,-4.739999999999952
1995,310,0.0,-1.8100000000000023
1995,311,0.0,-3.2899999999999636
1995,312,1.57,-1.0299999999999727
1995,313,2.05,1.1299999999999955
1995,314,2.23,-3.5600000000000023
1995,315,0.33,-5.069999999999993
1995,316,0.0,1.0600000000000023
1995,317,0.0,0.5900000000000318
1995,318,0.0,1.080000000000041
1995,319,0.0,1.3000000000000114
1995,320,0.0,2.490000000000009
1995,321,0.0,0.8700000000000045
1995,322,0.0,2.900000000000034
1995,323,0.0,2.3100000000000023
1995,324,0.0,0.160000000000025
1995,325,0.0,-0.21999999999997044
1995,326,0.0,0.020000000000038654
1995,327,0.0,-2.7199999999999704
1995,328,0.0,-0.6599999999999682
1995,329,0.0,1.580000000000041
1995,330,1.37,1.5300000000000296
1995,331,5.34,-6.909999999999968
1995,332,1.47,-10.049999999999955
1995,333,0.0,-3.92999999999995
1995,334,0.0,0.4000000000000341
1995,335,0.0,2.150000000000034
1995,336,0.0,1.170000000000016
1995,337,0.0,-2.7799999999999727
1995,338,0.0,-1.6999999999999886
1995,339,0.0,-0.92999999999995
1995,340,0.47,-1.4099999999999682
1995,341,0.0,-4.269999999999982
1995,342,0.0,-5.539999999999964
1995,343,0.0,-8.060000000000002
1995,344,0.0,-4.4599999999999795
1995,345,0.0,-2.669999999999959
1995,346,0.0,-1.2199999999999704
1995,347,0.03,-0.42999999999995
1995,348,0.02,-3.769999999999982
1995,349,0.0,-5.71999999999997
1995,350,0.0,-4.2099999999999795
1995,351,0.2,-7.829999999999984
1995,352,2.85,-11.269999999999982
1995,353,0.0,-10.419999999999959
1995,354,0.11,-11.079999999999984
1995,355,0.13,-12.539999999999964
1995,356,2.26,-12.870000000000005
1995,357,0.7,-14.759999999999991
1995,358,0.0,-11.689999999999998
1995,359,0.0,-9.659999999999968
1995,360,0.0,-6.989999999999952
1995,361,0.0,-8.17999999999995
1995,362,0.7,-8.919999999999959
1995,363,0.25,-9.279999999999973
1995,364,1.58,-9.509999999999991
1995,365,3.37,-6.849999999999966
1996,1,4.84,-10.639999999999986
1996,2,1.97,-15.659999999999968
1996,3,1.6,-9.620000000000005
1996,4,1.9,-7.479999999999961
1996,5,1.4,-10.0
1996,6,0.21,-13.479999999999961
1996,7,0.0,-8.870000000000005
1996,8,0.0,-3.4399999999999977
1996,9,0.0,-3.829999999999984
1996,10,0.0,-3.3999999999999773
1996,11,0.0,-7.359999999999957
1996,12,0.0,-2.8700000000000045
1996,13,0.0,-1.0
1996,14,0.0,-2.0
1996,15,0.0,-2.669999999999959
1996,16,0.0,-2.2799999999999727
1996,17,1.27,-3.17999999999995
1996,18,1.21,-14.120000000000005
1996,19,0.0,-10.889999999999986
1996,20,0.0,-10.779999999999973
1996,21,0.0,-9.229999999999961
1996,22,0.0,-7.169999999999959
1996,23,0.0,-12.339999999999975
1996,24,0.0,-13.259999999999991
1996,25,2.26,-9.120000000000005
1996,26,0.83,-14.649999999999977
1996,27,0.05,-14.92999999999995
1996,28,0.03,-7.21999999999997
1996,29,0.0,-8.829999999999984
1996,30,0.45,-5.479999999999961
1996,31,0.39,-6.0499999999999545
1996,32,0.73,-9.71999999999997
1996,33,1.89,-16.339999999999975
1996,34,0.0,-15.639999999999986
1996,35,0.0,-11.149999999999977
1996,36,0.0,-4.5
1996,37,0.0,-3.5499999999999545
1996,38,0.0,-2.1399999999999864
1996,39,0.0,-1.329999999999984
1996,40,0.0,-0.46999999999997044
1996,41,0.0,-0.2699999999999818
1996,42,0.0,-3.2199999999999704
1996,43,0.0,-2.0399999999999636
1996,44,0.0,-0.6999999999999886
1996,45,0.0,0.25
1996,46,0.0,-3.1299999999999955
1996,47,0.0,-2.589999999999975
1996,48,0.0,-0.9499999999999886
1996,49,1.05,-1.329999999999984
1996,50,0.0,-2.7099999999999795
1996,51,0.79,-2.759999999999991
1996,52,4.26,-0.6099999999999568
1996,53,0.4,0.11000000000001364
1996,54,0.0,-6.1299999999999955
1996,55,0.0,-4.009999999999991
1996,56,0.0,-2.7899999999999636
1996,57,0.0,-4.739999999999952
1996,58,0.45,-12.620000000000005
1996,59,1.31,-13.829999999999984
1996,60,0.0,-12.370000000000005
1996,61,0.24,-12.359999999999957
1996,62,0.77,-9.419999999999959
1996,63,0.0,-7.359999999999957
1996,64,0.0,-4.069999999999993
1996,65,2.44,-4.649999999999977
1996,66,11.37,-8.579999999999984
1996,67,1.26,-10.489999999999952
1996,68,0.0,-8.439999999999998
1996,69,0.0,-5.46999999999997
1996,70,0.0,0.7800000000000296
1996,71,0.0,1.3400000000000318
1996,72,0.0,-0.5600000000000023
1996,73,0.02,-1.75
1996,74,7.95,-3.6299999999999955
1996,75,0.27,-6.109999999999957
1996,76,0.0,-4.079999999999984
1996,77,1.84,-5.92999999999995
1996,78,3.63,-9.95999999999998
1996,79,0.05,-10.560000000000002
1996,80,0.0,-6.46999999999997
1996,81,0.0,-1.1099999999999568
1996,82,0.0,-0.3299999999999841
1996,83,0.19,-0.06999999999999318
1996,84,4.94,-7.560000000000002
1996,85,0.45,-11.239999999999952
1996,86,0.28,-8.529999999999973
1996,87,0.0,-4.109999999999957
1996,88,0.33,-2.329999999999984
1996,89,0.04,-1.079999999999984
1996,90,3.6,-2.7099999999999795
1996,91,0.0,-2.019999999999982
1996,92,0.0,0.75
1996,93,0.0,2.8000000000000114
1996,94,3.88,0.6299999999999955
1996,95,10.4,-3.0399999999999636
1996,96,8.3,-4.92999999999995
1996,97,0.0,-1.9699999999999704
1996,98,0.0,1.660000000000025
1996,99,0.0,4.260000000000048
1996,100,0.0,5.590000000000032
1996,101,0.0,6.82000000000005
1996,102,0.0,4.170000000000016
1996,103,2.16,0.2300000000000182
1996,104,11.17,-0.15999999999996817
1996,105,6.13,-5.9599999999999795
1996,106,0.03,-4.3700000000000045
1996,107,0.0,1.7000000000000455
1996,108,0.22,2.660000000000025
1996,109,0.77,0.08000000000004093
1996,110,0.31,-3.159999999999968
1996,111,0.0,-4.92999999999995
1996,112,0.35,-4.109999999999957
1996,113,3.67,-4.6200000000000045
1996,114,0.0,0.4300000000000068
1996,115,0.0,5.640000000000043
1996,116,0.0,4.910000000000025
1996,117,0.0,2.140000000000043
1996,118,0.0,3.5100000000000477
1996,119,8.18,-3.75
1996,120,0.0,-7.009999999999991
1996,121,0.84,-0.7199999999999704
1996,122,0.0,0.9700000000000273
1996,123,0.0,3.2700000000000387
1996,124,0.0,5.400000000000034
1996,125,0.0,5.57000000000005
1996,126,0.0,5.610000000000014
1996,127,0.0,6.82000000000005
1996,128,0.0,3.3600000000000136
1996,129,0.0,6.189999999999998
1996,130,0.29,5.9500000000000455
1996,131,4.86,4.060000000000002
1996,132,0.0,5.28000000000003
1996,133,0.0,8.270000000000039
1996,134,0.0,9.910000000000025
1996,135,0.0,11.490000000000009
1996,136,0.55,10.990000000000009
1996,137,0.0,11.470000000000027
1996,138,0.27,9.620000000000005
1996,139,0.0,9.770000000000039
1996,140,0.0,6.860000000000014
1996,141,0.0,6.330000000000041
1996,142,0.0,6.480000000000018
1996,143,0.0,9.120000000000005
1996,144,0.19,6.32000000000005
1996,145,3.93,4.9500000000000455
1996,146,45.21,4.970000000000027
1996,147,34.84,1.8799999999999955
1996,148,2.36,2.170000000000016
1996,149,3.68,2.8600000000000136
1996,150,1.23,2.480000000000018
1996,151,0.0,5.3700000000000045
1996,152,1.06,6.060000000000002
1996,153,0.0,5.1200000000000045
1996,154,0.0,4.920000000000016
1996,155,0.0,6.850000000000023
1996,156,0.0,9.400000000000034
1996,157,0.0,10.900000000000034
1996,158,0.0,9.270000000000039
1996,159,0.0,7.300000000000011
1996,160,0.0,10.580000000000041
1996,161,0.0,12.740000000000009
1996,162,0.69,12.129999999999995
1996,163,2.01,12.260000000000048
1996,164,4.72,11.980000000000018
1996,165,9.05,11.04000000000002
1996,166,6.85,11.360000000000014
1996,167,11.14,9.870000000000005
1996,168,3.56,8.300000000000011
1996,169,1.45,12.140000000000043
1996,170,0.0,12.78000000000003
1996,171,0.0,13.28000000000003
1996,172,0.0,13.990000000000009
1996,173,8.76,13.710000000000036
1996,174,8.63,12.680000000000007
1996,175,0.78,11.600000000000023
1996,176,0.07,12.450000000000045
1996,177,0.19,12.580000000000041
1996,178,0.48,13.439999999999998
1996,179,1.75,12.930000000000007
1996,180,0.75,12.470000000000027
1996,181,0.95,11.700000000000045
1996,182,0.0,12.720000000000027
1996,183,0.0,13.520000000000039
1996,184,0.0,14.939999999999998
1996,185,0.0,16.04000000000002
1996,186,0.36,16.920000000000016
1996,187,1.34,15.53000000000003
1996,188,2.08,15.710000000000036
1996,189,1.43,16.200000000000045
1996,190,1.23,10.350000000000023
1996,191,8.4,11.760000000000048
1996,192,8.39,10.640000000000043
1996,193,3.13,13.370000000000005
1996,194,5.71,13.510000000000048
1996,195,3.23,13.220000000000027
1996,196,1.01,12.010000000000048
1996,197,0.78,13.920000000000016
1996,198,0.09,14.270000000000039
1996,199,1.01,14.379999999999995
1996,200,10.52,15.430000000000007
1996,201,0.1,13.700000000000045
1996,202,0.07,16.0
1996,203,0.53,14.689999999999998
1996,204,0.59,14.100000000000023
1996,205,1.31,12.890000000000043
1996,206,0.1,12.25
1996,207,4.53,12.360000000000014
1996,208,1.46,13.129999999999995
1996,209,1.23,12.79000000000002
1996,210,2.55,14.450000000000045
1996,211,4.54,12.860000000000014
1996,212,3.38,10.939999999999998
1996,213,1.02,13.28000000000003
1996,214,0.36,14.53000000000003
1996,215,2.51,12.980000000000018
1996,216,0.7,14.03000000000003
1996,217,0.07,13.75
1996,218,0.01,11.900000000000034
1996,219,1.16,13.350000000000023
1996,220,3.39,12.410000000000025
1996,221,4.78,12.140000000000043
1996,222,1.55,12.04000000000002
1996,223,0.24,12.460000000000036
1996,224,0.0,13.270000000000039
1996,225,0.0,15.29000000000002
1996,226,0.25,16.760000000000048
1996,227,0.68,16.430000000000007
1996,228,0.78,14.860000000000014
1996,229,1.04,13.160000000000025
1996,230,0.56,12.840000000000032
1996,231,5.03,14.110000000000014
1996,232,2.07,12.629999999999995
1996,233,4.42,12.670000000000016
1996,234,4.38,14.03000000000003
1996,235,3.84,10.900000000000034
1996,236,9.67,9.970000000000027
1996,237,3.13,10.960000000000036
1996,238,0.32,12.720000000000027
1996,239,2.75,11.840000000000032
1996,240,3.84,11.340000000000032
1996,241,3.85,11.920000000000016
1996,242,2.96,13.200000000000045
1996,243,0.58,11.200000000000045
1996,244,0.0,11.430000000000007
1996,245,0.0,13.610000000000014
1996,246,0.0,14.189999999999998
1996,247,0.0,13.620000000000005
1996,248,0.0,14.360000000000014
1996,249,1.12,13.980000000000018
1996,250,12.03,11.700000000000045
1996,251,3.9,8.100000000000023
1996,252,0.0,9.240000000000009
1996,253,0.39,11.54000000000002
1996,254,0.46,12.330000000000041
1996,255,1.03,11.82000000000005
1996,256,9.84,8.620000000000005
1996,257,8.88,7.8700000000000045
1996,258,3.44,7.760000000000048
1996,259,6.72,7.010000000000048
1996,260,0.04,7.1299999999999955
1996,261,1.94,7.560000000000002
1996,262,5.64,4.220000000000027
1996,263,5.07,0.7600000000000477
1996,264,0.0,1.57000000000005
1996,265,0.0,4.28000000000003
1996,266,1.65,7.840000000000032
1996,267,1.42,7.8799999999999955
1996,268,1.45,7.07000000000005
1996,269,3.57,6.910000000000025
1996,270,12.23,-0.2699999999999818
1996,271,0.16,-4.829999999999984
1996,272,0.0,1.0200000000000387
1996,273,0.0,5.510000000000048
1996,274,0.0,7.760000000000048
1996,275,0.0,7.7900000000000205
1996,276,0.0,7.740000000000009
1996,277,0.0,7.590000000000032
1996,278,0.0,6.5
1996,279,0.0,6.360000000000014
1996,280,0.0,6.860000000000014
1996,281,0.0,6.490000000000009
1996,282,0.0,6.5
1996,283,0.0,6.8700000000000045
1996,284,0.0,7.420000000000016
1996,285,0.0,8.560000000000002
1996,286,0.0,8.689999999999998
1996,287,0.0,8.220000000000027
1996,288,0.0,6.7900000000000205
1996,289,1.33,4.53000000000003
1996,290,2.15,3.590000000000032
1996,291,1.51,-3.5299999999999727
1996,292,0.0,-4.199999999999989
1996,293,0.01,2.5400000000000205
1996,294,4.81,-0.7599999999999909
1996,295,0.08,-8.189999999999998
1996,296,0.0,-7.519999999999982
1996,297,0.0,-2.6299999999999955
1996,298,0.0,-2.339999999999975
1996,299,0.0,-1.6599999999999682
1996,300,8.02,-4.509999999999991
1996,301,0.22,-5.259999999999991
1996,302,0.27,-0.2699999999999818
1996,303,0.09,-2.669999999999959
1996,304,0.0,-4.759999999999991
1996,305,2.02,-5.2999999999999545
1996,306,1.6,-4.839999999999975
1996,307,0.0,-3.2799999999999727
1996,308,0.12,-0.5299999999999727
1996,309,3.02,-1.079999999999984
1996,310,0.0,-1.3199999999999932
1996,311,0.0,-4.489999999999952
1996,312,0.0,-7.5499999999999545
1996,313,0.0,-4.889999999999986
1996,314,0.0,-1.0699999999999932
1996,315,0.0,0.6299999999999955
1996,316,0.0,0.9000000000000341
1996,317,0.0,1.6200000000000045
1996,318,0.0,2.7200000000000273
1996,319,0.0,2.3600000000000136
1996,320,0.9,-1.259999999999991
1996,321,6.3,-5.289999999999964
1996,322,0.0,-9.71999999999997
1996,323,0.0,-3.1899999999999977
1996,324,0.0,-0.15999999999996817
1996,325,0.0,1.2700000000000387
1996,326,0.0,-0.6200000000000045
1996,327,0.41,1.1100000000000136
1996,328,0.74,-1.7199999999999704
1996,329,0.55,-5.67999999999995
1996,330,0.0,-4.509999999999991
1996,331,2.67,-6.060000000000002
1996,332,3.53,-9.21999999999997
1996,333,0.21,-8.139999999999986
1996,334,1.66,-7.810000000000002
1996,335,2.62,-9.789999999999964
1996,336,0.4,-10.389999999999986
1996,337,0.0,-9.70999999999998
1996,338,0.0,-13.379999999999995
1996,339,0.0,-11.870000000000005
1996,340,0.72,-9.0
1996,341,1.62,-6.479999999999961
1996,342,0.0,-10.489999999999952
1996,343,0.0,-5.609999999999957
1996,344,0.0,-0.40999999999996817
1996,345,0.0,-0.8899999999999864
1996,346,0.0,-2.8700000000000045
1996,347,0.0,-3.7099999999999795
1996,348,0.0,-3.5600000000000023
1996,349,0.0,-5.939999999999998
1996,350,0.0,-13.449999999999989
1996,351,2.31,-10.269999999999982
1996,352,3.15,-18.69999999999999
1996,353,0.0,-23.21999999999997
1996,354,0.0,-16.19999999999999
1996,355,0.0,-10.829999999999984
1996,356,0.0,-7.25
1996,357,0.03,-7.029999999999973
1996,358,0.13,-9.399999999999977
1996,359,0.0,-12.519999999999982
1996,360,0.0,-8.17999999999995
1996,361,0.0,-6.599999999999966
1996,362,0.0,-4.529999999999973
1996,363,0.0,-6.42999999999995
1996,364,0.0,-5.819999999999993
1996,365,0.0,-0.8499999999999659
1996,366,0.0,-0.6200000000000045
1997,1,0.0,0.8799999999999955
1997,2,0.0,2.1000000000000227
1997,3,1.29,1.2000000000000455
1997,4,0.06,-7.079999999999984
1997,5,0.1,-12.549999999999955
1997,6,3.35,-14.859999999999957
1997,7,0.15,-15.129999999999995
1997,8,0.28,-11.96999999999997
1997,9,0.07,-11.609999999999957
1997,10,0.06,-10.199999999999989
1997,11,1.14,-12.479999999999961
1997,12,0.19,-25.899999999999977
1997,13,0.29,-14.539999999999964
1997,14,0.03,-9.339999999999975
1997,15,0.26,-10.769999999999982
1997,16,0.0,-12.560000000000002
1997,17,0.0,-10.169999999999959
1997,18,0.0,-4.569999999999993
1997,19,0.0,-2.7399999999999523
1997,20,0.0,-1.9099999999999682
1997,21,0.0,-5.810000000000002
1997,22,0.46,-9.979999999999961
1997,23,1.29,-6.699999999999989
1997,24,0.03,-9.799999999999955
1997,25,1.48,-10.229999999999961
1997,26,0.63,-4.419999999999959
1997,27,0.0,-5.9599999999999795
1997,28,0.22,-7.399999999999977
1997,29,0.05,-6.109999999999957
1997,30,0.52,-5.42999999999995
1997,31,0.0,-1.349999999999966
1997,32,0.0,-1.2299999999999613
1997,33,0.0,-3.579999999999984
1997,34,0.0,-5.349999999999966
1997,35,0.0,-11.979999999999961
1997,36,1.33,-10.879999999999995
1997,37,0.91,-9.789999999999964
1997,38,0.0,-12.109999999999957
1997,39,0.0,-12.759999999999991
1997,40,0.0,-10.589999999999975
1997,41,0.0,-9.67999999999995
1997,42,0.06,-6.979999999999961
1997,43,0.04,-8.479999999999961
1997,44,4.76,-7.589999999999975
1997,45,0.14,-10.269999999999982
1997,46,0.0,-7.859999999999957
1997,47,0.0,-5.5
1997,48,0.0,-2.909999999999968
1997,49,2.72,-2.5
1997,50,0.09,-5.589999999999975
1997,51,11.81,-5.6299999999999955
1997,52,0.59,-10.769999999999982
1997,53,0.0,-13.609999999999957
1997,54,4.96,-11.989999999999952
1997,55,0.0,-13.489999999999952
1997,56,0.0,-11.129999999999995
1997,57,3.46,-9.419999999999959
1997,58,0.74,-9.349999999999966
1997,59,4.35,-8.269999999999982
1997,60,2.27,-11.149999999999977
1997,61,0.0,-7.419999999999959
1997,62,0.74,-6.060000000000002
1997,63,0.73,-8.989999999999952
1997,64,0.0,-12.049999999999955
1997,65,0.0,-6.149999999999977
1997,66,0.0,-4.919999999999959
1997,67,0.0,-4.339999999999975
1997,68,0.0,-4.310000000000002
1997,69,0.0,-1.2799999999999727
1997,70,0.0,0.7100000000000364
1997,71,0.0,1.5600000000000023
1997,72,0.23,0.29000000000002046
1997,73,0.0,-6.829999999999984
1997,74,0.0,-4.819999999999993
1997,75,0.0,-0.39999999999997726
1997,76,0.0,1.3100000000000023
1997,77,0.0,-1.0499999999999545
1997,78,0.0,1.2900000000000205
1997,79,0.0,4.170000000000016
1997,80,0.0,4.439999999999998
1997,81,0.0,2.2600000000000477
1997,82,0.0,2.1100000000000136
1997,83,4.72,0.4000000000000341
1997,84,1.87,-6.899999999999977
1997,85,0.04,-3.259999999999991
1997,86,0.0,-0.17999999999994998
1997,87,0.0,-1.5199999999999818
1997,88,2.58,-2.4599999999999795
1997,89,0.12,-3.7199999999999704
1997,90,0.47,0.8300000000000409
1997,91,3.56,0.37999999999999545
1997,92,12.46,-4.439999999999998
1997,93,6.42,-2.6399999999999864
1997,94,8.64,-2.4699999999999704
1997,95,2.89,-6.589999999999975
1997,96,0.48,-10.939999999999998
1997,97,0.32,-7.729999999999961
1997,98,0.13,-3.2399999999999523
1997,99,0.85,-4.449999999999989
1997,100,2.12,-7.92999999999995
1997,101,3.22,-14.599999999999966
1997,102,0.45,-14.489999999999952
1997,103,0.07,-10.689999999999998
1997,104,0.0,-5.649999999999977
1997,105,0.02,-2.6399999999999864
1997,106,0.0,-0.8700000000000045
1997,107,0.0,1.740000000000009
1997,108,0.0,3.390000000000043
1997,109,0.0,3.9399999999999977
1997,110,0.3,3.080000000000041
1997,111,1.91,2.9600000000000364
1997,112,0.53,-1.0199999999999818
1997,113,1.91,-1.42999999999995
1997,114,15.67,-2.3899999999999864
1997,115,7.84,-4.6299999999999955
1997,116,0.2,-2.419999999999959
1997,117,0.18,-4.359999999999957
1997,118,0.34,1.9300000000000068
1997,119,0.22,2.390000000000043
1997,120,0.0,-1.9599999999999795
1997,121,0.0,-0.12999999999999545
1997,122,0.0,-4.529999999999973
1997,123,0.0,-1.7399999999999523
1997,124,0.0,3.5100000000000477
1997,125,0.0,5.4500000000000455
1997,126,0.0,7.430000000000007
1997,127,0.07,7.100000000000023
1997,128,0.76,4.770000000000039
1997,129,0.14,3.160000000000025
1997,130,1.9,5.8799999999999955
1997,131,3.52,5.770000000000039
1997,132,4.94,3.4600000000000364
1997,133,0.51,5.7000000000000455
1997,134,0.63,6.470000000000027
1997,135,1.22,7.300000000000011
1997,136,0.3,5.439999999999998
1997,137,0.0,7.5
1997,138,0.78,7.5
1997,139,0.32,5.590000000000032
1997,140,0.21,6.25
1997,141,3.55,6.740000000000009
1997,142,9.52,5.980000000000018
1997,143,8.97,5.1200000000000045
1997,144,1.0,5.960000000000036
1997,145,5.68,4.220000000000027
1997,146,0.95,1.8000000000000114
1997,147,0.12,0.9200000000000159
1997,148,0.71,3.2900000000000205
1997,149,0.78,5.830000000000041
1997,150,0.85,2.1100000000000136
1997,151,0.07,6.770000000000039
1997,152,0.19,10.680000000000007
1997,153,3.43,10.450000000000045
1997,154,0.05,9.360000000000014
1997,155,0.21,9.910000000000025
1997,156,2.17,11.900000000000034
1997,157,3.08,10.439999999999998
1997,158,34.79,7.920000000000016
1997,159,4.24,6.6299999999999955
1997,160,15.82,5.1299999999999955
1997,161,3.5,5.710000000000036
1997,162,0.62,8.920000000000016
1997,163,1.67,9.730000000000018
1997,164,4.65,7.990000000000009
1997,165,2.69,9.010000000000048
1997,166,0.12,8.860000000000014
1997,167,6.06,7.3700000000000045
1997,168,2.2,8.830000000000041
1997,169,0.65,11.510000000000048
1997,170,0.2,13.360000000000014
1997,171,0.0,14.379999999999995
1997,172,0.36,13.230000000000018
1997,173,2.41,14.189999999999998
1997,174,1.32,14.480000000000018
1997,175,3.78,13.120000000000005
1997,176,1.87,11.28000000000003
1997,177,0.03,11.600000000000023
1997,178,0.01,12.560000000000002
1997,179,0.0,12.520000000000039
1997,180,3.02,12.180000000000007
1997,181,0.0,12.180000000000007
1997,182,0.0,12.100000000000023
1997,183,0.0,10.490000000000009
1997,184,0.0,10.770000000000039
1997,185,1.01,8.900000000000034
1997,186,0.0,11.260000000000048
1997,187,0.0,11.430000000000007
1997,188,0.05,13.650000000000034
1997,189,1.0,14.200000000000045
1997,190,0.04,13.340000000000032
1997,191,0.35,14.010000000000048
1997,192,0.65,14.0
1997,193,0.15,11.520000000000039
1997,194,0.0,12.110000000000014
1997,195,0.0,12.490000000000009
1997,196,0.0,14.82000000000005
1997,197,0.0,16.49000000000001
1997,198,0.48,16.53000000000003
1997,199,5.18,15.82000000000005
1997,200,0.62,14.340000000000032
1997,201,0.65,12.560000000000002
1997,202,0.0,10.04000000000002
1997,203,0.55,13.410000000000025
1997,204,1.81,14.620000000000005
1997,205,3.9,14.620000000000005
1997,206,2.37,15.580000000000041
1997,207,5.43,15.400000000000034
1997,208,3.02,14.439999999999998
1997,209,4.64,12.420000000000016
1997,210,6.84,13.240000000000009
1997,211,9.01,9.200000000000045
1997,212,3.06,11.25
1997,213,4.51,11.610000000000014
1997,214,7.26,11.75
1997,215,3.74,13.990000000000009
1997,216,7.05,12.140000000000043
1997,217,15.61,10.82000000000005
1997,218,6.84,7.800000000000011
1997,219,0.81,7.980000000000018
1997,220,0.84,10.980000000000018
1997,221,3.22,12.939999999999998
1997,222,3.14,10.180000000000007
1997,223,0.23,10.260000000000048
1997,224,0.5,9.770000000000039
1997,225,6.44,10.670000000000016
1997,226,0.0,10.300000000000011
1997,227,0.0,11.140000000000043
1997,228,0.16,13.430000000000007
1997,229,1.05,12.5
1997,230,0.75,12.32000000000005
1997,231,4.47,12.050000000000011
1997,232,0.17,12.830000000000041
1997,233,0.91,13.870000000000005
1997,234,0.17,14.0
1997,235,1.91,13.970000000000027
1997,236,0.29,15.020000000000039
1997,237,7.73,15.090000000000032
1997,238,8.18,14.420000000000016
1997,239,7.37,13.610000000000014
1997,240,4.1,14.200000000000045
1997,241,0.8,14.600000000000023
1997,242,1.85,13.520000000000039
1997,243,1.33,12.379999999999995
1997,244,1.06,12.450000000000045
1997,245,5.96,12.510000000000048
1997,246,0.96,13.310000000000002
1997,247,2.05,13.600000000000023
1997,248,4.31,12.79000000000002
1997,249,1.16,12.53000000000003
1997,250,0.01,11.950000000000045
1997,251,1.13,12.120000000000005
1997,252,0.19,12.200000000000045
1997,253,0.02,11.990000000000009
1997,254,1.33,12.420000000000016
1997,255,0.08,11.840000000000032
1997,256,0.05,11.910000000000025
1997,257,3.09,12.28000000000003
1997,258,2.01,12.150000000000034
1997,259,0.91,11.100000000000023
1997,260,0.05,9.660000000000025
1997,261,0.13,12.28000000000003
1997,262,2.21,11.580000000000041
1997,263,1.1,6.640000000000043
1997,264,6.57,8.78000000000003
1997,265,1.29,7.600000000000023
1997,266,4.98,4.340000000000032
1997,267,2.32,5.0
1997,268,0.17,8.830000000000041
1997,269,0.98,11.330000000000041
1997,270,0.0,10.020000000000039
1997,271,0.0,8.090000000000032
1997,272,0.0,9.300000000000011
1997,273,0.0,10.150000000000034
1997,274,0.0,11.439999999999998
1997,275,2.61,11.140000000000043
1997,276,0.01,9.640000000000043
1997,277,0.0,8.960000000000036
1997,278,0.0,10.650000000000034
1997,279,0.0,9.970000000000027
1997,280,0.25,8.490000000000009
1997,281,3.18,4.730000000000018
1997,282,0.0,1.8400000000000318
1997,283,0.0,5.920000000000016
1997,284,6.49,8.100000000000023
1997,285,3.59,0.22000000000002728
1997,286,0.0,-7.149999999999977
1997,287,0.0,-1.599999999999966
1997,288,0.0,2.230000000000018
1997,289,0.0,2.7600000000000477
1997,290,0.0,4.610000000000014
1997,291,0.0,5.07000000000005
1997,292,0.0,3.1000000000000227
1997,293,0.03,2.410000000000025
1997,294,1.41,0.160000000000025
1997,295,0.04,1.3700000000000045
1997,296,0.0,-0.22999999999996135
1997,297,29.0,-2.5499999999999545
1997,298,8.38,-11.349999999999966
1997,299,1.72,-9.049999999999955
1997,300,1.93,-3.909999999999968
1997,301,0.06,-2.569999999999993
1997,302,0.0,-3.019999999999982
1997,303,0.0,-2.2899999999999636
1997,304,0.24,-0.8599999999999568
1997,305,0.0,-4.1200000000000045
1997,306,0.0,-7.669999999999959
1997,307,0.0,-4.839999999999975
1997,308,0.0,-1.419999999999959
1997,309,0.0,-3.319999999999993
1997,310,0.0,-1.0600000000000023
1997,311,0.75,-0.2999999999999545
1997,312,0.05,-1.5199999999999818
1997,313,7.39,-5.609999999999957
1997,314,0.9,-8.109999999999957
1997,315,0.09,-5.909999999999968
1997,316,9.61,-7.6299999999999955
1997,317,2.81,-7.649999999999977
1997,318,0.0,-11.67999999999995
1997,319,0.0,-16.569999999999993
1997,320,0.05,-11.870000000000005
1997,321,0.0,-9.239999999999952
1997,322,0.0,-8.629999999999995
1997,323,0.06,-7.039999999999964
1997,324,0.03,-4.529999999999973
1997,325,0.02,-7.389999999999986
1997,326,0.0,-8.699999999999989
1997,327,0.0,-6.329999999999984
1997,328,0.0,-3.6299999999999955
1997,329,0.75,-1.6299999999999955
1997,330,0.24,-2.7399999999999523
1997,331,0.04,-0.8199999999999932
1997,332,20.58,-5.099999999999966
1997,333,0.41,-6.6299999999999955
1997,334,1.53,-7.539999999999964
1997,335,4.67,-5.849999999999966
1997,336,3.56,-8.549999999999955
1997,337,0.23,-10.95999999999998
1997,338,0.09,-8.810000000000002
1997,339,0.03,-7.92999999999995
1997,340,1.45,-5.8799999999999955
1997,341,1.54,-4.639999999999986
1997,342,2.05,-6.859999999999957
1997,343,0.09,-8.579999999999984
1997,344,2.62,-11.609999999999957
1997,345,0.49,-14.279999999999973
1997,346,0.0,-12.519999999999982
1997,347,0.11,-7.109999999999957
1997,348,0.18,-3.75
1997,349,0.43,-3.6499999999999773
1997,350,0.12,-7.2999999999999545
1997,351,1.06,-5.169999999999959
1997,352,0.3,-4.339999999999975
1997,353,0.1,-5.92999999999995
1997,354,0.0,-8.560000000000002
1997,355,0.0,-7.3700000000000045
1997,356,0.0,-9.599999999999966
1997,357,0.46,-10.199999999999989
1997,358,0.4,-10.70999999999998
1997,359,2.09,-14.509999999999991
1997,360,0.17,-14.70999999999998
1997,361,0.22,-10.479999999999961
1997,362,0.0,-14.549999999999955
1997,363,0.0,-8.319999999999993
1997,364,0.0,-5.439999999999998
1997,365,0.0,-5.589999999999975
1998,1,0.0,-3.3799999999999955
1998,2,0.0,-3.099999999999966
1998,3,0.0,-3.269999999999982
1998,4,0.0,-5.489999999999952
1998,5,0.0,-7.399999999999977
1998,6,5.83,-8.479999999999961
1998,7,0.16,-11.370000000000005
1998,8,0.0,-9.909999999999968
1998,9,0.3,-10.289999999999964
1998,10,0.33,-8.609999999999957
1998,11,0.14,-7.269999999999982
1998,12,0.05,-6.6200000000000045
1998,13,0.26,-6.529999999999973
1998,14,0.0,-8.579999999999984
1998,15,0.0,-8.539999999999964
1998,16,0.0,-6.75
1998,17,1.13,-6.310000000000002
1998,18,0.06,-6.439999999999998
1998,19,0.0,-5.189999999999998
1998,20,0.0,-8.17999999999995
1998,21,0.0,-12.620000000000005
1998,22,0.0,-13.399999999999977
1998,23,0.0,-11.109999999999957
1998,24,0.0,-7.939999999999998
1998,25,0.0,-8.45999999999998
1998,26,0.0,-10.769999999999982
1998,27,0.0,-6.519999999999982
1998,28,0.0,-6.509999999999991
1998,29,0.0,-7.889999999999986
1998,30,0.0,-6.989999999999952
1998,31,2.67,-7.199999999999989
1998,32,0.15,-10.639999999999986
1998,33,0.01,-9.049999999999955
1998,34,0.0,-7.2999999999999545
1998,35,0.0,-4.449999999999989
1998,36,0.0,-5.159999999999968
1998,37,0.0,-5.199999999999989
1998,38,1.62,-6.199999999999989
1998,39,0.0,-6.9599999999999795
1998,40,1.07,-6.3799999999999955
1998,41,0.0,-10.319999999999993
1998,42,0.0,-11.639999999999986
1998,43,0.0,-10.0
1998,44,0.0,-8.379999999999995
1998,45,1.11,-5.919999999999959
1998,46,1.63,-5.5
1998,47,3.84,-5.6299999999999955
1998,48,4.77,-7.009999999999991
1998,49,2.64,-8.310000000000002
1998,50,0.41,-8.239999999999952
1998,51,0.0,-9.439999999999998
1998,52,0.0,-7.819999999999993
1998,53,0.08,-6.479999999999961
1998,54,0.23,-6.239999999999952
1998,55,0.0,-4.419999999999959
1998,56,0.86,-5.769999999999982
1998,57,0.0,-12.599999999999966
1998,58,0.0,-14.779999999999973
1998,59,0.0,-16.00999999999999
1998,60,0.0,-15.379999999999995
1998,61,0.32,-12.569999999999993
1998,62,0.0,-8.879999999999995
1998,63,0.89,-6.789999999999964
1998,64,2.12,-8.629999999999995
1998,65,0.0,-6.069999999999993
1998,66,6.71,-8.909999999999968
1998,67,1.09,-13.889999999999986
1998,68,0.19,-10.909999999999968
1998,69,0.0,-10.589999999999975
1998,70,0.05,-8.449999999999989
1998,71,0.0,-6.060000000000002
1998,72,0.0,-3.92999999999995
1998,73,0.0,-2.4799999999999613
1998,74,0.0,-2.609999999999957
1998,75,0.0,-2.109999999999957
1998,76,0.0,-3.2899999999999636
1998,77,20.72,-3.67999999999995
1998,78,11.64,-8.96999999999997
1998,79,0.4,-9.120000000000005
1998,80,0.79,-5.909999999999968
1998,81,0.0,-3.169999999999959
1998,82,0.0,-0.7699999999999818
1998,83,0.0,0.5100000000000477
1998,84,0.0,0.9600000000000364
1998,85,0.71,0.4300000000000068
1998,86,8.33,-1.1599999999999682
1998,87,0.0,-2.5
1998,88,7.07,-3.089999999999975
1998,89,6.7,-8.239999999999952
1998,90,0.75,-8.029999999999973
1998,91,2.82,-4.17999999999995
1998,92,6.65,-2.4499999999999886
1998,93,6.47,-4.349999999999966
1998,94,0.0,-3.1399999999999864
1998,95,0.57,-2.7799999999999727
1998,96,0.49,-2.7799999999999727
1998,97,7.06,-5.339999999999975
1998,98,1.76,-5.609999999999957
1998,99,0.61,-5.389999999999986
1998,100,0.0,-4.239999999999952
1998,101,0.0,1.0600000000000023
1998,102,0.0,0.4800000000000182
1998,103,0.0,-4.159999999999968
1998,104,0.87,-4.259999999999991
1998,105,17.25,-4.989999999999952
1998,106,2.45,-6.669999999999959
1998,107,7.51,-7.0
1998,108,1.98,-6.639999999999986
1998,109,1.62,-6.509999999999991
1998,110,1.2,-3.589999999999975
1998,111,1.93,-3.0
1998,112,0.0,-0.7299999999999613
1998,113,0.0,3.580000000000041
1998,114,0.0,4.939999999999998
1998,115,0.79,2.0600000000000023
1998,116,10.83,-1.25
1998,117,1.23,-1.669999999999959
1998,118,0.0,-1.3700000000000045
1998,119,0.0,-0.08999999999997499
1998,120,0.0,4.340000000000032
1998,121,0.24,2.5200000000000387
1998,122,0.49,2.1000000000000227
1998,123,0.07,4.0
1998,124,0.0,3.7600000000000477
1998,125,7.58,3.3700000000000045
1998,126,0.82,1.3799999999999955
1998,127,6.33,0.9500000000000455
1998,128,0.19,0.9500000000000455
1998,129,2.22,1.7700000000000387
1998,130,0.7,3.2800000000000296
1998,131,0.0,3.5400000000000205
1998,132,0.0,1.830000000000041
1998,133,0.0,4.710000000000036
1998,134,0.0,4.920000000000016
1998,135,0.0,0.8000000000000114
1998,136,0.0,4.410000000000025
1998,137,0.0,7.390000000000043
1998,138,0.0,9.129999999999995
1998,139,0.0,10.170000000000016
1998,140,0.0,10.32000000000005
1998,141,1.5,9.5
1998,142,0.2,6.920000000000016
1998,143,0.0,4.170000000000016
1998,144,0.06,5.760000000000048
1998,145,0.31,5.8700000000000045
1998,146,3.98,8.54000000000002
1998,147,0.0,9.980000000000018
1998,148,0.0,11.300000000000011
1998,149,0.0,12.03000000000003
1998,150,0.0,11.740000000000009
1998,151,0.0,10.470000000000027
1998,152,0.0,11.32000000000005
1998,153,0.15,12.340000000000032
1998,154,0.7,11.270000000000039
1998,155,2.61,7.510000000000048
1998,156,6.89,3.240000000000009
1998,157,0.79,4.03000000000003
1998,158,0.0,8.840000000000032
1998,159,0.79,6.830000000000041
1998,160,2.23,6.720000000000027
1998,161,0.0,8.170000000000016
1998,162,1.41,7.3799999999999955
1998,163,0.0,7.310000000000002
1998,164,0.04,9.220000000000027
1998,165,1.65,6.060000000000002
1998,166,4.63,5.1299999999999955
1998,167,0.0,7.960000000000036
1998,168,0.48,9.5
1998,169,0.04,4.520000000000039
1998,170,0.0,9.520000000000039
1998,171,0.0,12.140000000000043
1998,172,2.09,12.439999999999998
1998,173,3.2,12.010000000000048
1998,174,0.0,11.53000000000003
1998,175,0.0,11.970000000000027
1998,176,0.0,12.240000000000009
1998,177,0.0,14.0
1998,178,0.0,13.860000000000014
1998,179,0.32,15.210000000000036
1998,180,0.81,16.379999999999995
1998,181,1.29,16.49000000000001
1998,182,0.0,15.660000000000025
1998,183,0.32,16.700000000000045
1998,184,1.4,16.180000000000007
1998,185,4.86,14.470000000000027
1998,186,2.38,15.510000000000048
1998,187,2.08,16.02000000000004
1998,188,0.65,14.640000000000043
1998,189,0.37,13.240000000000009
1998,190,14.97,13.310000000000002
1998,191,17.9,12.930000000000007
1998,192,3.33,14.28000000000003
1998,193,0.03,14.810000000000002
1998,194,0.13,15.810000000000002
1998,195,0.37,16.430000000000007
1998,196,1.68,16.129999999999995
1998,197,0.85,14.700000000000045
1998,198,0.0,15.300000000000011
1998,199,0.0,16.670000000000016
1998,200,0.35,18.439999999999998
1998,201,0.0,18.32000000000005
1998,202,0.31,17.670000000000016
1998,203,16.88,14.890000000000043
1998,204,10.56,13.450000000000045
1998,205,2.63,12.600000000000023
1998,206,5.86,12.810000000000002
1998,207,11.36,12.480000000000018
1998,208,0.3,12.330000000000041
1998,209,1.26,12.54000000000002
1998,210,15.71,12.700000000000045
1998,211,10.03,12.650000000000034
1998,212,5.56,12.170000000000016
1998,213,7.81,13.330000000000041
1998,214,0.08,11.04000000000002
1998,215,3.37,11.480000000000018
1998,216,8.3,8.660000000000025
1998,217,2.65,9.310000000000002
1998,218,0.0,11.689999999999998
1998,219,0.0,13.53000000000003
1998,220,2.99,15.110000000000014
1998,221,1.77,15.090000000000032
1998,222,4.4,13.600000000000023
1998,223,1.1,12.950000000000045
1998,224,0.2,12.370000000000005
1998,225,0.4,12.170000000000016
1998,226,0.17,12.950000000000045
1998,227,0.54,13.560000000000002
1998,228,0.2,14.120000000000005
1998,229,0.25,14.350000000000023
1998,230,2.72,14.629999999999995
1998,231,0.32,13.840000000000032
1998,232,2.41,13.060000000000002
1998,233,0.97,12.990000000000009
1998,234,1.64,13.730000000000018
1998,235,0.65,14.75
1998,236,3.38,16.03000000000003
1998,237,4.13,14.210000000000036
1998,238,0.71,13.720000000000027
1998,239,0.59,14.220000000000027
1998,240,0.0,11.970000000000027
1998,241,0.0,13.060000000000002
1998,242,0.39,14.740000000000009
1998,243,0.0,14.410000000000025
1998,244,17.13,10.990000000000009
1998,245,0.17,11.28000000000003
1998,246,0.0,13.960000000000036
1998,247,0.0,14.650000000000034
1998,248,0.0,15.07000000000005
1998,249,0.0,15.240000000000009
1998,250,0.0,14.689999999999998
1998,251,0.0,13.689999999999998
1998,252,0.0,13.800000000000011
1998,253,0.0,13.300000000000011
1998,254,2.28,13.450000000000045
1998,255,3.7,13.260000000000048
1998,256,0.34,11.270000000000039
1998,257,2.18,9.010000000000048
1998,258,0.0,9.060000000000002
1998,259,1.17,10.420000000000016
1998,260,1.6,10.950000000000045
1998,261,0.0,11.870000000000005
1998,262,0.0,11.450000000000045
1998,263,1.2,9.0
1998,264,0.11,8.710000000000036
1998,265,0.23,7.830000000000041
1998,266,0.0,10.010000000000048
1998,267,0.79,9.830000000000041
1998,268,0.0,11.29000000000002
1998,269,0.0,9.870000000000005
1998,270,0.0,9.670000000000016
1998,271,0.39,10.890000000000043
1998,272,0.0,12.379999999999995
1998,273,2.43,10.75
1998,274,4.05,7.230000000000018
1998,275,1.97,6.060000000000002
1998,276,0.0,6.270000000000039
1998,277,1.58,4.420000000000016
1998,278,0.0,-2.3100000000000023
1998,279,0.0,-0.7799999999999727
1998,280,0.0,4.5400000000000205
1998,281,0.0,7.9500000000000455
1998,282,0.0,7.420000000000016
1998,283,0.0,6.970000000000027
1998,284,0.0,6.010000000000048
1998,285,0.0,7.230000000000018
1998,286,0.0,7.840000000000032
1998,287,0.0,8.310000000000002
1998,288,0.0,6.439999999999998
1998,289,1.72,3.670000000000016
1998,290,0.0,-1.0399999999999636
1998,291,0.0,-0.6099999999999568
1998,292,0.0,1.6000000000000227
1998,293,0.0,2.5400000000000205
1998,294,0.0,0.4000000000000341
1998,295,0.72,4.400000000000034
1998,296,0.91,6.170000000000016
1998,297,0.0,2.910000000000025
1998,298,0.0,2.9700000000000273
1998,299,6.98,5.3799999999999955
1998,300,3.05,5.060000000000002
1998,301,8.7,2.420000000000016
1998,302,0.0,0.37000000000000455
1998,303,0.77,0.9300000000000068
1998,304,3.29,-1.2299999999999613
1998,305,4.2,-1.7699999999999818
1998,306,4.43,-1.0299999999999727
1998,307,3.67,-1.849999999999966
1998,308,0.34,-5.139999999999986
1998,309,0.0,-6.67999999999995
1998,310,0.45,-5.060000000000002
1998,311,1.96,-6.279999999999973
1998,312,1.82,-5.689999999999998
1998,313,5.19,-5.46999999999997
1998,314,0.88,-11.95999999999998
1998,315,0.41,-8.879999999999995
1998,316,0.03,-3.5299999999999727
1998,317,0.0,-2.2099999999999795
1998,318,0.0,0.5600000000000023
1998,319,0.0,2.140000000000043
1998,320,0.0,0.17000000000001592
1998,321,0.0,0.17000000000001592
1998,322,0.0,-2.0600000000000023
1998,323,0.0,-6.0
1998,324,0.0,-8.019999999999982
1998,325,0.0,-4.17999999999995
1998,326,0.0,0.29000000000002046
1998,327,0.0,-0.8499999999999659
1998,328,0.0,-0.06999999999999318
1998,329,0.0,-1.5
1998,330,0.0,1.1200000000000045
1998,331,0.0,2.7700000000000387
1998,332,0.25,2.8100000000000023
1998,333,0.44,1.0600000000000023
1998,334,0.0,-1.2999999999999545
1998,335,0.0,1.7200000000000273
1998,336,0.0,1.4700000000000273
1998,337,0.0,0.910000000000025
1998,338,0.0,0.7100000000000364
1998,339,0.24,-2.8999999999999773
1998,340,0.72,-8.689999999999998
1998,341,0.83,-12.849999999999966
1998,342,0.34,-11.939999999999998
1998,343,0.79,-10.099999999999966
1998,344,1.98,-13.799999999999955
1998,345,0.0,-9.019999999999982
1998,346,0.0,-6.289999999999964
1998,347,0.0,-5.359999999999957
1998,348,0.0,-2.599999999999966
1998,349,0.0,-3.0499999999999545
1998,350,0.0,-2.67999999999995
1998,351,0.0,-1.67999999999995
1998,352,0.0,-1.7399999999999523
1998,353,0.0,-12.659999999999968
1998,354,0.0,-9.75
1998,355,5.07,-16.44999999999999
1998,356,0.0,-16.599999999999966
1998,357,0.14,-16.489999999999952
1998,358,0.05,-15.169999999999959
1998,359,0.37,-11.639999999999986
1998,360,0.06,-7.6200000000000045
1998,361,0.3,-8.879999999999995
1998,362,0.02,-7.939999999999998
1998,363,0.04,-5.779999999999973
1998,364,0.0,-3.17999999999995
1998,365,0.0,-3.909999999999968
1999,1,0.0,-3.359999999999957
1999,2,0.63,-10.359999999999957
1999,3,0.19,-13.439999999999998
1999,4,0.15,-12.639999999999986
1999,5,0.0,-7.199999999999989
1999,6,0.02,-6.069999999999993
1999,7,0.0,-4.8799999999999955
1999,8,0.0,-8.639999999999986
1999,9,0.13,-10.699999999999989
1999,10,0.18,-7.949999999999989
1999,11,0.0,-3.909999999999968
1999,12,0.0,-3.6200000000000045
1999,13,0.0,-7.67999999999995
1999,14,0.0,-7.92999999999995
1999,15,0.04,-3.5499999999999545
1999,16,0.1,-6.1299999999999955
1999,17,0.32,-7.789999999999964
1999,18,0.0,-6.939999999999998
1999,19,0.32,-4.310000000000002
1999,20,0.07,-5.319999999999993
1999,21,0.95,-6.699999999999989
1999,22,3.25,-9.349999999999966
1999,23,1.11,-9.259999999999991
1999,24,0.56,-4.0
1999,25,0.0,-2.5600000000000023
1999,26,0.0,-2.8799999999999955
1999,27,0.13,-10.439999999999998
1999,28,0.09,-9.599999999999966
1999,29,0.0,-10.310000000000002
1999,30,0.0,-7.359999999999957
1999,31,0.01,-6.7099999999999795
1999,32,0.0,-6.859999999999957
1999,33,0.0,-10.479999999999961
1999,34,0.0,-6.849999999999966
1999,35,0.0,-4.989999999999952
1999,36,0.0,-3.6200000000000045
1999,37,0.0,-6.399999999999977
1999,38,0.0,-5.2999999999999545
1999,39,0.0,-2.7299999999999613
1999,40,0.0,-3.8700000000000045
1999,41,0.0,-1.8899999999999864
1999,42,4.98,-12.849999999999966
1999,43,0.25,-11.560000000000002
1999,44,0.0,-4.149999999999977
1999,45,0.0,-3.4899999999999523
1999,46,0.18,-5.669999999999959
1999,47,1.83,-10.45999999999998
1999,48,0.84,-8.089999999999975
1999,49,0.0,-9.569999999999993
1999,50,0.0,-7.169999999999959
1999,51,0.0,-10.729999999999961
1999,52,0.0,-9.859999999999957
1999,53,0.08,-7.7099999999999795
1999,54,0.0,-10.20999999999998
1999,55,0.0,-5.319999999999993
1999,56,0.0,-3.9799999999999613
1999,57,0.0,-5.0499999999999545
1999,58,0.0,-7.8799999999999955
1999,59,0.0,-2.7099999999999795
1999,60,0.25,-1.0
1999,61,0.25,-4.25
1999,62,0.0,-5.029999999999973
1999,63,0.0,-1.3199999999999932
1999,64,7.62,-6.2099999999999795
1999,65,0.51,-7.699999999999989
1999,66,0.16,-4.759999999999991
1999,67,0.0,-4.789999999999964
1999,68,0.42,-6.389999999999986
1999,69,0.0,-4.649999999999977
1999,70,0.0,-4.310000000000002
1999,71,5.58,-6.269999999999982
1999,72,0.7,-7.159999999999968
1999,73,0.0,-2.8999999999999773
1999,74,0.0,-0.8599999999999568
1999,75,0.0,-0.2899999999999636
1999,76,0.0,-2.3899999999999864
1999,77,0.12,-4.229999999999961
1999,78,0.0,-1.6299999999999955
1999,79,0.0,0.4300000000000068
1999,80,0.0,2.730000000000018
1999,81,0.0,0.010000000000047748
1999,82,0.3,-2.2099999999999795
1999,83,0.0,0.5800000000000409
1999,84,0.0,0.9000000000000341
1999,85,0.0,2.6000000000000227
1999,86,1.06,1.990000000000009
1999,87,0.0,-2.0600000000000023
1999,88,0.0,-1.849999999999966
1999,89,0.0,2.480000000000018
1999,90,0.0,2.400000000000034
1999,91,0.2,-0.2899999999999636
1999,92,7.59,-5.139999999999986
1999,93,1.39,-8.389999999999986
1999,94,3.31,-8.079999999999984
1999,95,0.29,-5.9599999999999795
1999,96,0.02,-2.5299999999999727
1999,97,0.18,-1.1999999999999886
1999,98,0.0,-0.01999999999998181
1999,99,0.0,-1.5399999999999636
1999,100,0.0,-6.21999999999997
1999,101,0.0,-4.069999999999993
1999,102,0.0,1.8400000000000318
1999,103,0.0,4.100000000000023
1999,104,14.9,-1.0
1999,105,0.76,-8.379999999999995
1999,106,1.27,-10.289999999999964
1999,107,4.28,-7.919999999999959
1999,108,0.06,0.5200000000000387
1999,109,0.0,3.32000000000005
1999,110,0.0,5.300000000000011
1999,111,3.76,4.0400000000000205
1999,112,25.11,-1.42999999999995
1999,113,6.96,-4.519999999999982
1999,114,4.92,-4.0
1999,115,1.14,-0.13999999999998636
1999,116,0.4,-2.0399999999999636
1999,117,0.11,2.2000000000000455
1999,118,4.28,5.640000000000043
1999,119,27.17,3.150000000000034
1999,120,34.11,1.650000000000034
1999,121,11.86,0.5400000000000205
1999,122,2.03,0.30000000000001137
1999,123,0.25,2.1100000000000136
1999,124,0.0,-0.9699999999999704
1999,125,0.0,-4.079999999999984
1999,126,0.0,-3.7799999999999727
1999,127,0.0,1.07000000000005
1999,128,0.0,5.830000000000041
1999,129,0.0,7.650000000000034
1999,130,0.21,2.9700000000000273
1999,131,0.44,-2.109999999999957
1999,132,0.0,-0.4399999999999977
1999,133,0.0,7.060000000000002
1999,134,0.0,7.650000000000034
1999,135,0.0,5.830000000000041
1999,136,0.98,6.110000000000014
1999,137,0.24,1.25
1999,138,0.0,5.8700000000000045
1999,139,0.0,10.110000000000014
1999,140,1.34,9.300000000000011
1999,141,0.31,7.82000000000005
1999,142,0.09,11.75
1999,143,2.86,9.660000000000025
1999,144,3.84,9.740000000000009
1999,145,40.84,5.910000000000025
1999,146,0.58,6.430000000000007
1999,147,3.89,6.53000000000003
1999,148,8.73,7.470000000000027
1999,149,0.39,8.120000000000005
1999,150,0.0,9.5
1999,151,0.0,9.189999999999998
1999,152,0.0,6.970000000000027
1999,153,0.0,9.75
1999,154,0.1,8.700000000000045
1999,155,0.0,10.07000000000005
1999,156,0.0,5.850000000000023
1999,157,0.0,3.5600000000000023
1999,158,0.0,9.910000000000025
1999,159,0.0,12.080000000000041
1999,160,0.01,10.410000000000025
1999,161,6.85,9.760000000000048
1999,162,4.05,9.260000000000048
1999,163,13.45,9.5
1999,164,1.03,7.6299999999999955
1999,165,3.96,8.890000000000043
1999,166,3.97,9.189999999999998
1999,167,3.69,7.910000000000025
1999,168,4.85,9.550000000000011
1999,169,2.36,10.53000000000003
1999,170,0.56,12.490000000000009
1999,171,2.08,13.390000000000043
1999,172,0.83,13.129999999999995
1999,173,0.38,12.629999999999995
1999,174,0.0,13.090000000000032
1999,175,1.75,14.590000000000032
1999,176,2.49,15.020000000000039
1999,177,0.0,15.300000000000011
1999,178,0.0,14.720000000000027
1999,179,0.0,14.160000000000025
1999,180,0.0,13.5
1999,181,0.0,12.850000000000023
1999,182,0.0,13.78000000000003
1999,183,0.0,17.150000000000034
1999,184,0.28,16.560000000000002
1999,185,0.0,15.900000000000034
1999,186,0.0,16.83000000000004
1999,187,5.07,15.680000000000007
1999,188,0.0,15.650000000000034
1999,189,3.48,15.689999999999998
1999,190,1.04,14.04000000000002
1999,191,0.01,12.350000000000023
1999,192,1.5,13.220000000000027
1999,193,0.01,12.910000000000025
1999,194,0.0,14.54000000000002
1999,195,0.81,16.150000000000034
1999,196,1.41,13.650000000000034
1999,197,5.2,12.730000000000018
1999,198,8.47,11.82000000000005
1999,199,1.78,14.600000000000023
1999,200,9.08,12.420000000000016
1999,201,0.21,12.950000000000045
1999,202,1.05,14.240000000000009
1999,203,3.0,14.79000000000002
1999,204,0.73,14.510000000000048
1999,205,0.14,15.400000000000034
1999,206,1.87,14.990000000000009
1999,207,0.05,15.680000000000007
1999,208,0.15,15.390000000000043
1999,209,2.39,16.840000000000032
1999,210,1.42,14.930000000000007
1999,211,6.4,14.54000000000002
1999,212,6.37,12.360000000000014
1999,213,11.53,11.53000000000003
1999,214,1.39,11.07000000000005
1999,215,0.0,11.870000000000005
1999,216,5.6,11.420000000000016
1999,217,17.5,10.550000000000011
1999,218,4.51,12.360000000000014
1999,219,1.21,12.480000000000018
1999,220,4.26,13.700000000000045
1999,221,3.74,14.379999999999995
1999,222,2.04,12.660000000000025
1999,223,0.19,12.28000000000003
1999,224,0.0,11.310000000000002
1999,225,0.0,11.590000000000032
1999,226,0.0,13.160000000000025
1999,227,0.0,13.370000000000005
1999,228,1.99,12.439999999999998
1999,229,0.5,14.180000000000007
1999,230,1.04,13.160000000000025
1999,231,0.92,13.170000000000016
1999,232,0.37,13.330000000000041
1999,233,4.68,12.610000000000014
1999,234,1.96,12.78000000000003
1999,235,0.0,12.020000000000039
1999,236,0.22,14.020000000000039
1999,237,1.18,15.080000000000041
1999,238,1.79,13.840000000000032
1999,239,2.0,14.689999999999998
1999,240,2.1,14.400000000000034
1999,241,0.26,13.710000000000036
1999,242,2.04,14.230000000000018
1999,243,0.4,14.470000000000027
1999,244,1.89,13.29000000000002
1999,245,0.19,12.710000000000036
1999,246,0.09,11.060000000000002
1999,247,0.41,9.07000000000005
1999,248,0.07,8.910000000000025
1999,249,0.0,10.580000000000041
1999,250,0.0,11.660000000000025
1999,251,0.0,10.32000000000005
1999,252,0.0,10.120000000000005
1999,253,0.02,11.410000000000025
1999,254,0.22,9.510000000000048
1999,255,0.06,7.930000000000007
1999,256,0.03,6.2900000000000205
1999,257,0.21,8.390000000000043
1999,258,2.47,7.2900000000000205
1999,259,0.12,7.310000000000002
1999,260,0.7,8.660000000000025
1999,261,0.0,9.04000000000002
1999,262,5.89,8.0
1999,263,3.34,5.6299999999999955
1999,264,0.0,4.730000000000018
1999,265,0.0,7.600000000000023
1999,266,0.0,9.400000000000034
1999,267,0.6,9.620000000000005
1999,268,0.0,9.170000000000016
1999,269,0.07,10.230000000000018
1999,270,1.81,4.090000000000032
1999,271,1.02,-1.6099999999999568
1999,272,0.29,-1.589999999999975
1999,273,0.0,6.3799999999999955
1999,274,0.0,7.510000000000048
1999,275,0.0,4.600000000000023
1999,276,0.0,5.8799999999999955
1999,277,0.0,5.710000000000036
1999,278,0.0,7.360000000000014
1999,279,0.0,9.420000000000016
1999,280,14.78,6.730000000000018
1999,281,2.1,4.0
1999,282,0.0,7.390000000000043
1999,283,0.0,8.939999999999998
1999,284,0.0,9.050000000000011
1999,285,0.0,8.710000000000036
1999,286,0.0,8.410000000000025
1999,287,0.0,8.32000000000005
1999,288,0.0,6.720000000000027
1999,289,4.92,-1.6999999999999886
1999,290,1.61,-8.049999999999955
1999,291,0.74,-4.589999999999975
1999,292,5.24,-4.899999999999977
1999,293,0.02,-0.7899999999999636
1999,294,0.0,2.240000000000009
1999,295,0.0,4.240000000000009
1999,296,0.0,4.560000000000002
1999,297,0.0,5.220000000000027
1999,298,0.0,5.25
1999,299,0.0,5.900000000000034
1999,300,0.74,3.3500000000000227
1999,301,0.0,3.330000000000041
1999,302,0.67,0.8500000000000227
1999,303,0.0,-2.569999999999993
1999,304,0.0,2.5300000000000296
1999,305,0.0,2.8100000000000023
1999,306,0.0,-2.2799999999999727
1999,307,0.0,1.420000000000016
1999,308,0.0,2.410000000000025
1999,309,0.0,4.160000000000025
1999,310,0.0,4.3700000000000045
1999,311,0.0,3.2600000000000477
1999,312,5.47,3.6100000000000136
1999,313,0.0,1.5600000000000023
1999,314,0.0,0.6899999999999977
1999,315,0.0,3.150000000000034
1999,316,0.0,3.5200000000000387
1999,317,0.0,3.5
1999,318,0.0,3.5200000000000387
1999,319,0.0,3.4600000000000364
1999,320,0.0,2.7800000000000296
1999,321,0.0,2.7600000000000477
1999,322,0.0,-0.7999999999999545
1999,323,0.0,-4.569999999999993
1999,324,0.0,-0.12999999999999545
1999,325,0.0,-4.3799999999999955
1999,326,19.42,-6.060000000000002
1999,327,0.0,-11.349999999999966
1999,328,0.0,-10.759999999999991
1999,329,0.06,-9.310000000000002
1999,330,0.74,-2.0499999999999545
1999,331,0.0,-1.2399999999999523
1999,332,0.0,-1.339999999999975
1999,333,0.0,-0.5600000000000023
1999,334,0.0,1.5900000000000318
1999,335,0.0,0.7200000000000273
1999,336,1.18,-2.7899999999999636
1999,337,9.71,-5.9599999999999795
1999,338,5.11,-10.289999999999964
1999,339,0.0,-9.399999999999977
1999,340,0.0,-5.96999999999997
1999,341,4.79,-7.029999999999973
1999,342,1.56,-9.009999999999991
1999,343,0.89,-11.370000000000005
1999,344,0.0,-6.579999999999984
1999,345,0.0,-8.639999999999986
1999,346,0.0,-10.569999999999993
1999,347,0.41,-6.689999999999998
1999,348,0.0,-11.609999999999957
1999,349,0.0,-13.639999999999986
1999,350,0.55,-7.449999999999989
1999,351,0.67,-6.279999999999973
1999,352,0.74,-7.810000000000002
1999,353,0.0,-10.349999999999966
1999,354,0.0,-11.819999999999993
1999,355,0.42,-12.71999999999997
1999,356,3.03,-13.419999999999959
1999,357,0.04,-9.810000000000002
1999,358,0.0,-5.889999999999986
1999,359,0.04,-4.979999999999961
1999,360,0.0,-5.539999999999964
1999,361,0.0,-5.439999999999998
1999,362,0.0,-2.8799999999999955
1999,363,0.0,-2.169999999999959
1999,364,0.0,-5.589999999999975
1999,365,0.0,-6.189999999999998
2000,1,0.0,-6.029999999999973
2000,2,4.02,-9.45999999999998
2000,3,3.3,-13.409999999999968
2000,4,0.27,-14.159999999999968
2000,5,0.12,-8.92999999999995
2000,6,0.12,-14.899999999999977
2000,7,0.0,-10.489999999999952
2000,8,0.0,-9.289999999999964
2000,9,0.2,-11.829999999999984
2000,10,0.0,-10.339999999999975
2000,11,0.0,-6.099999999999966
2000,12,0.0,-4.239999999999952
2000,13,0.0,-7.8700000000000045
2000,14,0.0,-4.339999999999975
2000,15,0.0,-2.9499999999999886
2000,16,3.34,-2.4599999999999795
2000,17,0.0,-2.4799999999999613
2000,18,0.0,-2.8700000000000045
2000,19,0.0,-1.7099999999999795
2000,20,0.0,-3.5399999999999636
2000,21,0.0,-2.6499999999999773
2000,22,0.0,-4.67999999999995
2000,23,0.2,-7.939999999999998
2000,24,0.0,-5.42999999999995
2000,25,0.0,-3.069999999999993
2000,26,2.39,-1.829999999999984
2000,27,4.1,-5.449999999999989
2000,28,1.74,-11.019999999999982
2000,29,0.13,-13.560000000000002
2000,30,0.0,-12.409999999999968
2000,31,0.0,-10.739999999999952
2000,32,0.0,-8.839999999999975
2000,33,0.3,-2.909999999999968
2000,34,0.04,0.27000000000003865
2000,35,0.0,-6.21999999999997
2000,36,0.0,-2.3899999999999864
2000,37,0.0,-2.319999999999993
2000,38,0.0,-2.9599999999999795
2000,39,0.0,-0.6499999999999773
2000,40,0.0,0.75
2000,41,0.31,-1.9899999999999523
2000,42,0.18,-2.4899999999999523
2000,43,0.0,-3.2199999999999704
2000,44,0.0,-4.839999999999975
2000,45,0.0,-2.9499999999999886
2000,46,0.0,-0.8799999999999955
2000,47,0.0,-1.919999999999959
2000,48,8.0,-1.2699999999999818
2000,49,3.41,-6.560000000000002
2000,50,0.32,-5.729999999999961
2000,51,0.0,-1.8899999999999864
2000,52,0.0,1.1100000000000136
2000,53,3.65,0.82000000000005
2000,54,0.28,-1.4899999999999523
2000,55,0.0,-0.5299999999999727
2000,56,0.0,-5.319999999999993
2000,57,0.0,-7.329999999999984
2000,58,0.0,-2.4599999999999795
2000,59,0.0,1.240000000000009
2000,60,1.75,-2.42999999999995
2000,61,0.58,-1.1999999999999886
2000,62,1.62,-1.589999999999975
2000,63,0.44,-2.519999999999982
2000,64,0.0,1.6400000000000432
2000,65,0.0,3.240000000000009
2000,66,1.45,-0.07999999999998408
2000,67,0.19,1.7000000000000455
2000,68,0.78,-1.6999999999999886
2000,69,0.0,-2.4799999999999613
2000,70,0.0,-5.96999999999997
2000,71,0.41,-5.25
2000,72,2.09,-3.8100000000000023
2000,73,0.0,-3.4799999999999613
2000,74,0.0,-1.2799999999999727
2000,75,14.2,-0.5699999999999932
2000,76,22.81,-6.259999999999991
2000,77,2.53,-2.7999999999999545
2000,78,1.49,-5.329999999999984
2000,79,0.0,-3.7099999999999795
2000,80,1.78,-1.0600000000000023
2000,81,8.97,-6.409999999999968
2000,82,2.16,-1.8599999999999568
2000,83,0.92,-0.3499999999999659
2000,84,0.0,0.7700000000000387
2000,85,0.0,1.7800000000000296
2000,86,0.0,2.6000000000000227
2000,87,0.0,2.900000000000034
2000,88,0.0,3.9500000000000455
2000,89,4.9,1.3500000000000227
2000,90,6.42,-0.37999999999999545
2000,91,7.06,-5.689999999999998
2000,92,1.73,-7.1200000000000045
2000,93,6.97,-4.25
2000,94,0.78,-6.169999999999959
2000,95,0.03,1.8900000000000432
2000,96,0.0,5.670000000000016
2000,97,0.0,5.82000000000005
2000,98,0.0,2.9399999999999977
2000,99,0.0,1.4300000000000068
2000,100,0.0,5.830000000000041
2000,101,0.0,4.6200000000000045
2000,102,6.39,0.9900000000000091
2000,103,0.0,3.340000000000032
2000,104,0.0,2.8600000000000136
2000,105,0.53,2.7700000000000387
2000,106,7.44,-0.20999999999997954
2000,107,4.21,-2.359999999999957
2000,108,0.0,1.580000000000041
2000,109,0.0,3.5600000000000023
2000,110,0.04,-3.0499999999999545
2000,111,0.0,-1.17999999999995
2000,112,0.0,2.2800000000000296
2000,113,11.05,4.810000000000002
2000,114,6.1,2.580000000000041
2000,115,0.95,2.1100000000000136
2000,116,0.0,-1.17999999999995
2000,117,0.0,2.990000000000009
2000,118,0.0,4.560000000000002
2000,119,0.04,5.240000000000009
2000,120,0.0,6.360000000000014
2000,121,12.43,0.910000000000025
2000,122,0.2,-1.839999999999975
2000,123,0.0,3.3799999999999955
2000,124,0.0,8.850000000000023
2000,125,0.0,10.510000000000048
2000,126,0.0,11.840000000000032
2000,127,0.0,10.910000000000025
2000,128,0.0,9.689999999999998
2000,129,22.26,5.900000000000034
2000,130,3.24,2.4600000000000364
2000,131,0.0,7.800000000000011
2000,132,0.0,8.970000000000027
2000,133,0.0,-0.12000000000000455
2000,134,0.0,-1.1599999999999682
2000,135,0.0,4.760000000000048
2000,136,0.0,8.180000000000007
2000,137,0.0,11.420000000000016
2000,138,2.83,6.9500000000000455
2000,139,4.53,0.22000000000002728
2000,140,1.45,3.1200000000000045
2000,141,0.12,6.170000000000016
2000,142,0.0,6.580000000000041
2000,143,0.0,9.640000000000043
2000,144,0.0,12.010000000000048
2000,145,0.24,12.770000000000039
2000,146,0.47,10.680000000000007
2000,147,1.01,9.110000000000014
2000,148,0.02,7.5400000000000205
2000,149,0.07,11.710000000000036
2000,150,0.09,14.810000000000002
2000,151,0.0,15.75
2000,152,0.0,14.330000000000041
2000,153,0.0,11.660000000000025
2000,154,0.29,10.82000000000005
2000,155,0.0,12.830000000000041
2000,156,0.06,10.950000000000045
2000,157,0.0,10.800000000000011
2000,158,1.26,13.090000000000032
2000,159,0.0,14.390000000000043
2000,160,0.24,15.260000000000048
2000,161,0.03,13.230000000000018
2000,162,0.28,10.410000000000025
2000,163,0.87,11.650000000000034
2000,164,0.0,12.950000000000045
2000,165,0.0,12.170000000000016
2000,166,0.0,8.240000000000009
2000,167,0.0,12.470000000000027
2000,168,0.0,9.400000000000034
2000,169,6.52,5.8700000000000045
2000,170,0.66,9.129999999999995
2000,171,2.27,11.950000000000045
2000,172,0.98,10.150000000000034
2000,173,0.39,10.75
2000,174,0.0,13.57000000000005
2000,175,0.0,15.110000000000014
2000,176,0.27,13.990000000000009
2000,177,1.47,13.590000000000032
2000,178,23.96,10.5
2000,179,6.85,9.840000000000032
2000,180,3.34,11.140000000000043
2000,181,1.04,12.189999999999998
2000,182,1.36,13.700000000000045
2000,183,0.8,14.580000000000041
2000,184,0.82,15.129999999999995
2000,185,0.58,15.07000000000005
2000,186,0.0,14.200000000000045
2000,187,0.0,14.580000000000041
2000,188,0.0,15.960000000000036
2000,189,0.0,17.24000000000001
2000,190,1.1,16.25
2000,191,1.26,15.54000000000002
2000,192,0.99,14.930000000000007
2000,193,1.92,15.79000000000002
2000,194,28.29,15.800000000000011
2000,195,1.17,15.660000000000025
2000,196,3.66,16.100000000000023
2000,197,1.76,17.03000000000003
2000,198,2.33,15.080000000000041
2000,199,41.37,13.710000000000036
2000,200,2.52,14.060000000000002
2000,201,0.98,16.03000000000003
2000,202,0.0,15.110000000000014
2000,203,0.0,14.330000000000041
2000,204,0.0,14.75
2000,205,0.0,15.240000000000009
2000,206,0.19,16.510000000000048
2000,207,0.16,15.870000000000005
2000,208,0.49,16.0
2000,209,5.17,16.27000000000004
2000,210,0.09,16.33000000000004
2000,211,4.16,14.760000000000048
2000,212,0.0,14.230000000000018
2000,213,0.0,13.800000000000011
2000,214,0.0,15.300000000000011
2000,215,0.19,16.79000000000002
2000,216,0.04,17.07000000000005
2000,217,3.37,16.760000000000048
2000,218,1.26,15.879999999999995
2000,219,1.23,14.79000000000002
2000,220,0.0,15.379999999999995
2000,221,0.0,16.460000000000036
2000,222,0.0,17.07000000000005
2000,223,0.02,15.620000000000005
2000,224,1.22,16.02000000000004
2000,225,0.51,16.210000000000036
2000,226,0.75,15.230000000000018
2000,227,2.71,15.770000000000039
2000,228,4.35,17.129999999999995
2000,229,3.33,15.810000000000002
2000,230,6.93,11.970000000000027
2000,231,6.68,12.330000000000041
2000,232,0.0,13.150000000000034
2000,233,1.31,13.620000000000005
2000,234,5.24,14.110000000000014
2000,235,2.62,13.990000000000009
2000,236,3.36,13.010000000000048
2000,237,4.47,14.300000000000011
2000,238,1.75,14.900000000000034
2000,239,4.7,13.720000000000027
2000,240,0.07,13.25
2000,241,3.18,14.520000000000039
2000,242,14.56,14.210000000000036
2000,243,4.95,13.830000000000041
2000,244,1.37,12.189999999999998
2000,245,8.31,11.670000000000016
2000,246,0.0,11.75
2000,247,0.04,11.370000000000005
2000,248,0.61,13.140000000000043
2000,249,0.05,15.670000000000016
2000,250,1.76,14.5
2000,251,0.15,12.53000000000003
2000,252,0.05,12.629999999999995
2000,253,0.0,10.930000000000007
2000,254,0.0,11.439999999999998
2000,255,0.0,11.560000000000002
2000,256,0.0,11.350000000000023
2000,257,0.0,12.670000000000016
2000,258,0.0,14.100000000000023
2000,259,0.0,13.840000000000032
2000,260,0.0,14.760000000000048
2000,261,0.0,15.060000000000002
2000,262,0.1,13.180000000000007
2000,263,0.0,10.689999999999998
2000,264,4.81,7.1299999999999955
2000,265,0.21,7.810000000000002
2000,266,4.83,8.860000000000014
2000,267,12.26,4.180000000000007
2000,268,1.59,-2.75
2000,269,0.86,0.160000000000025
2000,270,0.0,5.960000000000036
2000,271,0.0,6.760000000000048
2000,272,0.0,8.360000000000014
2000,273,0.38,9.860000000000014
2000,274,0.09,9.340000000000032
2000,275,0.0,9.640000000000043
2000,276,0.0,10.310000000000002
2000,277,0.0,9.840000000000032
2000,278,0.0,8.120000000000005
2000,279,0.0,6.410000000000025
2000,280,0.08,3.0
2000,281,0.06,-2.1299999999999955
2000,282,0.09,-1.7299999999999613
2000,283,0.0,2.980000000000018
2000,284,0.0,5.580000000000041
2000,285,0.0,5.990000000000009
2000,286,0.0,6.590000000000032
2000,287,0.0,2.1200000000000045
2000,288,0.0,-0.07999999999998408
2000,289,0.0,1.1400000000000432
2000,290,0.0,2.4399999999999977
2000,291,0.0,3.5400000000000205
2000,292,0.0,5.430000000000007
2000,293,0.0,6.110000000000014
2000,294,0.0,4.920000000000016
2000,295,0.0,4.480000000000018
2000,296,1.7,3.640000000000043
2000,297,3.08,2.180000000000007
2000,298,1.53,3.8799999999999955
2000,299,0.05,1.0400000000000205
2000,300,0.0,0.6400000000000432
2000,301,0.0,1.7600000000000477
2000,302,0.69,3.6100000000000136
2000,303,2.34,2.57000000000005
2000,304,0.0,2.150000000000034
2000,305,0.97,0.5200000000000387
2000,306,0.0,-3.3999999999999773
2000,307,0.74,-5.6200000000000045
2000,308,0.27,-4.859999999999957
2000,309,0.0,-2.099999999999966
2000,310,2.94,-2.6399999999999864
2000,311,0.44,-9.739999999999952
2000,312,0.13,-12.310000000000002
2000,313,0.03,-7.659999999999968
2000,314,0.0,-5.8799999999999955
2000,315,5.52,-5.729999999999961
2000,316,3.24,-7.0
2000,317,0.16,-13.009999999999991
2000,318,0.16,-16.189999999999998
2000,319,0.0,-11.629999999999995
2000,320,0.08,-8.759999999999991
2000,321,0.0,-15.089999999999975
2000,322,2.92,-14.810000000000002
2000,323,0.0,-13.729999999999961
2000,324,0.0,-9.95999999999998
2000,325,0.0,-9.21999999999997
2000,326,0.0,-6.449999999999989
2000,327,0.0,-4.069999999999993
2000,328,0.0,-5.729999999999961
2000,329,0.12,-7.409999999999968
2000,330,0.0,-9.339999999999975
2000,331,0.0,-7.3799999999999955
2000,332,0.0,-5.919999999999959
2000,333,0.0,-6.229999999999961
2000,334,0.0,-6.5499999999999545
2000,335,0.0,-3.9499999999999886
2000,336,0.0,-8.889999999999986
2000,337,0.0,-6.449999999999989
2000,338,0.0,-4.1299999999999955
2000,339,0.0,-5.269999999999982
2000,340,0.0,-4.5499999999999545
2000,341,3.31,-6.069999999999993
2000,342,0.0,-0.9799999999999613
2000,343,0.0,-4.649999999999977
2000,344,0.0,-4.109999999999957
2000,345,0.0,-5.769999999999982
2000,346,7.33,-9.819999999999993
2000,347,0.0,-11.579999999999984
2000,348,0.03,-8.859999999999957
2000,349,0.01,-9.839999999999975
2000,350,0.0,-9.46999999999997
2000,351,2.46,-12.019999999999982
2000,352,0.71,-6.829999999999984
2000,353,0.19,-13.659999999999968
2000,354,0.0,-10.039999999999964
2000,355,0.0,-8.879999999999995
2000,356,0.0,-13.70999999999998
2000,357,0.0,-7.4599999999999795
2000,358,0.0,-8.95999999999998
2000,359,0.3,-8.5
2000,360,4.28,-8.029999999999973
2000,361,0.1,-11.419999999999959
2000,362,0.0,-7.409999999999968
2000,363,0.0,-5.229999999999961
2000,364,0.0,-10.279999999999973
2000,365,0.0,-8.909999999999968
2000,366,0.0,-8.560000000000002
2001,1,0.0,-9.019999999999982
2001,2,0.0,-10.620000000000005
2001,3,0.0,-6.6299999999999955
2001,4,0.0,-3.1299999999999955
2001,5,0.0,-2.359999999999957
2001,6,0.12,-2.2899999999999636
2001,7,0.12,-9.25
2001,8,0.0,-8.75
2001,9,0.0,-6.17999999999995
2001,10,0.0,-4.92999999999995
2001,11,0.0,-7.46999999999997
2001,12,0.18,-5.279999999999973
2001,13,0.0,-6.67999999999995
2001,14,4.59,-12.120000000000005
2001,15,3.99,-13.92999999999995
2001,16,0.0,-12.639999999999986
2001,17,4.04,-16.060000000000002
2001,18,0.0,-13.879999999999995
2001,19,0.0,-13.019999999999982
2001,20,0.0,-9.579999999999984
2001,21,0.0,-11.149999999999977
2001,22,0.0,-6.009999999999991
2001,23,0.0,-7.269999999999982
2001,24,0.0,-8.279999999999973
2001,25,0.05,-8.139999999999986
2001,26,0.05,-9.989999999999952
2001,27,3.28,-9.449999999999989
2001,28,3.03,-9.419999999999959
2001,29,0.01,-10.589999999999975
2001,30,0.13,-11.139999999999986
2001,31,0.0,-12.819999999999993
2001,32,0.0,-14.239999999999952
2001,33,0.0,-8.199999999999989
2001,34,0.0,-5.289999999999964
2001,35,0.0,-7.169999999999959
2001,36,0.0,-3.919999999999959
2001,37,0.0,-5.919999999999959
2001,38,0.13,-4.1200000000000045
2001,39,0.26,-7.0499999999999545
2001,40,14.08,-15.739999999999952
2001,41,0.0,-9.489999999999952
2001,42,0.0,-7.949999999999989
2001,43,0.0,-9.46999999999997
2001,44,6.41,-7.029999999999973
2001,45,9.16,-6.899999999999977
2001,46,0.06,-9.45999999999998
2001,47,0.04,-8.759999999999991
2001,48,0.04,-6.289999999999964
2001,49,0.0,-4.669999999999959
2001,50,0.0,-4.789999999999964
2001,51,0.0,-5.239999999999952
2001,52,0.0,-5.25
2001,53,0.0,-5.919999999999959
2001,54,0.51,-3.419999999999959
2001,55,0.0,-6.9599999999999795
2001,56,0.0,-10.339999999999975
2001,57,2.82,-7.439999999999998
2001,58,0.62,-7.3700000000000045
2001,59,4.88,-8.560000000000002
2001,60,1.59,-6.6200000000000045
2001,61,0.77,-6.599999999999966
2001,62,1.06,-7.1200000000000045
2001,63,0.69,-6.5
2001,64,0.0,-4.259999999999991
2001,65,0.0,-1.92999999999995
2001,66,6.89,-2.1899999999999977
2001,67,1.31,-2.2899999999999636
2001,68,0.1,-3.7999999999999545
2001,69,9.7,-2.829999999999984
2001,70,14.18,-6.569999999999993
2001,71,0.05,-7.979999999999961
2001,72,0.01,-6.479999999999961
2001,73,0.87,-6.21999999999997
2001,74,0.0,-10.620000000000005
2001,75,0.0,-10.299999999999955
2001,76,2.81,-7.359999999999957
2001,77,1.35,-8.149999999999977
2001,78,0.26,-6.489999999999952
2001,79,0.0,-1.8100000000000023
2001,80,0.0,-0.21999999999997044
2001,81,0.3,-1.329999999999984
2001,82,1.8,-1.099999999999966
2001,83,13.13,-1.849999999999966
2001,84,0.0,-1.6499999999999773
2001,85,0.91,-2.5499999999999545
2001,86,1.81,-1.8199999999999932
2001,87,0.0,-3.1999999999999886
2001,88,0.0,-3.109999999999957
2001,89,4.81,-3.9599999999999795
2001,90,0.0,-4.229999999999961
2001,91,0.06,-0.5699999999999932
2001,92,0.0,1.75
2001,93,0.0,2.8600000000000136
2001,94,0.0,4.770000000000039
2001,95,0.0,4.720000000000027
2001,96,0.41,3.150000000000034
2001,97,0.44,-1.7799999999999727
2001,98,0.0,-0.3499999999999659
2001,99,0.0,-2.159999999999968
2001,100,13.66,-0.6099999999999568
2001,101,4.52,-4.479999999999961
2001,102,0.78,-4.6299999999999955
2001,103,0.01,-3.4699999999999704
2001,104,0.0,-1.5
2001,105,0.0,-0.8199999999999932
2001,106,0.0,0.9399999999999977
2001,107,0.0,1.4500000000000455
2001,108,0.0,5.360000000000014
2001,109,0.0,6.060000000000002
2001,110,0.44,3.57000000000005
2001,111,0.0,0.26000000000004775
2001,112,20.34,-0.2799999999999727
2001,113,4.07,-3.769999999999982
2001,114,0.0,-2.089999999999975
2001,115,0.0,1.5600000000000023
2001,116,0.0,3.2000000000000455
2001,117,0.0,4.560000000000002
2001,118,0.0,5.240000000000009
2001,119,0.05,4.360000000000014
2001,120,0.0,3.2800000000000296
2001,121,0.0,5.410000000000025
2001,122,0.2,2.3700000000000045
2001,123,20.05,-4.25
2001,124,20.69,-3.9699999999999704
2001,125,9.4,-2.0299999999999727
2001,126,5.93,0.7700000000000387
2001,127,0.0,0.8900000000000432
2001,128,0.0,3.730000000000018
2001,129,0.0,6.6200000000000045
2001,130,0.0,7.580000000000041
2001,131,0.12,7.010000000000048
2001,132,0.04,8.240000000000009
2001,133,0.33,9.840000000000032
2001,134,0.19,9.78000000000003
2001,135,0.0,8.850000000000023
2001,136,0.0,10.04000000000002
2001,137,4.37,8.990000000000009
2001,138,8.57,7.090000000000032
2001,139,7.34,7.980000000000018
2001,140,0.3,6.82000000000005
2001,141,12.1,0.08000000000004093
2001,142,0.0,2.9700000000000273
2001,143,0.0,7.050000000000011
2001,144,0.0,7.680000000000007
2001,145,0.13,8.450000000000045
2001,146,0.23,10.379999999999995
2001,147,0.13,10.900000000000034
2001,148,0.02,10.650000000000034
2001,149,7.17,10.220000000000027
2001,150,1.07,8.720000000000027
2001,151,0.38,8.53000000000003
2001,152,0.0,10.230000000000018
2001,153,0.0,12.330000000000041
2001,154,0.0,11.740000000000009
2001,155,0.0,9.340000000000032
2001,156,0.0,7.57000000000005
2001,157,0.0,10.390000000000043
2001,158,7.25,13.25
2001,159,1.96,13.810000000000002
2001,160,6.91,14.360000000000014
2001,161,0.15,14.610000000000014
2001,162,0.0,14.75
2001,163,0.0,13.620000000000005
2001,164,9.61,9.210000000000036
2001,165,6.16,2.390000000000043
2001,166,0.0,5.650000000000034
2001,167,0.0,11.07000000000005
2001,168,0.0,13.830000000000041
2001,169,0.0,14.060000000000002
2001,170,1.93,12.970000000000027
2001,171,0.89,12.460000000000036
2001,172,0.0,11.490000000000009
2001,173,0.76,13.480000000000018
2001,174,3.05,14.82000000000005
2001,175,0.71,16.0
2001,176,1.24,15.300000000000011
2001,177,6.07,15.370000000000005
2001,178,1.8,13.510000000000048
2001,179,0.35,14.670000000000016
2001,180,0.41,16.560000000000002
2001,181,0.07,16.960000000000036
2001,182,0.19,17.610000000000014
2001,183,0.07,17.560000000000002
2001,184,0.04,16.710000000000036
2001,185,0.84,16.879999999999995
2001,186,0.07,17.439999999999998
2001,187,1.35,18.32000000000005
2001,188,2.12,17.79000000000002
2001,189,7.87,17.99000000000001
2001,190,6.72,17.670000000000016
2001,191,3.51,16.170000000000016
2001,192,0.73,15.340000000000032
2001,193,6.99,15.120000000000005
2001,194,9.71,14.79000000000002
2001,195,5.84,14.310000000000002
2001,196,1.17,13.0
2001,197,0.0,13.860000000000014
2001,198,0.0,14.360000000000014
2001,199,0.0,14.520000000000039
2001,200,0.18,15.360000000000014
2001,201,0.92,15.379999999999995
2001,202,0.53,16.910000000000025
2001,203,0.48,16.010000000000048
2001,204,1.93,16.910000000000025
2001,205,4.1,15.170000000000016
2001,206,2.85,14.850000000000023
2001,207,2.56,14.53000000000003
2001,208,0.73,12.78000000000003
2001,209,0.44,14.310000000000002
2001,210,0.22,15.879999999999995
2001,211,0.23,17.04000000000002
2001,212,0.96,16.03000000000003
2001,213,2.51,14.930000000000007
2001,214,11.24,15.180000000000007
2001,215,0.0,15.32000000000005
2001,216,3.86,15.550000000000011
2001,217,3.5,16.05000000000001
2001,218,0.27,16.310000000000002
2001,219,8.84,15.350000000000023
2001,220,3.61,14.700000000000045
2001,221,5.75,11.640000000000043
2001,222,1.22,10.879999999999995
2001,223,9.76,12.710000000000036
2001,224,0.95,13.800000000000011
2001,225,1.41,14.200000000000045
2001,226,6.74,12.110000000000014
2001,227,8.54,10.760000000000048
2001,228,6.2,10.840000000000032
2001,229,3.62,12.160000000000025
2001,230,0.0,12.860000000000014
2001,231,0.05,15.310000000000002
2001,232,0.11,15.03000000000003
2001,233,0.8,12.490000000000009
2001,234,5.8,13.010000000000048
2001,235,0.13,11.520000000000039
2001,236,0.05,12.920000000000016
2001,237,1.03,13.960000000000036
2001,238,0.06,13.189999999999998
2001,239,0.0,14.760000000000048
2001,240,0.2,14.660000000000025
2001,241,0.0,13.870000000000005
2001,242,2.85,12.710000000000036
2001,243,1.55,11.640000000000043
2001,244,0.52,11.680000000000007
2001,245,0.9,12.520000000000039
2001,246,0.0,13.640000000000043
2001,247,0.0,14.060000000000002
2001,248,0.76,12.990000000000009
2001,249,0.66,12.960000000000036
2001,250,1.55,6.439999999999998
2001,251,10.31,2.1000000000000227
2001,252,0.4,3.0400000000000205
2001,253,0.0,9.460000000000036
2001,254,0.0,11.78000000000003
2001,255,0.0,12.850000000000023
2001,256,0.11,13.470000000000027
2001,257,6.0,12.590000000000032
2001,258,0.67,10.660000000000025
2001,259,0.84,10.29000000000002
2001,260,1.62,9.53000000000003
2001,261,0.02,7.430000000000007
2001,262,0.0,8.520000000000039
2001,263,0.0,10.480000000000018
2001,264,0.0,11.080000000000041
2001,265,0.0,11.740000000000009
2001,266,0.0,9.53000000000003
2001,267,0.0,10.740000000000009
2001,268,0.0,12.260000000000048
2001,269,0.0,12.090000000000032
2001,270,0.0,12.689999999999998
2001,271,0.09,12.970000000000027
2001,272,0.18,12.010000000000048
2001,273,0.92,10.670000000000016
2001,274,0.08,9.980000000000018
2001,275,0.0,10.210000000000036
2001,276,0.0,9.560000000000002
2001,277,0.0,8.760000000000048
2001,278,0.14,3.410000000000025
2001,279,0.0,4.900000000000034
2001,280,0.0,7.410000000000025
2001,281,0.0,7.090000000000032
2001,282,0.0,6.220000000000027
2001,283,0.0,-0.25
2001,284,0.31,0.9500000000000455
2001,285,0.0,0.18999999999999773
2001,286,0.0,-1.339999999999975
2001,287,0.0,1.2300000000000182
2001,288,0.15,1.580000000000041
2001,289,0.0,3.430000000000007
2001,290,0.0,6.510000000000048
2001,291,0.0,5.990000000000009
2001,292,0.0,3.9399999999999977
2001,293,0.0,5.810000000000002
2001,294,0.0,5.550000000000011
2001,295,0.31,5.350000000000023
2001,296,0.09,3.080000000000041
2001,297,0.05,-0.6899999999999977
2001,298,0.1,-2.0299999999999727
2001,299,0.0,0.7900000000000205
2001,300,0.0,4.010000000000048
2001,301,0.0,6.360000000000014
2001,302,0.0,6.720000000000027
2001,303,0.0,7.010000000000048
2001,304,0.0,6.300000000000011
2001,305,0.0,1.2100000000000364
2001,306,0.0,1.4500000000000455
2001,307,0.0,3.1299999999999955
2001,308,0.0,3.2900000000000205
2001,309,0.0,4.310000000000002
2001,310,0.0,5.090000000000032
2001,311,0.0,4.670000000000016
2001,312,11.93,-0.5799999999999841
2001,313,0.0,-1.259999999999991
2001,314,0.0,0.8300000000000409
2001,315,0.0,0.05000000000001137
2001,316,0.0,-0.2599999999999909
2001,317,0.0,0.7300000000000182
2001,318,0.0,1.740000000000009
2001,319,0.0,0.26000000000004775
2001,320,0.0,0.6899999999999977
2001,321,0.0,0.18000000000000682
2001,322,3.33,-0.9499999999999886
2001,323,0.0,-3.769999999999982
2001,324,0.0,-0.44999999999998863
2001,325,0.0,-0.7699999999999818
2001,326,0.0,-0.839999999999975
2001,327,2.01,-2.659999999999968
2001,328,0.0,-6.829999999999984
2001,329,0.0,-4.439999999999998
2001,330,5.68,-8.789999999999964
2001,331,1.03,-11.979999999999961
2001,332,0.0,-14.129999999999995
2001,333,0.0,-8.659999999999968
2001,334,0.0,-8.479999999999961
2001,335,0.0,-9.439999999999998
2001,336,0.0,-4.349999999999966
2001,337,0.0,-0.9699999999999704
2001,338,0.0,-3.5600000000000023
2001,339,0.0,-6.519999999999982
2001,340,0.0,-8.269999999999982
2001,341,0.39,-7.479999999999961
2001,342,0.0,-11.310000000000002
2001,343,0.0,-5.919999999999959
2001,344,0.0,-5.609999999999957
2001,345,0.0,-9.149999999999977
2001,346,3.45,-10.409999999999968
2001,347,0.0,-12.310000000000002
2001,348,0.0,-8.339999999999975
2001,349,3.41,-7.439999999999998
2001,350,0.05,-10.859999999999957
2001,351,0.0,-6.439999999999998
2001,352,0.0,-6.199999999999989
2001,353,0.0,-9.279999999999973
2001,354,0.0,-5.859999999999957
2001,355,0.82,-4.71999999999997
2001,356,1.91,-10.489999999999952
2001,357,0.0,-11.96999999999997
2001,358,0.0,-11.529999999999973
2001,359,0.0,-11.310000000000002
2001,360,0.0,-9.079999999999984
2001,361,0.0,-8.329999999999984
2001,362,0.0,-8.319999999999993
2001,363,0.41,-9.019999999999982
2001,364,0.0,-10.199999999999989
2001,365,0.53,-11.349999999999966
2002,1,0.93,-10.810000000000002
2002,2,0.85,-14.569999999999993
2002,3,0.0,-8.299999999999955
2002,4,0.0,-6.329999999999984
2002,5,1.63,-11.509999999999991
2002,6,0.0,-9.549999999999955
2002,7,0.0,-4.979999999999961
2002,8,0.0,-0.8700000000000045
2002,9,4.1,-0.8700000000000045
2002,10,0.68,-5.189999999999998
2002,11,0.11,-7.529999999999973
2002,12,0.01,-7.1200000000000045
2002,13,0.08,-7.149999999999977
2002,14,0.0,-12.879999999999995
2002,15,0.0,-9.099999999999966
2002,16,0.0,-9.919999999999959
2002,17,0.02,-10.539999999999964
2002,18,0.0,-13.46999999999997
2002,19,0.0,-14.46999999999997
2002,20,0.0,-12.75
2002,21,0.0,-10.849999999999966
2002,22,1.58,-6.939999999999998
2002,23,4.24,-11.489999999999952
2002,24,0.26,-15.0
2002,25,0.01,-6.8700000000000045
2002,26,0.0,-3.659999999999968
2002,27,0.0,-4.25
2002,28,0.0,-6.149999999999977
2002,29,0.0,-7.75
2002,30,1.68,-11.049999999999955
2002,31,2.46,-16.739999999999952
2002,32,0.03,-14.359999999999957
2002,33,0.0,-9.569999999999993
2002,34,0.0,-10.620000000000005
2002,35,0.83,-9.849999999999966
2002,36,0.22,-12.579999999999984
2002,37,0.0,-9.979999999999961
2002,38,0.0,-7.659999999999968
2002,39,0.0,-6.729999999999961
2002,40,1.34,-12.349999999999966
2002,41,0.04,-13.439999999999998
2002,42,0.0,-3.8700000000000045
2002,43,0.0,-7.21999999999997
2002,44,0.0,-12.269999999999982
2002,45,0.34,-7.149999999999977
2002,46,8.18,-9.96999999999997
2002,47,0.2,-6.819999999999993
2002,48,0.0,-5.269999999999982
2002,49,0.0,-4.949999999999989
2002,50,0.72,-7.0
2002,51,0.31,-8.239999999999952
2002,52,0.24,-8.379999999999995
2002,53,0.0,-6.0
2002,54,0.0,-1.4899999999999523
2002,55,0.8,-3.6899999999999977
2002,56,0.72,-10.799999999999955
2002,57,0.3,-17.97999999999999
2002,58,0.0,-12.17999999999995
2002,59,3.28,-10.849999999999966
2002,60,3.84,-13.549999999999955
2002,61,0.0,-21.45999999999998
2002,62,0.77,-19.909999999999968
2002,63,0.1,-11.409999999999968
2002,64,0.0,-6.92999999999995
2002,65,0.0,-5.769999999999982
2002,66,0.0,-3.7799999999999727
2002,67,0.28,-5.0499999999999545
2002,68,0.01,-12.129999999999995
2002,69,0.01,-5.139999999999986
2002,70,0.0,-4.229999999999961
2002,71,0.0,-2.069999999999993
2002,72,2.16,-0.14999999999997726
2002,73,4.28,-3.7399999999999523
2002,74,4.36,-10.379999999999995
2002,75,0.31,-9.819999999999993
2002,76,0.0,-11.079999999999984
2002,77,2.11,-8.529999999999973
2002,78,0.65,-8.120000000000005
2002,79,0.0,-5.319999999999993
2002,80,0.0,-2.3899999999999864
2002,81,0.0,-0.3100000000000023
2002,82,0.0,0.9000000000000341
2002,83,10.58,-2.079999999999984
2002,84,1.69,-6.0499999999999545
2002,85,0.09,-5.6200000000000045
2002,86,0.0,-3.1200000000000045
2002,87,0.0,-1.4599999999999795
2002,88,0.0,-1.7199999999999704
2002,89,0.0,-1.8700000000000045
2002,90,0.0,-1.8999999999999773
2002,91,0.0,0.7200000000000273
2002,92,0.0,-1.349999999999966
2002,93,0.0,-6.449999999999989
2002,94,0.0,-0.37000000000000455
2002,95,0.0,1.0400000000000205
2002,96,0.0,3.3799999999999955
2002,97,0.0,2.980000000000018
2002,98,0.82,0.7300000000000182
2002,99,0.37,1.3100000000000023
2002,100,0.0,3.57000000000005
2002,101,0.23,2.400000000000034
2002,102,0.11,2.0300000000000296
2002,103,1.1,3.5
2002,104,0.0,4.860000000000014
2002,105,0.0,6.53000000000003
2002,106,0.31,2.920000000000016
2002,107,0.0,0.5200000000000387
2002,108,0.0,2.910000000000025
2002,109,0.0,-0.7699999999999818
2002,110,0.0,-0.6999999999999886
2002,111,0.0,-3.9599999999999795
2002,112,0.0,-1.5199999999999818
2002,113,0.0,2.2800000000000296
2002,114,0.0,3.7000000000000455
2002,115,0.0,3.400000000000034
2002,116,0.42,3.990000000000009
2002,117,0.17,2.1299999999999955
2002,118,0.5,0.4800000000000182
2002,119,0.0,3.580000000000041
2002,120,0.0,5.6200000000000045
2002,121,0.0,3.480000000000018
2002,122,0.02,-0.9399999999999977
2002,123,0.84,-0.40999999999996817
2002,124,0.0,1.1299999999999955
2002,125,0.05,3.400000000000034
2002,126,0.0,4.300000000000011
2002,127,0.0,5.170000000000016
2002,128,0.0,4.2000000000000455
2002,129,0.0,-1.25
2002,130,0.0,3.0100000000000477
2002,131,0.0,4.610000000000014
2002,132,9.0,-0.22999999999996135
2002,133,0.0,1.410000000000025
2002,134,0.6,6.3700000000000045
2002,135,0.0,7.710000000000036
2002,136,0.23,7.060000000000002
2002,137,3.67,5.680000000000007
2002,138,0.43,8.29000000000002
2002,139,0.49,10.830000000000041
2002,140,2.23,9.03000000000003
2002,141,0.38,8.580000000000041
2002,142,0.0,3.0400000000000205
2002,143,0.0,2.900000000000034
2002,144,19.15,2.340000000000032
2002,145,1.56,3.830000000000041
2002,146,2.12,7.439999999999998
2002,147,0.0,9.490000000000009
2002,148,0.24,9.520000000000039
2002,149,0.0,11.240000000000009
2002,150,0.0,12.970000000000027
2002,151,0.0,16.230000000000018
2002,152,0.0,16.210000000000036
2002,153,0.0,14.03000000000003
2002,154,0.0,11.700000000000045
2002,155,9.52,7.75
2002,156,2.74,6.300000000000011
2002,157,0.0,10.550000000000011
2002,158,0.0,14.170000000000016
2002,159,0.0,14.760000000000048
2002,160,0.0,15.090000000000032
2002,161,0.0,13.78000000000003
2002,162,0.0,10.960000000000036
2002,163,0.02,11.960000000000036
2002,164,0.0,11.730000000000018
2002,165,0.0,10.350000000000023
2002,166,0.16,12.890000000000043
2002,167,0.12,11.680000000000007
2002,168,0.0,14.150000000000034
2002,169,0.0,15.840000000000032
2002,170,0.0,16.160000000000025
2002,171,2.08,14.220000000000027
2002,172,0.75,15.879999999999995
2002,173,2.16,15.730000000000018
2002,174,2.13,15.310000000000002
2002,175,0.58,17.090000000000032
2002,176,0.92,17.210000000000036
2002,177,0.47,15.760000000000048
2002,178,0.77,15.830000000000041
2002,179,2.38,15.960000000000036
2002,180,0.72,16.600000000000023
2002,181,0.0,17.560000000000002
2002,182,0.0,18.110000000000014
2002,183,0.0,18.75
2002,184,1.03,17.30000000000001
2002,185,2.58,15.04000000000002
2002,186,4.42,14.0
2002,187,12.95,13.520000000000039
2002,188,0.06,14.600000000000023
2002,189,0.0,16.33000000000004
2002,190,0.0,17.28000000000003
2002,191,6.2,16.83000000000004
2002,192,1.97,15.670000000000016
2002,193,0.0,14.850000000000023
2002,194,0.0,15.75
2002,195,0.0,16.180000000000007
2002,196,0.01,16.220000000000027
2002,197,0.03,16.600000000000023
2002,198,0.0,16.57000000000005
2002,199,0.0,16.890000000000043
2002,200,0.0,17.100000000000023
2002,201,0.0,16.710000000000036
2002,202,0.18,14.830000000000041
2002,203,8.47,12.82000000000005
2002,204,1.64,14.050000000000011
2002,205,0.0,15.53000000000003
2002,206,0.43,17.27000000000004
2002,207,0.11,14.240000000000009
2002,208,0.0,14.0
2002,209,0.19,14.189999999999998
2002,210,0.09,14.300000000000011
2002,211,1.78,16.760000000000048
2002,212,0.0,17.470000000000027
2002,213,0.0,16.660000000000025
2002,214,0.0,13.870000000000005
2002,215,0.57,13.82000000000005
2002,216,9.67,14.350000000000023
2002,217,5.7,15.010000000000048
2002,218,9.93,14.970000000000027
2002,219,2.42,14.160000000000025
2002,220,0.78,14.390000000000043
2002,221,0.74,14.390000000000043
2002,222,0.0,13.430000000000007
2002,223,0.0,14.610000000000014
2002,224,0.0,14.470000000000027
2002,225,0.03,9.460000000000036
2002,226,0.0,12.200000000000045
2002,227,0.0,14.629999999999995
2002,228,0.0,15.920000000000016
2002,229,0.0,16.02000000000004
2002,230,0.0,16.410000000000025
2002,231,0.44,14.580000000000041
2002,232,0.21,14.879999999999995
2002,233,3.0,13.450000000000045
2002,234,1.0,12.180000000000007
2002,235,0.0,12.420000000000016
2002,236,0.52,13.010000000000048
2002,237,0.15,12.680000000000007
2002,238,0.0,14.79000000000002
2002,239,0.0,13.340000000000032
2002,240,4.64,13.29000000000002
2002,241,0.97,12.800000000000011
2002,242,0.0,10.78000000000003
2002,243,0.0,13.460000000000036
2002,244,0.0,13.640000000000043
2002,245,0.0,13.420000000000016
2002,246,0.0,14.020000000000039
2002,247,0.48,13.680000000000007
2002,248,0.13,14.360000000000014
2002,249,0.03,15.080000000000041
2002,250,0.0,14.700000000000045
2002,251,0.0,13.590000000000032
2002,252,3.88,11.920000000000016
2002,253,32.57,7.1299999999999955
2002,254,0.0,8.550000000000011
2002,255,8.71,10.390000000000043
2002,256,3.77,9.480000000000018
2002,257,2.65,7.980000000000018
2002,258,0.08,8.75
2002,259,0.0,11.110000000000014
2002,260,0.0,10.129999999999995
2002,261,0.82,7.900000000000034
2002,262,10.87,3.490000000000009
2002,263,0.48,6.590000000000032
2002,264,0.0,8.870000000000005
2002,265,0.0,6.350000000000023
2002,266,0.0,8.07000000000005
2002,267,0.0,8.670000000000016
2002,268,0.0,9.79000000000002
2002,269,3.85,7.610000000000014
2002,270,1.92,6.5
2002,271,0.22,7.020000000000039
2002,272,0.56,6.740000000000009
2002,273,0.05,6.28000000000003
2002,274,0.0,6.2000000000000455
2002,275,20.21,4.170000000000016
2002,276,2.73,2.430000000000007
2002,277,0.21,0.020000000000038654
2002,278,0.0,3.150000000000034
2002,279,0.0,3.680000000000007
2002,280,4.11,5.840000000000032
2002,281,4.62,6.3799999999999955
2002,282,0.0,3.8100000000000023
2002,283,0.0,5.160000000000025
2002,284,0.0,6.610000000000014
2002,285,0.0,4.0400000000000205
2002,286,0.0,2.840000000000032
2002,287,0.0,4.0400000000000205
2002,288,0.0,1.660000000000025
2002,289,0.0,1.3900000000000432
2002,290,0.0,1.6299999999999955
2002,291,0.0,3.5600000000000023
2002,292,0.0,2.1299999999999955
2002,293,0.0,2.480000000000018
2002,294,0.0,2.32000000000005
2002,295,1.21,-0.029999999999972715
2002,296,0.59,-1.2899999999999636
2002,297,1.26,-0.39999999999997726
2002,298,0.0,-1.259999999999991
2002,299,0.0,0.1400000000000432
2002,300,6.36,0.4700000000000273
2002,301,3.57,-1.1599999999999682
2002,302,5.74,-3.5499999999999545
2002,303,0.87,-10.639999999999986
2002,304,0.77,-5.349999999999966
2002,305,2.83,-6.169999999999959
2002,306,0.87,-1.8700000000000045
2002,307,0.5,-10.20999999999998
2002,308,0.0,-6.539999999999964
2002,309,0.0,-7.989999999999952
2002,310,0.0,-4.269999999999982
2002,311,0.0,-0.1099999999999568
2002,312,0.0,-0.37000000000000455
2002,313,2.49,-0.4399999999999977
2002,314,0.0,-5.279999999999973
2002,315,0.39,-6.96999999999997
2002,316,0.0,-9.120000000000005
2002,317,0.0,-1.9899999999999523
2002,318,0.68,-3.8100000000000023
2002,319,1.47,-5.7099999999999795
2002,320,0.0,-6.789999999999964
2002,321,0.0,-2.359999999999957
2002,322,0.0,-4.829999999999984
2002,323,0.0,-5.5499999999999545
2002,324,0.0,-2.909999999999968
2002,325,0.0,-0.7199999999999704
2002,326,0.0,0.6800000000000068
2002,327,0.12,0.3300000000000409
2002,328,0.24,-2.919999999999959
2002,329,1.43,-7.739999999999952
2002,330,0.0,-10.339999999999975
2002,331,0.0,-9.279999999999973
2002,332,0.0,-5.609999999999957
2002,333,0.0,-0.8199999999999932
2002,334,0.0,-2.009999999999991
2002,335,0.0,-2.1999999999999886
2002,336,0.0,-3.9899999999999523
2002,337,0.0,-3.6899999999999977
2002,338,0.0,-5.339999999999975
2002,339,0.0,-6.859999999999957
2002,340,0.0,-7.3700000000000045
2002,341,0.0,-6.259999999999991
2002,342,0.0,-7.3799999999999955
2002,343,0.0,-6.729999999999961
2002,344,0.0,-5.269999999999982
2002,345,0.0,-6.310000000000002
2002,346,0.0,-10.079999999999984
2002,347,0.0,-6.989999999999952
2002,348,0.0,-4.589999999999975
2002,349,0.0,-1.6399999999999864
2002,350,0.0,-4.229999999999961
2002,351,0.0,-5.099999999999966
2002,352,0.09,-9.839999999999975
2002,353,0.48,-14.199999999999989
2002,354,0.0,-13.159999999999968
2002,355,0.0,-11.939999999999998
2002,356,0.04,-13.539999999999964
2002,357,0.63,-11.870000000000005
2002,358,0.16,-12.819999999999993
2002,359,0.0,-13.269999999999982
2002,360,0.0,-14.739999999999952
2002,361,0.0,-9.560000000000002
2002,362,0.0,-3.2399999999999523
2002,363,0.0,-2.25
2002,364,0.0,-7.310000000000002
2002,365,0.6,-5.96999999999997
2003,1,0.62,-7.289999999999964
2003,2,0.0,-8.949999999999989
2003,3,0.0,-4.1299999999999955
2003,4,0.0,-2.2899999999999636
2003,5,2.12,-3.259999999999991
2003,6,1.0,-5.3700000000000045
2003,7,0.08,-3.6299999999999955
2003,8,0.02,0.910000000000025
2003,9,0.0,-4.1200000000000045
2003,10,0.0,-7.479999999999961
2003,11,0.56,-6.3799999999999955
2003,12,0.06,-7.7999999999999545
2003,13,0.0,-4.5499999999999545
2003,14,0.0,-3.25
2003,15,0.0,-3.9799999999999613
2003,16,0.0,-10.229999999999961
2003,17,0.05,-10.609999999999957
2003,18,0.0,-9.759999999999991
2003,19,0.0,-4.189999999999998
2003,20,0.0,-1.9599999999999795
2003,21,0.0,-3.5299999999999727
2003,22,0.0,-4.359999999999957
2003,23,0.0,-3.519999999999982
2003,24,0.18,-3.069999999999993
2003,25,0.0,-4.069999999999993
2003,26,0.0,-5.739999999999952
2003,27,0.0,-0.9199999999999591
2003,28,0.0,-1.009999999999991
2003,29,0.1,-4.0499999999999545
2003,30,0.0,-2.8799999999999955
2003,31,0.0,-0.7699999999999818
2003,32,0.0,0.7000000000000455
2003,33,1.87,-0.37000000000000455
2003,34,4.37,-9.259999999999991
2003,35,1.68,-11.589999999999975
2003,36,5.06,-12.669999999999959
2003,37,0.14,-14.96999999999997
2003,38,0.0,-17.029999999999973
2003,39,0.0,-13.829999999999984
2003,40,0.0,-13.609999999999957
2003,41,0.0,-11.779999999999973
2003,42,0.0,-7.810000000000002
2003,43,0.0,-4.589999999999975
2003,44,0.0,-0.38999999999998636
2003,45,0.0,-0.06999999999999318
2003,46,5.73,-4.609999999999957
2003,47,0.0,-4.199999999999989
2003,48,0.03,-3.7299999999999613
2003,49,0.0,-6.769999999999982
2003,50,2.32,-8.539999999999964
2003,51,0.0,-8.319999999999993
2003,52,0.0,-7.419999999999959
2003,53,0.24,-7.8700000000000045
2003,54,0.0,-10.949999999999989
2003,55,0.03,-11.870000000000005
2003,56,0.28,-7.579999999999984
2003,57,14.72,-6.92999999999995
2003,58,2.24,-6.75
2003,59,3.86,-7.669999999999959
2003,60,9.92,-8.71999999999997
2003,61,2.6,-9.949999999999989
2003,62,0.0,-7.859999999999957
2003,63,0.0,-6.269999999999982
2003,64,0.51,-8.979999999999961
2003,65,0.09,-8.42999999999995
2003,66,0.0,-4.769999999999982
2003,67,0.0,-2.509999999999991
2003,68,0.0,-2.1899999999999977
2003,69,0.0,-1.5
2003,70,0.0,-1.2299999999999613
2003,71,0.0,-0.3100000000000023
2003,72,0.0,1.8799999999999955
2003,73,0.0,3.0200000000000387
2003,74,0.0,1.650000000000034
2003,75,0.14,-0.19999999999998863
2003,76,6.54,-0.3599999999999568
2003,77,57.15,-3.6899999999999977
2003,78,28.94,-4.349999999999966
2003,79,14.72,-5.829999999999984
2003,80,5.47,-4.2099999999999795
2003,81,0.0,-6.5
2003,82,0.0,-2.6200000000000045
2003,83,0.0,-1.1499999999999773
2003,84,0.67,-3.6899999999999977
2003,85,0.63,-3.6299999999999955
2003,86,3.13,-4.889999999999986
2003,87,3.32,-12.329999999999984
2003,88,0.09,-11.649999999999977
2003,89,0.05,-6.649999999999977
2003,90,0.0,-0.9199999999999591
2003,91,0.0,1.7300000000000182
2003,92,0.0,3.57000000000005
2003,93,0.0,0.2400000000000091
2003,94,0.0,-5.449999999999989
2003,95,1.24,-6.71999999999997
2003,96,0.24,-6.339999999999975
2003,97,1.92,-8.739999999999952
2003,98,0.32,-7.319999999999993
2003,99,0.0,-1.849999999999966
2003,100,0.0,3.6299999999999955
2003,101,0.0,6.210000000000036
2003,102,0.0,3.4399999999999977
2003,103,0.0,6.1299999999999955
2003,104,0.0,6.439999999999998
2003,105,1.64,5.710000000000036
2003,106,0.12,1.4800000000000182
2003,107,0.0,2.7100000000000364
2003,108,0.06,1.5600000000000023
2003,109,6.96,-1.42999999999995
2003,110,0.69,-1.8899999999999864
2003,111,0.36,1.580000000000041
2003,112,0.79,2.990000000000009
2003,113,8.09,0.8300000000000409
2003,114,3.65,-1.42999999999995
2003,115,0.48,1.740000000000009
2003,116,0.16,4.760000000000048
2003,117,0.0,5.100000000000023
2003,118,0.0,5.28000000000003
2003,119,0.0,4.210000000000036
2003,120,0.0,2.660000000000025
2003,121,0.04,0.6299999999999955
2003,122,0.0,0.4700000000000273
2003,123,0.0,4.650000000000034
2003,124,0.0,3.7600000000000477
2003,125,0.0,1.4700000000000273
2003,126,0.0,0.9700000000000273
2003,127,0.0,2.160000000000025
2003,128,0.0,2.830000000000041
2003,129,0.0,1.650000000000034
2003,130,5.65,-0.3199999999999932
2003,131,0.0,-0.38999999999998636
2003,132,0.0,1.9300000000000068
2003,133,0.0,6.660000000000025
2003,134,0.0,6.75
2003,135,13.57,9.150000000000034
2003,136,3.2,7.610000000000014
2003,137,0.0,10.240000000000009
2003,138,0.0,10.550000000000011
2003,139,1.99,6.900000000000034
2003,140,3.31,1.9700000000000273
2003,141,0.0,7.25
2003,142,0.0,9.420000000000016
2003,143,0.03,11.25
2003,144,2.17,12.090000000000032
2003,145,6.32,9.140000000000043
2003,146,1.55,10.460000000000036
2003,147,0.25,12.810000000000002
2003,148,1.29,13.340000000000032
2003,149,0.09,14.930000000000007
2003,150,2.78,14.870000000000005
2003,151,4.09,14.460000000000036
2003,152,8.9,10.0
2003,153,1.1,9.75
2003,154,0.03,9.550000000000011
2003,155,0.17,7.060000000000002
2003,156,16.81,4.930000000000007
2003,157,0.01,5.770000000000039
2003,158,7.83,6.32000000000005
2003,159,0.0,6.2900000000000205
2003,160,0.8,10.650000000000034
2003,161,2.04,11.270000000000039
2003,162,1.05,11.890000000000043
2003,163,2.43,11.340000000000032
2003,164,2.43,10.600000000000023
2003,165,1.68,10.480000000000018
2003,166,0.08,11.930000000000007
2003,167,4.77,13.29000000000002
2003,168,1.73,12.120000000000005
2003,169,7.73,9.680000000000007
2003,170,14.13,9.490000000000009
2003,171,2.31,11.189999999999998
2003,172,0.76,10.79000000000002
2003,173,0.0,11.810000000000002
2003,174,0.0,12.150000000000034
2003,175,0.0,12.28000000000003
2003,176,0.28,9.860000000000014
2003,177,1.46,8.350000000000023
2003,178,0.0,10.220000000000027
2003,179,0.34,12.980000000000018
2003,180,5.38,13.5
2003,181,0.47,13.230000000000018
2003,182,0.27,15.860000000000014
2003,183,0.0,16.650000000000034
2003,184,0.0,17.340000000000032
2003,185,0.0,17.05000000000001
2003,186,0.0,17.150000000000034
2003,187,0.08,17.640000000000043
2003,188,0.0,16.960000000000036
2003,189,0.0,15.79000000000002
2003,190,0.0,15.890000000000043
2003,191,0.0,15.100000000000023
2003,192,0.0,16.83000000000004
2003,193,0.0,17.470000000000027
2003,194,0.05,18.090000000000032
2003,195,0.0,18.980000000000018
2003,196,0.3,18.370000000000005
2003,197,0.62,18.0
2003,198,0.46,19.170000000000016
2003,199,0.01,18.80000000000001
2003,200,6.83,18.439999999999998
2003,201,7.1,16.879999999999995
2003,202,0.02,16.890000000000043
2003,203,0.05,17.390000000000043
2003,204,3.44,17.439999999999998
2003,205,0.06,17.900000000000034
2003,206,0.38,19.27000000000004
2003,207,2.55,18.180000000000007
2003,208,1.13,16.900000000000034
2003,209,5.63,14.79000000000002
2003,210,5.02,13.75
2003,211,0.55,13.460000000000036
2003,212,0.0,15.240000000000009
2003,213,0.34,16.08000000000004
2003,214,0.15,16.5
2003,215,9.07,16.960000000000036
2003,216,0.38,14.810000000000002
2003,217,3.37,16.200000000000045
2003,218,0.05,16.629999999999995
2003,219,3.21,18.05000000000001
2003,220,0.18,15.600000000000023
2003,221,4.31,15.590000000000032
2003,222,0.91,16.060000000000002
2003,223,2.0,16.170000000000016
2003,224,0.93,15.910000000000025
2003,225,0.0,15.700000000000045
2003,226,0.0,14.110000000000014
2003,227,0.0,12.560000000000002
2003,228,1.6,13.470000000000027
2003,229,0.3,12.330000000000041
2003,230,2.76,12.590000000000032
2003,231,2.13,12.520000000000039
2003,232,0.56,14.520000000000039
2003,233,0.0,17.470000000000027
2003,234,2.47,15.990000000000009
2003,235,8.59,14.970000000000027
2003,236,2.3,14.120000000000005
2003,237,3.41,14.379999999999995
2003,238,0.07,14.140000000000043
2003,239,0.06,14.0
2003,240,0.03,13.879999999999995
2003,241,0.99,12.460000000000036
2003,242,15.72,9.78000000000003
2003,243,12.77,8.800000000000011
2003,244,0.0,10.240000000000009
2003,245,1.5,12.879999999999995
2003,246,8.4,11.79000000000002
2003,247,2.52,10.680000000000007
2003,248,0.11,13.07000000000005
2003,249,4.77,12.800000000000011
2003,250,5.86,10.129999999999995
2003,251,2.93,9.730000000000018
2003,252,0.04,11.520000000000039
2003,253,0.0,8.140000000000043
2003,254,0.0,3.9500000000000455
2003,255,0.14,6.550000000000011
2003,256,0.93,4.910000000000025
2003,257,2.08,2.32000000000005
2003,258,0.0,7.740000000000009
2003,259,0.0,10.390000000000043
2003,260,0.0,10.79000000000002
2003,261,0.48,3.580000000000041
2003,262,0.0,4.900000000000034
2003,263,0.0,7.810000000000002
2003,264,0.0,7.270000000000039
2003,265,0.0,8.25
2003,266,0.0,10.590000000000032
2003,267,0.0,10.5
2003,268,0.0,9.900000000000034
2003,269,0.0,11.25
2003,270,0.0,9.54000000000002
2003,271,0.0,7.939999999999998
2003,272,0.0,8.760000000000048
2003,273,0.0,8.110000000000014
2003,274,0.48,8.260000000000048
2003,275,0.64,9.560000000000002
2003,276,3.16,6.930000000000007
2003,277,0.71,5.800000000000011
2003,278,0.43,7.990000000000009
2003,279,0.25,8.220000000000027
2003,280,0.0,8.200000000000045
2003,281,0.0,8.710000000000036
2003,282,0.0,9.560000000000002
2003,283,0.0,10.480000000000018
2003,284,0.0,6.7000000000000455
2003,285,0.19,6.550000000000011
2003,286,0.0,5.3700000000000045
2003,287,0.0,-0.38999999999998636
2003,288,0.0,4.57000000000005
2003,289,0.0,5.800000000000011
2003,290,0.0,7.720000000000027
2003,291,0.0,9.700000000000045
2003,292,0.0,10.010000000000048
2003,293,0.0,9.28000000000003
2003,294,0.0,10.140000000000043
2003,295,0.0,10.660000000000025
2003,296,0.0,10.580000000000041
2003,297,0.0,6.360000000000014
2003,298,0.39,-1.8100000000000023
2003,299,0.0,-3.8100000000000023
2003,300,0.0,2.57000000000005
2003,301,0.0,2.8500000000000227
2003,302,0.0,5.270000000000039
2003,303,0.22,4.610000000000014
2003,304,0.17,0.8500000000000227
2003,305,0.0,3.240000000000009
2003,306,0.12,3.180000000000007
2003,307,2.43,2.3600000000000136
2003,308,0.34,-3.8899999999999864
2003,309,0.0,-7.810000000000002
2003,310,0.0,-6.659999999999968
2003,311,0.0,-3.6299999999999955
2003,312,0.0,-1.5299999999999727
2003,313,0.0,-1.829999999999984
2003,314,0.0,0.7900000000000205
2003,315,0.0,-1.3799999999999955
2003,316,0.0,-2.1399999999999864
2003,317,0.87,0.37000000000000455
2003,318,0.0,-0.8799999999999955
2003,319,0.0,-3.7099999999999795
2003,320,0.0,-4.149999999999977
2003,321,0.1,-3.8700000000000045
2003,322,0.0,-6.6200000000000045
2003,323,0.0,-1.1599999999999682
2003,324,0.0,1.4700000000000273
2003,325,0.0,-0.23999999999995225
2003,326,6.41,-4.1299999999999955
2003,327,0.0,-16.42999999999995
2003,328,0.08,-10.20999999999998
2003,329,0.0,-7.9599999999999795
2003,330,0.03,-11.560000000000002
2003,331,0.19,-13.699999999999989
2003,332,0.0,-12.049999999999955
2003,333,0.0,-3.7299999999999613
2003,334,0.0,0.6000000000000227
2003,335,0.0,0.20000000000004547
2003,336,0.0,-0.12999999999999545
2003,337,0.0,-4.810000000000002
2003,338,0.0,-3.9699999999999704
2003,339,0.0,-5.039999999999964
2003,340,0.0,-0.5799999999999841
2003,341,0.0,-0.9099999999999682
2003,342,1.89,-3.769999999999982
2003,343,11.11,-10.439999999999998
2003,344,0.02,-10.489999999999952
2003,345,0.0,-10.21999999999997
2003,346,0.0,-11.549999999999955
2003,347,0.0,-10.449999999999989
2003,348,3.83,-5.3799999999999955
2003,349,3.26,-7.439999999999998
2003,350,0.0,-13.329999999999984
2003,351,0.0,-5.699999999999989
2003,352,0.0,-4.389999999999986
2003,353,0.0,-2.509999999999991
2003,354,0.0,-0.7699999999999818
2003,355,0.0,-1.4499999999999886
2003,356,0.65,-6.3799999999999955
2003,357,0.0,-7.2099999999999795
2003,358,0.0,-3.659999999999968
2003,359,0.0,-3.1899999999999977
2003,360,0.76,-3.9799999999999613
2003,361,0.0,-10.560000000000002
2003,362,0.0,-15.92999999999995
2003,363,0.0,-15.96999999999997
2003,364,0.0,-7.689999999999998
2003,365,0.0,-6.019999999999982
2004,1,0.0,-6.259999999999991
2004,2,2.72,-5.079999999999984
2004,3,3.34,-6.769999999999982
2004,4,0.0,-13.46999999999997
2004,5,0.0,-18.94999999999999
2004,6,0.0,-15.389999999999986
2004,7,0.02,-5.699999999999989
2004,8,0.0,-6.439999999999998
2004,9,0.0,-5.4599999999999795
2004,10,0.0,-3.4399999999999977
2004,11,0.0,-2.519999999999982
2004,12,0.0,-3.2799999999999727
2004,13,0.0,-4.21999999999997
2004,14,0.0,-3.599999999999966
2004,15,0.0,-2.9399999999999977
2004,16,0.11,-3.579999999999984
2004,17,0.0,-7.839999999999975
2004,18,0.0,-7.919999999999959
2004,19,0.0,-7.399999999999977
2004,20,6.1,-7.489999999999952
2004,21,0.29,-9.589999999999975
2004,22,0.0,-10.109999999999957
2004,23,0.11,-5.989999999999952
2004,24,0.04,-3.5399999999999636
2004,25,0.0,-6.5
2004,26,3.65,-15.560000000000002
2004,27,0.0,-15.349999999999966
2004,28,0.0,-9.45999999999998
2004,29,0.0,-7.949999999999989
2004,30,0.0,-6.17999999999995
2004,31,7.86,-5.979999999999961
2004,32,0.79,-11.159999999999968
2004,33,0.0,-14.45999999999998
2004,34,0.0,-11.799999999999955
2004,35,8.2,-9.199999999999989
2004,36,1.78,-12.009999999999991
2004,37,0.61,-14.139999999999986
2004,38,0.15,-10.979999999999961
2004,39,0.0,-9.67999999999995
2004,40,0.0,-13.96999999999997
2004,41,0.0,-11.289999999999964
2004,42,6.1,-11.779999999999973
2004,43,0.0,-17.869999999999976
2004,44,0.0,-14.789999999999964
2004,45,0.0,-8.259999999999991
2004,46,0.08,-6.739999999999952
2004,47,0.43,-8.689999999999998
2004,48,0.0,-6.089999999999975
2004,49,0.0,0.4800000000000182
2004,50,5.86,-0.6099999999999568
2004,51,1.86,-6.089999999999975
2004,52,0.0,-6.089999999999975
2004,53,0.53,-5.609999999999957
2004,54,0.26,-5.729999999999961
2004,55,0.0,-6.479999999999961
2004,56,0.0,-4.8700000000000045
2004,57,0.0,-3.3100000000000023
2004,58,0.0,-1.3599999999999568
2004,59,0.0,-2.0399999999999636
2004,60,2.1,-7.609999999999957
2004,61,0.99,-8.17999999999995
2004,62,0.0,-6.75
2004,63,0.0,-5.8799999999999955
2004,64,0.0,-4.859999999999957
2004,65,16.06,-7.789999999999964
2004,66,0.53,-7.3700000000000045
2004,67,0.0,-4.019999999999982
2004,68,0.0,-0.22999999999996135
2004,69,0.0,0.3900000000000432
2004,70,0.0,1.0300000000000296
2004,71,0.57,-1.759999999999991
2004,72,0.0,-2.25
2004,73,0.0,-1.4599999999999795
2004,74,0.0,-2.2099999999999795
2004,75,0.52,-3.0499999999999545
2004,76,0.0,-3.5299999999999727
2004,77,0.0,-1.0499999999999545
2004,78,0.0,0.57000000000005
2004,79,0.0,3.2200000000000273
2004,80,0.0,5.270000000000039
2004,81,0.0,5.420000000000016
2004,82,0.0,6.400000000000034
2004,83,0.0,6.840000000000032
2004,84,0.18,6.330000000000041
2004,85,0.04,5.660000000000025
2004,86,0.0,5.28000000000003
2004,87,0.0,1.420000000000016
2004,88,0.0,-5.359999999999957
2004,89,0.0,-5.1299999999999955
2004,90,0.0,0.6800000000000068
2004,91,0.0,4.2900000000000205
2004,92,0.0,6.090000000000032
2004,93,0.0,5.830000000000041
2004,94,24.34,0.410000000000025
2004,95,1.28,0.8100000000000023
2004,96,6.92,2.7100000000000364
2004,97,0.89,2.9600000000000364
2004,98,4.49,2.4500000000000455
2004,99,15.67,1.9399999999999977
2004,100,19.51,1.1200000000000045
2004,101,6.65,-4.759999999999991
2004,102,4.48,-6.8700000000000045
2004,103,3.6,-5.46999999999997
2004,104,0.0,-1.4099999999999682
2004,105,0.0,2.740000000000009
2004,106,0.0,3.0
2004,107,0.0,4.3799999999999955
2004,108,0.0,5.650000000000034
2004,109,0.0,3.590000000000032
2004,110,0.0,0.9600000000000364
2004,111,0.0,1.2600000000000477
2004,112,1.63,0.0
2004,113,17.01,-2.7399999999999523
2004,114,9.23,-4.17999999999995
2004,115,6.72,-3.7799999999999727
2004,116,1.5,-1.3999999999999773
2004,117,0.0,0.5200000000000387
2004,118,0.0,4.180000000000007
2004,119,0.0,5.360000000000014
2004,120,0.0,3.910000000000025
2004,121,9.08,-2.6200000000000045
2004,122,1.84,-3.17999999999995
2004,123,0.0,2.640000000000043
2004,124,0.0,5.840000000000032
2004,125,0.0,8.020000000000039
2004,126,0.0,10.32000000000005
2004,127,0.0,10.650000000000034
2004,128,0.0,10.480000000000018
2004,129,0.0,9.970000000000027
2004,130,0.0,9.980000000000018
2004,131,0.0,10.470000000000027
2004,132,0.0,9.75
2004,133,10.32,4.970000000000027
2004,134,8.75,0.9399999999999977
2004,135,3.4,0.11000000000001364
2004,136,0.14,4.170000000000016
2004,137,0.0,7.970000000000027
2004,138,0.0,8.870000000000005
2004,139,0.0,9.810000000000002
2004,140,0.26,11.170000000000016
2004,141,0.0,11.04000000000002
2004,142,0.0,10.850000000000023
2004,143,0.0,8.370000000000005
2004,144,0.0,6.5400000000000205
2004,145,0.0,7.689999999999998
2004,146,0.0,6.4500000000000455
2004,147,0.0,7.300000000000011
2004,148,0.0,7.8799999999999955
2004,149,0.0,9.910000000000025
2004,150,0.0,8.82000000000005
2004,151,0.0,1.3900000000000432
2004,152,0.0,2.3000000000000114
2004,153,0.0,7.0
2004,154,0.82,10.330000000000041
2004,155,1.19,9.990000000000009
2004,156,0.0,13.79000000000002
2004,157,0.17,12.420000000000016
2004,158,0.1,14.28000000000003
2004,159,0.0,15.79000000000002
2004,160,0.0,15.970000000000027
2004,161,1.05,13.720000000000027
2004,162,0.76,10.629999999999995
2004,163,0.32,6.490000000000009
2004,164,0.0,8.29000000000002
2004,165,0.0,10.04000000000002
2004,166,0.0,13.850000000000023
2004,167,0.0,15.310000000000002
2004,168,1.62,13.670000000000016
2004,169,12.06,10.480000000000018
2004,170,10.65,9.25
2004,171,1.93,10.240000000000009
2004,172,2.42,11.689999999999998
2004,173,22.16,9.210000000000036
2004,174,2.82,5.590000000000032
2004,175,0.0,9.310000000000002
2004,176,1.8,12.120000000000005
2004,177,9.28,11.370000000000005
2004,178,5.2,9.29000000000002
2004,179,18.63,8.900000000000034
2004,180,23.85,8.920000000000016
2004,181,5.44,10.760000000000048
2004,182,6.19,10.189999999999998
2004,183,1.04,10.650000000000034
2004,184,0.0,12.879999999999995
2004,185,0.0,13.160000000000025
2004,186,0.0,12.75
2004,187,0.12,11.670000000000016
2004,188,1.22,11.650000000000034
2004,189,0.0,13.470000000000027
2004,190,0.04,15.100000000000023
2004,191,0.0,16.07000000000005
2004,192,4.45,15.470000000000027
2004,193,0.45,15.060000000000002
2004,194,0.03,16.930000000000007
2004,195,0.07,17.27000000000004
2004,196,1.96,17.25
2004,197,3.51,17.090000000000032
2004,198,7.52,14.400000000000034
2004,199,12.24,12.610000000000014
2004,200,1.96,13.75
2004,201,1.01,14.850000000000023
2004,202,8.34,15.32000000000005
2004,203,2.58,14.670000000000016
2004,204,6.08,14.25
2004,205,9.29,10.300000000000011
2004,206,6.41,9.340000000000032
2004,207,1.31,9.560000000000002
2004,208,1.02,11.720000000000027
2004,209,0.21,12.060000000000002
2004,210,2.47,10.970000000000027
2004,211,1.61,10.910000000000025
2004,212,0.24,12.670000000000016
2004,213,0.0,13.860000000000014
2004,214,0.0,15.910000000000025
2004,215,0.14,16.390000000000043
2004,216,0.2,14.57000000000005
2004,217,0.71,14.54000000000002
2004,218,4.71,15.240000000000009
2004,219,4.06,12.930000000000007
2004,220,0.84,13.939999999999998
2004,221,0.01,13.29000000000002
2004,222,0.13,13.350000000000023
2004,223,0.0,13.490000000000009
2004,224,0.26,11.490000000000009
2004,225,0.23,10.830000000000041
2004,226,0.98,11.120000000000005
2004,227,0.12,11.600000000000023
2004,228,0.0,12.660000000000025
2004,229,0.32,13.080000000000041
2004,230,0.96,13.230000000000018
2004,231,0.81,11.720000000000027
2004,232,18.74,8.080000000000041
2004,233,4.8,8.850000000000023
2004,234,3.74,9.660000000000025
2004,235,1.22,11.53000000000003
2004,236,0.26,11.180000000000007
2004,237,0.04,10.470000000000027
2004,238,0.0,9.760000000000048
2004,239,0.0,11.460000000000036
2004,240,4.5,9.160000000000025
2004,241,1.21,6.32000000000005
2004,242,1.13,9.879999999999995
2004,243,2.19,11.800000000000011
2004,244,0.58,12.310000000000002
2004,245,0.45,11.730000000000018
2004,246,0.0,12.939999999999998
2004,247,0.0,12.970000000000027
2004,248,1.77,11.5
2004,249,0.22,7.1200000000000045
2004,250,0.0,7.310000000000002
2004,251,0.0,9.950000000000045
2004,252,0.0,11.620000000000005
2004,253,0.0,12.860000000000014
2004,254,0.0,12.600000000000023
2004,255,0.0,11.79000000000002
2004,256,0.0,13.480000000000018
2004,257,0.0,13.180000000000007
2004,258,0.0,11.990000000000009
2004,259,0.0,7.710000000000036
2004,260,0.0,9.860000000000014
2004,261,0.0,12.07000000000005
2004,262,0.0,13.450000000000045
2004,263,1.85,11.54000000000002
2004,264,0.0,9.350000000000023
2004,265,7.56,6.060000000000002
2004,266,2.13,1.4800000000000182
2004,267,0.09,1.6299999999999955
2004,268,0.0,4.970000000000027
2004,269,0.14,6.210000000000036
2004,270,1.33,7.160000000000025
2004,271,0.17,7.710000000000036
2004,272,12.35,5.930000000000007
2004,273,0.22,6.900000000000034
2004,274,2.53,6.180000000000007
2004,275,2.03,2.740000000000009
2004,276,0.11,4.600000000000023
2004,277,0.66,5.740000000000009
2004,278,6.76,5.340000000000032
2004,279,0.01,5.100000000000023
2004,280,3.96,4.1200000000000045
2004,281,2.75,4.480000000000018
2004,282,0.0,5.170000000000016
2004,283,0.0,6.550000000000011
2004,284,0.0,6.5
2004,285,0.0,3.2100000000000364
2004,286,0.0,3.3100000000000023
2004,287,12.99,0.8100000000000023
2004,288,0.26,0.21000000000003638
2004,289,0.0,3.660000000000025
2004,290,0.0,4.140000000000043
2004,291,0.0,5.53000000000003
2004,292,0.0,2.170000000000016
2004,293,0.02,2.180000000000007
2004,294,0.04,3.910000000000025
2004,295,0.0,5.640000000000043
2004,296,0.27,3.0500000000000114
2004,297,0.0,-0.07999999999998408
2004,298,0.0,2.3000000000000114
2004,299,0.0,0.9500000000000455
2004,300,0.0,1.9800000000000182
2004,301,0.0,3.680000000000007
2004,302,0.02,4.930000000000007
2004,303,0.15,0.1400000000000432
2004,304,0.0,-3.1299999999999955
2004,305,0.0,-3.6299999999999955
2004,306,17.58,-8.299999999999955
2004,307,0.63,-10.989999999999952
2004,308,1.15,-2.75
2004,309,0.0,-1.6599999999999682
2004,310,0.0,1.080000000000041
2004,311,0.0,2.5300000000000296
2004,312,0.0,2.7800000000000296
2004,313,0.0,4.510000000000048
2004,314,0.0,4.680000000000007
2004,315,8.24,-0.2999999999999545
2004,316,0.0,-4.229999999999961
2004,317,0.0,-2.019999999999982
2004,318,0.39,-4.560000000000002
2004,319,0.0,-4.17999999999995
2004,320,0.0,-2.819999999999993
2004,321,0.0,-0.06999999999999318
2004,322,0.07,0.32000000000005
2004,323,0.07,-2.099999999999966
2004,324,0.0,-2.7299999999999613
2004,325,0.93,-6.479999999999961
2004,326,0.88,-6.699999999999989
2004,327,0.16,-4.229999999999961
2004,328,0.27,-4.810000000000002
2004,329,0.0,-8.259999999999991
2004,330,0.0,-4.71999999999997
2004,331,0.0,-3.7299999999999613
2004,332,1.76,-9.109999999999957
2004,333,8.79,-6.989999999999952
2004,334,0.1,-16.25
2004,335,0.0,-15.289999999999964
2004,336,0.0,-11.489999999999952
2004,337,0.0,-13.269999999999982
2004,338,0.0,-9.159999999999968
2004,339,0.0,-5.21999999999997
2004,340,0.0,-5.239999999999952
2004,341,0.0,-9.159999999999968
2004,342,0.0,-9.42999999999995
2004,343,0.0,-7.7999999999999545
2004,344,0.0,-5.269999999999982
2004,345,0.08,-3.4599999999999795
2004,346,0.0,0.03000000000002956
2004,347,0.0,0.4800000000000182
2004,348,0.0,-3.3999999999999773
2004,349,0.0,-3.9399999999999977
2004,350,0.0,-5.199999999999989
2004,351,5.34,-7.979999999999961
2004,352,0.07,-6.089999999999975
2004,353,0.0,-5.96999999999997
2004,354,0.0,-5.039999999999964
2004,355,0.0,-3.1899999999999977
2004,356,0.0,-8.239999999999952
2004,357,4.07,-14.439999999999998
2004,358,0.03,-18.539999999999964
2004,359,0.65,-15.779999999999973
2004,360,0.0,-6.5499999999999545
2004,361,0.0,-5.0499999999999545
2004,362,0.0,-2.9599999999999795
2004,363,0.0,-3.92999999999995
2004,364,0.0,-3.319999999999993
2004,365,1.02,-2.92999999999995
2004,366,0.02,-4.7099999999999795
2005,1,0.0,-3.8799999999999955
2005,2,0.0,-5.849999999999966
2005,3,0.0,-4.909999999999968
2005,4,4.77,-4.5
2005,5,1.3,-11.739999999999952
2005,6,0.51,-10.539999999999964
2005,7,0.03,-13.289999999999964
2005,8,0.09,-7.1200000000000045
2005,9,0.0,-3.109999999999957
2005,10,0.0,-1.5
2005,11,0.0,-3.169999999999959
2005,12,7.97,-5.419999999999959
2005,13,0.0,-11.529999999999973
2005,14,0.3,-10.279999999999973
2005,15,0.0,-9.009999999999991
2005,16,0.0,-6.989999999999952
2005,17,0.0,-5.089999999999975
2005,18,0.0,-4.17999999999995
2005,19,0.0,-0.8299999999999841
2005,20,0.0,1.160000000000025
2005,21,0.0,1.3400000000000318
2005,22,0.0,-3.069999999999993
2005,23,0.0,-1.0299999999999727
2005,24,0.0,0.5100000000000477
2005,25,0.0,-1.25
2005,26,0.0,-3.019999999999982
2005,27,0.0,-2.839999999999975
2005,28,0.05,-3.8799999999999955
2005,29,13.11,-5.389999999999986
2005,30,4.51,-6.419999999999959
2005,31,0.73,-7.810000000000002
2005,32,0.35,-9.810000000000002
2005,33,0.47,-11.169999999999959
2005,34,0.54,-7.2099999999999795
2005,35,0.65,-4.560000000000002
2005,36,0.0,-3.839999999999975
2005,37,0.03,-5.339999999999975
2005,38,0.0,-7.389999999999986
2005,39,0.04,-8.589999999999975
2005,40,0.0,-11.849999999999966
2005,41,0.04,-8.029999999999973
2005,42,0.04,-3.089999999999975
2005,43,0.0,0.5500000000000114
2005,44,0.0,-2.3100000000000023
2005,45,0.0,-2.859999999999957
2005,46,0.07,-5.310000000000002
2005,47,0.13,-6.819999999999993
2005,48,0.07,-5.899999999999977
2005,49,0.0,-4.889999999999986
2005,50,0.0,-2.1899999999999977
2005,51,0.0,-3.839999999999975
2005,52,0.0,-4.319999999999993
2005,53,1.41,-3.2799999999999727
2005,54,0.83,-5.17999999999995
2005,55,0.0,-8.139999999999986
2005,56,0.0,-7.079999999999984
2005,57,0.76,-6.3799999999999955
2005,58,0.08,-7.769999999999982
2005,59,0.0,-8.149999999999977
2005,60,0.0,-7.489999999999952
2005,61,7.74,-6.6299999999999955
2005,62,0.0,-4.669999999999959
2005,63,0.0,-3.1999999999999886
2005,64,0.0,-1.8100000000000023
2005,65,0.0,-1.1299999999999955
2005,66,0.0,-2.92999999999995
2005,67,0.0,-3.1999999999999886
2005,68,1.52,-3.409999999999968
2005,69,0.0,-1.25
2005,70,0.0,-1.7899999999999636
2005,71,0.0,0.09000000000003183
2005,72,7.8,-4.6200000000000045
2005,73,3.18,-10.539999999999964
2005,74,0.0,-11.879999999999995
2005,75,0.04,-9.639999999999986
2005,76,0.08,-7.039999999999964
2005,77,0.0,-6.159999999999968
2005,78,0.0,-5.75
2005,79,0.0,-1.8700000000000045
2005,80,3.18,-3.819999999999993
2005,81,0.09,-5.769999999999982
2005,82,0.17,-2.069999999999993
2005,83,5.18,-3.8799999999999955
2005,84,4.86,-6.319999999999993
2005,85,0.25,-6.689999999999998
2005,86,0.23,-4.979999999999961
2005,87,0.0,1.400000000000034
2005,88,8.49,-0.1099999999999568
2005,89,15.51,-6.029999999999973
2005,90,3.16,-7.569999999999993
2005,91,1.15,-7.060000000000002
2005,92,0.05,-0.7099999999999795
2005,93,0.0,1.9500000000000455
2005,94,0.0,2.5300000000000296
2005,95,9.72,-0.7799999999999727
2005,96,0.0,-1.9799999999999613
2005,97,0.0,1.8500000000000227
2005,98,0.0,4.57000000000005
2005,99,0.0,0.160000000000025
2005,100,52.74,-3.2999999999999545
2005,101,0.0,-6.8799999999999955
2005,102,0.0,-4.7099999999999795
2005,103,0.0,0.040000000000020464
2005,104,0.0,3.7600000000000477
2005,105,0.0,3.650000000000034
2005,106,0.0,4.050000000000011
2005,107,0.0,5.580000000000041
2005,108,0.0,5.210000000000036
2005,109,0.0,4.890000000000043
2005,110,0.0,3.150000000000034
2005,111,0.0,-0.5699999999999932
2005,112,0.0,-0.9599999999999795
2005,113,0.0,1.1400000000000432
2005,114,34.18,2.340000000000032
2005,115,18.96,-0.39999999999997726
2005,116,0.87,-0.6200000000000045
2005,117,0.04,2.0400000000000205
2005,118,2.36,1.4800000000000182
2005,119,0.42,-3.099999999999966
2005,120,2.66,-4.2099999999999795
2005,121,3.26,-3.75
2005,122,4.77,-3.0600000000000023
2005,123,1.5,-0.06999999999999318
2005,124,0.1,1.9600000000000364
2005,125,0.0,3.990000000000009
2005,126,0.52,6.6299999999999955
2005,127,0.64,3.830000000000041
2005,128,0.0,2.4600000000000364
2005,129,0.0,4.110000000000014
2005,130,0.47,7.1299999999999955
2005,131,0.15,6.100000000000023
2005,132,0.0,1.57000000000005
2005,133,0.0,2.080000000000041
2005,134,0.03,4.0
2005,135,0.0,6.060000000000002
2005,136,0.0,8.160000000000025
2005,137,0.0,8.310000000000002
2005,138,0.0,5.720000000000027
2005,139,0.0,9.950000000000045
2005,140,0.0,13.660000000000025
2005,141,0.0,14.660000000000025
2005,142,0.0,14.370000000000005
2005,143,0.0,14.090000000000032
2005,144,0.0,13.100000000000023
2005,145,0.0,11.240000000000009
2005,146,0.0,7.189999999999998
2005,147,0.0,6.360000000000014
2005,148,0.0,8.129999999999995
2005,149,4.0,9.090000000000032
2005,150,9.12,7.830000000000041
2005,151,3.95,6.080000000000041
2005,152,0.0,7.960000000000036
2005,153,0.39,10.32000000000005
2005,154,2.31,8.490000000000009
2005,155,0.36,4.240000000000009
2005,156,0.0,6.490000000000009
2005,157,0.0,10.300000000000011
2005,158,0.0,10.140000000000043
2005,159,0.0,9.020000000000039
2005,160,1.2,9.160000000000025
2005,161,11.44,7.310000000000002
2005,162,0.87,6.060000000000002
2005,163,10.67,7.430000000000007
2005,164,0.57,5.210000000000036
2005,165,0.0,8.420000000000016
2005,166,0.42,12.710000000000036
2005,167,0.4,13.879999999999995
2005,168,0.0,14.210000000000036
2005,169,0.0,15.350000000000023
2005,170,0.0,16.350000000000023
2005,171,0.0,17.220000000000027
2005,172,4.59,17.379999999999995
2005,173,1.01,16.49000000000001
2005,174,1.91,15.840000000000032
2005,175,7.43,14.0
2005,176,6.68,13.990000000000009
2005,177,1.47,13.740000000000009
2005,178,1.23,13.390000000000043
2005,179,0.09,14.29000000000002
2005,180,0.79,13.32000000000005
2005,181,0.0,13.400000000000034
2005,182,0.0,13.870000000000005
2005,183,0.0,14.990000000000009
2005,184,0.23,14.770000000000039
2005,185,0.0,12.5
2005,186,0.08,14.100000000000023
2005,187,0.0,15.430000000000007
2005,188,0.0,16.160000000000025
2005,189,0.0,17.140000000000043
2005,190,0.0,16.74000000000001
2005,191,0.0,15.620000000000005
2005,192,0.0,15.720000000000027
2005,193,0.0,16.910000000000025
2005,194,0.0,17.29000000000002
2005,195,0.0,17.480000000000018
2005,196,0.75,17.80000000000001
2005,197,0.11,18.090000000000032
2005,198,0.03,18.680000000000007
2005,199,0.32,15.020000000000039
2005,200,0.0,16.650000000000034
2005,201,0.0,19.07000000000005
2005,202,0.0,20.53000000000003
2005,203,0.0,19.700000000000045
2005,204,1.45,18.670000000000016
2005,205,2.64,16.480000000000018
2005,206,9.23,14.830000000000041
2005,207,8.03,12.03000000000003
2005,208,1.19,10.689999999999998
2005,209,0.02,14.07000000000005
2005,210,0.0,15.830000000000041
2005,211,0.0,17.33000000000004
2005,212,0.1,17.960000000000036
2005,213,0.07,17.04000000000002
2005,214,0.17,16.890000000000043
2005,215,4.28,16.640000000000043
2005,216,34.0,10.220000000000027
2005,217,4.25,10.230000000000018
2005,218,1.26,13.480000000000018
2005,219,0.0,13.920000000000016
2005,220,0.0,14.939999999999998
2005,221,0.96,16.060000000000002
2005,222,2.72,14.520000000000039
2005,223,3.27,13.450000000000045
2005,224,3.59,11.460000000000036
2005,225,3.36,10.920000000000016
2005,226,1.18,10.110000000000014
2005,227,0.0,11.400000000000034
2005,228,3.31,12.890000000000043
2005,229,0.81,11.680000000000007
2005,230,0.05,12.300000000000011
2005,231,0.8,13.180000000000007
2005,232,5.88,13.53000000000003
2005,233,12.81,11.610000000000014
2005,234,0.99,12.03000000000003
2005,235,0.86,12.520000000000039
2005,236,0.28,12.830000000000041
2005,237,0.32,14.300000000000011
2005,238,1.93,13.400000000000034
2005,239,0.93,13.700000000000045
2005,240,0.03,12.79000000000002
2005,241,0.0,13.450000000000045
2005,242,0.0,14.670000000000016
2005,243,0.0,12.970000000000027
2005,244,0.38,11.640000000000043
2005,245,0.0,12.870000000000005
2005,246,0.05,13.680000000000007
2005,247,0.22,13.620000000000005
2005,248,0.21,14.240000000000009
2005,249,3.82,13.980000000000018
2005,250,1.85,12.970000000000027
2005,251,0.66,15.160000000000025
2005,252,0.53,14.160000000000025
2005,253,0.4,12.879999999999995
2005,254,0.0,12.129999999999995
2005,255,0.0,11.54000000000002
2005,256,0.18,9.260000000000048
2005,257,1.4,7.180000000000007
2005,258,0.01,6.32000000000005
2005,259,0.0,9.650000000000034
2005,260,0.0,10.420000000000016
2005,261,0.0,10.450000000000045
2005,262,0.0,10.28000000000003
2005,263,0.0,12.150000000000034
2005,264,0.01,14.210000000000036
2005,265,4.38,11.360000000000014
2005,266,0.49,10.050000000000011
2005,267,0.0,12.129999999999995
2005,268,0.0,10.980000000000018
2005,269,0.0,9.230000000000018
2005,270,0.43,12.020000000000039
2005,271,7.13,7.75
2005,272,0.0,6.460000000000036
2005,273,0.0,9.910000000000025
2005,274,0.0,10.810000000000002
2005,275,0.0,11.29000000000002
2005,276,0.0,10.840000000000032
2005,277,0.0,10.980000000000018
2005,278,2.53,4.78000000000003
2005,279,0.0,1.410000000000025
2005,280,0.0,5.490000000000009
2005,281,0.0,9.340000000000032
2005,282,15.04,7.0400000000000205
2005,283,16.61,-1.9899999999999523
2005,284,1.18,-2.7399999999999523
2005,285,0.03,-1.009999999999991
2005,286,0.0,1.5200000000000387
2005,287,0.0,5.270000000000039
2005,288,0.0,4.480000000000018
2005,289,0.0,5.560000000000002
2005,290,0.0,6.080000000000041
2005,291,0.0,6.7900000000000205
2005,292,1.71,5.330000000000041
2005,293,0.19,3.1100000000000136
2005,294,0.0,3.3600000000000136
2005,295,0.0,3.430000000000007
2005,296,0.0,1.8400000000000318
2005,297,0.0,2.730000000000018
2005,298,0.0,4.330000000000041
2005,299,0.0,3.9399999999999977
2005,300,0.0,2.5500000000000114
2005,301,0.0,4.1200000000000045
2005,302,0.1,3.3799999999999955
2005,303,1.69,0.29000000000002046
2005,304,0.0,-2.9799999999999613
2005,305,0.0,1.5200000000000387
2005,306,0.0,4.090000000000032
2005,307,0.0,3.920000000000016
2005,308,0.0,1.1899999999999977
2005,309,1.26,-2.6899999999999977
2005,310,0.17,-1.7299999999999613
2005,311,0.0,2.8000000000000114
2005,312,0.0,4.75
2005,313,0.0,3.840000000000032
2005,314,0.0,5.2000000000000455
2005,315,0.0,5.330000000000041
2005,316,0.16,1.0100000000000477
2005,317,0.0,-2.259999999999991
2005,318,0.25,-1.8700000000000045
2005,319,4.25,-10.0
2005,320,0.12,-9.739999999999952
2005,321,1.78,-6.149999999999977
2005,322,0.55,-7.289999999999964
2005,323,0.0,-5.149999999999977
2005,324,0.0,-6.589999999999975
2005,325,0.0,-2.019999999999982
2005,326,0.0,-0.9599999999999795
2005,327,0.0,-0.5299999999999727
2005,328,0.0,-1.8700000000000045
2005,329,0.0,-3.829999999999984
2005,330,0.0,-2.7099999999999795
2005,331,1.83,-8.949999999999989
2005,332,0.0,-13.819999999999993
2005,333,0.0,-13.289999999999964
2005,334,0.07,-8.17999999999995
2005,335,0.0,-10.389999999999986
2005,336,0.0,-3.5600000000000023
2005,337,5.95,-5.229999999999961
2005,338,0.0,-14.810000000000002
2005,339,0.04,-16.96999999999997
2005,340,0.0,-14.5
2005,341,1.18,-19.639999999999986
2005,342,0.03,-17.359999999999985
2005,343,0.2,-10.489999999999952
2005,344,0.07,-8.189999999999998
2005,345,0.0,-5.939999999999998
2005,346,0.0,-5.789999999999964
2005,347,0.0,-6.2999999999999545
2005,348,0.0,-11.919999999999959
2005,349,0.0,-16.799999999999955
2005,350,0.0,-14.75
2005,351,0.58,-15.919999999999959
2005,352,0.0,-13.17999999999995
2005,353,0.0,-8.560000000000002
2005,354,0.22,-6.399999999999977
2005,355,0.0,-3.319999999999993
2005,356,0.0,-1.0
2005,357,0.0,-1.7999999999999545
2005,358,0.0,-5.039999999999964
2005,359,0.0,-1.4599999999999795
2005,360,0.0,-0.8799999999999955
2005,361,0.0,-3.319999999999993
2005,362,0.0,-3.2999999999999545
2005,363,0.0,-2.419999999999959
2005,364,0.0,-8.529999999999973
2005,365,0.08,-2.819999999999993
2006,1,0.0,-2.9699999999999704
2006,2,0.0,-4.3700000000000045
2006,3,0.0,-1.8199999999999932
2006,4,0.0,-5.6200000000000045
2006,5,0.0,-8.489999999999952
2006,6,0.0,-2.919999999999959
2006,7,0.0,0.1500000000000341
2006,8,0.0,-4.589999999999975
2006,9,0.0,-9.539999999999964
2006,10,0.0,-7.5499999999999545
2006,11,0.0,-3.569999999999993
2006,12,0.0,-5.769999999999982
2006,13,0.0,-9.269999999999982
2006,14,0.0,-1.419999999999959
2006,15,0.0,-3.2299999999999613
2006,16,1.72,-9.20999999999998
2006,17,0.0,-11.810000000000002
2006,18,0.11,-5.659999999999968
2006,19,7.7,-7.42999999999995
2006,20,0.57,-11.609999999999957
2006,21,0.08,-12.779999999999973
2006,22,0.02,-10.509999999999991
2006,23,0.0,-11.67999999999995
2006,24,0.3,-6.259999999999991
2006,25,0.04,-4.7099999999999795
2006,26,0.01,-5.039999999999964
2006,27,0.0,-9.339999999999975
2006,28,0.0,-10.509999999999991
2006,29,0.0,-9.789999999999964
2006,30,0.0,-10.399999999999977
2006,31,0.0,-3.3899999999999864
2006,32,0.0,-4.389999999999986
2006,33,0.67,-4.859999999999957
2006,34,0.0,-9.0
2006,35,0.16,-7.829999999999984
2006,36,0.14,-6.310000000000002
2006,37,0.0,-11.849999999999966
2006,38,0.0,-7.5499999999999545
2006,39,0.0,-4.519999999999982
2006,40,0.49,-2.099999999999966
2006,41,0.78,-11.46999999999997
2006,42,0.26,-16.409999999999968
2006,43,0.14,-8.769999999999982
2006,44,0.0,-5.9599999999999795
2006,45,0.0,-5.359999999999957
2006,46,0.59,-5.539999999999964
2006,47,0.89,-10.199999999999989
2006,48,0.0,-15.529999999999973
2006,49,0.0,-12.299999999999955
2006,50,0.03,-8.579999999999984
2006,51,0.0,-11.289999999999964
2006,52,0.03,-13.029999999999973
2006,53,0.0,-12.71999999999997
2006,54,0.0,-9.539999999999964
2006,55,0.0,-7.1299999999999955
2006,56,0.0,-6.139999999999986
2006,57,0.0,-5.5499999999999545
2006,58,0.0,-1.5299999999999727
2006,59,0.0,0.03000000000002956
2006,60,0.0,-0.25
2006,61,0.0,-3.4599999999999795
2006,62,0.0,-2.2799999999999727
2006,63,0.0,-0.46999999999997044
2006,64,0.0,-3.079999999999984
2006,65,0.0,-0.4199999999999591
2006,66,0.0,0.4600000000000364
2006,67,1.88,-3.419999999999959
2006,68,0.35,-9.239999999999952
2006,69,0.8,-9.629999999999995
2006,70,0.0,-11.67999999999995
2006,71,3.78,-8.769999999999982
2006,72,0.04,-13.519999999999982
2006,73,0.59,-13.079999999999984
2006,74,0.18,-5.17999999999995
2006,75,0.0,-8.739999999999952
2006,76,0.0,-3.6499999999999773
2006,77,0.0,-2.17999999999995
2006,78,7.81,-4.189999999999998
2006,79,2.59,-8.389999999999986
2006,80,1.98,-11.92999999999995
2006,81,2.0,-8.109999999999957
2006,82,0.16,-9.449999999999989
2006,83,0.03,-7.079999999999984
2006,84,0.0,-4.599999999999966
2006,85,0.57,-3.0
2006,86,0.4,-7.9599999999999795
2006,87,0.0,-3.6299999999999955
2006,88,0.0,-0.2999999999999545
2006,89,0.0,-2.269999999999982
2006,90,0.0,-4.589999999999975
2006,91,0.0,-0.20999999999997954
2006,92,0.0,-3.919999999999959
2006,93,0.0,-3.349999999999966
2006,94,0.0,0.7200000000000273
2006,95,0.09,3.32000000000005
2006,96,0.92,-1.0299999999999727
2006,97,1.01,-3.6299999999999955
2006,98,1.03,-0.6899999999999977
2006,99,0.0,3.6100000000000136
2006,100,0.0,4.57000000000005
2006,101,0.0,2.6299999999999955
2006,102,0.0,2.7900000000000205
2006,103,0.0,7.100000000000023
2006,104,0.0,6.810000000000002
2006,105,4.88,5.230000000000018
2006,106,0.0,3.3700000000000045
2006,107,0.0,5.760000000000048
2006,108,0.0,-0.8100000000000023
2006,109,0.0,-3.7399999999999523
2006,110,0.0,0.3100000000000023
2006,111,0.0,2.840000000000032
2006,112,0.0,7.410000000000025
2006,113,0.01,9.050000000000011
2006,114,0.26,3.340000000000032
2006,115,7.71,-4.889999999999986
2006,116,0.01,-2.9499999999999886
2006,117,0.37,2.410000000000025
2006,118,2.82,0.4200000000000159
2006,119,0.55,-3.3899999999999864
2006,120,0.0,0.5900000000000318
2006,121,1.33,2.3000000000000114
2006,122,0.0,3.9399999999999977
2006,123,2.07,4.770000000000039
2006,124,1.38,4.150000000000034
2006,125,2.87,3.2000000000000455
2006,126,7.14,3.0200000000000387
2006,127,0.1,4.180000000000007
2006,128,0.01,5.240000000000009
2006,129,0.03,3.680000000000007
2006,130,3.34,0.22000000000002728
2006,131,0.0,0.7800000000000296
2006,132,0.0,6.020000000000039
2006,133,0.0,8.410000000000025
2006,134,0.63,8.200000000000045
2006,135,0.07,6.140000000000043
2006,136,0.0,6.6299999999999955
2006,137,0.0,8.689999999999998
2006,138,0.04,10.5
2006,139,0.38,11.960000000000036
2006,140,0.12,11.78000000000003
2006,141,0.0,12.340000000000032
2006,142,1.59,12.879999999999995
2006,143,6.46,8.610000000000014
2006,144,0.0,8.180000000000007
2006,145,0.0,12.180000000000007
2006,146,0.0,13.020000000000039
2006,147,0.0,11.450000000000045
2006,148,0.0,9.710000000000036
2006,149,0.0,5.920000000000016
2006,150,1.36,7.580000000000041
2006,151,1.19,8.170000000000016
2006,152,0.0,9.04000000000002
2006,153,0.0,12.160000000000025
2006,154,0.1,14.210000000000036
2006,155,0.0,13.800000000000011
2006,156,0.0,14.740000000000009
2006,157,2.59,15.480000000000018
2006,158,0.01,15.580000000000041
2006,159,0.0,14.460000000000036
2006,160,0.0,12.020000000000039
2006,161,0.0,12.120000000000005
2006,162,0.18,12.600000000000023
2006,163,1.1,14.360000000000014
2006,164,0.0,14.920000000000016
2006,165,0.0,15.930000000000007
2006,166,0.0,13.560000000000002
2006,167,2.55,10.140000000000043
2006,168,0.55,8.620000000000005
2006,169,0.0,12.060000000000002
2006,170,0.0,16.05000000000001
2006,171,0.0,16.010000000000048
2006,172,0.98,13.060000000000002
2006,173,5.48,12.53000000000003
2006,174,0.11,11.960000000000036
2006,175,1.12,12.600000000000023
2006,176,4.43,10.78000000000003
2006,177,1.77,9.220000000000027
2006,178,0.42,10.710000000000036
2006,179,2.77,11.879999999999995
2006,180,0.54,12.980000000000018
2006,181,0.0,14.600000000000023
2006,182,1.63,15.080000000000041
2006,183,6.58,13.710000000000036
2006,184,5.18,12.770000000000039
2006,185,4.8,12.379999999999995
2006,186,18.77,12.730000000000018
2006,187,9.68,12.050000000000011
2006,188,1.34,13.140000000000043
2006,189,24.81,12.100000000000023
2006,190,17.15,9.350000000000023
2006,191,4.02,10.32000000000005
2006,192,0.79,13.150000000000034
2006,193,0.0,13.950000000000045
2006,194,0.0,15.160000000000025
2006,195,0.0,15.710000000000036
2006,196,0.86,17.860000000000014
2006,197,0.57,18.28000000000003
2006,198,0.26,18.49000000000001
2006,199,7.2,16.840000000000032
2006,200,0.3,16.77000000000004
2006,201,4.39,16.900000000000034
2006,202,4.06,15.700000000000045
2006,203,0.0,14.520000000000039
2006,204,0.61,15.550000000000011
2006,205,0.14,17.29000000000002
2006,206,8.17,15.730000000000018
2006,207,5.93,14.970000000000027
2006,208,2.56,15.189999999999998
2006,209,0.0,15.29000000000002
2006,210,0.0,16.0
2006,211,0.0,16.960000000000036
2006,212,0.55,16.730000000000018
2006,213,0.99,12.910000000000025
2006,214,8.59,13.210000000000036
2006,215,6.7,12.189999999999998
2006,216,4.95,12.75
2006,217,2.44,14.110000000000014
2006,218,7.74,11.920000000000016
2006,219,10.34,13.870000000000005
2006,220,1.08,13.04000000000002
2006,221,3.42,16.08000000000004
2006,222,4.29,15.590000000000032
2006,223,0.75,14.960000000000036
2006,224,1.51,15.150000000000034
2006,225,4.95,12.860000000000014
2006,226,8.02,12.29000000000002
2006,227,0.18,13.129999999999995
2006,228,0.63,13.400000000000034
2006,229,1.83,14.170000000000016
2006,230,1.21,14.29000000000002
2006,231,7.85,11.060000000000002
2006,232,2.63,12.439999999999998
2006,233,0.49,13.300000000000011
2006,234,1.28,13.210000000000036
2006,235,0.0,14.700000000000045
2006,236,0.02,14.930000000000007
2006,237,6.14,13.230000000000018
2006,238,14.08,10.400000000000034
2006,239,3.69,9.200000000000045
2006,240,0.27,8.160000000000025
2006,241,1.78,9.740000000000009
2006,242,0.0,12.28000000000003
2006,243,1.54,13.360000000000014
2006,244,2.09,11.680000000000007
2006,245,0.75,7.900000000000034
2006,246,0.22,8.29000000000002
2006,247,0.0,8.939999999999998
2006,248,0.0,9.939999999999998
2006,249,0.0,11.260000000000048
2006,250,0.0,10.53000000000003
2006,251,12.36,8.689999999999998
2006,252,2.82,8.170000000000016
2006,253,0.03,8.120000000000005
2006,254,1.68,8.75
2006,255,2.86,8.700000000000045
2006,256,0.0,10.930000000000007
2006,257,0.05,11.740000000000009
2006,258,0.23,9.310000000000002
2006,259,0.0,6.990000000000009
2006,260,0.0,0.7300000000000182
2006,261,0.0,1.32000000000005
2006,262,0.0,5.850000000000023
2006,263,0.0,8.140000000000043
2006,264,16.6,5.180000000000007
2006,265,3.81,0.57000000000005
2006,266,1.25,-0.7399999999999523
2006,267,0.0,1.32000000000005
2006,268,0.0,3.840000000000032
2006,269,0.0,5.090000000000032
2006,270,0.0,4.78000000000003
2006,271,0.0,5.180000000000007
2006,272,0.0,7.650000000000034
2006,273,0.0,7.939999999999998
2006,274,0.0,8.560000000000002
2006,275,0.0,8.939999999999998
2006,276,2.15,9.220000000000027
2006,277,0.96,7.1200000000000045
2006,278,0.0,9.379999999999995
2006,279,0.0,9.720000000000027
2006,280,0.0,9.080000000000041
2006,281,5.93,5.600000000000023
2006,282,4.92,1.1100000000000136
2006,283,1.42,0.28000000000002956
2006,284,0.0,1.5500000000000114
2006,285,0.0,2.1200000000000045
2006,286,0.0,2.840000000000032
2006,287,0.0,3.980000000000018
2006,288,1.16,4.840000000000032
2006,289,2.22,4.160000000000025
2006,290,10.29,1.160000000000025
2006,291,2.97,-6.099999999999966
2006,292,1.93,-6.829999999999984
2006,293,2.9,-3.1899999999999977
2006,294,0.98,-6.079999999999984
2006,295,0.0,-7.6299999999999955
2006,296,0.0,-2.829999999999984
2006,297,0.0,-0.15999999999996817
2006,298,0.0,0.09000000000003183
2006,299,37.91,-3.3899999999999864
2006,300,3.86,-4.409999999999968
2006,301,1.57,-0.4199999999999591
2006,302,0.28,0.11000000000001364
2006,303,0.0,-1.4099999999999682
2006,304,0.0,-4.2099999999999795
2006,305,0.0,-6.019999999999982
2006,306,0.0,-5.819999999999993
2006,307,0.0,-2.5499999999999545
2006,308,0.0,-1.9499999999999886
2006,309,0.0,-3.4499999999999886
2006,310,0.0,-2.759999999999991
2006,311,0.0,1.5400000000000205
2006,312,0.0,3.75
2006,313,0.0,2.1000000000000227
2006,314,0.0,-5.319999999999993
2006,315,0.0,-4.589999999999975
2006,316,1.33,-3.7199999999999704
2006,317,0.19,-7.599999999999966
2006,318,0.08,-4.989999999999952
2006,319,0.21,-8.539999999999964
2006,320,0.0,-3.069999999999993
2006,321,0.0,-2.8700000000000045
2006,322,0.0,-2.839999999999975
2006,323,0.0,-4.3700000000000045
2006,324,0.0,-1.1399999999999864
2006,325,0.0,1.1299999999999955
2006,326,0.0,0.9700000000000273
2006,327,0.0,0.7700000000000387
2006,328,0.0,-2.009999999999991
2006,329,0.0,-2.3899999999999864
2006,330,0.0,-3.5499999999999545
2006,331,0.0,-4.899999999999977
2006,332,0.0,-5.359999999999957
2006,333,11.58,-12.149999999999977
2006,334,0.0,-18.289999999999964
2006,335,0.17,-10.439999999999998
2006,336,1.05,-15.060000000000002
2006,337,0.19,-15.569999999999993
2006,338,0.44,-8.159999999999968
2006,339,0.19,-5.310000000000002
2006,340,0.11,-7.349999999999966
2006,341,0.0,-7.849999999999966
2006,342,0.0,-2.819999999999993
2006,343,0.0,-1.1099999999999568
2006,344,0.0,-3.1499999999999773
2006,345,1.32,-4.159999999999968
2006,346,0.0,-5.139999999999986
2006,347,0.0,-4.2099999999999795
2006,348,0.0,-1.1299999999999955
2006,349,0.0,-0.3299999999999841
2006,350,0.0,-0.12000000000000455
2006,351,0.0,-3.3799999999999955
2006,352,0.18,-4.92999999999995
2006,353,0.33,-5.759999999999991
2006,354,39.79,-6.139999999999986
2006,355,1.64,-10.819999999999993
2006,356,0.67,-8.560000000000002
2006,357,0.52,-9.769999999999982
2006,358,0.26,-8.319999999999993
2006,359,0.52,-11.799999999999955
2006,360,0.58,-4.810000000000002
2006,361,0.91,-4.949999999999989
2006,362,11.49,-6.5499999999999545
2006,363,10.08,-9.42999999999995
2006,364,0.84,-10.039999999999964
2006,365,0.02,-9.310000000000002
2007,1,0.0,-9.20999999999998
2007,2,0.39,-7.989999999999952
2007,3,0.43,-5.069999999999993
2007,4,1.55,-3.3799999999999955
2007,5,1.32,-8.310000000000002
2007,6,0.28,-14.649999999999977
2007,7,0.0,-14.560000000000002
2007,8,0.35,-6.42999999999995
2007,9,0.04,-5.739999999999952
2007,10,0.0,-4.7999999999999545
2007,11,0.0,-5.310000000000002
2007,12,0.14,-7.779999999999973
2007,13,1.91,-7.139999999999986
2007,14,0.12,-14.129999999999995
2007,15,0.02,-19.25999999999999
2007,16,0.13,-15.299999999999955
2007,17,0.0,-13.5
2007,18,0.0,-12.979999999999961
2007,19,0.0,-9.359999999999957
2007,20,0.48,-8.159999999999968
2007,21,4.04,-10.46999999999997
2007,22,0.0,-14.229999999999961
2007,23,0.06,-9.159999999999968
2007,24,0.0,-7.269999999999982
2007,25,0.16,-5.9599999999999795
2007,26,0.0,-5.579999999999984
2007,27,0.1,-11.310000000000002
2007,28,0.0,-12.549999999999955
2007,29,0.0,-10.189999999999998
2007,30,0.09,-13.029999999999973
2007,31,0.06,-12.239999999999952
2007,32,2.6,-17.20999999999998
2007,33,0.83,-19.73999999999998
2007,34,0.18,-13.879999999999995
2007,35,0.0,-7.509999999999991
2007,36,0.0,-4.46999999999997
2007,37,0.0,-1.4499999999999886
2007,38,0.0,-2.1299999999999955
2007,39,0.0,-3.8999999999999773
2007,40,0.0,-6.029999999999973
2007,41,0.0,-5.8700000000000045
2007,42,0.0,-4.979999999999961
2007,43,0.0,-5.039999999999964
2007,44,0.82,-10.659999999999968
2007,45,1.41,-10.870000000000005
2007,46,0.41,-12.659999999999968
2007,47,0.92,-7.560000000000002
2007,48,1.18,-8.949999999999989
2007,49,0.06,-6.689999999999998
2007,50,0.0,-4.5499999999999545
2007,51,0.0,-6.649999999999977
2007,52,0.0,-5.699999999999989
2007,53,0.0,-4.75
2007,54,0.0,-4.419999999999959
2007,55,0.0,-9.149999999999977
2007,56,0.0,-11.279999999999973
2007,57,0.0,-8.92999999999995
2007,58,1.5,-7.9599999999999795
2007,59,5.55,-8.049999999999955
2007,60,0.0,-14.45999999999998
2007,61,0.03,-16.529999999999973
2007,62,0.0,-16.5
2007,63,0.61,-9.389999999999986
2007,64,0.0,-3.419999999999959
2007,65,0.0,-2.159999999999968
2007,66,0.36,-2.079999999999984
2007,67,0.0,-3.2299999999999613
2007,68,0.0,-3.9399999999999977
2007,69,1.22,-2.0499999999999545
2007,70,5.9,-3.1399999999999864
2007,71,0.0,-1.0299999999999727
2007,72,0.0,0.25
2007,73,0.0,0.3100000000000023
2007,74,0.0,-1.6599999999999682
2007,75,0.0,-2.509999999999991
2007,76,0.0,0.6500000000000341
2007,77,0.0,1.240000000000009
2007,78,0.0,1.3900000000000432
2007,79,0.0,1.490000000000009
2007,80,0.0,1.1000000000000227
2007,81,0.0,0.8700000000000045
2007,82,0.06,1.2100000000000364
2007,83,12.57,-0.12000000000000455
2007,84,1.87,0.7200000000000273
2007,85,0.0,1.4399999999999977
2007,86,0.0,1.990000000000009
2007,87,2.09,1.2100000000000364
2007,88,2.25,-7.269999999999982
2007,89,1.85,-10.229999999999961
2007,90,0.48,-6.979999999999961
2007,91,0.0,-3.6200000000000045
2007,92,0.0,-0.46999999999997044
2007,93,0.0,-0.9499999999999886
2007,94,0.0,1.2100000000000364
2007,95,0.0,2.7600000000000477
2007,96,0.0,-0.4199999999999591
2007,97,0.3,-5.159999999999968
2007,98,1.91,-2.609999999999957
2007,99,0.43,1.4700000000000273
2007,100,0.8,-0.9099999999999682
2007,101,0.0,-7.699999999999989
2007,102,1.95,-5.810000000000002
2007,103,0.64,-6.3799999999999955
2007,104,0.19,-7.569999999999993
2007,105,0.0,-1.6099999999999568
2007,106,0.15,1.170000000000016
2007,107,17.09,-0.8599999999999568
2007,108,0.37,-0.75
2007,109,0.0,-0.6200000000000045
2007,110,0.0,-0.009999999999990905
2007,111,0.05,2.590000000000032
2007,112,1.03,-0.4199999999999591
2007,113,0.05,1.5500000000000114
2007,114,22.33,-0.5600000000000023
2007,115,8.17,-4.149999999999977
2007,116,0.2,-1.5199999999999818
2007,117,0.7,0.03000000000002956
2007,118,0.0,3.3000000000000114
2007,119,0.0,6.860000000000014
2007,120,0.13,6.660000000000025
2007,121,3.89,4.8700000000000045
2007,122,0.25,3.930000000000007
2007,123,0.04,4.390000000000043
2007,124,1.28,2.410000000000025
2007,125,7.7,0.7700000000000387
2007,126,2.57,-2.099999999999966
2007,127,37.84,-2.7099999999999795
2007,128,4.32,-1.329999999999984
2007,129,0.0,1.170000000000016
2007,130,0.05,4.439999999999998
2007,131,0.27,7.090000000000032
2007,132,0.0,8.480000000000018
2007,133,0.0,8.870000000000005
2007,134,0.95,8.470000000000027
2007,135,4.28,4.680000000000007
2007,136,1.14,5.090000000000032
2007,137,3.12,5.760000000000048
2007,138,1.48,6.900000000000034
2007,139,1.4,7.960000000000036
2007,140,2.18,8.620000000000005
2007,141,0.78,7.800000000000011
2007,142,1.55,5.7000000000000455
2007,143,3.97,0.9200000000000159
2007,144,12.13,0.12000000000000455
2007,145,0.06,4.340000000000032
2007,146,0.16,6.53000000000003
2007,147,0.65,8.140000000000043
2007,148,0.06,9.760000000000048
2007,149,2.82,8.54000000000002
2007,150,0.73,3.3700000000000045
2007,151,0.0,4.4500000000000455
2007,152,0.0,5.580000000000041
2007,153,0.45,7.650000000000034
2007,154,5.05,8.129999999999995
2007,155,2.28,8.04000000000002
2007,156,0.94,9.860000000000014
2007,157,0.0,10.170000000000016
2007,158,0.09,2.4600000000000364
2007,159,0.03,2.6299999999999955
2007,160,0.0,8.890000000000043
2007,161,0.0,11.970000000000027
2007,162,0.09,12.78000000000003
2007,163,8.47,9.980000000000018
2007,164,3.38,7.2000000000000455
2007,165,0.0,8.830000000000041
2007,166,0.0,12.160000000000025
2007,167,4.49,13.890000000000043
2007,168,0.06,14.340000000000032
2007,169,0.0,12.260000000000048
2007,170,0.0,12.010000000000048
2007,171,0.0,15.050000000000011
2007,172,0.07,16.04000000000002
2007,173,0.99,15.5
2007,174,0.08,13.470000000000027
2007,175,0.04,15.760000000000048
2007,176,4.98,16.400000000000034
2007,177,0.9,15.590000000000032
2007,178,0.82,12.689999999999998
2007,179,1.43,13.03000000000003
2007,180,1.08,13.850000000000023
2007,181,0.38,15.900000000000034
2007,182,0.0,16.25
2007,183,0.0,16.390000000000043
2007,184,0.55,16.950000000000045
2007,185,8.6,14.420000000000016
2007,186,2.14,13.410000000000025
2007,187,0.26,13.300000000000011
2007,188,5.58,14.640000000000043
2007,189,0.7,15.520000000000039
2007,190,0.25,14.110000000000014
2007,191,2.89,14.720000000000027
2007,192,3.99,14.620000000000005
2007,193,1.82,13.79000000000002
2007,194,0.05,12.54000000000002
2007,195,1.32,13.960000000000036
2007,196,0.71,14.800000000000011
2007,197,0.01,16.310000000000002
2007,198,1.1,17.77000000000004
2007,199,2.95,16.680000000000007
2007,200,1.59,16.02000000000004
2007,201,10.03,14.390000000000043
2007,202,3.37,15.300000000000011
2007,203,0.69,16.560000000000002
2007,204,0.0,16.230000000000018
2007,205,0.35,15.890000000000043
2007,206,2.59,16.0
2007,207,5.58,15.180000000000007
2007,208,2.5,13.950000000000045
2007,209,10.94,13.78000000000003
2007,210,4.98,13.629999999999995
2007,211,1.81,13.57000000000005
2007,212,0.52,14.710000000000036
2007,213,0.0,15.800000000000011
2007,214,0.37,13.830000000000041
2007,215,11.18,14.25
2007,216,5.68,15.480000000000018
2007,217,6.72,15.550000000000011
2007,218,12.85,14.29000000000002
2007,219,4.39,13.910000000000025
2007,220,1.06,12.870000000000005
2007,221,0.0,14.960000000000036
2007,222,0.0,16.07000000000005
2007,223,0.42,15.82000000000005
2007,224,1.16,15.890000000000043
2007,225,1.68,17.32000000000005
2007,226,2.55,17.52000000000004
2007,227,6.48,15.200000000000045
2007,228,1.22,14.57000000000005
2007,229,4.4,14.78000000000003
2007,230,9.93,14.800000000000011
2007,231,2.7,14.970000000000027
2007,232,0.94,15.25
2007,233,0.0,15.460000000000036
2007,234,0.86,16.460000000000036
2007,235,0.81,14.57000000000005
2007,236,2.22,11.480000000000018
2007,237,0.03,13.129999999999995
2007,238,0.02,15.480000000000018
2007,239,0.31,15.230000000000018
2007,240,3.76,11.670000000000016
2007,241,19.26,11.960000000000036
2007,242,0.68,12.490000000000009
2007,243,0.26,13.910000000000025
2007,244,1.65,14.460000000000036
2007,245,2.24,13.990000000000009
2007,246,0.4,14.120000000000005
2007,247,1.55,13.890000000000043
2007,248,2.05,13.970000000000027
2007,249,5.34,13.110000000000014
2007,250,0.0,11.400000000000034
2007,251,0.04,11.270000000000039
2007,252,1.57,10.270000000000039
2007,253,0.79,9.580000000000041
2007,254,0.25,9.53000000000003
2007,255,0.0,10.970000000000027
2007,256,0.0,11.300000000000011
2007,257,0.0,11.100000000000023
2007,258,0.0,12.330000000000041
2007,259,0.76,12.680000000000007
2007,260,3.05,10.900000000000034
2007,261,0.01,8.260000000000048
2007,262,0.0,8.840000000000032
2007,263,0.0,11.260000000000048
2007,264,0.0,11.520000000000039
2007,265,0.0,11.470000000000027
2007,266,0.0,12.04000000000002
2007,267,0.0,6.520000000000039
2007,268,0.0,3.4399999999999977
2007,269,0.0,5.520000000000039
2007,270,0.0,6.390000000000043
2007,271,0.0,8.480000000000018
2007,272,0.0,9.490000000000009
2007,273,0.0,6.230000000000018
2007,274,0.0,8.75
2007,275,0.0,7.7000000000000455
2007,276,0.0,7.360000000000014
2007,277,0.0,8.53000000000003
2007,278,0.0,9.930000000000007
2007,279,0.0,9.830000000000041
2007,280,0.0,2.920000000000016
2007,281,0.0,1.580000000000041
2007,282,0.0,7.03000000000003
2007,283,0.0,8.930000000000007
2007,284,0.13,8.670000000000016
2007,285,0.0,7.960000000000036
2007,286,0.09,6.8700000000000045
2007,287,14.93,1.0900000000000318
2007,288,2.16,-0.37999999999999545
2007,289,0.0,1.8400000000000318
2007,290,0.0,2.1200000000000045
2007,291,0.0,-2.67999999999995
2007,292,0.0,0.6800000000000068
2007,293,0.0,5.180000000000007
2007,294,9.53,-1.579999999999984
2007,295,0.33,-9.339999999999975
2007,296,0.94,-2.0399999999999636
2007,297,0.0,0.2400000000000091
2007,298,0.0,3.1899999999999977
2007,299,0.0,2.5200000000000387
2007,300,0.0,-1.8999999999999773
2007,301,0.0,0.4500000000000455
2007,302,0.0,0.8400000000000318
2007,303,0.0,1.9399999999999977
2007,304,0.1,-0.7199999999999704
2007,305,0.0,-2.5299999999999727
2007,306,0.0,-3.089999999999975
2007,307,0.05,-2.6999999999999886
2007,308,0.05,-0.20999999999997954
2007,309,0.0,0.1400000000000432
2007,310,0.0,-0.6899999999999977
2007,311,0.0,-0.01999999999998181
2007,312,0.0,0.18000000000000682
2007,313,0.0,0.28000000000002956
2007,314,0.0,1.2700000000000387
2007,315,0.0,0.4600000000000364
2007,316,0.0,-0.38999999999998636
2007,317,0.0,0.34000000000003183
2007,318,0.0,-1.5399999999999636
2007,319,0.0,-3.2099999999999795
2007,320,0.29,0.32000000000005
2007,321,0.0,-0.45999999999997954
2007,322,0.0,0.03000000000002956
2007,323,0.0,1.9600000000000364
2007,324,0.0,1.1800000000000068
2007,325,0.0,-9.70999999999998
2007,326,0.0,-13.479999999999961
2007,327,0.0,-11.019999999999982
2007,328,3.5,-12.729999999999961
2007,329,0.22,-6.46999999999997
2007,330,0.08,-6.229999999999961
2007,331,0.52,-5.75
2007,332,0.1,-7.579999999999984
2007,333,0.98,-9.45999999999998
2007,334,0.0,-5.409999999999968
2007,335,0.0,-0.39999999999997726
2007,336,0.0,-7.289999999999964
2007,337,0.0,-4.919999999999959
2007,338,0.0,0.82000000000005
2007,339,0.0,-1.7199999999999704
2007,340,1.23,-3.1299999999999955
2007,341,2.67,-3.0
2007,342,0.58,-2.4399999999999977
2007,343,0.6,-10.449999999999989
2007,344,0.47,-9.189999999999998
2007,345,3.01,-10.669999999999959
2007,346,4.85,-11.25
2007,347,2.25,-10.129999999999995
2007,348,4.05,-11.45999999999998
2007,349,0.04,-17.919999999999987
2007,350,0.34,-11.589999999999975
2007,351,0.11,-8.069999999999993
2007,352,0.8,-8.819999999999993
2007,353,0.0,-7.269999999999982
2007,354,0.09,-7.189999999999998
2007,355,0.06,-6.699999999999989
2007,356,0.0,-15.5
2007,357,0.0,-11.45999999999998
2007,358,0.0,-11.009999999999991
2007,359,3.06,-8.060000000000002
2007,360,0.09,-16.0
2007,361,0.0,-15.069999999999993
2007,362,1.59,-19.899999999999977
2007,363,0.0,-18.049999999999983
2007,364,2.43,-14.529999999999973
2007,365,1.9,-14.810000000000002
2008,1,0.0,-19.50999999999999
2008,2,0.1,-9.529999999999973
2008,3,0.0,-4.2099999999999795
2008,4,0.0,-4.659999999999968
2008,5,0.0,-3.9599999999999795
2008,6,0.46,-5.339999999999975
2008,7,0.0,-9.779999999999973
2008,8,8.1,-12.419999999999959
2008,9,1.55,-8.849999999999966
2008,10,0.16,-11.699999999999989
2008,11,0.55,-9.859999999999957
2008,12,0.04,-12.779999999999973
2008,13,0.0,-14.0
2008,14,0.0,-12.799999999999955
2008,15,0.72,-7.509999999999991
2008,16,0.0,-15.229999999999961
2008,17,0.0,-21.129999999999967
2008,18,0.0,-16.69999999999999
2008,19,0.0,-16.47999999999996
2008,20,0.12,-11.21999999999997
2008,21,0.0,-10.70999999999998
2008,22,0.0,-12.729999999999961
2008,23,0.0,-12.849999999999966
2008,24,0.0,-11.669999999999959
2008,25,0.0,-9.159999999999968
2008,26,0.0,-9.560000000000002
2008,27,0.0,-6.409999999999968
2008,28,0.0,-3.3999999999999773
2008,29,0.16,-13.549999999999955
2008,30,0.0,-13.829999999999984
2008,31,0.11,-17.47999999999999
2008,32,0.0,-9.649999999999977
2008,33,0.0,-13.409999999999968
2008,34,0.0,-12.419999999999959
2008,35,0.0,-9.089999999999975
2008,36,5.65,-13.45999999999998
2008,37,0.19,-14.009999999999991
2008,38,0.02,-14.339999999999975
2008,39,0.46,-9.939999999999998
2008,40,0.53,-9.769999999999982
2008,41,0.0,-6.3700000000000045
2008,42,0.0,-6.259999999999991
2008,43,0.08,-9.659999999999968
2008,44,0.0,-6.3799999999999955
2008,45,3.11,-6.92999999999995
2008,46,1.04,-7.699999999999989
2008,47,0.0,-6.829999999999984
2008,48,0.25,-11.45999999999998
2008,49,0.19,-13.259999999999991
2008,50,0.0,-8.359999999999957
2008,51,0.0,-5.92999999999995
2008,52,0.0,-6.899999999999977
2008,53,0.98,-8.079999999999984
2008,54,1.71,-6.839999999999975
2008,55,0.08,-5.519999999999982
2008,56,1.7,-4.829999999999984
2008,57,1.96,-8.839999999999975
2008,58,0.0,-6.3799999999999955
2008,59,0.0,-3.3899999999999864
2008,60,0.0,-4.339999999999975
2008,61,0.0,-1.2699999999999818
2008,62,2.4,-3.0600000000000023
2008,63,1.08,-13.45999999999998
2008,64,0.25,-8.159999999999968
2008,65,0.8,-11.879999999999995
2008,66,0.09,-14.169999999999959
2008,67,0.8,-11.479999999999961
2008,68,0.29,-7.779999999999973
2008,69,1.71,-6.5499999999999545
2008,70,0.0,-7.069999999999993
2008,71,0.0,-4.9599999999999795
2008,72,0.0,-3.1899999999999977
2008,73,0.0,-5.079999999999984
2008,74,9.16,-4.779999999999973
2008,75,0.08,-7.989999999999952
2008,76,1.37,-6.139999999999986
2008,77,8.33,-6.519999999999982
2008,78,0.44,-8.75
2008,79,0.0,-6.989999999999952
2008,80,0.0,-3.1499999999999773
2008,81,0.0,-4.319999999999993
2008,82,0.0,-6.409999999999968
2008,83,0.19,-8.019999999999982
2008,84,0.0,-3.6399999999999864
2008,85,0.0,-0.9099999999999682
2008,86,0.0,0.20000000000004547
2008,87,0.0,-0.6499999999999773
2008,88,0.0,-3.5600000000000023
2008,89,0.0,-0.8599999999999568
2008,90,0.41,-0.7699999999999818
2008,91,2.19,-1.75
2008,92,0.0,-6.569999999999993
2008,93,0.0,-2.1899999999999977
2008,94,0.0,-2.339999999999975
2008,95,0.8,-4.279999999999973
2008,96,0.0,-1.7899999999999636
2008,97,0.0,-3.319999999999993
2008,98,4.59,-2.42999999999995
2008,99,0.0,-4.579999999999984
2008,100,0.0,-1.0199999999999818
2008,101,9.71,-3.419999999999959
2008,102,1.21,-8.079999999999984
2008,103,1.89,-9.609999999999957
2008,104,0.0,-6.0
2008,105,0.0,-0.7199999999999704
2008,106,0.0,2.75
2008,107,1.48,0.5900000000000318
2008,108,15.55,-6.8700000000000045
2008,109,1.17,-5.349999999999966
2008,110,0.0,0.6800000000000068
2008,111,0.0,2.7700000000000387
2008,112,0.0,-0.029999999999972715
2008,113,0.0,-0.6399999999999864
2008,114,0.0,3.590000000000032
2008,115,0.0,2.930000000000007
2008,116,0.0,-3.5600000000000023
2008,117,0.0,-4.669999999999959
2008,118,0.0,-5.239999999999952
2008,119,0.0,-0.049999999999954525
2008,120,0.0,3.660000000000025
2008,121,0.0,5.0400000000000205
2008,122,3.95,-0.12000000000000455
2008,123,0.61,-6.919999999999959
2008,124,0.0,-5.259999999999991
2008,125,0.0,-0.67999999999995
2008,126,0.0,3.730000000000018
2008,127,0.0,5.640000000000043
2008,128,3.55,3.8799999999999955
2008,129,0.71,3.410000000000025
2008,130,0.0,1.2200000000000273
2008,131,1.52,0.7600000000000477
2008,132,0.0,-0.12000000000000455
2008,133,0.0,5.189999999999998
2008,134,12.15,-0.1099999999999568
2008,135,2.28,-0.37999999999999545
2008,136,13.23,0.30000000000001137
2008,137,0.0,0.2400000000000091
2008,138,0.23,4.9500000000000455
2008,139,0.0,7.2900000000000205
2008,140,0.0,9.410000000000025
2008,141,0.09,10.260000000000048
2008,142,0.0,10.580000000000041
2008,143,0.36,7.110000000000014
2008,144,0.12,2.400000000000034
2008,145,0.0,1.6400000000000432
2008,146,0.0,4.189999999999998
2008,147,2.88,6.970000000000027
2008,148,1.24,4.410000000000025
2008,149,0.07,6.730000000000018
2008,150,0.05,9.160000000000025
2008,151,0.0,6.5400000000000205
2008,152,0.0,8.140000000000043
2008,153,0.0,10.189999999999998
2008,154,0.0,11.879999999999995
2008,155,0.0,10.220000000000027
2008,156,0.0,8.920000000000016
2008,157,13.46,5.660000000000025
2008,158,0.4,5.230000000000018
2008,159,0.0,9.82000000000005
2008,160,0.05,7.310000000000002
2008,161,0.0,4.830000000000041
2008,162,0.0,8.920000000000016
2008,163,0.0,9.57000000000005
2008,164,0.0,3.430000000000007
2008,165,0.0,5.050000000000011
2008,166,0.0,9.710000000000036
2008,167,0.0,12.410000000000025
2008,168,0.0,13.25
2008,169,0.0,13.0
2008,170,0.0,14.29000000000002
2008,171,0.07,12.430000000000007
2008,172,0.39,11.5
2008,173,0.0,10.910000000000025
2008,174,0.03,12.970000000000027
2008,175,1.06,13.100000000000023
2008,176,0.58,12.510000000000048
2008,177,0.06,14.210000000000036
2008,178,0.0,14.700000000000045
2008,179,0.0,13.53000000000003
2008,180,0.2,12.860000000000014
2008,181,0.1,11.730000000000018
2008,182,0.0,13.300000000000011
2008,183,0.0,14.379999999999995
2008,184,0.0,13.879999999999995
2008,185,0.41,13.730000000000018
2008,186,0.71,14.410000000000025
2008,187,0.21,16.27000000000004
2008,188,3.66,15.189999999999998
2008,189,1.35,11.950000000000045
2008,190,2.92,11.220000000000027
2008,191,0.68,12.670000000000016
2008,192,0.06,14.600000000000023
2008,193,0.0,16.24000000000001
2008,194,0.0,13.640000000000043
2008,195,0.0,12.900000000000034
2008,196,0.91,14.620000000000005
2008,197,0.02,15.28000000000003
2008,198,0.0,16.33000000000004
2008,199,1.67,15.900000000000034
2008,200,0.2,13.550000000000011
2008,201,0.03,14.900000000000034
2008,202,1.59,16.80000000000001
2008,203,0.0,16.33000000000004
2008,204,0.0,16.730000000000018
2008,205,2.83,16.560000000000002
2008,206,2.96,15.710000000000036
2008,207,4.35,15.960000000000036
2008,208,0.0,15.100000000000023
2008,209,0.86,15.660000000000025
2008,210,0.29,15.640000000000043
2008,211,0.0,14.060000000000002
2008,212,0.0,15.0
2008,213,0.0,16.140000000000043
2008,214,0.0,17.24000000000001
2008,215,0.14,17.890000000000043
2008,216,0.07,17.650000000000034
2008,217,0.25,15.580000000000041
2008,218,2.61,15.53000000000003
2008,219,0.59,13.54000000000002
2008,220,4.18,12.010000000000048
2008,221,1.44,12.310000000000002
2008,222,2.97,14.03000000000003
2008,223,9.43,12.910000000000025
2008,224,5.42,12.189999999999998
2008,225,0.0,13.520000000000039
2008,226,0.9,13.960000000000036
2008,227,0.43,12.460000000000036
2008,228,14.61,8.54000000000002
2008,229,20.97,5.770000000000039
2008,230,6.17,6.57000000000005
2008,231,0.0,8.650000000000034
2008,232,0.0,10.5
2008,233,0.51,13.160000000000025
2008,234,0.04,14.020000000000039
2008,235,0.01,15.450000000000045
2008,236,7.53,13.210000000000036
2008,237,0.78,14.660000000000025
2008,238,2.8,14.300000000000011
2008,239,0.01,13.870000000000005
2008,240,1.94,14.600000000000023
2008,241,0.02,13.850000000000023
2008,242,0.06,12.770000000000039
2008,243,0.25,13.860000000000014
2008,244,0.47,13.720000000000027
2008,245,0.52,12.050000000000011
2008,246,0.0,10.550000000000011
2008,247,0.0,7.57000000000005
2008,248,0.0,9.0
2008,249,0.0,8.470000000000027
2008,250,0.0,7.920000000000016
2008,251,0.27,9.090000000000032
2008,252,0.0,9.260000000000048
2008,253,0.0,9.920000000000016
2008,254,0.0,10.340000000000032
2008,255,0.28,8.470000000000027
2008,256,21.9,6.939999999999998
2008,257,0.0,6.53000000000003
2008,258,0.0,7.660000000000025
2008,259,0.0,7.740000000000009
2008,260,0.0,9.230000000000018
2008,261,0.0,10.640000000000043
2008,262,0.3,9.850000000000023
2008,263,0.63,8.79000000000002
2008,264,2.76,8.470000000000027
2008,265,0.28,10.220000000000027
2008,266,0.0,10.560000000000002
2008,267,0.0,9.090000000000032
2008,268,0.0,9.28000000000003
2008,269,0.0,11.03000000000003
2008,270,0.0,12.07000000000005
2008,271,4.88,10.860000000000014
2008,272,0.34,10.210000000000036
2008,273,0.0,10.120000000000005
2008,274,0.0,10.120000000000005
2008,275,0.0,9.870000000000005
2008,276,0.27,9.350000000000023
2008,277,0.0,8.670000000000016
2008,278,0.0,8.020000000000039
2008,279,0.14,6.5400000000000205
2008,280,3.37,3.2800000000000296
2008,281,0.0,3.3100000000000023
2008,282,0.0,6.939999999999998
2008,283,0.0,7.660000000000025
2008,284,0.0,6.189999999999998
2008,285,1.89,4.2000000000000455
2008,286,4.09,4.1299999999999955
2008,287,0.2,-1.2699999999999818
2008,288,0.0,0.5100000000000477
2008,289,0.0,2.0200000000000387
2008,290,0.0,3.3500000000000227
2008,291,0.0,4.439999999999998
2008,292,0.0,6.8700000000000045
2008,293,0.0,6.330000000000041
2008,294,0.3,4.240000000000009
2008,295,1.1,3.340000000000032
2008,296,4.58,-4.42999999999995
2008,297,1.33,-6.5
2008,298,0.58,-0.7799999999999727
2008,299,0.14,1.5100000000000477
2008,300,0.0,3.4700000000000273
2008,301,0.0,2.2200000000000273
2008,302,0.0,4.03000000000003
2008,303,0.0,4.1200000000000045
2008,304,0.0,4.160000000000025
2008,305,0.0,4.400000000000034
2008,306,0.0,5.0
2008,307,0.0,4.8799999999999955
2008,308,0.0,4.160000000000025
2008,309,0.0,2.7200000000000273
2008,310,0.3,-2.7899999999999636
2008,311,0.0,-8.009999999999991
2008,312,0.0,-6.2099999999999795
2008,313,0.0,-2.6999999999999886
2008,314,0.0,-1.8799999999999955
2008,315,0.0,-1.42999999999995
2008,316,0.0,-3.4899999999999523
2008,317,0.0,-4.8700000000000045
2008,318,0.71,-0.46999999999997044
2008,319,0.71,-3.919999999999959
2008,320,0.08,-9.439999999999998
2008,321,0.0,-2.1899999999999977
2008,322,0.0,-0.48999999999995225
2008,323,0.0,0.7900000000000205
2008,324,0.0,0.27000000000003865
2008,325,0.0,-4.849999999999966
2008,326,0.0,-3.909999999999968
2008,327,0.0,-2.349999999999966
2008,328,0.0,-1.8199999999999932
2008,329,0.0,-3.7899999999999636
2008,330,0.0,-0.46999999999997044
2008,331,0.0,-0.8499999999999659
2008,332,0.21,-0.37999999999999545
2008,333,1.43,-3.8799999999999955
2008,334,0.78,-7.769999999999982
2008,335,0.0,-7.17999999999995
2008,336,1.62,-6.279999999999973
2008,337,0.33,-2.2099999999999795
2008,338,0.0,-6.5499999999999545
2008,339,0.76,-11.46999999999997
2008,340,0.08,-11.109999999999957
2008,341,0.01,-3.5499999999999545
2008,342,0.0,-0.9099999999999682
2008,343,0.6,-2.8899999999999864
2008,344,1.04,-11.189999999999998
2008,345,0.84,-8.129999999999995
2008,346,0.16,-6.25
2008,347,0.0,-6.8700000000000045
2008,348,0.15,-4.7999999999999545
2008,349,1.98,-9.519999999999982
2008,350,0.0,-18.20999999999998
2008,351,0.11,-12.169999999999959
2008,352,0.0,-10.639999999999986
2008,353,1.14,-6.9599999999999795
2008,354,0.0,-9.409999999999968
2008,355,0.0,-13.139999999999986
2008,356,0.0,-15.96999999999997
2008,357,0.0,-8.139999999999986
2008,358,0.0,-9.779999999999973
2008,359,0.0,-15.229999999999961
2008,360,0.0,-9.289999999999964
2008,361,0.75,-6.46999999999997
2008,362,0.0,-16.44999999999999
2008,363,0.0,-9.310000000000002
2008,364,0.0,-5.060000000000002
2008,365,0.0,-3.0
2008,366,0.0,-5.539999999999964
2009,1,0.0,-4.839999999999975
2009,2,0.0,-4.149999999999977
2009,3,0.0,-4.6299999999999955
2009,4,0.9,-14.120000000000005
2009,5,0.1,-13.259999999999991
2009,6,0.0,-12.419999999999959
2009,7,0.0,-7.9599999999999795
2009,8,0.0,-3.8100000000000023
2009,9,0.0,-4.759999999999991
2009,10,0.87,-10.75
2009,11,0.0,-10.560000000000002
2009,12,2.29,-9.17999999999995
2009,13,1.12,-9.310000000000002
2009,14,0.15,-7.8700000000000045
2009,15,0.14,-8.279999999999973
2009,16,0.0,-6.669999999999959
2009,17,0.0,-4.849999999999966
2009,18,0.0,-5.71999999999997
2009,19,0.0,-3.579999999999984
2009,20,0.0,-3.669999999999959
2009,21,0.0,-1.9899999999999523
2009,22,0.0,-1.6999999999999886
2009,23,0.07,-1.599999999999966
2009,24,0.61,-4.259999999999991
2009,25,0.0,-4.3700000000000045
2009,26,0.74,-7.2099999999999795
2009,27,0.83,-14.109999999999957
2009,28,0.0,-13.139999999999986
2009,29,0.0,-11.75
2009,30,0.0,-5.729999999999961
2009,31,0.0,-3.9699999999999704
2009,32,0.0,-5.109999999999957
2009,33,0.0,-5.839999999999975
2009,34,0.0,-5.21999999999997
2009,35,0.0,-4.479999999999961
2009,36,0.0,-2.6299999999999955
2009,37,0.0,-2.509999999999991
2009,38,0.0,-4.349999999999966
2009,39,0.0,-2.92999999999995
2009,40,0.23,-6.019999999999982
2009,41,0.0,-8.509999999999991
2009,42,0.0,-11.149999999999977
2009,43,0.0,-10.96999999999997
2009,44,1.98,-10.370000000000005
2009,45,0.17,-10.699999999999989
2009,46,0.05,-12.049999999999955
2009,47,0.0,-6.909999999999968
2009,48,0.0,-6.009999999999991
2009,49,0.0,-9.079999999999984
2009,50,0.0,-9.810000000000002
2009,51,0.0,-7.75
2009,52,0.0,-7.779999999999973
2009,53,0.0,-3.42999999999995
2009,54,0.0,-1.169999999999959
2009,55,0.0,0.12999999999999545
2009,56,0.0,-1.1299999999999955
2009,57,0.0,-1.6899999999999977
2009,58,0.0,-4.189999999999998
2009,59,0.0,-8.439999999999998
2009,60,0.0,-3.0499999999999545
2009,61,0.0,1.3799999999999955
2009,62,0.0,1.8799999999999955
2009,63,0.0,1.3000000000000114
2009,64,0.0,-0.5299999999999727
2009,65,0.0,-2.9899999999999523
2009,66,0.89,-3.8799999999999955
2009,67,0.0,-5.779999999999973
2009,68,0.0,-2.67999999999995
2009,69,0.1,-5.979999999999961
2009,70,0.0,-6.25
2009,71,0.11,-3.069999999999993
2009,72,0.43,-5.579999999999984
2009,73,0.0,-5.399999999999977
2009,74,0.0,-2.919999999999959
2009,75,0.0,-1.7699999999999818
2009,76,0.0,0.9000000000000341
2009,77,0.0,1.0400000000000205
2009,78,0.0,1.1000000000000227
2009,79,0.0,2.8000000000000114
2009,80,0.0,3.32000000000005
2009,81,0.0,3.7800000000000296
2009,82,0.13,-0.8199999999999932
2009,83,0.0,-4.759999999999991
2009,84,1.11,-5.399999999999977
2009,85,19.26,-6.599999999999966
2009,86,1.89,-14.339999999999975
2009,87,0.85,-8.899999999999977
2009,88,0.0,-5.329999999999984
2009,89,0.0,-6.4599999999999795
2009,90,0.0,-12.45999999999998
2009,91,4.03,-9.239999999999952
2009,92,2.52,-9.560000000000002
2009,93,1.98,-4.279999999999973
2009,94,3.95,-5.2999999999999545
2009,95,0.8,-12.239999999999952
2009,96,0.22,-10.109999999999957
2009,97,0.0,-3.849999999999966
2009,98,0.0,-1.3999999999999773
2009,99,0.0,-2.6499999999999773
2009,100,0.0,-3.9399999999999977
2009,101,0.0,-0.2899999999999636
2009,102,5.37,-2.2299999999999613
2009,103,1.2,-2.4799999999999613
2009,104,0.0,0.32000000000005
2009,105,0.0,2.3600000000000136
2009,106,7.85,0.28000000000002956
2009,107,32.93,-2.9399999999999977
2009,108,8.35,-4.7099999999999795
2009,109,2.08,-3.9699999999999704
2009,110,0.0,0.18000000000000682
2009,111,0.0,2.7600000000000477
2009,112,0.0,3.730000000000018
2009,113,0.0,4.770000000000039
2009,114,0.0,5.4500000000000455
2009,115,0.0,3.730000000000018
2009,116,1.13,1.2600000000000477
2009,117,7.77,-3.5600000000000023
2009,118,0.15,1.3799999999999955
2009,119,0.0,5.400000000000034
2009,120,0.0,4.9500000000000455
2009,121,0.0,5.0400000000000205
2009,122,3.17,5.32000000000005
2009,123,2.93,3.0400000000000205
2009,124,0.34,3.7700000000000387
2009,125,0.0,4.520000000000039
2009,126,0.0,5.650000000000034
2009,127,0.0,8.620000000000005
2009,128,0.0,6.590000000000032
2009,129,0.0,3.7100000000000364
2009,130,1.68,6.020000000000039
2009,131,0.0,5.7000000000000455
2009,132,0.0,9.180000000000007
2009,133,0.0,8.189999999999998
2009,134,0.0,6.390000000000043
2009,135,0.0,7.740000000000009
2009,136,4.85,5.350000000000023
2009,137,0.0,7.970000000000027
2009,138,0.0,11.330000000000041
2009,139,0.16,13.650000000000034
2009,140,0.06,11.379999999999995
2009,141,7.13,9.310000000000002
2009,142,11.15,6.660000000000025
2009,143,5.95,6.520000000000039
2009,144,8.11,7.2000000000000455
2009,145,4.54,6.830000000000041
2009,146,14.27,4.640000000000043
2009,147,3.76,4.5400000000000205
2009,148,0.77,7.32000000000005
2009,149,1.23,8.760000000000048
2009,150,6.61,9.490000000000009
2009,151,10.85,8.680000000000007
2009,152,11.78,8.210000000000036
2009,153,12.34,5.57000000000005
2009,154,3.93,5.110000000000014
2009,155,1.46,8.650000000000034
2009,156,0.16,10.860000000000014
2009,157,0.17,9.32000000000005
2009,158,0.0,7.510000000000048
2009,159,0.1,6.0
2009,160,0.23,7.7900000000000205
2009,161,0.91,6.560000000000002
2009,162,2.15,6.5400000000000205
2009,163,1.77,7.310000000000002
2009,164,0.68,9.670000000000016
2009,165,1.39,10.080000000000041
2009,166,1.68,8.960000000000036
2009,167,0.71,9.090000000000032
2009,168,0.13,11.560000000000002
2009,169,1.07,10.520000000000039
2009,170,1.62,10.010000000000048
2009,171,2.6,10.430000000000007
2009,172,3.01,9.680000000000007
2009,173,0.1,11.970000000000027
2009,174,6.25,14.410000000000025
2009,175,5.15,13.990000000000009
2009,176,15.65,14.580000000000041
2009,177,20.54,13.620000000000005
2009,178,2.63,11.300000000000011
2009,179,3.66,12.970000000000027
2009,180,2.17,13.270000000000039
2009,181,1.42,13.720000000000027
2009,182,0.11,14.430000000000007
2009,183,6.65,14.270000000000039
2009,184,11.01,13.629999999999995
2009,185,4.92,12.57000000000005
2009,186,5.86,11.07000000000005
2009,187,2.8,12.230000000000018
2009,188,0.16,13.770000000000039
2009,189,0.08,13.879999999999995
2009,190,0.15,14.830000000000041
2009,191,1.86,15.520000000000039
2009,192,2.91,16.74000000000001
2009,193,4.31,16.08000000000004
2009,194,3.95,15.600000000000023
2009,195,0.71,15.53000000000003
2009,196,0.0,14.920000000000016
2009,197,0.0,14.010000000000048
2009,198,0.0,13.830000000000041
2009,199,0.0,14.07000000000005
2009,200,0.91,14.920000000000016
2009,201,1.28,15.350000000000023
2009,202,8.51,12.910000000000025
2009,203,7.95,13.480000000000018
2009,204,0.59,14.480000000000018
2009,205,0.0,15.870000000000005
2009,206,2.74,15.75
2009,207,6.9,12.370000000000005
2009,208,3.81,12.480000000000018
2009,209,2.15,12.960000000000036
2009,210,5.53,11.830000000000041
2009,211,8.38,8.390000000000043
2009,212,4.01,11.189999999999998
2009,213,1.41,11.200000000000045
2009,214,0.42,13.439999999999998
2009,215,0.84,15.120000000000005
2009,216,0.54,15.060000000000002
2009,217,1.19,16.180000000000007
2009,218,3.84,15.82000000000005
2009,219,1.97,14.560000000000002
2009,220,0.0,12.53000000000003
2009,221,1.27,10.850000000000023
2009,222,1.52,11.689999999999998
2009,223,0.27,12.57000000000005
2009,224,0.0,13.939999999999998
2009,225,0.52,15.410000000000025
2009,226,1.33,13.78000000000003
2009,227,0.84,11.160000000000025
2009,228,0.14,10.800000000000011
2009,229,1.26,10.110000000000014
2009,230,2.04,10.810000000000002
2009,231,0.49,10.75
2009,232,0.0,10.620000000000005
2009,233,0.0,13.100000000000023
2009,234,0.21,15.170000000000016
2009,235,0.3,16.49000000000001
2009,236,0.58,14.260000000000048
2009,237,3.6,11.700000000000045
2009,238,5.85,11.510000000000048
2009,239,2.18,11.800000000000011
2009,240,0.13,12.300000000000011
2009,241,0.12,12.78000000000003
2009,242,1.1,12.100000000000023
2009,243,1.14,12.57000000000005
2009,244,0.26,13.82000000000005
2009,245,0.12,14.0
2009,246,0.17,13.150000000000034
2009,247,0.35,12.700000000000045
2009,248,0.76,12.32000000000005
2009,249,1.32,11.800000000000011
2009,250,1.2,11.350000000000023
2009,251,1.0,13.510000000000048
2009,252,1.61,12.379999999999995
2009,253,2.18,13.0
2009,254,0.34,11.810000000000002
2009,255,6.93,7.160000000000025
2009,256,13.05,8.430000000000007
2009,257,4.04,11.300000000000011
2009,258,4.77,11.650000000000034
2009,259,3.06,9.270000000000039
2009,260,1.1,8.170000000000016
2009,261,0.13,9.210000000000036
2009,262,0.21,9.090000000000032
2009,263,0.4,10.03000000000003
2009,264,4.56,3.900000000000034
2009,265,6.77,-1.2699999999999818
2009,266,6.03,0.2300000000000182
2009,267,0.8,1.5500000000000114
2009,268,0.24,3.8700000000000045
2009,269,0.0,7.890000000000043
2009,270,0.0,11.180000000000007
2009,271,0.06,8.850000000000023
2009,272,0.56,10.78000000000003
2009,273,0.0,10.180000000000007
2009,274,0.0,0.4500000000000455
2009,275,0.0,-1.0
2009,276,0.0,2.5100000000000477
2009,277,0.08,4.860000000000014
2009,278,0.6,4.3700000000000045
2009,279,0.07,0.7800000000000296
2009,280,0.0,3.5300000000000296
2009,281,0.16,2.4500000000000455
2009,282,1.45,-0.39999999999997726
2009,283,0.51,-0.589999999999975
2009,284,0.0,1.0
2009,285,0.0,3.6200000000000045
2009,286,0.0,4.180000000000007
2009,287,0.35,5.32000000000005
2009,288,0.0,4.2000000000000455
2009,289,0.0,2.75
2009,290,0.0,3.090000000000032
2009,291,0.0,7.410000000000025
2009,292,0.0,7.770000000000039
2009,293,0.0,6.28000000000003
2009,294,14.25,-0.9799999999999613
2009,295,5.31,-5.289999999999964
2009,296,1.68,-2.2899999999999636
2009,297,0.0,0.6899999999999977
2009,298,0.83,-1.8199999999999932
2009,299,6.16,-9.029999999999973
2009,300,1.92,-3.5
2009,301,17.44,-6.839999999999975
2009,302,2.86,-11.979999999999961
2009,303,1.46,-10.810000000000002
2009,304,1.33,-3.109999999999957
2009,305,0.0,-1.17999999999995
2009,306,0.0,-2.259999999999991
2009,307,0.0,0.36000000000001364
2009,308,0.0,2.170000000000016
2009,309,0.0,3.9399999999999977
2009,310,0.0,3.57000000000005
2009,311,0.0,3.32000000000005
2009,312,0.0,2.430000000000007
2009,313,0.0,-0.22999999999996135
2009,314,0.0,0.9200000000000159
2009,315,0.0,2.1200000000000045
2009,316,0.0,2.6200000000000045
2009,317,0.0,0.6700000000000159
2009,318,4.11,-3.4399999999999977
2009,319,18.06,-8.979999999999961
2009,320,0.54,-12.359999999999957
2009,321,1.35,-5.239999999999952
2009,322,0.27,-3.259999999999991
2009,323,0.0,-5.199999999999989
2009,324,0.0,-6.6200000000000045
2009,325,0.0,-3.7899999999999636
2009,326,0.0,-5.979999999999961
2009,327,0.0,-8.019999999999982
2009,328,0.0,-11.310000000000002
2009,329,0.03,-5.899999999999977
2009,330,0.0,-3.359999999999957
2009,331,0.0,-2.609999999999957
2009,332,0.0,-3.669999999999959
2009,333,0.0,-7.529999999999973
2009,334,0.0,-6.109999999999957
2009,335,0.0,-3.859999999999957
2009,336,0.83,-11.449999999999989
2009,337,0.73,-19.109999999999985
2009,338,0.0,-20.079999999999984
2009,339,0.0,-11.519999999999982
2009,340,2.01,-16.25
2009,341,2.12,-17.21999999999997
2009,342,0.0,-11.359999999999957
2009,343,0.0,-20.369999999999976
2009,344,0.32,-18.669999999999987
2009,345,0.0,-13.349999999999966
2009,346,0.0,-9.75
2009,347,0.17,-7.2999999999999545
2009,348,0.05,-9.139999999999986
2009,349,0.0,-10.279999999999973
2009,350,0.0,-4.2099999999999795
2009,351,0.0,-4.729999999999961
2009,352,0.0,-8.949999999999989
2009,353,0.0,-10.139999999999986
2009,354,0.0,-5.739999999999952
2009,355,0.0,-4.599999999999966
2009,356,0.0,-5.519999999999982
2009,357,5.85,-7.699999999999989
2009,358,0.0,-15.20999999999998
2009,359,0.0,-18.169999999999987
2009,360,0.05,-16.0
2009,361,0.0,-12.889999999999986
2009,362,0.0,-12.71999999999997
2009,363,0.0,-9.379999999999995
2009,364,0.0,-11.229999999999961
2009,365,0.0,-14.949999999999989
2010,1,0.0,-10.439999999999998
2010,2,0.0,-7.239999999999952
2010,3,0.15,-11.379999999999995
2010,4,0.0,-12.579999999999984
2010,5,0.0,-8.889999999999986
2010,6,0.0,-7.669999999999959
2010,7,0.79,-18.269999999999982
2010,8,0.0,-16.529999999999973
2010,9,0.0,-9.199999999999989
2010,10,0.0,-7.899999999999977
2010,11,0.0,-7.259999999999991
2010,12,0.0,-4.739999999999952
2010,13,0.0,-5.039999999999964
2010,14,0.0,-5.779999999999973
2010,15,0.0,-6.939999999999998
2010,16,0.0,-6.159999999999968
2010,17,0.0,-3.669999999999959
2010,18,0.0,-5.279999999999973
2010,19,0.0,-6.46999999999997
2010,20,0.0,-9.189999999999998
2010,21,0.01,-9.409999999999968
2010,22,0.24,-4.419999999999959
2010,23,0.0,-9.889999999999986
2010,24,0.0,-12.439999999999998
2010,25,0.0,-13.139999999999986
2010,26,0.0,-9.859999999999957
2010,27,0.88,-8.069999999999993
2010,28,0.61,-8.199999999999989
2010,29,0.0,-10.139999999999986
2010,30,0.0,-9.45999999999998
2010,31,0.32,-6.989999999999952
2010,32,0.0,-11.289999999999964
2010,33,0.0,-11.629999999999995
2010,34,1.84,-7.569999999999993
2010,35,0.0,-6.769999999999982
2010,36,0.0,-9.889999999999986
2010,37,0.0,-8.509999999999991
2010,38,1.68,-9.539999999999964
2010,39,2.13,-10.799999999999955
2010,40,1.56,-15.629999999999995
2010,41,0.52,-12.069999999999993
2010,42,0.13,-11.589999999999975
2010,43,0.11,-11.359999999999957
2010,44,0.56,-9.099999999999966
2010,45,0.6,-11.949999999999989
2010,46,0.23,-15.439999999999998
2010,47,0.01,-12.269999999999982
2010,48,0.53,-9.71999999999997
2010,49,1.02,-7.259999999999991
2010,50,1.49,-10.269999999999982
2010,51,1.29,-8.729999999999961
2010,52,2.11,-11.810000000000002
2010,53,1.31,-14.120000000000005
2010,54,0.42,-14.519999999999982
2010,55,0.29,-9.239999999999952
2010,56,2.49,-6.939999999999998
2010,57,3.01,-10.139999999999986
2010,58,0.36,-8.729999999999961
2010,59,0.94,-4.779999999999973
2010,60,1.17,-8.20999999999998
2010,61,0.14,-8.019999999999982
2010,62,0.0,-5.339999999999975
2010,63,0.16,-4.099999999999966
2010,64,0.24,-5.189999999999998
2010,65,0.13,-5.8700000000000045
2010,66,0.5,-3.4899999999999523
2010,67,1.69,-2.25
2010,68,2.79,-5.2999999999999545
2010,69,5.77,-5.139999999999986
2010,70,4.0,-9.149999999999977
2010,71,0.38,-8.149999999999977
2010,72,0.1,-4.2999999999999545
2010,73,5.25,-3.7299999999999613
2010,74,4.68,-5.839999999999975
2010,75,0.66,-4.109999999999957
2010,76,0.13,-0.9599999999999795
2010,77,0.94,0.5300000000000296
2010,78,6.32,-6.0499999999999545
2010,79,6.37,-14.279999999999973
2010,80,0.14,-8.25
2010,81,0.13,-3.859999999999957
2010,82,11.25,-3.5399999999999636
2010,83,13.88,-7.329999999999984
2010,84,1.07,-8.579999999999984
2010,85,3.98,-5.25
2010,86,5.71,-7.109999999999957
2010,87,1.55,-6.759999999999991
2010,88,0.4,-2.069999999999993
2010,89,0.0,1.4700000000000273
2010,90,0.0,2.5200000000000387
2010,91,0.36,-0.25
2010,92,0.21,-9.269999999999982
2010,93,0.06,-7.560000000000002
2010,94,0.42,-3.3899999999999864
2010,95,0.0,-0.5699999999999932
2010,96,0.33,-2.8799999999999955
2010,97,3.57,-8.239999999999952
2010,98,0.15,-5.439999999999998
2010,99,0.21,-0.6299999999999955
2010,100,0.0,1.0900000000000318
2010,101,0.06,2.3700000000000045
2010,102,0.12,4.180000000000007
2010,103,3.9,3.7800000000000296
2010,104,0.19,-0.13999999999998636
2010,105,0.2,3.580000000000041
2010,106,0.23,1.7100000000000364
2010,107,0.58,1.2900000000000205
2010,108,0.57,2.400000000000034
2010,109,0.11,3.6200000000000045
2010,110,0.23,4.430000000000007
2010,111,10.01,4.090000000000032
2010,112,18.41,3.8000000000000114
2010,113,8.43,-1.1099999999999568
2010,114,3.93,-2.099999999999966
2010,115,3.3,-0.6299999999999955
2010,116,3.39,-1.509999999999991
2010,117,0.45,0.040000000000020464
2010,118,0.39,4.980000000000018
2010,119,1.27,1.2800000000000296
2010,120,0.54,-5.5
2010,121,0.35,-4.71999999999997
2010,122,1.41,-2.759999999999991
2010,123,1.35,-1.919999999999959
2010,124,0.13,2.830000000000041
2010,125,0.0,3.8500000000000227
2010,126,0.11,4.840000000000032
2010,127,0.24,-1.3999999999999773
2010,128,0.24,-0.12000000000000455
2010,129,0.38,5.150000000000034
2010,130,0.27,5.090000000000032
2010,131,1.48,2.5600000000000023
2010,132,5.14,-0.029999999999972715
2010,133,8.65,-1.5699999999999932
2010,134,10.44,1.3900000000000432
2010,135,4.86,1.9700000000000273
2010,136,0.71,2.180000000000007
2010,137,0.0,5.140000000000043
2010,138,0.0,7.100000000000023
2010,139,0.45,3.5300000000000296
2010,140,0.7,4.430000000000007
2010,141,0.17,7.57000000000005
2010,142,0.0,9.860000000000014
2010,143,0.0,8.020000000000039
2010,144,0.0,6.28000000000003
2010,145,0.13,2.5200000000000387
2010,146,0.13,6.990000000000009
2010,147,0.03,10.410000000000025
2010,148,0.0,12.879999999999995
2010,149,0.2,12.160000000000025
2010,150,0.37,6.53000000000003
2010,151,0.13,7.490000000000009
2010,152,0.0,10.420000000000016
2010,153,0.0,9.650000000000034
2010,154,0.0,10.450000000000045
2010,155,0.0,13.150000000000034
2010,156,0.63,15.390000000000043
2010,157,0.84,15.610000000000014
2010,158,0.0,17.180000000000007
2010,159,0.48,15.670000000000016
2010,160,0.59,14.770000000000039
2010,161,0.2,15.770000000000039
2010,162,8.49,12.640000000000043
2010,163,15.91,7.980000000000018
2010,164,9.59,5.430000000000007
2010,165,7.63,5.6200000000000045
2010,166,1.87,7.720000000000027
2010,167,0.0,12.129999999999995
2010,168,0.0,12.07000000000005
2010,169,0.0,12.07000000000005
2010,170,0.0,13.650000000000034
2010,171,0.0,13.950000000000045
2010,172,0.0,13.170000000000016
2010,173,0.0,14.370000000000005
2010,174,0.0,12.939999999999998
2010,175,0.0,13.830000000000041
2010,176,0.75,16.24000000000001
2010,177,3.6,15.060000000000002
2010,178,5.45,13.160000000000025
2010,179,2.18,13.700000000000045
2010,180,1.59,14.57000000000005
2010,181,0.76,13.760000000000048
2010,182,0.64,14.29000000000002
2010,183,1.18,15.240000000000009
2010,184,0.91,15.400000000000034
2010,185,2.82,14.03000000000003
2010,186,4.63,10.970000000000027
2010,187,1.21,12.920000000000016
2010,188,2.29,11.830000000000041
2010,189,3.21,10.57000000000005
2010,190,1.34,11.140000000000043
2010,191,0.6,13.29000000000002
2010,192,1.9,13.03000000000003
2010,193,1.64,13.28000000000003
2010,194,0.13,15.760000000000048
2010,195,0.0,17.54000000000002
2010,196,0.0,16.620000000000005
2010,197,0.0,16.370000000000005
2010,198,0.0,17.629999999999995
2010,199,0.1,17.78000000000003
2010,200,0.7,17.25
2010,201,10.57,16.82000000000005
2010,202,9.47,15.04000000000002
2010,203,2.4,15.350000000000023
2010,204,2.3,15.610000000000014
2010,205,0.14,15.340000000000032
2010,206,0.64,13.990000000000009
2010,207,0.71,15.340000000000032
2010,208,3.23,16.83000000000004
2010,209,4.44,15.460000000000036
2010,210,3.23,15.490000000000009
2010,211,6.49,14.930000000000007
2010,212,6.21,14.920000000000016
2010,213,5.32,15.990000000000009
2010,214,9.47,13.900000000000034
2010,215,6.03,14.550000000000011
2010,216,3.38,14.220000000000027
2010,217,3.24,13.010000000000048
2010,218,3.58,13.590000000000032
2010,219,2.65,14.400000000000034
2010,220,3.04,14.350000000000023
2010,221,8.02,14.730000000000018
2010,222,5.89,13.010000000000048
2010,223,0.0,14.470000000000027
2010,224,1.08,14.840000000000032
2010,225,0.95,13.379999999999995
2010,226,0.0,13.629999999999995
2010,227,0.56,12.470000000000027
2010,228,2.25,14.450000000000045
2010,229,1.49,12.400000000000034
2010,230,0.18,14.870000000000005
2010,231,1.73,15.330000000000041
2010,232,1.89,12.32000000000005
2010,233,0.0,13.75
2010,234,0.0,15.590000000000032
2010,235,0.17,15.980000000000018
2010,236,1.06,11.710000000000036
2010,237,0.48,12.53000000000003
2010,238,0.0,14.150000000000034
2010,239,0.11,14.830000000000041
2010,240,0.26,14.32000000000005
2010,241,0.24,12.760000000000048
2010,242,0.06,12.330000000000041
2010,243,0.0,10.800000000000011
2010,244,0.1,10.860000000000014
2010,245,0.14,10.490000000000009
2010,246,0.0,8.879999999999995
2010,247,0.0,12.560000000000002
2010,248,0.0,13.680000000000007
2010,249,0.0,11.870000000000005
2010,250,0.11,8.660000000000025
2010,251,0.24,12.300000000000011
2010,252,0.13,11.480000000000018
2010,253,0.14,9.04000000000002
2010,254,0.24,7.5
2010,255,0.18,10.480000000000018
2010,256,0.0,12.03000000000003
2010,257,0.0,13.07000000000005
2010,258,0.08,12.110000000000014
2010,259,0.1,11.090000000000032
2010,260,0.0,12.57000000000005
2010,261,0.0,13.400000000000034
2010,262,0.0,13.760000000000048
2010,263,0.05,14.04000000000002
2010,264,0.57,12.32000000000005
2010,265,2.06,11.850000000000023
2010,266,1.85,8.970000000000027
2010,267,0.11,8.150000000000034
2010,268,0.16,9.939999999999998
2010,269,0.18,11.560000000000002
2010,270,0.0,13.460000000000036
2010,271,0.0,12.930000000000007
2010,272,0.0,13.520000000000039
2010,273,0.0,10.100000000000023
2010,274,0.0,11.5
2010,275,0.0,9.210000000000036
2010,276,0.0,10.100000000000023
2010,277,0.68,10.080000000000041
2010,278,0.66,9.560000000000002
2010,279,2.72,10.189999999999998
2010,280,5.51,8.970000000000027
2010,281,1.03,8.310000000000002
2010,282,0.4,2.2700000000000387
2010,283,0.8,2.32000000000005
2010,284,1.15,3.5600000000000023
2010,285,4.58,3.2600000000000477
2010,286,5.0,2.7600000000000477
2010,287,0.0,6.1299999999999955
2010,288,0.0,7.490000000000009
2010,289,0.15,6.710000000000036
2010,290,0.12,6.150000000000034
2010,291,0.36,6.390000000000043
2010,292,0.46,3.7700000000000387
2010,293,0.01,5.240000000000009
2010,294,0.19,5.3700000000000045
2010,295,3.44,3.1299999999999955
2010,296,2.88,2.3600000000000136
2010,297,0.43,1.9399999999999977
2010,298,1.54,2.910000000000025
2010,299,1.92,-6.2999999999999545
2010,300,0.14,-7.939999999999998
2010,301,0.28,-3.8899999999999864
2010,302,0.35,2.8600000000000136
2010,303,0.11,4.050000000000011
2010,304,0.32,1.7000000000000455
2010,305,0.13,-0.7099999999999795
2010,306,0.0,0.37999999999999545
2010,307,0.0,1.8500000000000227
2010,308,0.0,0.4800000000000182
2010,309,0.0,2.640000000000043
2010,310,0.0,3.670000000000016
2010,311,0.0,4.110000000000014
2010,312,0.0,1.660000000000025
2010,313,1.79,0.10000000000002274
2010,314,2.75,-7.0
2010,315,1.13,-5.539999999999964
2010,316,0.8,-8.599999999999966
2010,317,0.0,-8.689999999999998
2010,318,0.15,-9.379999999999995
2010,319,0.85,-7.8799999999999955
2010,320,1.56,-6.5499999999999545
2010,321,0.6,-7.310000000000002
2010,322,0.0,-3.8999999999999773
2010,323,0.0,-0.13999999999998636
2010,324,0.0,-0.6099999999999568
2010,325,0.3,-1.7699999999999818
2010,326,0.47,-6.25
2010,327,0.0,-9.599999999999966
2010,328,0.1,-8.579999999999984
2010,329,0.34,-16.379999999999995
2010,330,0.4,-10.129999999999995
2010,331,0.24,-6.159999999999968
2010,332,0.38,-5.849999999999966
2010,333,0.46,-11.310000000000002
2010,334,0.28,-13.92999999999995
2010,335,0.31,-6.649999999999977
2010,336,0.0,-4.139999999999986
2010,337,0.27,-1.1099999999999568
2010,338,0.43,-2.75
2010,339,0.0,-3.3899999999999864
2010,340,0.2,-4.149999999999977
2010,341,0.26,-5.149999999999977
2010,342,0.0,-4.729999999999961
2010,343,0.0,-2.579999999999984
2010,344,0.58,-4.149999999999977
2010,345,0.72,-7.419999999999959
2010,346,0.58,-8.949999999999989
2010,347,0.81,-2.1299999999999955
2010,348,0.0,-1.9499999999999886
2010,349,0.26,-2.3700000000000045
2010,350,0.42,-8.870000000000005
2010,351,0.35,-11.449999999999989
2010,352,0.6,-9.779999999999973
2010,353,0.47,-5.109999999999957
2010,354,1.28,-1.0699999999999932
2010,355,1.12,-3.079999999999984
2010,356,0.25,-4.109999999999957
2010,357,0.16,-2.259999999999991
2010,358,0.0,-5.319999999999993
2010,359,0.0,-6.389999999999986
2010,360,0.0,-4.5499999999999545
2010,361,0.0,-6.3700000000000045
2010,362,0.11,-7.6200000000000045
2010,363,0.16,-7.060000000000002
2010,364,3.85,-8.42999999999995
2010,365,5.02,-19.21999999999997
2011,1,0.0,-23.039999999999964
2011,2,0.11,-15.889999999999986
2011,3,0.13,-11.529999999999973
2011,4,0.0,-12.139999999999986
2011,5,0.09,-11.21999999999997
2011,6,0.13,-7.839999999999975
2011,7,0.01,-4.92999999999995
2011,8,0.0,-5.6299999999999955
2011,9,3.34,-7.239999999999952
2011,10,4.91,-15.349999999999966
2011,11,0.0,-19.599999999999966
2011,12,0.12,-13.029999999999973
2011,13,0.17,-7.2999999999999545
2011,14,0.1,-5.6299999999999955
2011,15,0.0,-6.189999999999998
2011,16,0.25,-6.5
2011,17,0.76,-2.6899999999999977
2011,18,0.71,-6.4599999999999795
2011,19,0.8,-7.289999999999964
2011,20,1.61,-13.409999999999968
2011,21,0.37,-9.109999999999957
2011,22,0.26,-9.21999999999997
2011,23,0.45,-12.789999999999964
2011,24,0.98,-11.409999999999968
2011,25,0.92,-11.729999999999961
2011,26,0.26,-10.229999999999961
2011,27,0.0,-7.639999999999986
2011,28,0.0,-4.289999999999964
2011,29,0.0,-2.5499999999999545
2011,30,0.0,-4.359999999999957
2011,31,1.81,-7.5
2011,32,2.33,-20.329999999999984
2011,33,0.17,-26.539999999999964
2011,34,1.49,-19.419999999999987
2011,35,2.31,-9.519999999999982
2011,36,4.93,-8.109999999999957
2011,37,9.99,-12.849999999999966
2011,38,7.32,-13.689999999999998
2011,39,7.82,-14.92999999999995
2011,40,0.43,-22.879999999999967
2011,41,0.44,-16.769999999999982
2011,42,0.5,-11.449999999999989
2011,43,0.0,-7.8700000000000045
2011,44,0.0,-3.67999999999995
2011,45,0.0,-2.5499999999999545
2011,46,0.0,-2.319999999999993
2011,47,0.0,-1.3999999999999773
2011,48,0.11,-3.0299999999999727
2011,49,0.13,-5.319999999999993
2011,50,1.74,-2.569999999999993
2011,51,3.2,-4.259999999999991
2011,52,0.0,-10.519999999999982
2011,53,0.0,-8.489999999999952
2011,54,0.0,-6.46999999999997
2011,55,0.56,-6.529999999999973
2011,56,0.93,-7.639999999999986
2011,57,0.61,-4.8700000000000045
2011,58,0.19,-4.599999999999966
2011,59,0.13,-5.669999999999959
2011,60,0.13,-2.519999999999982
2011,61,0.17,-1.42999999999995
2011,62,0.35,-1.419999999999959
2011,63,0.58,-5.139999999999986
2011,64,0.2,-7.779999999999973
2011,65,0.78,-5.189999999999998
2011,66,1.5,-4.449999999999989
2011,67,0.7,-6.4599999999999795
2011,68,0.4,-7.7099999999999795
2011,69,0.13,-3.909999999999968
2011,70,0.0,-0.3199999999999932
2011,71,0.41,-0.339999999999975
2011,72,0.6,-2.099999999999966
2011,73,0.0,-2.4499999999999886
2011,74,0.0,-1.17999999999995
2011,75,0.0,0.8600000000000136
2011,76,4.44,3.0200000000000387
2011,77,6.05,-0.8299999999999841
2011,78,0.67,0.8300000000000409
2011,79,0.0,0.660000000000025
2011,80,0.09,1.920000000000016
2011,81,0.24,-1.1899999999999977
2011,82,0.13,-5.409999999999968
2011,83,0.0,-2.9399999999999977
2011,84,0.11,-4.3799999999999955
2011,85,0.82,-4.819999999999993
2011,86,2.26,-3.5299999999999727
2011,87,2.55,-3.4599999999999795
2011,88,1.83,-4.7099999999999795
2011,89,0.22,-4.9599999999999795
2011,90,0.97,-0.8299999999999841
2011,91,1.53,1.650000000000034
2011,92,0.11,4.090000000000032
2011,93,1.77,4.439999999999998
2011,94,2.24,-6.419999999999959
2011,95,0.11,-0.48999999999995225
2011,96,0.54,2.670000000000016
2011,97,0.79,0.9300000000000068
2011,98,0.12,1.4399999999999977
2011,99,0.0,2.8000000000000114
2011,100,0.12,-1.92999999999995
2011,101,0.16,-3.1399999999999864
2011,102,0.0,2.6000000000000227
2011,103,3.58,1.2600000000000477
2011,104,6.26,-1.509999999999991
2011,105,0.15,-5.389999999999986
2011,106,0.0,-1.599999999999966
2011,107,0.13,1.920000000000016
2011,108,2.15,4.600000000000023
2011,109,2.44,2.420000000000016
2011,110,0.61,0.4300000000000068
2011,111,0.92,3.0400000000000205
2011,112,0.93,1.080000000000041
2011,113,2.72,-0.8100000000000023
2011,114,7.11,0.6000000000000227
2011,115,6.57,-0.5199999999999818
2011,116,1.26,-1.6200000000000045
2011,117,0.66,-3.75
2011,118,0.0,-1.419999999999959
2011,119,0.51,3.080000000000041
2011,120,7.09,-3.75
2011,121,11.66,-5.449999999999989
2011,122,1.88,-5.589999999999975
2011,123,0.5,-2.1999999999999886
2011,124,0.18,2.590000000000032
2011,125,0.0,1.2600000000000477
2011,126,0.14,5.28000000000003
2011,127,0.2,7.310000000000002
2011,128,0.0,8.510000000000048
2011,129,0.0,7.520000000000039
2011,130,2.09,4.110000000000014
2011,131,21.14,1.920000000000016
2011,132,7.81,-0.5199999999999818
2011,133,2.91,2.7700000000000387
2011,134,3.79,3.7200000000000273
2011,135,7.96,1.5300000000000296
2011,136,0.63,4.9500000000000455
2011,137,0.0,6.220000000000027
2011,138,2.9,2.890000000000043
2011,139,8.54,1.990000000000009
2011,140,6.82,0.26000000000004775
2011,141,1.7,2.1000000000000227
2011,142,0.44,4.960000000000036
2011,143,1.43,7.460000000000036
2011,144,3.95,5.400000000000034
2011,145,3.09,3.390000000000043
2011,146,0.04,6.78000000000003
2011,147,0.12,7.350000000000023
2011,148,0.18,8.210000000000036
2011,149,0.12,10.53000000000003
2011,150,0.14,8.400000000000034
2011,151,0.0,4.360000000000014
2011,152,0.0,11.640000000000043
2011,153,0.0,13.25
2011,154,0.0,10.870000000000005
2011,155,0.0,10.670000000000016
2011,156,0.0,13.430000000000007
2011,157,0.0,14.200000000000045
2011,158,0.0,12.340000000000032
2011,159,0.12,11.180000000000007
2011,160,0.19,10.25
2011,161,0.61,8.420000000000016
2011,162,0.74,10.920000000000016
2011,163,0.0,11.510000000000048
2011,164,0.11,11.470000000000027
2011,165,0.18,10.640000000000043
2011,166,0.0,10.560000000000002
2011,167,0.0,13.400000000000034
2011,168,1.83,11.640000000000043
2011,169,1.97,10.270000000000039
2011,170,17.75,11.020000000000039
2011,171,15.34,7.3700000000000045
2011,172,1.84,7.270000000000039
2011,173,0.0,10.460000000000036
2011,174,0.0,13.760000000000048
2011,175,0.0,15.110000000000014
2011,176,0.0,14.730000000000018
2011,177,0.0,14.660000000000025
2011,178,0.33,12.75
2011,179,0.67,14.57000000000005
2011,180,0.28,17.090000000000032
2011,181,3.11,16.430000000000007
2011,182,3.75,12.980000000000018
2011,183,0.02,14.629999999999995
2011,184,0.05,16.0
2011,185,0.0,17.160000000000025
2011,186,0.73,16.140000000000043
2011,187,4.17,15.580000000000041
2011,188,9.08,15.240000000000009
2011,189,5.63,15.100000000000023
2011,190,2.36,15.460000000000036
2011,191,4.02,15.580000000000041
2011,192,7.42,15.03000000000003
2011,193,10.82,14.07000000000005
2011,194,9.93,14.970000000000027
2011,195,5.86,16.170000000000016
2011,196,4.59,16.200000000000045
2011,197,0.52,17.100000000000023
2011,198,0.4,17.77000000000004
2011,199,1.63,17.83000000000004
2011,200,3.97,17.910000000000025
2011,201,2.21,16.24000000000001
2011,202,1.74,16.33000000000004
2011,203,1.12,16.450000000000045
2011,204,0.24,17.27000000000004
2011,205,0.53,16.879999999999995
2011,206,0.55,16.900000000000034
2011,207,3.64,16.660000000000025
2011,208,4.65,15.100000000000023
2011,209,3.08,15.480000000000018
2011,210,1.16,15.020000000000039
2011,211,0.99,16.0
2011,212,0.15,16.79000000000002
2011,213,1.77,16.32000000000005
2011,214,11.55,15.340000000000032
2011,215,18.24,13.220000000000027
2011,216,7.5,14.810000000000002
2011,217,4.0,14.590000000000032
2011,218,0.97,15.480000000000018
2011,219,0.0,15.710000000000036
2011,220,0.0,14.600000000000023
2011,221,0.0,14.54000000000002
2011,222,0.0,14.490000000000009
2011,223,0.12,15.010000000000048
2011,224,0.34,14.910000000000025
2011,225,1.66,15.0
2011,226,2.66,15.710000000000036
2011,227,0.99,14.78000000000003
2011,228,0.93,15.340000000000032
2011,229,1.57,15.090000000000032
2011,230,0.0,16.510000000000048
2011,231,0.88,16.850000000000023
2011,232,3.03,14.640000000000043
2011,233,4.6,15.520000000000039
2011,234,0.95,15.980000000000018
2011,235,1.12,16.710000000000036
2011,236,0.84,18.260000000000048
2011,237,0.92,16.879999999999995
2011,238,2.49,16.5
2011,239,4.27,15.82000000000005
2011,240,2.91,16.379999999999995
2011,241,0.58,14.450000000000045
2011,242,0.51,14.629999999999995
2011,243,0.67,15.640000000000043
2011,244,0.27,15.970000000000027
2011,245,1.49,15.770000000000039
2011,246,1.64,13.210000000000036
2011,247,0.2,9.480000000000018
2011,248,0.3,11.170000000000016
2011,249,4.25,12.610000000000014
2011,250,9.26,7.480000000000018
2011,251,4.67,7.550000000000011
2011,252,0.52,8.640000000000043
2011,253,0.29,8.54000000000002
2011,254,0.28,9.689999999999998
2011,255,0.3,11.230000000000018
2011,256,0.68,10.860000000000014
2011,257,9.7,9.160000000000025
2011,258,15.61,6.660000000000025
2011,259,0.81,7.480000000000018
2011,260,0.41,8.189999999999998
2011,261,0.48,6.32000000000005
2011,262,0.1,8.490000000000009
2011,263,0.17,9.360000000000014
2011,264,0.11,7.560000000000002
2011,265,0.2,6.930000000000007
2011,266,0.0,9.53000000000003
2011,267,0.11,11.79000000000002
2011,268,0.35,11.810000000000002
2011,269,0.15,12.28000000000003
2011,270,0.0,11.760000000000048
2011,271,0.0,11.800000000000011
2011,272,0.0,10.140000000000043
2011,273,0.0,9.200000000000045
2011,274,0.21,11.53000000000003
2011,275,0.28,12.07000000000005
2011,276,0.06,11.439999999999998
2011,277,1.34,10.520000000000039
2011,278,2.63,7.180000000000007
2011,279,0.58,6.0
2011,280,3.63,0.7300000000000182
2011,281,7.36,0.57000000000005
2011,282,4.45,-1.8799999999999955
2011,283,0.0,0.6400000000000432
2011,284,0.11,2.680000000000007
2011,285,0.18,2.930000000000007
2011,286,0.0,4.980000000000018
2011,287,0.0,6.230000000000018
2011,288,0.0,6.980000000000018
2011,289,0.23,8.360000000000014
2011,290,0.84,4.7000000000000455
2011,291,1.36,-1.6299999999999955
2011,292,0.0,0.03000000000002956
2011,293,0.0,3.430000000000007
2011,294,0.0,3.5200000000000387
2011,295,0.0,3.160000000000025
2011,296,0.0,3.740000000000009
2011,297,0.0,5.32000000000005
2011,298,6.35,4.8700000000000045
2011,299,10.66,-1.9599999999999795
2011,300,5.91,-8.399999999999977
2011,301,0.59,-8.779999999999973
2011,302,0.09,-4.029999999999973
2011,303,0.0,-3.259999999999991
2011,304,0.0,-1.0499999999999545
2011,305,6.18,-1.25
2011,306,17.13,-6.919999999999959
2011,307,1.01,-8.620000000000005
2011,308,0.12,-2.9399999999999977
2011,309,0.52,-1.5600000000000023
2011,310,0.54,-8.509999999999991
2011,311,0.31,-8.299999999999955
2011,312,0.41,-8.589999999999975
2011,313,0.0,-10.46999999999997
2011,314,0.6,-7.039999999999964
2011,315,0.99,-3.5
2011,316,0.52,-2.4799999999999613
2011,317,0.27,-2.019999999999982
2011,318,0.23,-4.519999999999982
2011,319,0.11,-5.060000000000002
2011,320,0.13,-7.359999999999957
2011,321,0.0,-7.519999999999982
2011,322,0.05,-2.859999999999957
2011,323,0.01,-2.5499999999999545
2011,324,0.33,-3.9899999999999523
2011,325,0.26,-3.0499999999999545
2011,326,0.0,-3.829999999999984
2011,327,0.11,-1.7099999999999795
2011,328,0.27,-0.03999999999996362
2011,329,0.35,-1.759999999999991
2011,330,0.38,-8.539999999999964
2011,331,0.13,-5.889999999999986
2011,332,0.0,-0.0999999999999659
2011,333,0.0,-2.8899999999999864
2011,334,0.0,-2.0299999999999727
2011,335,1.59,-6.75
2011,336,0.15,-9.899999999999977
2011,337,0.12,-11.92999999999995
2011,338,0.37,-15.560000000000002
2011,339,1.13,-18.769999999999982
2011,340,0.0,-18.67999999999998
2011,341,0.03,-8.25
2011,342,0.0,-7.889999999999986
2011,343,0.0,-10.810000000000002
2011,344,0.0,-9.620000000000005
2011,345,0.0,-8.95999999999998
2011,346,0.0,-8.569999999999993
2011,347,0.0,-6.199999999999989
2011,348,0.0,-7.329999999999984
2011,349,0.0,-11.519999999999982
2011,350,0.0,-11.089999999999975
2011,351,0.0,-6.489999999999952
2011,352,0.0,-2.9799999999999613
2011,353,2.27,-5.579999999999984
2011,354,3.68,-9.609999999999957
2011,355,7.55,-8.310000000000002
2011,356,14.64,-11.439999999999998
2011,357,1.08,-15.199999999999989
2011,358,0.25,-10.689999999999998
2011,359,0.29,-9.069999999999993
2011,360,0.0,-6.089999999999975
2011,361,0.0,-7.4599999999999795
2011,362,0.12,-6.769999999999982
2011,363,1.06,-3.0299999999999727
2011,364,1.52,-4.409999999999968
2011,365,0.14,-5.349999999999966
2012,1,0.0,-9.70999999999998
2012,2,0.0,-6.0
2012,3,0.0,-2.7799999999999727
2012,4,0.0,-4.849999999999966
2012,5,0.0,-2.339999999999975
2012,6,0.0,-3.079999999999984
2012,7,1.17,-6.949999999999989
2012,8,1.5,-10.46999999999997
2012,9,0.0,-9.699999999999989
2012,10,0.0,-5.529999999999973
2012,11,0.33,-9.0
2012,12,0.41,-16.0
2012,13,0.0,-12.5
2012,14,0.0,-8.199999999999989
2012,15,0.0,-5.069999999999993
2012,16,0.17,-6.919999999999959
2012,17,0.2,-14.289999999999964
2012,18,0.0,-11.949999999999989
2012,19,0.0,-3.919999999999959
2012,20,0.0,-3.169999999999959
2012,21,0.01,-5.310000000000002
2012,22,0.05,-6.139999999999986
2012,23,0.0,-9.20999999999998
2012,24,0.0,-7.479999999999961
2012,25,0.0,-7.739999999999952
2012,26,0.0,-5.0
2012,27,0.0,-7.2999999999999545
2012,28,0.0,-12.449999999999989
2012,29,0.0,-7.199999999999989
2012,30,0.0,-4.279999999999973
2012,31,0.0,-5.859999999999957
2012,32,0.0,-7.289999999999964
2012,33,3.22,-6.389999999999986
2012,34,4.93,-9.269999999999982
2012,35,2.95,-11.909999999999968
2012,36,0.0,-13.370000000000005
2012,37,0.7,-11.419999999999959
2012,38,0.71,-12.629999999999995
2012,39,0.0,-10.060000000000002
2012,40,0.0,-7.589999999999975
2012,41,0.0,-10.939999999999998
2012,42,0.0,-8.799999999999955
2012,43,0.05,-6.71999999999997
2012,44,0.04,-7.779999999999973
2012,45,0.0,-9.269999999999982
2012,46,0.0,-9.889999999999986
2012,47,0.0,-9.92999999999995
2012,48,0.0,-10.299999999999955
2012,49,0.0,-11.649999999999977
2012,50,0.0,-8.949999999999989
2012,51,0.01,-11.019999999999982
2012,52,0.0,-11.269999999999982
2012,53,0.0,-4.949999999999989
2012,54,4.67,-5.979999999999961
2012,55,0.0,-14.329999999999984
2012,56,0.0,-7.099999999999966
2012,57,0.0,-9.589999999999975
2012,58,0.04,-10.439999999999998
2012,59,0.06,-5.589999999999975
2012,60,0.0,-9.339999999999975
2012,61,0.0,-7.569999999999993
2012,62,0.0,-12.199999999999989
2012,63,0.0,-14.379999999999995
2012,64,0.02,-6.519999999999982
2012,65,0.0,-2.8799999999999955
2012,66,0.0,-2.1299999999999955
2012,67,0.0,-2.579999999999984
2012,68,0.0,-7.699999999999989
2012,69,0.0,-5.859999999999957
2012,70,0.0,-2.839999999999975
2012,71,0.0,-1.849999999999966
2012,72,0.0,-1.5299999999999727
2012,73,0.0,-0.20999999999997954
2012,74,0.0,0.11000000000001364
2012,75,0.0,0.410000000000025
2012,76,0.0,1.7700000000000387
2012,77,0.0,2.5
2012,78,0.0,1.410000000000025
2012,79,0.0,-5.659999999999968
2012,80,0.0,-7.579999999999984
2012,81,0.0,-5.139999999999986
2012,82,0.0,-0.9199999999999591
2012,83,0.0,1.830000000000041
2012,84,0.0,4.600000000000023
2012,85,0.0,4.650000000000034
2012,86,0.0,4.850000000000023
2012,87,0.0,1.7100000000000364
2012,88,0.0,3.7900000000000205
2012,89,0.0,3.6899999999999977
2012,90,0.0,3.82000000000005
2012,91,0.0,6.270000000000039
2012,92,0.0,7.580000000000041
2012,93,1.82,1.8799999999999955
2012,94,4.26,-6.3799999999999955
2012,95,2.53,-2.1399999999999864
2012,96,0.0,2.3600000000000136
2012,97,0.0,3.1299999999999955
2012,98,0.0,-1.169999999999959
2012,99,0.0,1.400000000000034
2012,100,0.0,3.5
2012,101,0.0,6.270000000000039
2012,102,0.7,7.730000000000018
2012,103,1.36,4.3799999999999955
2012,104,0.0,0.26000000000004775
2012,105,7.4,1.900000000000034
2012,106,6.77,-2.1899999999999977
2012,107,0.28,-2.1899999999999977
2012,108,0.0,0.8700000000000045
2012,109,0.0,4.160000000000025
2012,110,0.0,4.03000000000003
2012,111,0.0,2.3700000000000045
2012,112,0.0,5.830000000000041
2012,113,0.0,7.75
2012,114,0.0,9.150000000000034
2012,115,0.0,11.080000000000041
2012,116,0.0,10.610000000000014
2012,117,1.04,10.020000000000039
2012,118,1.05,6.340000000000032
2012,119,0.0,1.400000000000034
2012,120,0.0,2.840000000000032
2012,121,0.0,4.650000000000034
2012,122,0.0,7.260000000000048
2012,123,0.0,8.060000000000002
2012,124,0.0,9.050000000000011
2012,125,0.0,10.629999999999995
2012,126,0.05,10.830000000000041
2012,127,4.83,6.930000000000007
2012,128,9.41,1.2600000000000477
2012,129,2.08,0.9700000000000273
2012,130,0.0,5.550000000000011
2012,131,0.0,8.189999999999998
2012,132,2.88,4.740000000000009
2012,133,7.1,2.840000000000032
2012,134,5.33,4.810000000000002
2012,135,1.25,4.920000000000016
2012,136,0.0,8.760000000000048
2012,137,0.0,9.890000000000043
2012,138,0.14,9.430000000000007
2012,139,0.42,10.79000000000002
2012,140,1.8,6.990000000000009
2012,141,0.87,6.32000000000005
2012,142,0.0,10.360000000000014
2012,143,0.0,13.090000000000032
2012,144,2.3,11.800000000000011
2012,145,1.68,5.610000000000014
2012,146,0.0,7.640000000000043
2012,147,0.0,11.689999999999998
2012,148,0.06,7.260000000000048
2012,149,0.0,3.8600000000000136
2012,150,0.0,8.020000000000039
2012,151,0.0,10.170000000000016
2012,152,0.02,9.28000000000003
2012,153,0.0,11.650000000000034
2012,154,0.48,13.29000000000002
2012,155,0.32,13.689999999999998
2012,156,0.46,15.270000000000039
2012,157,0.46,13.550000000000011
2012,158,0.06,13.410000000000025
2012,159,0.03,13.330000000000041
2012,160,0.0,13.200000000000045
2012,161,0.0,14.5
2012,162,0.0,11.870000000000005
2012,163,0.0,8.700000000000045
2012,164,0.0,11.28000000000003
2012,165,0.0,13.230000000000018
2012,166,0.0,14.890000000000043
2012,167,0.0,13.980000000000018
2012,168,0.58,13.07000000000005
2012,169,0.28,14.29000000000002
2012,170,0.0,16.220000000000027
2012,171,0.0,16.439999999999998
2012,172,0.0,14.340000000000032
2012,173,0.0,11.670000000000016
2012,174,0.0,16.55000000000001
2012,175,0.0,17.78000000000003
2012,176,0.0,19.57000000000005
2012,177,0.0,19.350000000000023
2012,178,0.48,18.900000000000034
2012,179,0.87,17.82000000000005
2012,180,2.01,17.5
2012,181,0.84,17.0
2012,182,0.06,17.5
2012,183,0.0,18.49000000000001
2012,184,0.0,18.27000000000004
2012,185,2.03,17.120000000000005
2012,186,1.29,16.80000000000001
2012,187,0.0,17.129999999999995
2012,188,9.69,15.510000000000048
2012,189,15.89,13.800000000000011
2012,190,9.49,13.550000000000011
2012,191,11.12,12.480000000000018
2012,192,0.93,12.879999999999995
2012,193,0.0,13.990000000000009
2012,194,0.12,15.760000000000048
2012,195,1.79,16.200000000000045
2012,196,0.85,16.260000000000048
2012,197,1.57,16.30000000000001
2012,198,0.51,15.680000000000007
2012,199,1.5,15.240000000000009
2012,200,0.94,16.04000000000002
2012,201,0.38,17.140000000000043
2012,202,0.16,17.710000000000036
2012,203,0.19,17.710000000000036
2012,204,0.14,17.439999999999998
2012,205,0.32,17.30000000000001
2012,206,0.24,17.220000000000027
2012,207,0.23,15.939999999999998
2012,208,0.13,14.930000000000007
2012,209,4.42,15.75
2012,210,5.56,15.450000000000045
2012,211,6.47,16.560000000000002
2012,212,14.85,15.650000000000034
2012,213,17.56,16.060000000000002
2012,214,0.67,17.05000000000001
2012,215,3.29,14.82000000000005
2012,216,1.58,15.370000000000005
2012,217,0.0,14.650000000000034
2012,218,0.0,14.200000000000045
2012,219,0.02,16.600000000000023
2012,220,1.21,15.420000000000016
2012,221,0.95,15.930000000000007
2012,222,0.31,16.840000000000032
2012,223,1.12,17.090000000000032
2012,224,0.68,16.110000000000014
2012,225,0.0,13.720000000000027
2012,226,2.02,14.0
2012,227,1.86,13.560000000000002
2012,228,0.0,15.470000000000027
2012,229,0.69,13.610000000000014
2012,230,0.83,14.890000000000043
2012,231,0.0,13.960000000000036
2012,232,0.0,12.379999999999995
2012,233,0.0,12.680000000000007
2012,234,0.0,13.0
2012,235,0.61,14.640000000000043
2012,236,3.26,14.460000000000036
2012,237,1.95,13.189999999999998
2012,238,0.33,13.170000000000016
2012,239,0.25,13.840000000000032
2012,240,0.0,16.200000000000045
2012,241,0.59,16.310000000000002
2012,242,0.26,16.480000000000018
2012,243,0.48,16.54000000000002
2012,244,0.52,14.550000000000011
2012,245,0.0,15.270000000000039
2012,246,0.53,15.240000000000009
2012,247,1.16,15.32000000000005
2012,248,0.0,13.939999999999998
2012,249,0.0,13.490000000000009
2012,250,0.48,13.25
2012,251,0.25,13.32000000000005
2012,252,0.12,8.900000000000034
2012,253,0.0,11.010000000000048
2012,254,0.0,13.460000000000036
2012,255,6.43,14.379999999999995
2012,256,19.63,8.840000000000032
2012,257,5.74,6.3799999999999955
2012,258,0.0,7.439999999999998
2012,259,0.0,9.970000000000027
2012,260,0.0,11.600000000000023
2012,261,0.46,9.650000000000034
2012,262,0.35,7.850000000000023
2012,263,0.0,10.32000000000005
2012,264,0.0,10.78000000000003
2012,265,0.0,10.670000000000016
2012,266,0.0,10.730000000000018
2012,267,0.0,11.54000000000002
2012,268,0.0,11.350000000000023
2012,269,1.34,9.189999999999998
2012,270,2.8,6.710000000000036
2012,271,1.63,6.689999999999998
2012,272,0.24,6.510000000000048
2012,273,0.0,8.160000000000025
2012,274,0.49,8.670000000000016
2012,275,0.26,6.78000000000003
2012,276,0.0,8.379999999999995
2012,277,0.0,9.930000000000007
2012,278,1.95,4.82000000000005
2012,279,1.01,4.240000000000009
2012,280,0.0,-2.8700000000000045
2012,281,0.0,-3.17999999999995
2012,282,0.0,2.390000000000043
2012,283,0.0,4.8700000000000045
2012,284,0.0,5.350000000000023
2012,285,0.0,7.960000000000036
2012,286,3.95,7.3700000000000045
2012,287,1.6,2.5500000000000114
2012,288,0.0,3.4700000000000273
2012,289,0.0,5.980000000000018
2012,290,0.0,6.740000000000009
2012,291,0.45,3.670000000000016
2012,292,0.0,0.6200000000000045
2012,293,0.0,4.160000000000025
2012,294,0.0,6.800000000000011
2012,295,0.0,6.82000000000005
2012,296,0.0,5.410000000000025
2012,297,0.0,6.260000000000048
2012,298,0.0,5.010000000000048
2012,299,3.7,-3.6499999999999773
2012,300,0.85,-6.5
2012,301,0.0,-5.019999999999982
2012,302,0.0,-1.3700000000000045
2012,303,0.0,2.580000000000041
2012,304,0.0,3.840000000000032
2012,305,0.0,4.07000000000005
2012,306,0.0,4.850000000000023
2012,307,0.0,3.5600000000000023
2012,308,0.0,1.3600000000000136
2012,309,0.0,1.490000000000009
2012,310,0.0,1.660000000000025
2012,311,0.0,3.8100000000000023
2012,312,0.0,4.7900000000000205
2012,313,0.0,4.1299999999999955
2012,314,0.0,3.240000000000009
2012,315,0.34,0.11000000000001364
2012,316,0.0,-10.009999999999991
2012,317,0.0,-9.949999999999989
2012,318,0.0,-3.5399999999999636
2012,319,0.0,-2.7099999999999795
2012,320,0.0,-2.339999999999975
2012,321,0.0,-1.7199999999999704
2012,322,0.0,0.75
2012,323,0.0,-0.16999999999995907
2012,324,0.0,-1.0
2012,325,0.0,0.10000000000002274
2012,326,0.0,2.7600000000000477
2012,327,0.0,1.6000000000000227
2012,328,0.0,-1.419999999999959
2012,329,0.0,1.2600000000000477
2012,330,0.0,0.34000000000003183
2012,331,0.0,-3.4799999999999613
2012,332,0.0,-2.359999999999957
2012,333,0.0,-1.339999999999975
2012,334,0.0,-0.7199999999999704
2012,335,0.0,-0.060000000000002274
2012,336,0.0,1.2200000000000273
2012,337,0.0,0.6100000000000136
2012,338,0.0,0.6400000000000432
2012,339,0.0,-2.759999999999991
2012,340,0.0,1.1800000000000068
2012,341,0.0,0.22000000000002728
2012,342,0.03,-3.659999999999968
2012,343,0.0,-6.169999999999959
2012,344,5.38,-10.859999999999957
2012,345,0.81,-14.810000000000002
2012,346,0.19,-11.589999999999975
2012,347,0.0,-6.539999999999964
2012,348,0.39,-3.839999999999975
2012,349,0.21,-4.1299999999999955
2012,350,0.0,-5.7999999999999545
2012,351,0.0,-9.269999999999982
2012,352,0.02,-9.229999999999961
2012,353,1.59,-6.579999999999984
2012,354,1.94,-10.42999999999995
2012,355,0.52,-14.819999999999993
2012,356,0.0,-7.339999999999975
2012,357,0.0,-5.6200000000000045
2012,358,0.0,-6.829999999999984
2012,359,0.0,-8.589999999999975
2012,360,1.71,-11.46999999999997
2012,361,0.24,-11.620000000000005
2012,362,0.05,-12.25
2012,363,0.0,-15.269999999999982
2012,364,0.0,-14.849999999999966
2012,365,0.0,-8.799999999999955
2012,366,0.0,-12.519999999999982
2013,1,0.0,-16.269999999999982
2013,2,0.0,-16.42999999999995
2013,3,0.0,-16.96999999999997
2013,4,0.0,-11.149999999999977
2013,5,0.0,-9.669999999999959
2013,6,0.0,-8.539999999999964
2013,7,0.0,-6.189999999999998
2013,8,0.0,-6.4599999999999795
2013,9,0.0,-5.659999999999968
2013,10,0.0,-4.17999999999995
2013,11,0.0,-8.060000000000002
2013,12,0.0,-18.899999999999977
2013,13,0.0,-21.039999999999964
2013,14,0.0,-19.579999999999984
2013,15,0.0,-19.20999999999998
2013,16,0.0,-10.21999999999997
2013,17,0.0,-7.849999999999966
2013,18,0.0,-6.689999999999998
2013,19,0.0,-6.279999999999973
2013,20,0.0,-4.96999999999997
2013,21,0.0,-5.239999999999952
2013,22,0.0,-2.169999999999959
2013,23,0.0,-0.1099999999999568
2013,24,0.0,0.11000000000001364
2013,25,0.0,-1.2199999999999704
2013,26,0.06,-1.4099999999999682
2013,27,0.62,-1.0399999999999636
2013,28,0.44,-3.0
2013,29,0.0,-11.039999999999964
2013,30,0.0,-14.139999999999986
2013,31,0.01,-9.370000000000005
2013,32,0.0,-8.339999999999975
2013,33,0.0,-7.389999999999986
2013,34,0.0,-4.96999999999997
2013,35,0.0,-5.539999999999964
2013,36,0.0,-5.1299999999999955
2013,37,0.0,-3.159999999999968
2013,38,0.12,-6.659999999999968
2013,39,0.11,-5.96999999999997
2013,40,0.0,-5.939999999999998
2013,41,2.18,-11.349999999999966
2013,42,0.03,-12.819999999999993
2013,43,0.34,-13.949999999999989
2013,44,0.0,-10.95999999999998
2013,45,0.0,-9.919999999999959
2013,46,0.0,-12.92999999999995
2013,47,0.76,-8.75
2013,48,0.0,-5.5499999999999545
2013,49,0.39,-9.859999999999957
2013,50,0.0,-10.239999999999952
2013,51,0.95,-7.579999999999984
2013,52,1.6,-9.989999999999952
2013,53,0.12,-12.269999999999982
2013,54,0.0,-12.139999999999986
2013,55,6.41,-11.049999999999955
2013,56,0.36,-14.049999999999955
2013,57,5.08,-10.609999999999957
2013,58,0.6,-13.509999999999991
2013,59,0.29,-12.789999999999964
2013,60,1.3,-9.639999999999986
2013,61,1.16,-5.67999999999995
2013,62,0.58,-2.67999999999995
2013,63,0.12,-4.389999999999986
2013,64,0.1,-10.449999999999989
2013,65,0.0,-4.019999999999982
2013,66,0.0,-2.569999999999993
2013,67,0.0,-1.7899999999999636
2013,68,5.14,-4.319999999999993
2013,69,0.45,-8.909999999999968
2013,70,0.79,-4.759999999999991
2013,71,0.81,-4.569999999999993
2013,72,0.0,-1.3199999999999932
2013,73,0.0,0.82000000000005
2013,74,0.0,3.430000000000007
2013,75,0.36,2.240000000000009
2013,76,0.58,-0.8799999999999955
2013,77,0.0,-5.189999999999998
2013,78,0.0,-4.8700000000000045
2013,79,0.0,-3.6299999999999955
2013,80,0.01,-1.2099999999999795
2013,81,0.0,-5.339999999999975
2013,82,4.08,-10.5
2013,83,0.0,-14.729999999999961
2013,84,1.8,-15.370000000000005
2013,85,0.48,-8.0
2013,86,0.0,-2.1200000000000045
2013,87,0.0,-0.7599999999999909
2013,88,0.0,0.3100000000000023
2013,89,0.0,-0.01999999999998181
2013,90,0.01,-0.48999999999995225
2013,91,0.0,0.9300000000000068
2013,92,0.99,-1.9699999999999704
2013,93,1.32,-2.819999999999993
2013,94,0.0,-0.07999999999998408
2013,95,0.0,2.830000000000041
2013,96,0.03,1.0200000000000387
2013,97,0.18,0.6700000000000159
2013,98,0.02,1.4300000000000068
2013,99,1.38,-5.6200000000000045
2013,100,0.21,-10.759999999999991
2013,101,0.33,-3.8100000000000023
2013,102,0.0,-2.0
2013,103,0.0,0.21000000000003638
2013,104,2.09,-0.6899999999999977
2013,105,1.01,-1.8199999999999932
2013,106,0.86,-2.3700000000000045
2013,107,4.37,-3.919999999999959
2013,108,0.41,-10.479999999999961
2013,109,0.27,-6.819999999999993
2013,110,0.06,-2.6200000000000045
2013,111,0.16,-1.3599999999999568
2013,112,0.1,0.36000000000001364
2013,113,5.52,-7.699999999999989
2013,114,0.38,-8.689999999999998
2013,115,0.0,-3.419999999999959
2013,116,0.0,0.37000000000000455
2013,117,0.0,1.7700000000000387
2013,118,0.0,4.470000000000027
2013,119,0.0,4.470000000000027
2013,120,0.0,5.890000000000043
2013,121,10.91,-1.6599999999999682
2013,122,2.76,-9.099999999999966
2013,123,0.0,-4.42999999999995
2013,124,0.09,-0.92999999999995
2013,125,0.0,-0.5600000000000023
2013,126,1.8,2.7100000000000364
2013,127,0.94,4.210000000000036
2013,128,7.88,3.1299999999999955
2013,129,26.93,1.0100000000000477
2013,130,1.16,1.4600000000000364
2013,131,0.49,2.900000000000034
2013,132,0.25,5.650000000000034
2013,133,0.0,8.900000000000034
2013,134,0.76,11.180000000000007
2013,135,0.8,10.650000000000034
2013,136,0.23,9.129999999999995
2013,137,0.04,10.150000000000034
2013,138,0.39,8.54000000000002
2013,139,0.24,3.890000000000043
2013,140,1.09,3.1000000000000227
2013,141,0.67,3.25
2013,142,0.09,6.660000000000025
2013,143,1.09,8.25
2013,144,0.0,9.680000000000007
2013,145,0.0,10.550000000000011
2013,146,0.0,11.350000000000023
2013,147,0.0,10.430000000000007
2013,148,0.08,9.32000000000005
2013,149,2.48,6.810000000000002
2013,150,0.09,4.0
2013,151,0.0,4.07000000000005
2013,152,0.0,4.590000000000032
2013,153,0.0,8.629999999999995
2013,154,0.0,12.980000000000018
2013,155,0.38,11.860000000000014
2013,156,0.29,9.120000000000005
2013,157,0.3,8.650000000000034
2013,158,0.91,10.800000000000011
2013,159,0.0,12.100000000000023
2013,160,0.0,11.730000000000018
2013,161,0.0,16.390000000000043
2013,162,0.01,16.80000000000001
2013,163,0.0,14.840000000000032
2013,164,0.0,16.439999999999998
2013,165,0.01,15.53000000000003
2013,166,0.04,13.920000000000016
2013,167,1.53,13.740000000000009
2013,168,3.09,12.730000000000018
2013,169,2.38,13.100000000000023
2013,170,0.04,13.629999999999995
2013,171,0.0,14.720000000000027
2013,172,0.0,14.79000000000002
2013,173,0.0,14.090000000000032
2013,174,0.08,12.79000000000002
2013,175,0.0,13.400000000000034
2013,176,0.0,13.54000000000002
2013,177,0.0,15.770000000000039
2013,178,0.0,17.82000000000005
2013,179,0.41,17.970000000000027
2013,180,4.44,16.480000000000018
2013,181,1.41,14.740000000000009
2013,182,3.48,12.53000000000003
2013,183,4.37,11.680000000000007
2013,184,0.95,12.650000000000034
2013,185,1.87,14.580000000000041
2013,186,4.01,15.29000000000002
2013,187,7.05,15.640000000000043
2013,188,5.9,15.660000000000025
2013,189,3.86,16.600000000000023
2013,190,0.11,17.04000000000002
2013,191,0.35,16.870000000000005
2013,192,0.03,17.379999999999995
2013,193,2.99,17.310000000000002
2013,194,4.91,16.24000000000001
2013,195,0.47,14.82000000000005
2013,196,9.29,12.260000000000048
2013,197,0.22,11.28000000000003
2013,198,0.0,12.720000000000027
2013,199,0.0,15.840000000000032
2013,200,11.0,15.03000000000003
2013,201,1.02,14.670000000000016
2013,202,0.0,15.53000000000003
2013,203,0.0,16.260000000000048
2013,204,0.0,17.02000000000004
2013,205,9.64,15.660000000000025
2013,206,0.3,13.520000000000039
2013,207,0.66,11.930000000000007
2013,208,2.5,13.580000000000041
2013,209,1.77,10.640000000000043
2013,210,1.51,11.100000000000023
2013,211,0.62,12.340000000000032
2013,212,0.11,13.930000000000007
2013,213,0.73,14.260000000000048
2013,214,0.0,13.930000000000007
2013,215,10.55,14.370000000000005
2013,216,0.97,14.230000000000018
2013,217,0.68,14.510000000000048
2013,218,0.29,13.480000000000018
2013,219,4.81,10.810000000000002
2013,220,1.02,10.230000000000018
2013,221,16.34,9.840000000000032
2013,222,3.59,11.550000000000011
2013,223,1.5,11.980000000000018
2013,224,2.15,11.710000000000036
2013,225,0.15,10.770000000000039
2013,226,8.97,11.090000000000032
2013,227,0.0,12.450000000000045
2013,228,0.0,13.420000000000016
2013,229,0.0,15.180000000000007
2013,230,0.04,14.939999999999998
2013,231,0.0,14.400000000000034
2013,232,0.17,15.580000000000041
2013,233,0.08,16.210000000000036
2013,234,0.79,14.879999999999995
2013,235,33.71,14.200000000000045
2013,236,0.54,13.680000000000007
2013,237,0.08,13.620000000000005
2013,238,0.0,13.890000000000043
2013,239,0.34,15.75
2013,240,0.0,16.24000000000001
2013,241,0.78,16.110000000000014
2013,242,0.67,15.560000000000002
2013,243,1.14,15.610000000000014
2013,244,10.95,13.020000000000039
2013,245,1.14,14.379999999999995
2013,246,0.05,15.090000000000032
2013,247,0.51,16.33000000000004
2013,248,0.0,16.55000000000001
2013,249,0.01,16.29000000000002
2013,250,0.01,15.760000000000048
2013,251,0.49,15.370000000000005
2013,252,0.03,13.970000000000027
2013,253,2.8,10.840000000000032
2013,254,11.0,8.990000000000009
2013,255,5.01,8.510000000000048
2013,256,27.46,9.860000000000014
2013,257,4.41,10.129999999999995
2013,258,15.34,8.390000000000043
2013,259,9.03,8.600000000000023
2013,260,2.5,11.050000000000011
2013,261,0.25,12.29000000000002
2013,262,1.32,9.360000000000014
2013,263,0.0,7.350000000000023
2013,264,0.0,10.150000000000034
2013,265,0.75,10.930000000000007
2013,266,8.89,6.07000000000005
2013,267,0.0,5.920000000000016
2013,268,0.0,9.230000000000018
2013,269,0.0,9.379999999999995
2013,270,0.21,7.470000000000027
2013,271,0.36,2.2200000000000273
2013,272,0.0,6.080000000000041
2013,273,0.0,8.57000000000005
2013,274,0.0,9.830000000000041
2013,275,0.0,8.900000000000034
2013,276,0.0,7.7900000000000205
2013,277,0.77,1.6299999999999955
2013,278,0.0,-2.2899999999999636
2013,279,0.0,2.2000000000000455
2013,280,0.0,6.7000000000000455
2013,281,0.0,9.170000000000016
2013,282,0.0,6.7900000000000205
2013,283,0.42,4.840000000000032
2013,284,0.0,1.6400000000000432
2013,285,0.0,1.1400000000000432
2013,286,0.0,3.2100000000000364
2013,287,4.14,3.4500000000000455
2013,288,0.62,-2.1399999999999864
2013,289,0.0,-2.8999999999999773
2013,290,0.0,-1.5499999999999545
2013,291,3.06,-3.9699999999999704
2013,292,0.0,-2.3799999999999955
2013,293,0.0,0.18000000000000682
2013,294,0.41,-1.7199999999999704
2013,295,0.05,1.0200000000000387
2013,296,0.0,3.4399999999999977
2013,297,0.0,4.0400000000000205
2013,298,0.0,4.32000000000005
2013,299,0.0,3.2000000000000455
2013,300,0.0,3.0100000000000477
2013,301,0.0,2.9700000000000273
2013,302,0.0,0.6800000000000068
2013,303,1.02,-1.089999999999975
2013,304,0.4,-3.109999999999957
2013,305,0.0,-3.2099999999999795
2013,306,0.0,-0.589999999999975
2013,307,0.0,2.6000000000000227
2013,308,0.0,-2.169999999999959
2013,309,0.58,-4.71999999999997
2013,310,0.0,-6.699999999999989
2013,311,0.0,-2.3700000000000045
2013,312,0.0,1.420000000000016
2013,313,0.0,1.410000000000025
2013,314,0.0,2.1299999999999955
2013,315,0.0,1.4399999999999977
2013,316,0.0,-0.03999999999996362
2013,317,0.0,1.3600000000000136
2013,318,0.0,0.35000000000002274
2013,319,0.0,-1.099999999999966
2013,320,0.0,-1.669999999999959
2013,321,0.71,-3.1899999999999977
2013,322,0.0,-1.9399999999999977
2013,323,0.0,-0.15999999999996817
2013,324,0.0,-1.4899999999999523
2013,325,2.33,-4.159999999999968
2013,326,1.12,-11.199999999999989
2013,327,0.54,-8.310000000000002
2013,328,1.22,-5.699999999999989
2013,329,0.37,-7.0499999999999545
2013,330,0.0,-9.0
2013,331,0.0,-6.859999999999957
2013,332,0.0,-4.539999999999964
2013,333,0.0,-4.8700000000000045
2013,334,0.0,-6.139999999999986
2013,335,0.0,-6.849999999999966
2013,336,0.0,-4.269999999999982
2013,337,0.0,-4.069999999999993
2013,338,6.41,-12.909999999999968
2013,339,0.27,-18.659999999999968
2013,340,0.06,-20.519999999999982
2013,341,0.6,-16.579999999999984
2013,342,0.0,-14.089999999999975
2013,343,0.0,-21.23999999999998
2013,344,0.0,-14.560000000000002
2013,345,0.0,-11.449999999999989
2013,346,0.06,-6.779999999999973
2013,347,0.0,-5.669999999999959
2013,348,0.0,-9.889999999999986
2013,349,0.0,-6.4599999999999795
2013,350,0.0,-2.9499999999999886
2013,351,0.0,-2.9399999999999977
2013,352,0.0,-1.009999999999991
2013,353,0.0,-1.8700000000000045
2013,354,0.0,-4.8799999999999955
2013,355,0.0,-7.919999999999959
2013,356,1.1,-10.949999999999989
2013,357,0.0,-10.099999999999966
2013,358,0.0,-5.17999999999995
2013,359,0.0,-9.639999999999986
2013,360,0.0,-5.4599999999999795
2013,361,0.0,-4.139999999999986
2013,362,0.15,-2.3999999999999773
2013,363,2.8,-8.989999999999952
2013,364,0.16,-8.71999999999997
2013,365,0.17,-6.159999999999968
2014,1,0.0,-6.449999999999989
2014,2,0.0,-7.7999999999999545
2014,3,0.0,-3.669999999999959
2014,4,1.88,-7.409999999999968
2014,5,0.0,-17.659999999999968
2014,6,0.68,-16.42999999999995
2014,7,0.03,-7.089999999999975
2014,8,0.0,-7.889999999999986
2014,9,0.0,-8.75
2014,10,0.01,-11.099999999999966
2014,11,1.45,-7.9599999999999795
2014,12,0.59,-5.439999999999998
2014,13,0.0,-11.71999999999997
2014,14,0.0,-9.139999999999986
2014,15,0.0,-7.71999999999997
2014,16,0.0,-7.2099999999999795
2014,17,0.0,-9.389999999999986
2014,18,0.0,-7.279999999999973
2014,19,0.0,-4.989999999999952
2014,20,0.0,-5.6200000000000045
2014,21,0.0,-6.5499999999999545
2014,22,0.0,-5.560000000000002
2014,23,0.94,-11.529999999999973
2014,24,0.11,-9.069999999999993
2014,25,0.0,-3.5399999999999636
2014,26,0.0,-2.589999999999975
2014,27,0.0,-7.639999999999986
2014,28,4.15,-14.139999999999986
2014,29,0.89,-9.870000000000005
2014,30,1.61,-3.5
2014,31,7.91,-6.139999999999986
2014,32,1.85,-10.019999999999982
2014,33,0.61,-14.71999999999997
2014,34,0.0,-11.549999999999955
2014,35,2.34,-13.399999999999977
2014,36,0.04,-18.93999999999997
2014,37,0.1,-16.139999999999986
2014,38,0.0,-10.989999999999952
2014,39,0.21,-8.769999999999982
2014,40,0.72,-4.579999999999984
2014,41,2.18,-5.6299999999999955
2014,42,0.37,-8.839999999999975
2014,43,0.0,-8.379999999999995
2014,44,0.0,-3.819999999999993
2014,45,0.06,-3.859999999999957
2014,46,0.0,-0.6399999999999864
2014,47,0.0,-0.5399999999999636
2014,48,0.01,-2.4799999999999613
2014,49,0.0,-1.4499999999999886
2014,50,0.0,-2.349999999999966
2014,51,0.11,-10.359999999999957
2014,52,0.0,-10.609999999999957
2014,53,0.0,-7.810000000000002
2014,54,0.0,-6.289999999999964
2014,55,0.0,-3.589999999999975
2014,56,0.0,-2.2399999999999523
2014,57,0.0,-6.039999999999964
2014,58,0.0,-3.259999999999991
2014,59,0.01,-2.4899999999999523
2014,60,0.06,-0.8999999999999773
2014,61,0.01,-2.67999999999995
2014,62,0.0,-3.5499999999999545
2014,63,0.0,-2.2899999999999636
2014,64,3.58,-4.5499999999999545
2014,65,0.0,-3.669999999999959
2014,66,4.21,-1.75
2014,67,2.84,-6.079999999999984
2014,68,0.02,-2.819999999999993
2014,69,0.0,1.2100000000000364
2014,70,1.57,-2.6999999999999886
2014,71,0.3,-10.019999999999982
2014,72,0.0,-5.699999999999989
2014,73,0.0,-4.46999999999997
2014,74,0.0,-5.0
2014,75,0.0,-5.279999999999973
2014,76,0.0,-0.589999999999975
2014,77,0.08,-5.529999999999973
2014,78,0.01,-6.589999999999975
2014,79,0.0,-2.8899999999999864
2014,80,0.0,-1.6299999999999955
2014,81,1.52,-3.259999999999991
2014,82,0.52,-5.149999999999977
2014,83,0.0,-4.889999999999986
2014,84,0.0,-2.769999999999982
2014,85,0.0,0.8799999999999955
2014,86,0.03,-1.5399999999999636
2014,87,0.02,-4.189999999999998
2014,88,0.0,-4.810000000000002
2014,89,0.0,-0.40999999999996817
2014,90,0.0,-2.5299999999999727
2014,91,0.0,-3.2199999999999704
2014,92,0.0,-1.4899999999999523
2014,93,10.73,-5.2999999999999545
2014,94,3.31,-7.259999999999991
2014,95,0.09,-3.159999999999968
2014,96,2.59,-3.589999999999975
2014,97,0.08,-4.199999999999989
2014,98,0.0,-1.3700000000000045
2014,99,0.0,3.3799999999999955
2014,100,0.0,4.230000000000018
2014,101,0.0,4.160000000000025
2014,102,0.0,5.25
2014,103,4.89,-0.07999999999998408
2014,104,1.76,-10.909999999999968
2014,105,0.01,-3.669999999999959
2014,106,0.0,-0.7999999999999545
2014,107,5.06,-1.7299999999999613
2014,108,0.0,4.310000000000002
2014,109,0.89,4.760000000000048
2014,110,8.52,4.32000000000005
2014,111,0.31,4.460000000000036
2014,112,0.0,4.920000000000016
2014,113,0.09,5.860000000000014
2014,114,0.04,-1.6399999999999864
2014,115,0.0,3.3799999999999955
2014,116,0.0,5.82000000000005
2014,117,0.09,0.7900000000000205
2014,118,0.41,-4.009999999999991
2014,119,0.41,-5.889999999999986
2014,120,0.11,-4.979999999999961
2014,121,0.0,-4.109999999999957
2014,122,0.0,1.0300000000000296
2014,123,0.0,6.5400000000000205
2014,124,0.0,8.560000000000002
2014,125,0.0,8.300000000000011
2014,126,0.0,7.930000000000007
2014,127,0.0,5.980000000000018
2014,128,3.29,0.3100000000000023
2014,129,0.56,0.4399999999999977
2014,130,0.07,2.75
2014,131,11.69,2.330000000000041
2014,132,3.97,-6.810000000000002
2014,133,0.74,-7.949999999999989
2014,134,0.54,-4.3700000000000045
2014,135,0.01,-0.4199999999999591
2014,136,0.0,3.920000000000016
2014,137,0.23,5.210000000000036
2014,138,0.0,8.850000000000023
2014,139,0.0,10.0
2014,140,0.0,9.240000000000009
2014,141,0.01,8.480000000000018
2014,142,3.33,8.240000000000009
2014,143,1.92,8.170000000000016
2014,144,9.23,8.090000000000032
2014,145,15.42,7.210000000000036
2014,146,0.56,6.900000000000034
2014,147,0.88,9.600000000000023
2014,148,0.03,11.740000000000009
2014,149,1.51,12.710000000000036
2014,150,6.49,10.620000000000005
2014,151,0.67,9.860000000000014
2014,152,0.0,11.710000000000036
2014,153,0.0,10.160000000000025
2014,154,0.0,13.200000000000045
2014,155,0.0,12.670000000000016
2014,156,0.09,11.28000000000003
2014,157,3.55,11.79000000000002
2014,158,0.82,10.340000000000032
2014,159,8.36,9.410000000000025
2014,160,5.13,4.650000000000034
2014,161,0.0,9.330000000000041
2014,162,0.41,11.629999999999995
2014,163,0.42,9.580000000000041
2014,164,0.57,12.020000000000039
2014,165,0.63,11.230000000000018
2014,166,0.0,7.28000000000003
2014,167,0.0,10.810000000000002
2014,168,0.0,11.79000000000002
2014,169,0.0,11.600000000000023
2014,170,0.52,9.32000000000005
2014,171,0.0,12.310000000000002
2014,172,0.0,13.850000000000023
2014,173,1.0,12.150000000000034
2014,174,0.51,11.350000000000023
2014,175,0.86,12.370000000000005
2014,176,0.6,13.410000000000025
2014,177,0.0,14.140000000000043
2014,178,0.13,12.920000000000016
2014,179,0.34,9.600000000000023
2014,180,0.0,12.810000000000002
2014,181,0.0,15.620000000000005
2014,182,0.0,11.140000000000043
2014,183,0.0,10.939999999999998
2014,184,0.25,13.700000000000045
2014,185,2.17,14.830000000000041
2014,186,0.07,14.54000000000002
2014,187,0.07,16.05000000000001
2014,188,0.88,16.470000000000027
2014,189,1.51,13.629999999999995
2014,190,0.49,15.03000000000003
2014,191,1.17,15.510000000000048
2014,192,10.77,15.800000000000011
2014,193,9.0,14.189999999999998
2014,194,6.42,13.810000000000002
2014,195,2.33,14.270000000000039
2014,196,3.53,13.100000000000023
2014,197,4.82,13.080000000000041
2014,198,10.34,10.450000000000045
2014,199,0.58,12.850000000000023
2014,200,0.77,14.590000000000032
2014,201,0.61,15.730000000000018
2014,202,0.05,16.230000000000018
2014,203,0.45,17.32000000000005
2014,204,1.77,16.950000000000045
2014,205,0.17,16.78000000000003
2014,206,4.74,15.82000000000005
2014,207,2.35,15.800000000000011
2014,208,2.64,14.200000000000045
2014,209,18.5,12.710000000000036
2014,210,4.69,11.710000000000036
2014,211,5.05,8.700000000000045
2014,212,14.55,8.850000000000023
2014,213,2.49,8.930000000000007
2014,214,1.08,9.580000000000041
2014,215,0.08,12.550000000000011
2014,216,0.95,13.990000000000009
2014,217,2.1,12.439999999999998
2014,218,0.47,12.650000000000034
2014,219,0.29,13.129999999999995
2014,220,1.94,12.57000000000005
2014,221,0.49,12.810000000000002
2014,222,8.02,10.720000000000027
2014,223,1.04,11.050000000000011
2014,224,0.0,13.29000000000002
2014,225,0.88,14.410000000000025
2014,226,8.58,13.590000000000032
2014,227,1.5,12.680000000000007
2014,228,0.39,13.660000000000025
2014,229,0.36,14.580000000000041
2014,230,0.11,15.120000000000005
2014,231,1.38,13.810000000000002
2014,232,0.0,13.07000000000005
2014,233,0.67,12.020000000000039
2014,234,3.63,11.600000000000023
2014,235,0.08,10.170000000000016
2014,236,0.0,9.900000000000034
2014,237,1.49,11.29000000000002
2014,238,0.18,12.100000000000023
2014,239,1.97,10.870000000000005
2014,240,3.45,8.560000000000002
2014,241,0.76,9.0
2014,242,0.48,10.890000000000043
2014,243,0.07,11.710000000000036
2014,244,0.02,9.830000000000041
2014,245,0.0,11.140000000000043
2014,246,0.0,13.840000000000032
2014,247,0.19,14.240000000000009
2014,248,16.76,9.260000000000048
2014,249,2.7,9.07000000000005
2014,250,1.86,10.82000000000005
2014,251,0.71,11.150000000000034
2014,252,1.99,9.830000000000041
2014,253,1.61,8.32000000000005
2014,254,0.4,8.5
2014,255,0.06,2.930000000000007
2014,256,0.25,6.910000000000025
2014,257,0.02,10.150000000000034
2014,258,0.06,11.129999999999995
2014,259,0.01,11.5
2014,260,0.0,12.53000000000003
2014,261,0.02,12.240000000000009
2014,262,0.0,13.200000000000045
2014,263,0.09,12.939999999999998
2014,264,7.55,9.960000000000036
2014,265,1.94,9.550000000000011
2014,266,0.12,9.939999999999998
2014,267,0.12,10.25
2014,268,0.0,11.82000000000005
2014,269,0.0,12.920000000000016
2014,270,0.0,12.840000000000032
2014,271,3.14,9.970000000000027
2014,272,8.11,8.150000000000034
2014,273,0.28,3.990000000000009
2014,274,0.45,3.7100000000000364
2014,275,0.67,1.3000000000000114
2014,276,0.0,2.0300000000000296
2014,277,0.0,4.28000000000003
2014,278,0.0,5.260000000000048
2014,279,0.0,5.9500000000000455
2014,280,0.0,7.920000000000016
2014,281,0.0,9.200000000000045
2014,282,10.55,7.0400000000000205
2014,283,5.8,2.910000000000025
2014,284,0.05,3.730000000000018
2014,285,3.52,3.1200000000000045
2014,286,2.66,-1.6200000000000045
2014,287,0.01,2.480000000000018
2014,288,0.0,7.900000000000034
2014,289,0.0,7.7900000000000205
2014,290,0.0,6.2900000000000205
2014,291,0.0,6.210000000000036
2014,292,0.0,7.770000000000039
2014,293,0.0,6.6200000000000045
2014,294,0.0,6.960000000000036
2014,295,0.18,6.189999999999998
2014,296,0.0,4.9500000000000455
2014,297,0.0,7.720000000000027
2014,298,0.0,8.400000000000034
2014,299,0.0,7.390000000000043
2014,300,0.0,3.0
2014,301,0.0,-1.5199999999999818
2014,302,0.0,1.3500000000000227
2014,303,0.0,2.410000000000025
2014,304,0.0,2.5600000000000023
2014,305,0.0,5.3700000000000045
2014,306,0.01,4.260000000000048
2014,307,0.0,-0.589999999999975
2014,308,0.0,-3.569999999999993
2014,309,0.0,0.4200000000000159
2014,310,0.0,3.1000000000000227
2014,311,0.0,4.410000000000025
2014,312,0.01,0.6500000000000341
2014,313,0.01,3.160000000000025
2014,314,0.31,2.410000000000025
2014,315,0.43,-9.129999999999995
2014,316,1.3,-22.72999999999999
2014,317,0.17,-18.039999999999964
2014,318,0.19,-5.039999999999964
2014,319,0.04,-6.0
2014,320,1.62,-14.21999999999997
2014,321,0.12,-13.67999999999995
2014,322,0.0,-10.669999999999959
2014,323,0.0,-7.259999999999991
2014,324,0.0,-6.21999999999997
2014,325,0.0,-4.659999999999968
2014,326,0.0,-3.4699999999999704
2014,327,0.21,-4.739999999999952
2014,328,0.0,-12.370000000000005
2014,329,0.0,-10.259999999999991
2014,330,0.0,-4.339999999999975
2014,331,0.0,-1.4699999999999704
2014,332,0.0,0.12000000000000455
2014,333,0.0,-0.2699999999999818
2014,334,0.0,-0.7599999999999909
2014,335,0.0,-7.039999999999964
2014,336,0.0,-3.1899999999999977
2014,337,0.0,-1.589999999999975
2014,338,0.0,-1.419999999999959
2014,339,0.0,-2.2799999999999727
2014,340,0.0,-2.599999999999966
2014,341,0.0,-2.089999999999975
2014,342,0.0,-2.599999999999966
2014,343,0.0,-1.1899999999999977
2014,344,0.0,-0.8100000000000023
2014,345,0.0,-1.0199999999999818
2014,346,0.0,-0.23999999999995225
2014,347,0.0,0.4000000000000341
2014,348,1.65,-3.269999999999982
2014,349,1.22,-7.639999999999986
2014,350,0.04,-7.009999999999991
2014,351,0.3,-5.039999999999964
2014,352,0.08,-6.739999999999952
2014,353,0.1,-7.9599999999999795
2014,354,0.0,-7.269999999999982
2014,355,0.0,-5.6299999999999955
2014,356,1.48,-5.139999999999986
2014,357,0.1,-11.449999999999989
2014,358,0.02,-10.20999999999998
2014,359,0.02,-5.689999999999998
2014,360,1.55,-13.42999999999995
2014,361,0.04,-16.620000000000005
2014,362,0.43,-13.669999999999959
2014,363,0.91,-13.939999999999998
2014,364,0.37,-23.029999999999973
2014,365,0.01,-18.149999999999977
2015,1,3.26,-13.399999999999977
2015,2,1.43,-11.569999999999993
2015,3,0.2,-9.989999999999952
2015,4,0.09,-11.699999999999989
2015,5,0.05,-5.42999999999995
2015,6,0.0,-0.6699999999999591
2015,7,0.0,-2.2899999999999636
2015,8,0.0,-1.1999999999999886
2015,9,0.0,-8.25
2015,10,0.0,-3.169999999999959
2015,11,0.0,-3.7399999999999523
2015,12,0.33,-5.310000000000002
2015,13,0.06,-4.96999999999997
2015,14,0.0,-6.75
2015,15,0.0,-5.810000000000002
2015,16,0.0,-2.609999999999957
2015,17,0.0,-3.409999999999968
2015,18,0.0,-3.339999999999975
2015,19,0.0,-2.1399999999999864
2015,20,0.0,-4.8700000000000045
2015,21,2.87,-9.549999999999955
2015,22,0.0,-14.089999999999975
2015,23,0.0,-9.609999999999957
2015,24,0.0,-6.019999999999982
2015,25,0.2,-2.9699999999999704
2015,26,0.0,-0.339999999999975
2015,27,0.0,1.7600000000000477
2015,28,0.0,-1.0399999999999636
2015,29,0.0,-4.159999999999968
2015,30,0.0,-2.8899999999999864
2015,31,0.66,-2.909999999999968
2015,32,0.08,-7.019999999999982
2015,33,0.0,-6.2999999999999545
2015,34,0.0,-5.279999999999973
2015,35,0.0,-3.7199999999999704
2015,36,0.0,-3.509999999999991
2015,37,0.0,0.160000000000025
2015,38,0.0,1.1899999999999977
2015,39,0.0,0.4600000000000364
2015,40,0.0,-1.0699999999999932
2015,41,0.0,-0.40999999999996817
2015,42,5.02,-4.21999999999997
2015,43,0.0,-2.7999999999999545
2015,44,0.0,-1.2899999999999636
2015,45,0.0,-0.029999999999972715
2015,46,1.22,-0.5699999999999932
2015,47,1.35,-8.689999999999998
2015,48,0.0,-12.269999999999982
2015,49,0.0,-7.859999999999957
2015,50,0.0,-3.759999999999991
2015,51,0.0,-3.1499999999999773
2015,52,3.13,-7.399999999999977
2015,53,5.15,-13.370000000000005
2015,54,2.29,-15.17999999999995
2015,55,0.05,-9.439999999999998
2015,56,0.25,-7.21999999999997
2015,57,5.44,-10.899999999999977
2015,58,0.92,-14.870000000000005
2015,59,0.02,-11.289999999999964
2015,60,0.73,-7.739999999999952
2015,61,4.19,-3.919999999999959
2015,62,1.84,-5.479999999999961
2015,63,0.44,-11.579999999999984
2015,64,0.31,-12.120000000000005
2015,65,0.0,-5.859999999999957
2015,66,0.0,-2.669999999999959
2015,67,0.0,-3.7999999999999545
2015,68,0.0,-3.589999999999975
2015,69,0.0,-2.099999999999966
2015,70,0.0,-0.7299999999999613
2015,71,0.0,0.6299999999999955
2015,72,0.33,-1.2699999999999818
2015,73,0.0,-0.6200000000000045
2015,74,0.0,1.9700000000000273
2015,75,0.0,6.0400000000000205
2015,76,0.0,1.9600000000000364
2015,77,0.86,3.930000000000007
2015,78,15.94,0.6899999999999977
2015,79,0.17,-1.92999999999995
2015,80,0.0,1.660000000000025
2015,81,0.0,2.3100000000000023
2015,82,0.0,2.170000000000016
2015,83,1.32,-0.7599999999999909
2015,84,5.05,-2.769999999999982
2015,85,0.88,-5.139999999999986
2015,86,0.0,0.6299999999999955
2015,87,0.0,3.5400000000000205
2015,88,0.0,3.7200000000000273
2015,89,0.0,4.210000000000036
2015,90,0.0,4.78000000000003
2015,91,0.0,5.300000000000011
2015,92,0.0,0.5300000000000296
2015,93,1.97,-5.519999999999982
2015,94,0.0,-2.7399999999999523
2015,95,0.0,2.3500000000000227
2015,96,0.0,4.230000000000018
2015,97,0.0,3.6200000000000045
2015,98,0.0,2.890000000000043
2015,99,0.37,-2.5399999999999636
2015,100,0.0,-1.0600000000000023
2015,101,0.0,2.5400000000000205
2015,102,0.0,3.4700000000000273
2015,103,0.0,2.07000000000005
2015,104,0.0,4.390000000000043
2015,105,0.0,3.8000000000000114
2015,106,5.38,-3.5299999999999727
2015,107,11.88,-3.8100000000000023
2015,108,5.65,-6.239999999999952
2015,109,3.64,-3.909999999999968
2015,110,0.0,-3.1399999999999864
2015,111,0.0,-0.46999999999997044
2015,112,0.33,2.5600000000000023
2015,113,0.96,3.8600000000000136
2015,114,0.43,2.180000000000007
2015,115,0.32,2.0300000000000296
2015,116,11.75,1.420000000000016
2015,117,5.49,-1.25
2015,118,0.06,-2.6499999999999773
2015,119,0.0,3.7600000000000477
2015,120,0.0,7.090000000000032
2015,121,3.25,6.3799999999999955
2015,122,0.4,6.810000000000002
2015,123,1.93,7.8700000000000045
2015,124,5.34,5.900000000000034
2015,125,7.16,3.990000000000009
2015,126,3.86,5.090000000000032
2015,127,0.79,4.890000000000043
2015,128,3.06,3.3600000000000136
2015,129,12.33,2.82000000000005
2015,130,15.72,-3.259999999999991
2015,131,1.9,-1.579999999999984
2015,132,0.0,3.7700000000000387
2015,133,0.94,6.360000000000014
2015,134,1.66,5.930000000000007
2015,135,3.57,6.960000000000036
2015,136,0.89,3.7900000000000205
2015,137,1.09,3.2800000000000296
2015,138,10.09,4.110000000000014
2015,139,21.64,2.6200000000000045
2015,140,0.08,2.980000000000018
2015,141,0.49,4.090000000000032
2015,142,9.41,4.8799999999999955
2015,143,3.46,5.080000000000041
2015,144,1.05,3.2800000000000296
2015,145,1.6,3.6000000000000227
2015,146,0.54,5.110000000000014
2015,147,0.77,7.460000000000036
2015,148,0.05,8.810000000000002
2015,149,0.23,6.430000000000007
2015,150,2.02,6.670000000000016
2015,151,0.0,10.650000000000034
2015,152,0.96,13.020000000000039
2015,153,0.0,12.629999999999995
2015,154,0.05,12.620000000000005
2015,155,0.01,11.740000000000009
2015,156,2.98,11.04000000000002
2015,157,4.02,10.430000000000007
2015,158,0.12,10.080000000000041
2015,159,0.23,11.110000000000014
2015,160,0.0,13.260000000000048
2015,161,2.72,12.379999999999995
2015,162,6.22,11.060000000000002
2015,163,8.98,9.270000000000039
2015,164,0.39,11.350000000000023
2015,165,3.14,11.379999999999995
2015,166,4.59,11.920000000000016
2015,167,3.84,12.450000000000045
2015,168,1.11,14.020000000000039
2015,169,0.55,15.370000000000005
2015,170,0.0,15.580000000000041
2015,171,0.0,16.82000000000005
2015,172,0.0,16.980000000000018
2015,173,0.0,17.57000000000005
2015,174,0.0,16.140000000000043
2015,175,1.68,17.30000000000001
2015,176,0.99,16.07000000000005
2015,177,0.46,15.189999999999998
2015,178,0.07,13.970000000000027
2015,179,0.61,15.470000000000027
2015,180,0.37,15.420000000000016
2015,181,0.38,15.550000000000011
2015,182,4.41,16.760000000000048
2015,183,2.49,14.379999999999995
2015,184,1.47,14.060000000000002
2015,185,3.7,15.840000000000032
2015,186,0.82,16.590000000000032
2015,187,6.02,13.350000000000023
2015,188,9.64,10.430000000000007
2015,189,2.84,10.0
2015,190,4.89,9.980000000000018
2015,191,8.47,12.03000000000003
2015,192,0.56,12.700000000000045
2015,193,0.0,14.080000000000041
2015,194,1.88,15.560000000000002
2015,195,1.8,14.550000000000011
2015,196,0.43,12.490000000000009
2015,197,0.79,13.07000000000005
2015,198,1.23,14.25
2015,199,0.21,14.120000000000005
2015,200,1.98,12.990000000000009
2015,201,2.2,12.800000000000011
2015,202,6.4,12.150000000000034
2015,203,0.6,12.53000000000003
2015,204,0.0,14.810000000000002
2015,205,0.06,16.439999999999998
2015,206,0.16,14.470000000000027
2015,207,0.08,15.660000000000025
2015,208,0.0,16.180000000000007
2015,209,0.0,15.020000000000039
2015,210,0.38,13.370000000000005
2015,211,0.19,14.189999999999998
2015,212,1.67,14.879999999999995
2015,213,0.39,14.830000000000041
2015,214,0.81,15.350000000000023
2015,215,0.31,14.620000000000005
2015,216,0.89,13.590000000000032
2015,217,0.0,14.460000000000036
2015,218,0.0,15.870000000000005
2015,219,0.0,15.120000000000005
2015,220,0.0,13.910000000000025
2015,221,0.0,13.680000000000007
2015,222,3.46,13.730000000000018
2015,223,11.63,13.520000000000039
2015,224,2.44,14.470000000000027
2015,225,1.96,16.03000000000003
2015,226,6.86,16.670000000000016
2015,227,3.51,16.980000000000018
2015,228,2.05,15.78000000000003
2015,229,0.67,14.640000000000043
2015,230,1.04,12.160000000000025
2015,231,0.68,7.640000000000043
2015,232,0.0,10.180000000000007
2015,233,0.0,13.220000000000027
2015,234,0.8,14.590000000000032
2015,235,0.5,12.04000000000002
2015,236,0.26,14.460000000000036
2015,237,0.36,15.220000000000027
2015,238,0.38,16.060000000000002
2015,239,0.27,13.810000000000002
2015,240,1.75,12.160000000000025
2015,241,0.04,13.189999999999998
2015,242,0.0,14.980000000000018
2015,243,0.35,14.960000000000036
2015,244,0.35,13.060000000000002
2015,245,0.68,14.370000000000005
2015,246,0.51,13.650000000000034
2015,247,0.79,12.79000000000002
2015,248,0.07,13.200000000000045
2015,249,0.0,12.220000000000027
2015,250,0.04,12.640000000000043
2015,251,0.0,11.490000000000009
2015,252,0.0,11.730000000000018
2015,253,0.0,12.650000000000034
2015,254,0.0,10.470000000000027
2015,255,0.0,11.670000000000016
2015,256,0.0,13.340000000000032
2015,257,0.0,13.230000000000018
2015,258,0.0,12.100000000000023
2015,259,0.0,11.28000000000003
2015,260,0.0,11.28000000000003
2015,261,0.0,9.080000000000041
2015,262,0.0,7.660000000000025
2015,263,0.0,9.640000000000043
2015,264,0.0,11.980000000000018
2015,265,0.06,13.670000000000016
2015,266,0.68,11.840000000000032
2015,267,0.0,11.490000000000009
2015,268,0.0,11.57000000000005
2015,269,0.0,12.590000000000032
2015,270,0.0,12.990000000000009
2015,271,0.0,13.0
2015,272,3.47,11.140000000000043
2015,273,0.33,11.400000000000034
2015,274,0.54,11.770000000000039
2015,275,1.56,12.310000000000002
2015,276,0.0,8.360000000000014
2015,277,0.23,7.2000000000000455
2015,278,0.2,8.110000000000014
2015,279,4.36,8.450000000000045
2015,280,0.8,7.25
2015,281,0.01,8.160000000000025
2015,282,0.0,7.480000000000018
2015,283,0.0,10.410000000000025
2015,284,0.0,11.240000000000009
2015,285,0.0,9.470000000000027
2015,286,0.0,9.260000000000048
2015,287,0.0,9.689999999999998
2015,288,0.0,8.79000000000002
2015,289,0.0,5.8700000000000045
2015,290,0.0,9.439999999999998
2015,291,0.61,8.840000000000032
2015,292,0.21,8.07000000000005
2015,293,0.0,6.470000000000027
2015,294,3.9,3.3000000000000114
2015,295,11.99,0.7400000000000091
2015,296,1.18,1.3600000000000136
2015,297,0.22,1.2900000000000205
2015,298,0.0,3.4600000000000364
2015,299,0.13,4.730000000000018
2015,300,0.04,1.900000000000034
2015,301,0.0,-0.6399999999999864
2015,302,0.0,2.180000000000007
2015,303,0.93,1.2200000000000273
2015,304,0.03,-0.339999999999975
2015,305,0.0,2.670000000000016
2015,306,0.0,4.230000000000018
2015,307,0.0,4.650000000000034
2015,308,0.0,2.980000000000018
2015,309,0.18,-3.6399999999999864
2015,310,0.0,-5.75
2015,311,0.0,-5.6299999999999955
2015,312,0.0,-0.009999999999990905
2015,313,0.0,0.08000000000004093
2015,314,0.0,-0.44999999999998863
2015,315,3.39,-4.729999999999961
2015,316,0.0,-6.71999999999997
2015,317,0.19,-3.67999999999995
2015,318,0.08,-0.5999999999999659
2015,319,0.0,-0.6599999999999682
2015,320,2.87,-1.079999999999984
2015,321,8.0,-6.989999999999952
2015,322,0.01,-7.1200000000000045
2015,323,0.02,-7.25
2015,324,0.32,-3.5499999999999545
2015,325,0.0,-9.819999999999993
2015,326,0.0,-4.67999999999995
2015,327,0.0,-1.7699999999999818
2015,328,0.0,-3.6999999999999886
2015,329,0.0,-3.6200000000000045
2015,330,0.0,-7.359999999999957
2015,331,0.88,-13.669999999999959
2015,332,0.24,-10.109999999999957
2015,333,0.0,-10.060000000000002
2015,334,4.27,-11.899999999999977
2015,335,0.0,-13.989999999999952
2015,336,0.0,-9.25
2015,337,0.0,-7.229999999999961
2015,338,0.78,-4.909999999999968
2015,339,0.01,-4.349999999999966
2015,340,0.0,-5.649999999999977
2015,341,0.03,-1.2099999999999795
2015,342,0.0,-1.2299999999999613
2015,343,0.0,-0.0999999999999659
2015,344,0.0,0.2400000000000091
2015,345,0.0,-0.3499999999999659
2015,346,3.05,-5.0499999999999545
2015,347,0.0,-8.67999999999995
2015,348,2.03,-5.289999999999964
2015,349,0.55,-10.269999999999982
2015,350,1.07,-14.159999999999968
2015,351,0.0,-15.759999999999991
2015,352,0.21,-10.069999999999993
2015,353,0.11,-3.9899999999999523
2015,354,0.0,-2.659999999999968
2015,355,0.0,-7.399999999999977
2015,356,0.0,-5.46999999999997
2015,357,0.05,-7.649999999999977
2015,358,0.0,-13.199999999999989
2015,359,0.85,-9.620000000000005
2015,360,0.33,-14.649999999999977
2015,361,0.0,-17.299999999999983
2015,362,0.24,-11.239999999999952
2015,363,0.0,-11.729999999999961
2015,364,0.0,-13.17999999999995
2015,365,0.0,-15.299999999999955
2016,1,0.0,-16.310000000000002
2016,2,0.0,-11.519999999999982
2016,3,0.0,-7.3799999999999955
2016,4,0.0,-5.949999999999989
2016,5,0.0,-5.529999999999973
2016,6,0.0,-7.359999999999957
2016,7,0.4,-5.6299999999999955
2016,8,0.15,-8.079999999999984
2016,9,0.0,-12.139999999999986
2016,10,0.0,-13.629999999999995
2016,11,0.22,-12.039999999999964
2016,12,0.0,-8.0
2016,13,0.5,-6.489999999999952
2016,14,0.0,-6.92999999999995
2016,15,0.0,-10.92999999999995
2016,16,0.0,-12.779999999999973
2016,17,0.0,-9.639999999999986
2016,18,0.0,-7.659999999999968
2016,19,0.0,-6.489999999999952
2016,20,0.0,-7.1200000000000045
2016,21,0.0,-10.269999999999982
2016,22,0.0,-6.8799999999999955
2016,23,0.0,-3.0299999999999727
2016,24,0.0,-3.9399999999999977
2016,25,0.0,-9.139999999999986
2016,26,0.0,-11.939999999999998
2016,27,0.0,-6.909999999999968
2016,28,0.0,-4.239999999999952
2016,29,0.0,-3.4699999999999704
2016,30,0.0,-1.829999999999984
2016,31,1.78,-5.3799999999999955
2016,32,5.82,-9.049999999999955
2016,33,0.17,-13.399999999999977
2016,34,0.13,-17.649999999999977
2016,35,0.01,-15.599999999999966
2016,36,0.57,-11.629999999999995
2016,37,0.01,-9.169999999999959
2016,38,0.04,-5.810000000000002
2016,39,0.0,-6.069999999999993
2016,40,0.0,-4.409999999999968
2016,41,0.0,-1.7199999999999704
2016,42,0.0,0.3300000000000409
2016,43,0.0,-0.8100000000000023
2016,44,0.0,0.1500000000000341
2016,45,0.0,-3.3799999999999955
2016,46,0.01,-4.560000000000002
2016,47,0.0,-2.5499999999999545
2016,48,0.0,-1.2199999999999704
2016,49,0.0,0.82000000000005
2016,50,0.0,-0.46999999999997044
2016,51,0.0,-1.089999999999975
2016,52,0.0,-3.4699999999999704
2016,53,0.35,-5.359999999999957
2016,54,6.49,-8.839999999999975
2016,55,0.0,-9.92999999999995
2016,56,0.7,-7.0499999999999545
2016,57,0.0,-2.659999999999968
2016,58,0.0,-0.5199999999999818
2016,59,0.0,-1.349999999999966
2016,60,0.0,-2.089999999999975
2016,61,0.0,-4.019999999999982
2016,62,0.04,-1.839999999999975
2016,63,0.0,-2.319999999999993
2016,64,0.0,-0.17999999999994998
2016,65,0.0,0.03000000000002956
2016,66,0.0,-0.13999999999998636
2016,67,0.0,-2.0299999999999727
2016,68,0.0,-6.46999999999997
2016,69,0.0,-5.139999999999986
2016,70,0.0,-3.1999999999999886
2016,71,0.0,1.4700000000000273
2016,72,0.0,2.6100000000000136
2016,73,0.21,0.10000000000002274
2016,74,0.0,-0.8599999999999568
2016,75,0.1,-5.199999999999989
2016,76,0.07,-6.889999999999986
2016,77,0.0,-5.3700000000000045
2016,78,2.78,-9.009999999999991
2016,79,0.03,-11.45999999999998
2016,80,0.05,-7.149999999999977
2016,81,0.0,0.5300000000000296
2016,82,0.0,1.330000000000041
2016,83,12.4,-4.019999999999982
2016,84,2.05,-7.909999999999968
2016,85,1.27,-5.649999999999977
2016,86,2.32,-8.349999999999966
2016,87,0.0,-8.75
2016,88,0.0,-2.849999999999966
2016,89,0.0,0.37999999999999545
2016,90,1.75,-4.810000000000002
2016,91,2.51,-7.399999999999977
2016,92,0.5,-7.609999999999957
2016,93,0.0,-4.269999999999982
2016,94,0.0,-0.029999999999972715
2016,95,0.0,2.5300000000000296
2016,96,0.31,2.660000000000025
2016,97,0.0,-1.2099999999999795
2016,98,0.0,2.2000000000000455
2016,99,0.0,1.8900000000000432
2016,100,0.0,3.0200000000000387
2016,101,0.11,2.3700000000000045
2016,102,0.89,0.5800000000000409
2016,103,1.38,2.390000000000043
2016,104,0.02,3.480000000000018
2016,105,0.03,4.460000000000036
2016,106,1.34,3.080000000000041
2016,107,11.19,-3.8899999999999864
2016,108,4.93,-7.279999999999973
2016,109,5.58,-8.759999999999991
2016,110,4.93,-6.189999999999998
2016,111,0.08,-3.42999999999995
2016,112,0.0,-1.1899999999999977
2016,113,0.0,1.57000000000005
2016,114,0.0,3.900000000000034
2016,115,0.06,-1.089999999999975
2016,116,0.0,0.6700000000000159
2016,117,4.2,-1.2799999999999727
2016,118,1.26,-4.479999999999961
2016,119,5.21,-3.6999999999999886
2016,120,9.41,-4.3700000000000045
2016,121,2.15,-3.9699999999999704
2016,122,0.52,-6.919999999999959
2016,123,0.06,-4.1299999999999955
2016,124,0.0,-1.8799999999999955
2016,125,0.0,3.07000000000005
2016,126,0.0,3.930000000000007
2016,127,0.07,6.590000000000032
2016,128,0.58,5.1299999999999955
2016,129,0.05,-1.6599999999999682
2016,130,0.4,-0.15999999999996817
2016,131,0.05,3.980000000000018
2016,132,0.0,0.0
2016,133,0.0,1.7800000000000296
2016,134,0.0,4.650000000000034
2016,135,0.0,4.800000000000011
2016,136,1.77,3.8000000000000114
2016,137,2.67,1.8700000000000045
2016,138,10.1,-1.42999999999995
2016,139,2.47,-1.9799999999999613
2016,140,0.46,2.25
2016,141,0.02,5.600000000000023
2016,142,0.0,7.600000000000023
2016,143,0.0,7.140000000000043
2016,144,0.0,4.300000000000011
2016,145,0.0,5.740000000000009
2016,146,0.0,4.330000000000041
2016,147,0.86,5.300000000000011
2016,148,3.78,2.0500000000000114
2016,149,1.16,3.0100000000000477
2016,150,0.4,5.9500000000000455
2016,151,0.03,7.4500000000000455
2016,152,0.46,6.560000000000002
2016,153,1.82,5.680000000000007
2016,154,1.08,8.080000000000041
2016,155,0.0,9.470000000000027
2016,156,0.0,9.610000000000014
2016,157,0.0,10.470000000000027
2016,158,1.15,11.760000000000048
2016,159,1.69,11.990000000000009
2016,160,1.58,12.25
2016,161,0.37,12.53000000000003
2016,162,0.8,15.390000000000043
2016,163,0.03,15.510000000000048
2016,164,2.1,13.960000000000036
2016,165,8.08,11.610000000000014
2016,166,0.46,9.410000000000025
2016,167,0.0,12.210000000000036
2016,168,0.0,14.020000000000039
2016,169,0.0,14.700000000000045
2016,170,0.0,15.110000000000014
2016,171,0.0,17.189999999999998
2016,172,0.49,17.600000000000023
2016,173,11.81,18.360000000000014
2016,174,3.33,17.450000000000045
2016,175,2.0,15.150000000000034
2016,176,0.02,15.379999999999995
2016,177,1.45,15.390000000000043
2016,178,1.2,14.330000000000041
2016,179,1.04,15.020000000000039
2016,180,0.03,15.450000000000045
2016,181,0.74,15.390000000000043
2016,182,0.36,14.28000000000003
2016,183,5.02,12.170000000000016
2016,184,1.51,11.020000000000039
2016,185,0.85,11.720000000000027
2016,186,0.03,13.330000000000041
2016,187,0.01,14.590000000000032
2016,188,0.0,15.0
2016,189,0.0,14.610000000000014
2016,190,0.45,15.010000000000048
2016,191,0.0,15.470000000000027
2016,192,0.0,16.140000000000043
2016,193,0.0,14.930000000000007
2016,194,0.0,13.379999999999995
2016,195,0.0,14.450000000000045
2016,196,0.0,14.450000000000045
2016,197,0.0,14.900000000000034
2016,198,0.0,15.29000000000002
2016,199,0.0,16.160000000000025
2016,200,3.38,15.990000000000009
2016,201,3.57,16.120000000000005
2016,202,1.47,16.370000000000005
2016,203,4.37,16.350000000000023
2016,204,1.56,17.49000000000001
2016,205,0.48,16.810000000000002
2016,206,0.15,16.400000000000034
2016,207,0.03,16.140000000000043
2016,208,0.01,16.52000000000004
2016,209,0.0,15.879999999999995
2016,210,0.0,16.420000000000016
2016,211,0.04,14.240000000000009
2016,212,0.05,15.410000000000025
2016,213,1.29,16.350000000000023
2016,214,0.22,14.900000000000034
2016,215,0.0,16.439999999999998
2016,216,0.0,15.660000000000025
2016,217,0.08,14.920000000000016
2016,218,2.35,9.879999999999995
2016,219,1.81,12.640000000000043
2016,220,1.43,13.689999999999998
2016,221,5.92,14.560000000000002
2016,222,0.0,15.460000000000036
2016,223,1.3,15.210000000000036
2016,224,0.03,14.879999999999995
2016,225,0.25,11.890000000000043
2016,226,0.3,12.100000000000023
2016,227,0.0,12.53000000000003
2016,228,0.0,13.950000000000045
2016,229,0.0,13.629999999999995
2016,230,4.85,13.490000000000009
2016,231,2.64,13.010000000000048
2016,232,0.17,11.060000000000002
2016,233,1.66,9.28000000000003
2016,234,0.33,11.560000000000002
2016,235,4.0,13.950000000000045
2016,236,1.77,12.580000000000041
2016,237,8.53,9.890000000000043
2016,238,1.69,8.25
2016,239,0.0,8.78000000000003
2016,240,0.03,9.78000000000003
2016,241,0.76,11.270000000000039
2016,242,11.59,10.560000000000002
2016,243,0.47,9.960000000000036
2016,244,0.01,10.960000000000036
2016,245,0.2,12.330000000000041
2016,246,0.97,12.850000000000023
2016,247,0.0,12.610000000000014
2016,248,0.08,12.28000000000003
2016,249,0.0,12.25
2016,250,0.0,12.830000000000041
2016,251,0.0,12.180000000000007
2016,252,0.0,12.160000000000025
2016,253,0.0,11.29000000000002
2016,254,0.0,7.439999999999998
2016,255,0.0,12.03000000000003
2016,256,0.0,12.150000000000034
2016,257,1.68,8.770000000000039
2016,258,0.62,9.270000000000039
2016,259,0.28,8.650000000000034
2016,260,0.0,6.640000000000043
2016,261,0.0,7.07000000000005
2016,262,0.0,9.25
2016,263,0.0,12.53000000000003
2016,264,0.0,13.720000000000027
2016,265,0.24,12.82000000000005
2016,266,0.0,12.100000000000023
2016,267,0.03,11.629999999999995
2016,268,0.01,5.0
2016,269,0.0,3.340000000000032
2016,270,0.0,6.410000000000025
2016,271,0.0,9.410000000000025
2016,272,0.0,10.960000000000036
2016,273,0.0,10.710000000000036
2016,274,0.36,10.640000000000043
2016,275,2.81,8.580000000000041
2016,276,0.31,9.860000000000014
2016,277,0.0,9.220000000000027
2016,278,0.0,1.330000000000041
2016,279,0.0,0.4500000000000455
2016,280,2.35,1.490000000000009
2016,281,0.0,-0.15999999999996817
2016,282,0.0,4.680000000000007
2016,283,0.0,6.439999999999998
2016,284,0.0,7.080000000000041
2016,285,0.13,7.350000000000023
2016,286,0.0,5.520000000000039
2016,287,0.0,6.360000000000014
2016,288,0.0,8.090000000000032
2016,289,0.0,9.700000000000045
2016,290,0.0,9.580000000000041
2016,291,0.0,9.080000000000041
2016,292,0.0,5.110000000000014
2016,293,0.0,1.6400000000000432
2016,294,0.0,-0.6099999999999568
2016,295,0.0,4.6299999999999955
2016,296,0.0,7.080000000000041
2016,297,0.0,7.310000000000002
2016,298,0.0,7.590000000000032
2016,299,0.0,7.420000000000016
2016,300,0.0,4.860000000000014
2016,301,0.0,7.400000000000034
2016,302,0.0,9.400000000000034
2016,303,0.0,8.120000000000005
2016,304,0.0,6.710000000000036
2016,305,0.0,7.230000000000018
2016,306,0.0,4.850000000000023
2016,307,0.0,2.7100000000000364
2016,308,0.0,2.240000000000009
2016,309,0.0,3.2700000000000387
2016,310,0.39,4.350000000000023
2016,311,0.0,2.9700000000000273
2016,312,0.0,2.080000000000041
2016,313,0.0,1.4600000000000364
2016,314,0.0,3.7000000000000455
2016,315,0.0,4.970000000000027
2016,316,0.0,1.150000000000034
2016,317,0.0,2.390000000000043
2016,318,0.0,1.5600000000000023
2016,319,0.0,1.740000000000009
2016,320,0.0,4.939999999999998
2016,321,0.0,5.980000000000018
2016,322,1.22,0.4800000000000182
2016,323,0.03,-9.089999999999975
2016,324,0.0,-3.1899999999999977
2016,325,0.0,2.07000000000005
2016,326,0.0,2.340000000000032
2016,327,3.6,-1.1399999999999864
2016,328,0.0,-4.71999999999997
2016,329,0.0,-4.739999999999952
2016,330,0.0,-5.319999999999993
2016,331,0.0,-3.4599999999999795
2016,332,0.07,-3.9399999999999977
2016,333,0.0,-8.799999999999955
2016,334,0.0,-10.92999999999995
2016,335,0.0,-12.229999999999961
2016,336,0.0,-11.879999999999995
2016,337,0.0,-9.689999999999998
2016,338,0.25,-10.279999999999973
2016,339,0.0,-9.569999999999993
2016,340,0.02,-5.5
2016,341,0.0,-11.96999999999997
2016,342,0.91,-13.949999999999989
2016,343,0.0,-19.339999999999975
2016,344,1.11,-8.049999999999955
2016,345,0.0,-4.92999999999995
2016,346,0.53,-3.579999999999984
2016,347,0.0,-7.759999999999991
2016,348,0.0,-9.25
2016,349,0.0,-7.859999999999957
2016,350,0.0,-2.099999999999966
2016,351,0.0,-1.5699999999999932
2016,352,0.57,-10.899999999999977
2016,353,0.0,-17.849999999999966
2016,354,0.0,-12.120000000000005
2016,355,0.0,-4.75
2016,356,0.0,-3.3700000000000045
2016,357,0.04,-7.139999999999986
2016,358,0.0,-3.099999999999966
2016,359,0.0,-4.46999999999997
2016,360,0.43,-5.339999999999975
2016,361,0.0,-12.239999999999952
2016,362,0.0,-7.939999999999998
2016,363,0.0,-5.269999999999982
2016,364,0.0,-8.21999999999997
2016,365,0.0,-4.839999999999975
2016,366,0.0,-6.339999999999975
2017,1,0.0,-7.849999999999966
2017,2,0.0,-8.17999999999995
2017,3,0.0,-10.049999999999955
2017,4,1.08,-8.239999999999952
2017,5,3.8,-14.379999999999995
2017,6,0.0,-19.609999999999985
2017,7,0.0,-15.279999999999973
2017,8,0.02,-6.489999999999952
2017,9,0.0,-0.48999999999995225
2017,10,2.4,-5.17999999999995
2017,11,0.0,-4.659999999999968
2017,12,0.02,-7.439999999999998
2017,13,0.0,-5.819999999999993
2017,14,0.42,-5.560000000000002
2017,15,0.03,-6.069999999999993
2017,16,0.24,-5.5499999999999545
2017,17,0.29,-7.029999999999973
2017,18,0.1,-6.92999999999995
2017,19,0.0,-5.509999999999991
2017,20,0.71,-5.979999999999961
2017,21,0.0,-10.569999999999993
2017,22,0.0,-9.870000000000005
2017,23,0.0,-6.909999999999968
2017,24,0.01,-9.049999999999955
2017,25,0.0,-15.5
2017,26,0.0,-17.98999999999998
2017,27,0.0,-17.029999999999973
2017,28,0.0,-11.069999999999993
2017,29,0.0,-7.229999999999961
2017,30,0.0,-4.979999999999961
2017,31,0.0,-3.4599999999999795
2017,32,0.0,-4.3799999999999955
2017,33,0.0,-6.25
2017,34,0.0,-6.769999999999982
2017,35,0.0,-4.810000000000002
2017,36,0.0,-5.21999999999997
2017,37,0.0,-3.609999999999957
2017,38,0.0,-2.7899999999999636
2017,39,0.24,-2.75
2017,40,0.0,-2.759999999999991
2017,41,0.0,1.400000000000034
2017,42,0.0,1.0600000000000023
2017,43,4.25,-3.519999999999982
2017,44,0.0,-4.25
2017,45,0.0,-9.20999999999998
2017,46,0.0,-7.67999999999995
2017,47,0.0,-3.0
2017,48,0.0,-1.8700000000000045
2017,49,0.0,-2.859999999999957
2017,50,0.0,-2.109999999999957
2017,51,0.0,-3.589999999999975
2017,52,0.0,-0.9099999999999682
2017,53,0.0,-0.6899999999999977
2017,54,0.0,-6.069999999999993
2017,55,0.0,-12.069999999999993
2017,56,0.1,-15.409999999999968
2017,57,0.0,-14.349999999999966
2017,58,0.0,-11.399999999999977
2017,59,0.0,-5.7099999999999795
2017,60,0.0,-12.060000000000002
2017,61,0.0,-6.729999999999961
2017,62,0.0,-6.489999999999952
2017,63,0.0,-3.599999999999966
2017,64,0.0,-2.269999999999982
2017,65,0.0,-5.439999999999998
2017,66,0.0,-10.689999999999998
2017,67,0.0,-5.229999999999961
2017,68,0.0,-1.669999999999959
2017,69,0.0,-0.7999999999999545
2017,70,0.0,-1.7099999999999795
2017,71,0.0,-2.8999999999999773
2017,72,0.0,-5.659999999999968
2017,73,0.0,-0.5600000000000023
2017,74,0.0,2.410000000000025
2017,75,0.0,1.420000000000016
2017,76,0.0,0.9399999999999977
2017,77,0.0,3.140000000000043
2017,78,0.0,3.7100000000000364
2017,79,0.0,4.100000000000023
2017,80,0.0,2.82000000000005
2017,81,0.0,2.830000000000041
2017,82,0.0,3.3799999999999955
2017,83,14.34,-2.409999999999968
2017,84,0.0,-3.1899999999999977
2017,85,0.51,-1.2799999999999727
2017,86,0.13,-3.2999999999999545
2017,87,0.98,-1.8799999999999955
2017,88,0.01,-2.819999999999993
2017,89,0.0,-2.4899999999999523
2017,90,1.07,-0.6899999999999977
2017,91,1.83,-4.359999999999957
2017,92,2.4,-2.9699999999999704
2017,93,0.0,-3.7099999999999795
2017,94,10.09,-7.489999999999952
2017,95,0.04,-7.789999999999964
2017,96,0.0,-4.060000000000002
2017,97,0.0,0.29000000000002046
2017,98,0.0,2.8799999999999955
2017,99,0.0,-0.1099999999999568
2017,100,0.0,-2.42999999999995
2017,101,0.0,-1.9799999999999613
2017,102,0.0,2.6100000000000136
2017,103,0.0,4.140000000000043
2017,104,0.0,5.240000000000009
2017,105,0.0,3.8000000000000114
2017,106,0.0,1.2700000000000387
2017,107,0.0,2.680000000000007
2017,108,0.0,3.650000000000034
2017,109,0.0,3.9500000000000455
2017,110,1.33,-0.5499999999999545
2017,111,0.92,-2.2399999999999523
2017,112,3.16,-5.579999999999984
2017,113,0.0,0.2300000000000182
2017,114,0.0,4.730000000000018
2017,115,0.64,0.27000000000003865
2017,116,0.77,-4.4599999999999795
2017,117,0.0,-3.569999999999993
2017,118,0.0,-6.060000000000002
2017,119,1.5,-7.7099999999999795
2017,120,0.97,-8.70999999999998
2017,121,0.0,-2.9899999999999523
2017,122,0.74,-1.4699999999999704
2017,123,0.3,-1.3999999999999773
2017,124,0.0,-0.1099999999999568
2017,125,0.0,5.520000000000039
2017,126,0.0,8.120000000000005
2017,127,1.79,9.240000000000009
2017,128,0.94,6.6299999999999955
2017,129,2.04,5.730000000000018
2017,130,0.17,4.050000000000011
2017,131,2.96,1.7900000000000205
2017,132,0.0,4.189999999999998
2017,133,0.0,6.6200000000000045
2017,134,0.0,6.650000000000034
2017,135,0.0,7.6299999999999955
2017,136,0.0,6.3700000000000045
2017,137,0.0,2.7100000000000364
2017,138,13.8,0.37999999999999545
2017,139,4.27,-3.4399999999999977
2017,140,0.1,-4.009999999999991
2017,141,0.06,0.4200000000000159
2017,142,11.02,3.32000000000005
2017,143,3.62,0.09000000000003183
2017,144,0.0,3.390000000000043
2017,145,0.0,8.800000000000011
2017,146,0.54,7.330000000000041
2017,147,1.39,5.010000000000048
2017,148,0.02,3.32000000000005
2017,149,0.32,5.430000000000007
2017,150,0.26,7.010000000000048
2017,151,0.21,8.82000000000005
2017,152,0.55,10.420000000000016
2017,153,2.39,9.050000000000011
2017,154,1.27,8.900000000000034
2017,155,0.0,9.57000000000005
2017,156,0.29,12.610000000000014
2017,157,1.29,12.25
2017,158,2.75,10.710000000000036
2017,159,0.51,12.800000000000011
2017,160,0.25,13.340000000000032
2017,161,0.0,14.439999999999998
2017,162,0.0,14.100000000000023
2017,163,0.0,12.560000000000002
2017,164,0.0,9.980000000000018
2017,165,0.0,8.5
2017,166,0.0,12.140000000000043
2017,167,0.0,13.650000000000034
2017,168,0.0,14.810000000000002
2017,169,0.0,11.78000000000003
2017,170,0.0,13.360000000000014
2017,171,0.0,15.450000000000045
2017,172,0.0,16.920000000000016
2017,173,0.15,16.900000000000034
2017,174,0.0,12.890000000000043
2017,175,0.0,9.04000000000002
2017,176,0.0,10.78000000000003
2017,177,0.0,11.950000000000045
2017,178,0.0,14.930000000000007
2017,179,0.0,14.800000000000011
2017,180,0.0,13.960000000000036
2017,181,0.03,10.300000000000011
2017,182,0.0,11.150000000000034
2017,183,0.0,14.810000000000002
2017,184,0.2,14.629999999999995
2017,185,0.0,14.700000000000045
2017,186,0.0,15.79000000000002
2017,187,0.0,17.689999999999998
2017,188,0.37,16.840000000000032
2017,189,0.8,14.890000000000043
2017,190,0.13,14.82000000000005
2017,191,2.81,16.75
2017,192,1.95,16.860000000000014
2017,193,10.97,13.890000000000043
2017,194,6.06,12.640000000000043
2017,195,1.61,12.79000000000002
2017,196,1.93,11.620000000000005
2017,197,0.28,12.740000000000009
2017,198,1.13,15.520000000000039
2017,199,1.6,16.52000000000004
2017,200,5.56,16.680000000000007
2017,201,7.91,17.090000000000032
2017,202,0.64,16.510000000000048
2017,203,1.27,14.680000000000007
2017,204,14.94,14.860000000000014
2017,205,0.33,15.310000000000002
2017,206,1.73,15.770000000000039
2017,207,1.06,14.270000000000039
2017,208,16.97,14.240000000000009
2017,209,8.67,15.200000000000045
2017,210,3.29,14.100000000000023
2017,211,11.32,11.640000000000043
2017,212,2.13,11.890000000000043
2017,213,0.0,12.54000000000002
2017,214,0.92,13.370000000000005
2017,215,6.27,12.180000000000007
2017,216,0.72,12.78000000000003
2017,217,0.01,13.970000000000027
2017,218,4.12,11.960000000000036
2017,219,1.64,9.680000000000007
2017,220,8.99,8.960000000000036
2017,221,3.22,10.560000000000002
2017,222,7.99,12.07000000000005
2017,223,0.87,11.600000000000023
2017,224,1.62,12.950000000000045
2017,225,0.22,12.580000000000041
2017,226,0.03,12.850000000000023
2017,227,0.32,12.990000000000009
2017,228,0.01,10.640000000000043
2017,229,0.24,10.970000000000027
2017,230,0.0,12.78000000000003
2017,231,0.37,14.460000000000036
2017,232,0.02,15.700000000000045
2017,233,0.03,14.610000000000014
2017,234,0.63,12.900000000000034
2017,235,2.88,13.629999999999995
2017,236,0.76,12.520000000000039
2017,237,0.02,12.32000000000005
2017,238,0.0,13.800000000000011
2017,239,0.01,13.920000000000016
2017,240,0.0,13.25
2017,241,0.0,14.189999999999998
2017,242,0.77,14.620000000000005
2017,243,0.14,14.730000000000018
2017,244,0.0,13.25
2017,245,0.0,13.240000000000009
2017,246,0.01,15.160000000000025
2017,247,0.0,15.879999999999995
2017,248,0.0,10.82000000000005
2017,249,0.0,10.25
2017,250,0.02,12.830000000000041
2017,251,0.05,13.510000000000048
2017,252,0.08,14.160000000000025
2017,253,0.89,14.650000000000034
2017,254,2.15,14.170000000000016
2017,255,1.56,13.810000000000002
2017,256,2.44,13.970000000000027
2017,257,2.36,12.650000000000034
2017,258,0.51,10.439999999999998
2017,259,0.0,8.439999999999998
2017,260,2.0,8.260000000000048
2017,261,0.0,8.680000000000007
2017,262,0.0,10.170000000000016
2017,263,0.0,9.330000000000041
2017,264,0.0,10.890000000000043
2017,265,0.0,10.870000000000005
2017,266,3.71,9.370000000000005
2017,267,6.06,4.650000000000034
2017,268,0.59,2.8700000000000045
2017,269,0.13,2.740000000000009
2017,270,1.92,3.7100000000000364
2017,271,13.25,3.8100000000000023
2017,272,0.46,5.430000000000007
2017,273,1.02,6.600000000000023
2017,274,0.39,6.080000000000041
2017,275,0.79,3.8500000000000227
2017,276,0.93,3.930000000000007
2017,277,0.0,6.3700000000000045
2017,278,0.27,9.860000000000014
2017,279,0.0,7.090000000000032
2017,280,0.0,3.6000000000000227
2017,281,0.0,6.8700000000000045
2017,282,5.85,-2.4799999999999613
2017,283,0.19,-3.92999999999995
2017,284,0.0,3.9600000000000364
2017,285,0.0,6.590000000000032
2017,286,0.0,5.470000000000027
2017,287,0.0,4.220000000000027
2017,288,0.0,1.9399999999999977
2017,289,0.0,5.100000000000023
2017,290,0.0,5.590000000000032
2017,291,0.0,6.810000000000002
2017,292,0.0,7.4500000000000455
2017,293,0.0,7.080000000000041
2017,294,0.0,1.6100000000000136
2017,295,0.0,-0.12999999999999545
2017,296,0.0,3.430000000000007
2017,297,0.0,0.18999999999999773
2017,298,0.0,4.560000000000002
2017,299,0.23,3.57000000000005
2017,300,0.37,-4.399999999999977
2017,301,0.0,-1.089999999999975
2017,302,0.0,2.490000000000009
2017,303,0.0,-2.8700000000000045
2017,304,0.6,-2.2299999999999613
2017,305,0.0,1.9700000000000273
2017,306,0.0,3.330000000000041
2017,307,0.0,3.6899999999999977
2017,308,0.24,3.6899999999999977
2017,309,0.0,1.9399999999999977
2017,310,0.01,0.37000000000000455
2017,311,1.28,-2.5
2017,312,0.26,-2.9399999999999977
2017,313,0.01,0.32000000000005
2017,314,0.0,1.9700000000000273
2017,315,0.0,1.2600000000000477
2017,316,0.0,-1.4099999999999682
2017,317,0.0,2.5300000000000296
2017,318,0.0,3.2600000000000477
2017,319,0.0,0.6100000000000136
2017,320,0.0,2.170000000000016
2017,321,0.97,3.4700000000000273
2017,322,8.77,-4.6299999999999955
2017,323,0.0,-4.529999999999973
2017,324,0.0,-2.5299999999999727
2017,325,0.44,-1.7899999999999636
2017,326,0.44,0.34000000000003183
2017,327,0.0,2.4600000000000364
2017,328,0.0,3.7000000000000455
2017,329,0.0,0.7200000000000273
2017,330,0.0,2.5400000000000205
2017,331,0.0,4.110000000000014
2017,332,0.0,-0.8899999999999864
2017,333,0.0,-0.9499999999999886
2017,334,0.0,-1.4599999999999795
2017,335,0.0,-0.39999999999997726
2017,336,0.0,-0.5799999999999841
2017,337,0.0,0.4700000000000273
2017,338,0.37,-4.639999999999986
2017,339,0.0,-9.849999999999966
2017,340,0.0,-9.489999999999952
2017,341,0.0,-13.259999999999991
2017,342,0.38,-6.6200000000000045
2017,343,0.0,-3.7299999999999613
2017,344,0.0,-3.8100000000000023
2017,345,0.0,-1.599999999999966
2017,346,0.0,-1.579999999999984
2017,347,0.0,-1.3100000000000023
2017,348,2.29,-6.739999999999952
2017,349,0.02,-6.519999999999982
2017,350,0.0,-2.0499999999999545
2017,351,0.0,-5.399999999999977
2017,352,0.0,-4.089999999999975
2017,353,0.0,-2.7399999999999523
2017,354,0.0,-2.1200000000000045
2017,355,0.79,-6.399999999999977
2017,356,0.2,-10.529999999999973
2017,357,0.0,-7.539999999999964
2017,358,1.3,-9.479999999999961
2017,359,0.0,-6.419999999999959
2017,360,0.08,-5.839999999999975
2017,361,0.0,-5.159999999999968
2017,362,0.0,-3.6999999999999886
2017,363,0.0,-1.7199999999999704
2017,364,0.0,-0.2699999999999818
2017,365,0.0,-6.599999999999966
2018,1,0.0,-6.899999999999977
2018,2,0.0,-7.67999999999995
2018,3,0.0,-5.649999999999977
2018,4,0.0,-4.139999999999986
2018,5,0.0,-3.009999999999991
2018,6,0.0,-2.0499999999999545
2018,7,0.11,-2.329999999999984
2018,8,0.01,-1.079999999999984
2018,9,0.0,1.5
2018,10,0.01,0.4700000000000273
2018,11,0.04,-6.739999999999952
2018,12,0.9,-6.649999999999977
2018,13,0.0,-6.92999999999995
2018,14,0.02,-4.829999999999984
2018,15,0.06,-6.329999999999984
2018,16,0.0,-11.939999999999998
2018,17,0.0,-6.42999999999995
2018,18,0.0,-3.109999999999957
2018,19,0.0,1.3400000000000318
2018,20,0.0,0.37999999999999545
2018,21,5.71,-6.310000000000002
2018,22,0.0,-11.799999999999955
2018,23,0.0,-10.92999999999995
2018,24,0.0,-7.96999999999997
2018,25,0.06,-3.9399999999999977
2018,26,0.12,-6.759999999999991
2018,27,0.0,-11.299999999999955
2018,28,0.0,-7.560000000000002
2018,29,0.0,-5.17999999999995
2018,30,0.0,-1.4799999999999613
2018,31,0.0,-1.2899999999999636
2018,32,0.0,-3.759999999999991
2018,33,0.0,-2.9899999999999523
2018,34,0.01,-2.259999999999991
2018,35,0.14,-2.2199999999999704
2018,36,0.25,-1.9499999999999886
2018,37,0.16,-4.609999999999957
2018,38,0.0,-5.75
2018,39,0.0,-2.329999999999984
2018,40,0.01,-1.089999999999975
2018,41,3.1,-4.699999999999989
2018,42,0.0,-9.689999999999998
2018,43,0.0,-6.669999999999959
2018,44,0.0,-3.1899999999999977
2018,45,0.0,-2.5299999999999727
2018,46,0.03,-2.609999999999957
2018,47,0.02,-6.479999999999961
2018,48,0.0,-4.71999999999997
2018,49,0.0,-1.4399999999999977
2018,50,0.07,-2.169999999999959
2018,51,5.76,-8.46999999999997
2018,52,0.05,-11.739999999999952
2018,53,0.19,-7.779999999999973
2018,54,0.02,-9.259999999999991
2018,55,0.04,-10.799999999999955
2018,56,0.0,-13.299999999999955
2018,57,0.0,-8.139999999999986
2018,58,0.0,-4.46999999999997
2018,59,0.0,-4.649999999999977
2018,60,0.0,-5.7999999999999545
2018,61,0.0,-1.5399999999999636
2018,62,0.0,0.5300000000000296
2018,63,0.0,0.20000000000004547
2018,64,0.02,-8.399999999999977
2018,65,0.0,-9.239999999999952
2018,66,0.0,-5.279999999999973
2018,67,0.0,-2.1499999999999773
2018,68,0.02,-1.0
2018,69,0.0,-1.6899999999999977
2018,70,0.0,-4.699999999999989
2018,71,0.0,-2.2799999999999727
2018,72,0.0,-2.17999999999995
2018,73,0.0,0.57000000000005
2018,74,0.0,2.830000000000041
2018,75,0.0,-2.409999999999968
2018,76,0.0,-2.3799999999999955
2018,77,0.08,-0.9599999999999795
2018,78,1.02,-5.849999999999966
2018,79,0.0,-6.399999999999977
2018,80,0.0,-2.6399999999999864
2018,81,0.0,2.1100000000000136
2018,82,0.01,4.910000000000025
2018,83,0.0,0.6000000000000227
2018,84,0.0,1.9500000000000455
2018,85,0.0,-0.46999999999997044
2018,86,13.39,-5.349999999999966
2018,87,0.57,-2.849999999999966
2018,88,0.0,-4.159999999999968
2018,89,0.0,-2.4799999999999613
2018,90,0.0,1.82000000000005
2018,91,0.0,2.0600000000000023
2018,92,0.0,4.390000000000043
2018,93,0.0,-0.67999999999995
2018,94,0.0,-1.6599999999999682
2018,95,0.0,2.2200000000000273
2018,96,1.61,2.890000000000043
2018,97,1.15,2.2800000000000296
2018,98,2.49,4.25
2018,99,0.0,-0.6200000000000045
2018,100,0.0,1.07000000000005
2018,101,0.0,5.800000000000011
2018,102,0.0,7.140000000000043
2018,103,0.64,-1.7799999999999727
2018,104,0.0,-5.739999999999952
2018,105,0.0,-1.4099999999999682
2018,106,0.0,4.939999999999998
2018,107,0.0,4.460000000000036
2018,108,0.0,-5.149999999999977
2018,109,0.0,-0.9599999999999795
2018,110,5.6,2.07000000000005
2018,111,0.59,-1.7999999999999545
2018,112,0.05,1.2700000000000387
2018,113,0.23,5.410000000000025
2018,114,3.14,0.7400000000000091
2018,115,1.73,-2.069999999999993
2018,116,0.0,2.480000000000018
2018,117,0.0,4.1299999999999955
2018,118,0.0,7.740000000000009
2018,119,0.0,8.689999999999998
2018,120,0.0,7.350000000000023
2018,121,0.0,4.550000000000011
2018,122,2.88,2.5100000000000477
2018,123,8.97,0.6500000000000341
2018,124,0.82,1.57000000000005
2018,125,0.0,6.240000000000009
2018,126,0.0,8.79000000000002
2018,127,0.0,10.590000000000032
2018,128,0.0,10.840000000000032
2018,129,0.0,10.710000000000036
2018,130,0.0,12.240000000000009
2018,131,0.0,10.920000000000016
2018,132,0.0,10.420000000000016
2018,133,0.0,9.53000000000003
2018,134,0.39,7.3700000000000045
2018,135,0.16,7.240000000000009
2018,136,0.54,9.980000000000018
2018,137,0.0,11.660000000000025
2018,138,0.4,9.939999999999998
2018,139,4.66,6.660000000000025
2018,140,4.2,5.1299999999999955
2018,141,0.45,9.470000000000027
2018,142,0.0,10.830000000000041
2018,143,0.85,10.32000000000005
2018,144,0.0,11.550000000000011
2018,145,0.0,12.800000000000011
2018,146,0.0,14.360000000000014
2018,147,0.0,14.350000000000023
2018,148,0.92,10.810000000000002
2018,149,0.93,9.480000000000018
2018,150,0.0,10.910000000000025
2018,151,0.0,12.460000000000036
2018,152,0.0,13.580000000000041
2018,153,0.0,11.310000000000002
2018,154,0.0,12.200000000000045
2018,155,0.27,12.890000000000043
2018,156,0.0,15.439999999999998
2018,157,0.0,16.120000000000005
2018,158,0.0,15.57000000000005
2018,159,0.0,15.590000000000032
2018,160,0.0,15.879999999999995
2018,161,0.0,15.490000000000009
2018,162,0.0,14.140000000000043
2018,163,0.0,14.470000000000027
2018,164,0.0,16.170000000000016
2018,165,0.0,17.370000000000005
2018,166,0.0,16.480000000000018
2018,167,0.01,15.770000000000039
2018,168,7.0,13.120000000000005
2018,169,6.73,12.490000000000009
2018,170,0.0,13.629999999999995
2018,171,0.0,11.220000000000027
2018,172,0.0,13.04000000000002
2018,173,0.64,14.260000000000048
2018,174,0.0,12.760000000000048
2018,175,1.11,12.210000000000036
2018,176,0.0,9.610000000000014
2018,177,0.0,15.340000000000032
2018,178,0.0,18.650000000000034
2018,179,0.0,19.07000000000005
2018,180,0.0,17.29000000000002
2018,181,0.0,14.850000000000023
2018,182,0.0,12.710000000000036
2018,183,0.0,15.350000000000023
2018,184,0.0,17.470000000000027
2018,185,0.0,17.360000000000014
2018,186,37.85,16.200000000000045
2018,187,3.11,15.060000000000002
2018,188,0.0,17.28000000000003
2018,189,1.43,17.510000000000048
2018,190,0.95,17.400000000000034
2018,191,0.0,16.950000000000045
2018,192,0.0,17.470000000000027
2018,193,1.37,15.75
2018,194,0.06,14.990000000000009
2018,195,1.72,16.54000000000002
2018,196,1.86,15.920000000000016
2018,197,4.22,14.020000000000039
2018,198,6.66,16.189999999999998
2018,199,0.48,16.650000000000034
2018,200,0.0,17.560000000000002
2018,201,0.02,18.82000000000005
2018,202,1.78,18.29000000000002
2018,203,0.38,18.180000000000007
2018,204,18.29,14.740000000000009
2018,205,3.13,15.480000000000018
2018,206,4.25,16.720000000000027
2018,207,1.88,13.450000000000045
2018,208,1.55,13.680000000000007
2018,209,6.71,14.640000000000043
2018,210,1.87,14.620000000000005
2018,211,0.0,11.600000000000023
2018,212,0.0,11.75
2018,213,0.0,14.57000000000005
2018,214,0.01,15.060000000000002
2018,215,1.08,15.220000000000027
2018,216,0.17,15.120000000000005
2018,217,2.63,16.170000000000016
2018,218,0.69,15.170000000000016
2018,219,0.06,13.629999999999995
2018,220,0.11,14.270000000000039
2018,221,0.0,13.810000000000002
2018,222,0.0,14.379999999999995
2018,223,0.0,13.710000000000036
2018,224,0.0,14.270000000000039
2018,225,0.0,14.640000000000043
2018,226,1.48,14.53000000000003
2018,227,8.26,14.990000000000009
2018,228,0.0,15.960000000000036
2018,229,2.04,15.700000000000045
2018,230,0.05,14.270000000000039
2018,231,0.16,10.850000000000023
2018,232,0.0,10.57000000000005
2018,233,3.81,13.0
2018,234,4.65,11.82000000000005
2018,235,0.0,13.020000000000039
2018,236,0.0,12.79000000000002
2018,237,0.37,15.07000000000005
2018,238,0.71,15.080000000000041
2018,239,0.26,14.400000000000034
2018,240,0.0,13.350000000000023
2018,241,0.0,12.390000000000043
2018,242,0.0,14.650000000000034
2018,243,0.21,15.189999999999998
2018,244,0.03,13.710000000000036
2018,245,0.14,12.110000000000014
2018,246,1.17,11.32000000000005
2018,247,0.08,11.930000000000007
2018,248,3.02,10.610000000000014
2018,249,10.92,9.879999999999995
2018,250,1.56,10.400000000000034
2018,251,0.0,10.960000000000036
2018,252,0.0,12.640000000000043
2018,253,0.0,13.560000000000002
2018,254,0.0,14.890000000000043
2018,255,0.0,14.620000000000005
2018,256,0.0,14.54000000000002
2018,257,0.0,14.420000000000016
2018,258,0.0,14.810000000000002
2018,259,0.0,15.129999999999995
2018,260,0.0,15.360000000000014
2018,261,0.0,15.360000000000014
2018,262,0.2,15.28000000000003
2018,263,0.71,11.939999999999998
2018,264,0.0,9.110000000000014
2018,265,0.0,10.920000000000016
2018,266,0.0,11.600000000000023
2018,267,0.0,11.600000000000023
2018,268,0.0,7.340000000000032
2018,269,0.0,5.140000000000043
2018,270,0.0,7.970000000000027
2018,271,0.0,9.730000000000018
2018,272,0.0,11.160000000000025
2018,273,0.0,12.160000000000025
2018,274,0.65,11.210000000000036
2018,275,0.84,10.660000000000025
2018,276,0.07,11.610000000000014
2018,277,0.88,8.910000000000025
2018,278,0.0,7.2000000000000455
2018,279,4.58,3.0400000000000205
2018,280,0.0,5.230000000000018
2018,281,5.06,1.5
2018,282,1.49,-0.8299999999999841
2018,283,0.77,-2.2999999999999545
2018,284,0.0,0.08000000000004093
2018,285,0.0,1.490000000000009
2018,286,0.0,3.3100000000000023
2018,287,0.8,-5.419999999999959
2018,288,0.0,-9.20999999999998
2018,289,0.0,-4.279999999999973
2018,290,0.0,-2.329999999999984
2018,291,0.0,1.410000000000025
2018,292,0.0,2.7700000000000387
2018,293,0.0,3.1899999999999977
2018,294,0.0,4.830000000000041
2018,295,0.0,6.210000000000036
2018,296,0.0,5.830000000000041
2018,297,1.14,4.730000000000018
2018,298,0.0,2.8500000000000227
2018,299,0.0,2.9500000000000455
2018,300,0.0,4.230000000000018
2018,301,0.0,5.770000000000039
2018,302,0.0,6.53000000000003
2018,303,7.79,0.3900000000000432
2018,304,3.2,-4.310000000000002
2018,305,0.0,-5.169999999999959
2018,306,0.01,-1.6599999999999682
2018,307,1.62,-2.329999999999984
2018,308,0.0,-4.3700000000000045
2018,309,0.84,-2.8799999999999955
2018,310,0.56,-5.3799999999999955
2018,311,0.06,-6.5
2018,312,0.0,-8.149999999999977
2018,313,0.0,-8.449999999999989
2018,314,0.02,-4.579999999999984
2018,315,3.12,-7.9599999999999795
2018,316,0.0,-12.629999999999995
2018,317,0.0,-10.189999999999998
2018,318,0.0,-4.739999999999952
2018,319,0.0,-1.3799999999999955
2018,320,0.0,-0.839999999999975
2018,321,0.0,-4.0
2018,322,0.07,-6.139999999999986
2018,323,0.0,-5.029999999999973
2018,324,0.0,-4.589999999999975
2018,325,0.0,-2.9699999999999704
2018,326,0.0,-1.6399999999999864
2018,327,0.6,-3.7199999999999704
2018,328,0.91,-3.519999999999982
2018,329,0.0,-9.529999999999973
2018,330,0.0,-8.560000000000002
2018,331,0.0,-3.3899999999999864
2018,332,0.0,-1.6099999999999568
2018,333,0.0,-2.4799999999999613
2018,334,0.29,-3.169999999999959
2018,335,0.0,-6.779999999999973
2018,336,1.2,-11.409999999999968
2018,337,0.22,-10.769999999999982
2018,338,0.0,-13.689999999999998
2018,339,0.0,-9.479999999999961
2018,340,0.0,-8.339999999999975
2018,341,0.0,-5.769999999999982
2018,342,0.0,-6.67999999999995
2018,343,0.0,-8.379999999999995
2018,344,0.0,-6.779999999999973
2018,345,0.0,-3.1299999999999955
2018,346,0.0,-4.589999999999975
2018,347,0.08,-9.029999999999973
2018,348,0.0,-5.669999999999959
2018,349,0.13,-2.1200000000000045
2018,350,0.0,-2.6399999999999864
2018,351,0.0,-1.5299999999999727
2018,352,0.0,-2.2299999999999613
2018,353,0.15,-5.0499999999999545
2018,354,0.0,-7.71999999999997
2018,355,0.0,-2.9599999999999795
2018,356,1.26,-5.439999999999998
2018,357,0.0,-8.909999999999968
2018,358,0.31,-6.139999999999986
2018,359,0.07,-6.75
2018,360,0.05,-4.729999999999961
2018,361,0.03,-10.979999999999961
2018,362,0.16,-15.909999999999968
2018,363,0.0,-14.099999999999966
2018,364,0.0,-7.42999999999995
2018,365,1.13,-10.819999999999993
2019,1,1.16,-17.779999999999973
2019,2,0.0,-12.239999999999952
2019,3,0.0,-8.17999999999995
2019,4,0.0,-3.409999999999968
2019,5,0.0,-1.5600000000000023
2019,6,0.0,-2.2799999999999727
2019,7,0.06,-6.1200000000000045
2019,8,0.02,-5.399999999999977
2019,9,0.0,-2.67999999999995
2019,10,0.0,-0.8799999999999955
2019,11,9.15,-4.2099999999999795
2019,12,0.93,-7.859999999999957
2019,13,0.0,-9.439999999999998
2019,14,0.0,-9.620000000000005
2019,15,0.0,-7.21999999999997
2019,16,0.0,-4.67999999999995
2019,17,0.01,-6.239999999999952
2019,18,1.33,-5.46999999999997
2019,19,0.0,-9.699999999999989
2019,20,0.0,-4.859999999999957
2019,21,0.19,-3.909999999999968
2019,22,4.77,-10.699999999999989
2019,23,0.0,-12.859999999999957
2019,24,0.41,-12.060000000000002
2019,25,0.19,-12.359999999999957
2019,26,0.02,-10.96999999999997
2019,27,0.02,-7.609999999999957
2019,28,1.24,-8.599999999999966
2019,29,0.0,-12.069999999999993
2019,30,0.0,-9.949999999999989
2019,31,0.0,-7.769999999999982
2019,32,0.0,-5.169999999999959
2019,33,0.0,-3.7299999999999613
2019,34,0.0,-2.4399999999999977
2019,35,0.0,-4.189999999999998
2019,36,0.14,-3.6499999999999773
2019,37,1.0,-6.029999999999973
2019,38,0.24,-14.629999999999995
2019,39,0.0,-14.17999999999995
2019,40,0.0,-8.389999999999986
2019,41,0.0,-7.979999999999961
2019,42,0.0,-8.839999999999975
2019,43,0.0,-10.909999999999968
2019,44,0.0,-6.1200000000000045
2019,45,0.04,-1.7199999999999704
2019,46,1.08,-1.579999999999984
2019,47,0.12,-5.310000000000002
2019,48,0.2,-13.289999999999964
2019,49,1.61,-13.589999999999975
2019,50,0.05,-13.149999999999977
2019,51,2.41,-15.659999999999968
2019,52,1.11,-13.029999999999973
2019,53,2.76,-8.92999999999995
2019,54,7.06,-9.349999999999966
2019,55,0.01,-11.75
2019,56,0.0,-7.310000000000002
2019,57,0.0,-4.169999999999959
2019,58,0.0,-2.579999999999984
2019,59,0.0,-2.089999999999975
2019,60,0.17,-3.409999999999968
2019,61,0.12,-3.8999999999999773
2019,62,3.23,-9.979999999999961
2019,63,0.11,-10.859999999999957
2019,64,0.0,-8.789999999999964
2019,65,0.0,-2.599999999999966
2019,66,0.32,0.060000000000002274
2019,67,0.03,-3.4799999999999613
2019,68,1.8,-5.699999999999989
2019,69,0.0,-6.1200000000000045
2019,70,1.92,-3.7199999999999704
2019,71,1.94,-0.8999999999999773
2019,72,24.54,-0.9099999999999682
2019,73,0.04,-9.339999999999975
2019,74,0.0,-8.909999999999968
2019,75,0.0,-5.889999999999986
2019,76,0.0,-4.699999999999989
2019,77,0.0,-4.769999999999982
2019,78,0.02,-3.419999999999959
2019,79,0.0,-5.560000000000002
2019,80,0.0,-2.0399999999999636
2019,81,0.7,-1.1200000000000045
2019,82,0.49,-4.189999999999998
2019,83,0.08,-3.4699999999999704
2019,84,0.06,-2.759999999999991
2019,85,0.0,-0.6899999999999977
2019,86,0.0,3.910000000000025
2019,87,0.0,5.340000000000032
2019,88,1.21,0.75
2019,89,0.47,-6.139999999999986
2019,90,0.88,-6.139999999999986
2019,91,0.0,-4.1200000000000045
2019,92,0.0,-1.9899999999999523
2019,93,0.03,0.11000000000001364
2019,94,0.06,0.7600000000000477
2019,95,0.0,3.4600000000000364
2019,96,0.0,3.2100000000000364
2019,97,0.0,2.8700000000000045
2019,98,0.0,4.100000000000023
2019,99,0.0,6.760000000000048
2019,100,6.02,3.7600000000000477
2019,101,0.0,-7.339999999999975
2019,102,0.61,-6.25
2019,103,1.76,-5.2999999999999545
2019,104,0.02,-2.7399999999999523
2019,105,0.0,2.7700000000000387
2019,106,0.0,4.57000000000005
2019,107,0.0,2.9500000000000455
2019,108,0.0,0.9000000000000341
2019,109,0.0,3.6299999999999955
2019,110,0.0,7.600000000000023
2019,111,0.05,6.32000000000005
2019,112,0.02,2.900000000000034
2019,113,0.28,2.6000000000000227
2019,114,0.0,4.6200000000000045
2019,115,0.0,4.970000000000027
2019,116,0.07,5.939999999999998
2019,117,0.15,6.860000000000014
2019,118,0.01,7.270000000000039
2019,119,0.83,2.5600000000000023
2019,120,7.55,0.8400000000000318
2019,121,0.09,1.830000000000041
2019,122,0.0,0.4399999999999977
2019,123,0.0,1.920000000000016
2019,124,0.0,3.7800000000000296
2019,125,0.0,5.360000000000014
2019,126,0.12,7.8700000000000045
2019,127,0.92,6.28000000000003
2019,128,4.87,2.57000000000005
2019,129,5.07,-4.1299999999999955
2019,130,1.93,-2.009999999999991
2019,131,1.79,2.0400000000000205
2019,132,0.0,3.6100000000000136
2019,133,0.0,7.57000000000005
2019,134,0.14,9.700000000000045
2019,135,0.26,10.660000000000025
2019,136,0.0,11.460000000000036
2019,137,0.01,9.520000000000039
2019,138,0.0,2.3100000000000023
2019,139,0.04,1.420000000000016
2019,140,6.08,3.1000000000000227
2019,141,6.26,-0.8499999999999659
2019,142,0.94,0.09000000000003183
2019,143,4.06,-0.03999999999996362
2019,144,0.13,2.6899999999999977
2019,145,0.0,5.590000000000032
2019,146,0.0,8.830000000000041
2019,147,0.0,7.550000000000011
2019,148,0.18,3.9399999999999977
2019,149,1.67,2.170000000000016
2019,150,6.95,4.600000000000023
2019,151,2.16,7.810000000000002
2019,152,0.35,9.79000000000002
2019,153,0.64,10.900000000000034
2019,154,0.29,12.03000000000003
2019,155,0.0,11.650000000000034
2019,156,1.29,10.730000000000018
2019,157,0.75,11.060000000000002
2019,158,0.12,13.080000000000041
2019,159,0.01,12.890000000000043
2019,160,0.02,6.710000000000036
2019,161,0.0,5.810000000000002
2019,162,0.0,10.010000000000048
2019,163,0.0,8.180000000000007
2019,164,0.2,11.620000000000005
2019,165,0.0,12.860000000000014
2019,166,0.7,10.32000000000005
2019,167,6.67,10.490000000000009
2019,168,5.61,10.740000000000009
2019,169,4.05,9.390000000000043
2019,170,1.32,9.78000000000003
2019,171,0.1,12.700000000000045
2019,172,1.08,11.930000000000007
2019,173,2.86,6.7900000000000205
2019,174,3.34,4.730000000000018
2019,175,0.0,6.860000000000014
2019,176,0.0,11.689999999999998
2019,177,0.0,14.450000000000045
2019,178,0.0,14.910000000000025
2019,179,0.0,16.390000000000043
2019,180,0.0,16.879999999999995
2019,181,6.01,17.0
2019,182,0.33,14.860000000000014
2019,183,1.24,14.240000000000009
2019,184,0.28,14.470000000000027
2019,185,0.62,15.450000000000045
2019,186,0.24,14.82000000000005
2019,187,2.58,14.310000000000002
2019,188,0.15,13.950000000000045
2019,189,1.43,13.800000000000011
2019,190,0.03,13.370000000000005
2019,191,0.0,14.650000000000034
2019,192,2.27,16.890000000000043
2019,193,0.0,17.470000000000027
2019,194,4.11,17.0
2019,195,8.18,16.58000000000004
2019,196,1.99,16.340000000000032
2019,197,0.51,16.260000000000048
2019,198,0.0,17.860000000000014
2019,199,0.0,17.200000000000045
2019,200,0.0,18.05000000000001
2019,201,2.98,18.460000000000036
2019,202,0.17,15.230000000000018
2019,203,16.82,14.740000000000009
2019,204,0.74,14.760000000000048
2019,205,1.66,16.30000000000001
2019,206,13.25,16.54000000000002
2019,207,0.9,15.629999999999995
2019,208,2.05,15.150000000000034
2019,209,0.16,14.220000000000027
2019,210,8.77,15.310000000000002
2019,211,3.39,16.860000000000014
2019,212,0.44,16.950000000000045
2019,213,0.94,15.840000000000032
2019,214,0.44,14.990000000000009
2019,215,3.31,15.830000000000041
2019,216,0.47,16.370000000000005
2019,217,0.56,15.660000000000025
2019,218,1.01,16.170000000000016
2019,219,0.94,17.370000000000005
2019,220,6.85,15.520000000000039
2019,221,0.91,15.29000000000002
2019,222,1.57,15.370000000000005
2019,223,4.67,14.730000000000018
2019,224,0.1,14.140000000000043
2019,225,0.17,14.870000000000005
2019,226,0.0,14.629999999999995
2019,227,0.0,15.400000000000034
2019,228,0.0,15.920000000000016
2019,229,0.0,15.189999999999998
2019,230,0.0,14.920000000000016
2019,231,0.0,16.980000000000018
2019,232,0.0,17.79000000000002
2019,233,0.81,16.420000000000016
2019,234,0.59,14.460000000000036
2019,235,0.02,14.660000000000025
2019,236,0.0,13.840000000000032
2019,237,0.0,15.150000000000034
2019,238,0.0,15.07000000000005
2019,239,0.0,12.25
2019,240,0.0,12.580000000000041
2019,241,0.0,15.470000000000027
2019,242,0.0,15.100000000000023
2019,243,0.0,15.140000000000043
2019,244,0.0,16.140000000000043
2019,245,0.0,17.49000000000001
2019,246,0.0,16.810000000000002
2019,247,17.2,14.870000000000005
2019,248,1.51,16.840000000000032
2019,249,1.32,16.439999999999998
2019,250,3.1,15.200000000000045
2019,251,2.3,14.020000000000039
2019,252,0.35,11.890000000000043
2019,253,0.0,12.590000000000032
2019,254,0.0,12.400000000000034
2019,255,0.0,8.54000000000002
2019,256,0.0,9.129999999999995
2019,257,0.0,12.25
2019,258,0.0,13.930000000000007
2019,259,0.0,13.470000000000027
2019,260,0.06,12.580000000000041
2019,261,0.03,11.730000000000018
2019,262,0.01,12.210000000000036
2019,263,0.0,12.379999999999995
2019,264,0.0,9.240000000000009
2019,265,0.0,6.990000000000009
2019,266,0.0,9.730000000000018
2019,267,0.0,11.210000000000036
2019,268,0.0,11.900000000000034
2019,269,0.0,12.170000000000016
2019,270,0.0,11.870000000000005
2019,271,0.0,8.390000000000043
2019,272,0.0,11.129999999999995
2019,273,0.0,11.310000000000002
2019,274,0.0,9.0
2019,275,0.0,6.900000000000034
2019,276,0.0,5.7000000000000455
2019,277,0.0,9.120000000000005
2019,278,0.0,7.4500000000000455
2019,279,0.0,3.480000000000018
2019,280,0.0,4.490000000000009
2019,281,0.0,7.600000000000023
2019,282,0.0,7.930000000000007
2019,283,3.38,-3.6200000000000045
2019,284,0.0,-9.349999999999966
2019,285,0.0,-1.2799999999999727
2019,286,0.0,1.8700000000000045
2019,287,0.0,4.340000000000032
2019,288,0.0,4.170000000000016
2019,289,0.0,6.410000000000025
2019,290,0.0,8.310000000000002
2019,291,0.0,5.910000000000025
2019,292,0.0,-0.9499999999999886
2019,293,0.12,-2.5600000000000023
2019,294,0.0,-6.6200000000000045
2019,295,0.0,-3.4499999999999886
2019,296,0.0,-0.01999999999998181
2019,297,9.32,-7.279999999999973
2019,298,0.0,-5.1200000000000045
2019,299,0.0,1.9800000000000182
2019,300,0.0,-4.810000000000002
2019,301,6.95,-11.509999999999991
2019,302,0.9,-11.919999999999959
2019,303,5.04,-18.099999999999966
2019,304,0.0,-9.669999999999959
2019,305,0.0,-5.029999999999973
2019,306,0.0,-5.699999999999989
2019,307,0.0,-1.849999999999966
2019,308,0.0,-2.359999999999957
2019,309,0.0,-1.7099999999999795
2019,310,0.0,-1.3599999999999568
2019,311,0.0,-3.2199999999999704
2019,312,0.0,-1.0499999999999545
2019,313,0.0,1.9700000000000273
2019,314,0.0,2.6899999999999977
2019,315,0.15,-3.8999999999999773
2019,316,0.02,-3.8999999999999773
2019,317,0.0,-0.2599999999999909
2019,318,0.0,-3.2099999999999795
2019,319,0.0,1.5300000000000296
2019,320,0.0,1.8400000000000318
2019,321,0.26,-2.0
2019,322,0.0,1.2200000000000273
2019,323,0.0,2.0500000000000114
2019,324,3.8,2.5100000000000477
2019,325,2.38,-4.099999999999966
2019,326,4.56,-6.810000000000002
2019,327,0.12,-5.589999999999975
2019,328,0.0,-3.069999999999993
2019,329,0.65,-6.009999999999991
2019,330,6.44,-10.759999999999991
2019,331,0.3,-15.5
2019,332,0.0,-5.159999999999968
2019,333,1.82,-3.4399999999999977
2019,334,1.15,-9.639999999999986
2019,335,0.03,-10.669999999999959
2019,336,0.0,-4.310000000000002
2019,337,0.19,-3.9699999999999704
2019,338,0.0,-5.609999999999957
2019,339,0.41,-4.6299999999999955
2019,340,0.0,-7.189999999999998
2019,341,0.03,-3.8999999999999773
2019,342,0.01,-3.7799999999999727
2019,343,0.5,-7.599999999999966
2019,344,0.0,-10.079999999999984
2019,345,0.01,-7.560000000000002
2019,346,0.0,-6.329999999999984
2019,347,1.34,-5.839999999999975
2019,348,2.07,-7.389999999999986
2019,349,5.57,-10.529999999999973
2019,350,0.0,-14.039999999999964
2019,351,0.0,-15.839999999999975
2019,352,0.0,-8.509999999999991
2019,353,0.0,-6.239999999999952
2019,354,0.0,-9.120000000000005
2019,355,0.0,-4.6299999999999955
2019,356,0.0,-2.2199999999999704
2019,357,0.0,-1.3999999999999773
2019,358,0.0,-2.169999999999959
2019,359,0.16,-5.039999999999964
2019,360,0.0,-9.539999999999964
2019,361,0.68,-8.909999999999968
2019,362,5.91,-9.159999999999968
2019,363,0.0,-16.20999999999998
2019,364,0.0,-16.159999999999968
2019,365,0.0,-12.859999999999957
